date,cnyusdprice,cnyusdopen,cnyusdhigh,cnyusdlow
1-Oct-10,0.1495,0.1495,0.1495,0.1495
4-Oct-10,0.1494,0.1495,0.1495,0.1495
5-Oct-10,0.1494,0.1495,0.1495,0.1495
6-Oct-10,0.1494,0.1495,0.1495,0.1495
7-Oct-10,0.1494,0.1495,0.1495,0.1495
8-Oct-10,0.1499,0.1495,0.15,0.1494
11-Oct-10,0.1499,0.1499,0.1501,0.1498
12-Oct-10,0.1498,0.15,0.15,0.1498
13-Oct-10,0.1501,0.1499,0.1501,0.1499
14-Oct-10,0.1503,0.1501,0.1504,0.1501
15-Oct-10,0.1506,0.1504,0.1506,0.1504
18-Oct-10,0.1505,0.1506,0.1506,0.1504
19-Oct-10,0.1505,0.1505,0.1505,0.1504
20-Oct-10,0.1503,0.1505,0.1505,0.1501
21-Oct-10,0.1504,0.1504,0.1506,0.1502
22-Oct-10,0.1502,0.1504,0.1504,0.1501
25-Oct-10,0.1502,0.1502,0.1503,0.1502
26-Oct-10,0.1501,0.1502,0.1502,0.15
27-Oct-10,0.1497,0.1501,0.1501,0.1496
28-Oct-10,0.1495,0.1497,0.1497,0.1495
29-Oct-10,0.1499,0.1496,0.1499,0.1496
1-Nov-10,0.1494,0.15,0.15,0.1495
2-Nov-10,0.1497,0.1495,0.1498,0.1494
3-Nov-10,0.1498,0.1498,0.15,0.1498
4-Nov-10,0.1501,0.1499,0.1502,0.1495
5-Nov-10,0.1502,0.1502,0.1504,0.1501
8-Nov-10,0.1497,0.1503,0.1503,0.1497
9-Nov-10,0.1505,0.1498,0.1507,0.1496
10-Nov-10,0.1507,0.1505,0.1508,0.1505
11-Nov-10,0.1509,0.1508,0.1511,0.1507
12-Nov-10,0.1507,0.151,0.151,0.1505
15-Nov-10,0.1505,0.1508,0.1508,0.1505
16-Nov-10,0.1506,0.1506,0.1508,0.1504
17-Nov-10,0.1506,0.1507,0.1507,0.1504
18-Nov-10,0.1508,0.1506,0.1508,0.1505
19-Nov-10,0.1506,0.1508,0.1508,0.1506
22-Nov-10,0.1506,0.1506,0.1507,0.1506
23-Nov-10,0.1505,0.1506,0.1506,0.1504
24-Nov-10,0.1503,0.1506,0.1506,0.1503
25-Nov-10,0.1504,0.1503,0.1505,0.1503
26-Nov-10,0.15,0.1505,0.1505,0.15
29-Nov-10,0.1501,0.1499,0.1502,0.1498
30-Nov-10,0.15,0.1502,0.1504,0.1499
1-Dec-10,0.1501,0.15,0.1501,0.1499
2-Dec-10,0.1501,0.1501,0.1502,0.15
3-Dec-10,0.1501,0.1502,0.1502,0.1501
6-Dec-10,0.1504,0.1501,0.1505,0.1501
7-Dec-10,0.1505,0.1504,0.1505,0.1503
8-Dec-10,0.1501,0.1506,0.1506,0.15
9-Dec-10,0.1503,0.1502,0.1503,0.1501
10-Dec-10,0.1503,0.1503,0.1505,0.1502
13-Dec-10,0.15,0.1503,0.1503,0.1501
14-Dec-10,0.1502,0.1501,0.1504,0.1501
15-Dec-10,0.1503,0.1504,0.1504,0.1502
16-Dec-10,0.1501,0.1503,0.1503,0.15
17-Dec-10,0.1503,0.1501,0.1503,0.15
20-Dec-10,0.1498,0.1503,0.1503,0.1497
21-Dec-10,0.1502,0.1498,0.1503,0.1498
22-Dec-10,0.1504,0.1503,0.1506,0.1503
23-Dec-10,0.1504,0.1506,0.1507,0.1505
24-Dec-10,0.1509,0.1505,0.151,0.1505
27-Dec-10,0.1508,0.1509,0.151,0.1508
28-Dec-10,0.1509,0.1508,0.151,0.1508
29-Dec-10,0.151,0.151,0.1511,0.151
30-Dec-10,0.1515,0.1511,0.1516,0.1511
31-Dec-10,0.1517,0.1515,0.1518,0.1513
3-Jan-11,0.1518,0.1518,0.1518,0.1518
4-Jan-11,0.1514,0.1518,0.1518,0.1513
5-Jan-11,0.1511,0.1514,0.1513,0.1509
6-Jan-11,0.1509,0.151,0.1511,0.1509
7-Jan-11,0.1509,0.151,0.151,0.1508
10-Jan-11,0.1507,0.1509,0.1509,0.1507
11-Jan-11,0.1511,0.1508,0.1511,0.1507
12-Jan-11,0.1514,0.1511,0.1515,0.1511
13-Jan-11,0.1514,0.1515,0.1517,0.1513
14-Jan-11,0.1518,0.1515,0.1518,0.1514
17-Jan-11,0.1517,0.1518,0.1518,0.1516
18-Jan-11,0.1519,0.1517,0.1519,0.1517
19-Jan-11,0.1519,0.1519,0.152,0.1518
20-Jan-11,0.1518,0.152,0.152,0.1518
21-Jan-11,0.1519,0.1519,0.152,0.1518
24-Jan-11,0.1519,0.1519,0.152,0.1518
25-Jan-11,0.1519,0.152,0.1521,0.1519
26-Jan-11,0.1519,0.1519,0.152,0.1519
27-Jan-11,0.1519,0.152,0.152,0.1519
28-Jan-11,0.1519,0.152,0.152,0.1518
31-Jan-11,0.1514,0.1519,0.152,0.1516
1-Feb-11,0.1516,0.1516,0.1518,0.1516
2-Feb-11,0.1525,0.1525,0.1527,0.1525
3-Feb-11,0.1525,0.1525,0.1525,0.1525
4-Feb-11,0.1525,0.1518,0.1518,0.1518
7-Feb-11,0.1524,0.1525,0.1526,0.1525
8-Feb-11,0.1526,0.1526,0.1528,0.1525
9-Feb-11,0.1517,0.1527,0.1527,0.1517
10-Feb-11,0.1518,0.1518,0.1519,0.1517
11-Feb-11,0.1517,0.1519,0.1519,0.1517
14-Feb-11,0.1516,0.1517,0.1517,0.1516
15-Feb-11,0.1518,0.1516,0.1518,0.1516
16-Feb-11,0.1518,0.1518,0.152,0.1518
17-Feb-11,0.1518,0.1519,0.152,0.1518
18-Feb-11,0.1521,0.1519,0.1521,0.1519
21-Feb-11,0.1523,0.1521,0.1526,0.1521
22-Feb-11,0.152,0.1523,0.1524,0.152
23-Feb-11,0.1521,0.152,0.1521,0.1519
24-Feb-11,0.1521,0.1522,0.1522,0.152
25-Feb-11,0.1521,0.1522,0.1522,0.1521
28-Feb-11,0.1522,0.1521,0.1522,0.152
1-Mar-11,0.1522,0.1523,0.1523,0.1522
2-Mar-11,0.1521,0.1522,0.1522,0.1521
3-Mar-11,0.1522,0.1522,0.1523,0.1521
4-Mar-11,0.1523,0.1522,0.1525,0.1522
7-Mar-11,0.1525,0.1523,0.1526,0.1523
8-Mar-11,0.1522,0.1526,0.1526,0.1522
9-Mar-11,0.1524,0.1523,0.1525,0.1522
10-Mar-11,0.1521,0.1525,0.1525,0.1521
11-Mar-11,0.1521,0.1522,0.1522,0.1521
14-Mar-11,0.1522,0.1521,0.1523,0.1521
15-Mar-11,0.1522,0.1522,0.1523,0.1521
16-Mar-11,0.1522,0.1522,0.1522,0.1521
17-Mar-11,0.1521,0.1522,0.1523,0.1521
18-Mar-11,0.1522,0.1522,0.1523,0.1521
21-Mar-11,0.1523,0.1523,0.1525,0.1523
22-Mar-11,0.1526,0.1524,0.1527,0.1524
23-Mar-11,0.1525,0.1526,0.1527,0.1524
24-Mar-11,0.1524,0.1526,0.1526,0.1524
25-Mar-11,0.1525,0.1524,0.1526,0.1524
28-Mar-11,0.1523,0.1525,0.1526,0.1524
29-Mar-11,0.1524,0.1524,0.1525,0.1523
30-Mar-11,0.1525,0.1524,0.1526,0.1524
31-Mar-11,0.1527,0.1526,0.1528,0.1525
1-Apr-11,0.1527,0.1527,0.1528,0.1527
4-Apr-11,0.1529,0.1528,0.1531,0.1527
5-Apr-11,0.1529,0.153,0.153,0.153
6-Apr-11,0.1528,0.153,0.153,0.1527
7-Apr-11,0.1528,0.1528,0.153,0.1528
8-Apr-11,0.153,0.1529,0.153,0.1529
11-Apr-11,0.1529,0.153,0.1531,0.1529
12-Apr-11,0.1529,0.153,0.1533,0.1528
13-Apr-11,0.1531,0.1529,0.1531,0.1529
14-Apr-11,0.1531,0.1531,0.1532,0.153
15-Apr-11,0.1531,0.1532,0.1534,0.1531
18-Apr-11,0.1532,0.1531,0.1532,0.1531
19-Apr-11,0.1531,0.1532,0.1532,0.1531
20-Apr-11,0.1532,0.1532,0.1537,0.1532
21-Apr-11,0.154,0.1533,0.1541,0.1533
22-Apr-11,0.1537,0.1534,0.1537,0.1534
25-Apr-11,0.1532,0.1537,0.1537,0.1532
26-Apr-11,0.1532,0.1534,0.1534,0.1531
27-Apr-11,0.1536,0.1533,0.1542,0.1532
28-Apr-11,0.1538,0.1536,0.1544,0.1536
29-Apr-11,0.1541,0.1539,0.1545,0.1539
2-May-11,0.154,0.1541,0.1541,0.154
3-May-11,0.1539,0.1541,0.1541,0.1539
4-May-11,0.154,0.154,0.1541,0.1539
5-May-11,0.154,0.1541,0.1541,0.1539
6-May-11,0.154,0.154,0.1541,0.1539
9-May-11,0.154,0.1541,0.1541,0.154
10-May-11,0.154,0.154,0.1541,0.154
11-May-11,0.154,0.1541,0.1541,0.154
12-May-11,0.1539,0.154,0.154,0.1538
13-May-11,0.1539,0.1539,0.154,0.1538
16-May-11,0.1536,0.154,0.154,0.1536
17-May-11,0.1537,0.1537,0.1538,0.1536
18-May-11,0.1537,0.1538,0.1538,0.1537
19-May-11,0.1537,0.1538,0.1538,0.1537
20-May-11,0.154,0.1538,0.1541,0.1538
23-May-11,0.1537,0.1541,0.1541,0.1537
24-May-11,0.1539,0.1538,0.1539,0.1538
25-May-11,0.154,0.154,0.1541,0.1539
26-May-11,0.1541,0.154,0.1542,0.154
27-May-11,0.154,0.1541,0.1542,0.154
30-May-11,0.1543,0.1541,0.1543,0.154
31-May-11,0.1543,0.1543,0.1544,0.1543
1-Jun-11,0.1543,0.1544,0.1544,0.1543
2-Jun-11,0.1542,0.1544,0.1544,0.1542
3-Jun-11,0.1543,0.1543,0.1544,0.1543
6-Jun-11,0.1543,0.1543,0.1543,0.1543
7-Jun-11,0.1543,0.1546,0.1546,0.1543
8-Jun-11,0.1544,0.1543,0.1544,0.1543
9-Jun-11,0.1544,0.1545,0.1545,0.1543
10-Jun-11,0.1543,0.1544,0.1544,0.1543
13-Jun-11,0.1543,0.1544,0.1544,0.1542
14-Jun-11,0.1543,0.1543,0.1544,0.1543
15-Jun-11,0.1543,0.1544,0.1544,0.1543
16-Jun-11,0.1544,0.1543,0.1545,0.1542
17-Jun-11,0.1545,0.1545,0.1547,0.1545
20-Jun-11,0.1545,0.1547,0.1547,0.1544
21-Jun-11,0.1547,0.1546,0.1547,0.1544
22-Jun-11,0.1547,0.1547,0.1548,0.1546
23-Jun-11,0.1546,0.1548,0.1548,0.1545
24-Jun-11,0.1544,0.1547,0.1547,0.1544
27-Jun-11,0.1543,0.1545,0.1545,0.1543
28-Jun-11,0.1546,0.1544,0.1546,0.1544
29-Jun-11,0.1547,0.1546,0.1548,0.1545
30-Jun-11,0.1547,0.1548,0.1548,0.1546
1-Jul-11,0.1547,0.1547,0.1548,0.1546
4-Jul-11,0.1547,0.1547,0.1548,0.1547
5-Jul-11,0.1546,0.1548,0.1548,0.1546
6-Jul-11,0.1546,0.1546,0.1548,0.1545
7-Jul-11,0.1547,0.1547,0.1548,0.1546
8-Jul-11,0.1547,0.1547,0.1547,0.1547
11-Jul-11,0.1546,0.1547,0.1548,0.1546
12-Jul-11,0.1545,0.1547,0.1547,0.1544
13-Jul-11,0.1546,0.1545,0.1547,0.1545
14-Jul-11,0.1548,0.1547,0.155,0.1546
15-Jul-11,0.1548,0.1549,0.1549,0.1547
18-Jul-11,0.1546,0.1548,0.1548,0.1546
19-Jul-11,0.1547,0.1547,0.1548,0.1546
20-Jul-11,0.1548,0.1548,0.155,0.1547
21-Jul-11,0.1549,0.1549,0.1551,0.1549
22-Jul-11,0.1551,0.1551,0.1552,0.155
25-Jul-11,0.1552,0.1552,0.1552,0.1551
26-Jul-11,0.1552,0.1552,0.1554,0.1551
27-Jul-11,0.1552,0.1553,0.1554,0.1552
28-Jul-11,0.1552,0.1553,0.1553,0.1551
29-Jul-11,0.1554,0.1553,0.1554,0.1552
1-Aug-11,0.1554,0.1554,0.1555,0.1553
2-Aug-11,0.1553,0.1555,0.1555,0.1553
3-Aug-11,0.1554,0.1554,0.1554,0.1552
4-Aug-11,0.1553,0.1555,0.1555,0.1552
5-Aug-11,0.1553,0.1554,0.1554,0.1552
8-Aug-11,0.1554,0.1553,0.1557,0.1553
9-Aug-11,0.1555,0.1554,0.1555,0.1552
10-Aug-11,0.1558,0.1555,0.156,0.1555
11-Aug-11,0.1564,0.1559,0.1566,0.1559
12-Aug-11,0.1565,0.1565,0.1565,0.1563
15-Aug-11,0.1565,0.1565,0.1565,0.1564
16-Aug-11,0.1567,0.1565,0.1567,0.1565
17-Aug-11,0.1566,0.1567,0.1567,0.1564
18-Aug-11,0.1565,0.1566,0.1566,0.1565
19-Aug-11,0.1565,0.1566,0.1566,0.1563
22-Aug-11,0.1562,0.1565,0.1565,0.1562
23-Aug-11,0.1563,0.1563,0.1564,0.1562
24-Aug-11,0.1565,0.1563,0.1566,0.1563
25-Aug-11,0.1565,0.1566,0.1566,0.1564
26-Aug-11,0.1566,0.1565,0.1566,0.1564
29-Aug-11,0.1567,0.1566,0.1568,0.1566
30-Aug-11,0.1567,0.1568,0.1568,0.1567
31-Aug-11,0.1568,0.1568,0.1569,0.1567
1-Sep-11,0.1567,0.1568,0.1568,0.1567
2-Sep-11,0.1567,0.1568,0.1568,0.1566
5-Sep-11,0.1566,0.1567,0.1567,0.1565
6-Sep-11,0.1565,0.1566,0.1566,0.1565
7-Sep-11,0.1564,0.1565,0.1565,0.1564
8-Sep-11,0.1566,0.1565,0.1567,0.1564
9-Sep-11,0.1565,0.1567,0.1567,0.1565
12-Sep-11,0.1565,0.1566,0.1566,0.1566
13-Sep-11,0.1563,0.1567,0.1567,0.1563
14-Sep-11,0.1564,0.1563,0.1565,0.1563
15-Sep-11,0.1565,0.1564,0.1567,0.1564
16-Sep-11,0.1567,0.1565,0.1568,0.1565
19-Sep-11,0.1566,0.1567,0.1568,0.1565
20-Sep-11,0.1566,0.1566,0.1567,0.1565
21-Sep-11,0.1567,0.1567,0.1568,0.1567
22-Sep-11,0.1565,0.1567,0.1567,0.1563
23-Sep-11,0.1565,0.1565,0.1566,0.1563
26-Sep-11,0.1563,0.1566,0.1567,0.1563
27-Sep-11,0.1563,0.1563,0.1566,0.1563
28-Sep-11,0.1564,0.1566,0.1567,0.1564
29-Sep-11,0.1563,0.1564,0.1564,0.1563
30-Sep-11,0.1567,0.1564,0.157,0.1564
3-Oct-11,0.1569,0.1569,0.1569,0.1569
4-Oct-11,0.1569,0.1569,0.1569,0.1569
5-Oct-11,0.1569,0.1569,0.1569,0.1569
6-Oct-11,0.1568,0.1569,0.1569,0.1568
7-Oct-11,0.1569,0.1569,0.1569,0.1569
10-Oct-11,0.1575,0.1569,0.1576,0.1568
11-Oct-11,0.1569,0.1575,0.1578,0.1568
12-Oct-11,0.1572,0.157,0.1573,0.1564
13-Oct-11,0.1567,0.1573,0.1573,0.1565
14-Oct-11,0.1568,0.1567,0.1569,0.1566
17-Oct-11,0.157,0.1567,0.157,0.1567
18-Oct-11,0.1567,0.157,0.157,0.1567
19-Oct-11,0.1568,0.1567,0.1569,0.1566
20-Oct-11,0.1566,0.1568,0.157,0.1566
21-Oct-11,0.1566,0.1566,0.1569,0.1565
24-Oct-11,0.1569,0.1567,0.157,0.1567
25-Oct-11,0.1572,0.1568,0.1573,0.1568
26-Oct-11,0.1574,0.1572,0.1575,0.157
27-Oct-11,0.1572,0.1574,0.1575,0.1572
28-Oct-11,0.1573,0.1577,0.1577,0.1573
31-Oct-11,0.1574,0.1572,0.1575,0.1572
1-Nov-11,0.1574,0.1574,0.1575,0.1572
2-Nov-11,0.1573,0.1574,0.1576,0.1573
3-Nov-11,0.1574,0.1574,0.1576,0.1574
4-Nov-11,0.1577,0.1576,0.1577,0.1574
7-Nov-11,0.1575,0.1576,0.1577,0.1575
8-Nov-11,0.1576,0.1575,0.1576,0.1574
9-Nov-11,0.1577,0.1576,0.1578,0.1575
10-Nov-11,0.1576,0.1578,0.1578,0.1572
11-Nov-11,0.1577,0.1575,0.1577,0.1575
14-Nov-11,0.1573,0.1577,0.1578,0.1573
15-Nov-11,0.1575,0.1573,0.1576,0.157
16-Nov-11,0.1576,0.1576,0.1576,0.1573
17-Nov-11,0.1574,0.1576,0.1576,0.1573
18-Nov-11,0.1573,0.1574,0.1574,0.1571
21-Nov-11,0.1572,0.1574,0.1575,0.1572
22-Nov-11,0.1572,0.1571,0.1573,0.1569
23-Nov-11,0.1573,0.1573,0.1574,0.1571
24-Nov-11,0.1572,0.1572,0.1573,0.1569
25-Nov-11,0.1567,0.1572,0.1572,0.1566
28-Nov-11,0.1566,0.1568,0.1568,0.1566
29-Nov-11,0.1568,0.1566,0.1569,0.1566
30-Nov-11,0.1568,0.1568,0.1571,0.1568
1-Dec-11,0.157,0.1568,0.1573,0.1568
2-Dec-11,0.1572,0.1571,0.1572,0.1571
5-Dec-11,0.1571,0.1572,0.1572,0.157
6-Dec-11,0.1571,0.1571,0.1572,0.157
7-Dec-11,0.1571,0.1571,0.1574,0.157
8-Dec-11,0.1572,0.1571,0.1573,0.1571
9-Dec-11,0.1571,0.1571,0.1572,0.157
12-Dec-11,0.1572,0.1571,0.1573,0.1571
13-Dec-11,0.1571,0.1572,0.1572,0.157
14-Dec-11,0.157,0.1571,0.1571,0.1569
15-Dec-11,0.1569,0.157,0.157,0.1568
16-Dec-11,0.1575,0.1569,0.158,0.1569
19-Dec-11,0.1578,0.1574,0.1578,0.1572
20-Dec-11,0.1576,0.1578,0.1579,0.1573
21-Dec-11,0.1578,0.1576,0.1579,0.1575
22-Dec-11,0.1577,0.1578,0.1578,0.1576
23-Dec-11,0.1578,0.1578,0.1579,0.1577
26-Dec-11,0.1582,0.1578,0.1583,0.1578
27-Dec-11,0.1582,0.1583,0.1583,0.158
28-Dec-11,0.1582,0.1582,0.1582,0.1579
29-Dec-11,0.1583,0.1582,0.1583,0.158
30-Dec-11,0.1589,0.1582,0.1589,0.1582
2-Jan-12,0.1589,0.1589,0.1589,0.1589
3-Jan-12,0.1589,0.1589,0.1589,0.1589
4-Jan-12,0.1589,0.1589,0.1589,0.1586
5-Jan-12,0.1587,0.1589,0.1589,0.1585
6-Jan-12,0.1585,0.1587,0.1587,0.1584
9-Jan-12,0.1584,0.1585,0.1585,0.1582
10-Jan-12,0.1584,0.1584,0.1585,0.1583
11-Jan-12,0.1583,0.1584,0.1584,0.1581
12-Jan-12,0.1583,0.1584,0.1584,0.1582
13-Jan-12,0.1586,0.1583,0.1586,0.1582
16-Jan-12,0.1583,0.1586,0.1586,0.1582
17-Jan-12,0.1584,0.1583,0.1585,0.1582
18-Jan-12,0.1584,0.1584,0.1585,0.1583
19-Jan-12,0.1583,0.1584,0.1585,0.1582
20-Jan-12,0.1579,0.1583,0.1585,0.1577
23-Jan-12,0.1579,0.1579,0.1579,0.1579
24-Jan-12,0.1579,0.1579,0.1579,0.1579
25-Jan-12,0.1579,0.1579,0.1579,0.1579
26-Jan-12,0.1579,0.1579,0.1579,0.1579
27-Jan-12,0.1579,0.1579,0.1579,0.1579
30-Jan-12,0.1579,0.1579,0.1585,0.1579
31-Jan-12,0.1585,0.158,0.1586,0.1578
1-Feb-12,0.1585,0.1585,0.1587,0.1584
2-Feb-12,0.1587,0.1585,0.1588,0.1585
3-Feb-12,0.1587,0.1587,0.1587,0.1585
6-Feb-12,0.1584,0.1587,0.1587,0.1584
7-Feb-12,0.1586,0.1584,0.1586,0.1584
8-Feb-12,0.1589,0.1586,0.1589,0.1586
9-Feb-12,0.1589,0.1589,0.1589,0.1587
10-Feb-12,0.1587,0.1588,0.159,0.1587
13-Feb-12,0.1588,0.1588,0.1588,0.1586
14-Feb-12,0.1587,0.1588,0.1588,0.1586
15-Feb-12,0.1587,0.1587,0.1588,0.1586
16-Feb-12,0.1587,0.1587,0.1588,0.1586
17-Feb-12,0.1588,0.1587,0.1588,0.1586
20-Feb-12,0.1587,0.1588,0.1589,0.1587
21-Feb-12,0.1588,0.1587,0.1588,0.1586
22-Feb-12,0.1588,0.1588,0.1589,0.1587
23-Feb-12,0.1588,0.1589,0.1589,0.1587
24-Feb-12,0.1588,0.1588,0.1589,0.1587
27-Feb-12,0.1587,0.1588,0.1588,0.1587
28-Feb-12,0.1588,0.1587,0.1588,0.1587
29-Feb-12,0.1589,0.1588,0.1589,0.1587
1-Mar-12,0.1587,0.1589,0.1589,0.1587
2-Mar-12,0.1588,0.1587,0.1588,0.1587
5-Mar-12,0.1586,0.1588,0.1588,0.1585
6-Mar-12,0.1585,0.1585,0.1585,0.1584
7-Mar-12,0.1585,0.1583,0.1585,0.1582
8-Mar-12,0.1583,0.1585,0.1585,0.1583
9-Mar-12,0.1585,0.1583,0.1586,0.1583
12-Mar-12,0.1581,0.158,0.1582,0.158
13-Mar-12,0.1581,0.1581,0.1582,0.158
14-Mar-12,0.1579,0.158,0.1581,0.1576
15-Mar-12,0.158,0.1579,0.158,0.1578
16-Mar-12,0.1582,0.158,0.1582,0.158
19-Mar-12,0.1582,0.1582,0.1585,0.1581
20-Mar-12,0.1581,0.1582,0.1584,0.158
21-Mar-12,0.1582,0.1581,0.1582,0.158
22-Mar-12,0.1587,0.1583,0.1588,0.1581
23-Mar-12,0.1586,0.1588,0.159,0.1585
26-Mar-12,0.1584,0.1586,0.1588,0.1583
27-Mar-12,0.1586,0.1583,0.1586,0.1583
28-Mar-12,0.1586,0.1586,0.1586,0.1584
29-Mar-12,0.1586,0.1586,0.1586,0.1584
30-Mar-12,0.1588,0.1586,0.1588,0.1585
2-Apr-12,0.1588,0.1588,0.1588,0.1588
3-Apr-12,0.1588,0.1588,0.1588,0.1588
4-Apr-12,0.1588,0.1588,0.1588,0.1588
5-Apr-12,0.1584,0.1586,0.1587,0.1584
6-Apr-12,0.1585,0.1584,0.1587,0.1583
9-Apr-12,0.1585,0.1586,0.1587,0.1585
10-Apr-12,0.1585,0.1585,0.1586,0.1584
11-Apr-12,0.1585,0.1585,0.1586,0.1584
12-Apr-12,0.1585,0.1585,0.1587,0.1585
13-Apr-12,0.1586,0.1586,0.1588,0.1585
16-Apr-12,0.1583,0.1587,0.1587,0.158
17-Apr-12,0.1587,0.1583,0.159,0.1583
18-Apr-12,0.1586,0.1587,0.1587,0.1585
19-Apr-12,0.1586,0.1587,0.1587,0.1585
20-Apr-12,0.1585,0.1586,0.1586,0.1585
23-Apr-12,0.1585,0.1585,0.1586,0.1585
24-Apr-12,0.1585,0.1585,0.1586,0.1584
25-Apr-12,0.1586,0.1586,0.1587,0.1585
26-Apr-12,0.1586,0.1586,0.1588,0.1586
27-Apr-12,0.1585,0.1586,0.1587,0.1584
30-Apr-12,0.1585,0.1585,0.1585,0.1585
1-May-12,0.1585,0.1585,0.1585,0.1585
2-May-12,0.1585,0.1585,0.1588,0.1585
3-May-12,0.1586,0.1585,0.1587,0.1584
4-May-12,0.1586,0.1586,0.1587,0.1586
7-May-12,0.1585,0.1586,0.1586,0.1583
8-May-12,0.1585,0.1585,0.1586,0.1585
9-May-12,0.1585,0.1585,0.1585,0.1584
10-May-12,0.1584,0.1585,0.1585,0.1583
11-May-12,0.1585,0.1583,0.1585,0.1583
14-May-12,0.1582,0.1585,0.1585,0.1582
15-May-12,0.1583,0.1581,0.1583,0.1581
16-May-12,0.1582,0.1583,0.1583,0.158
17-May-12,0.1581,0.1582,0.1583,0.1581
18-May-12,0.158,0.1581,0.1581,0.158
21-May-12,0.158,0.158,0.1582,0.1579
22-May-12,0.1582,0.158,0.1582,0.158
23-May-12,0.1579,0.1582,0.1582,0.1579
24-May-12,0.1576,0.1579,0.1579,0.1575
25-May-12,0.1576,0.1576,0.1576,0.1574
28-May-12,0.1576,0.1576,0.1577,0.1576
29-May-12,0.1575,0.1576,0.1576,0.1575
30-May-12,0.1573,0.1575,0.1575,0.1573
31-May-12,0.157,0.1573,0.1573,0.1568
1-Jun-12,0.157,0.157,0.1571,0.1569
4-Jun-12,0.1571,0.157,0.1571,0.157
5-Jun-12,0.157,0.1572,0.1573,0.157
6-Jun-12,0.1571,0.1571,0.1572,0.157
7-Jun-12,0.1571,0.1571,0.1573,0.1571
8-Jun-12,0.157,0.1571,0.1571,0.1569
11-Jun-12,0.157,0.157,0.1571,0.157
12-Jun-12,0.157,0.157,0.157,0.1568
13-Jun-12,0.157,0.157,0.157,0.1569
14-Jun-12,0.157,0.157,0.1571,0.157
15-Jun-12,0.1571,0.157,0.1572,0.157
18-Jun-12,0.1573,0.157,0.1574,0.157
19-Jun-12,0.1574,0.1573,0.1574,0.1573
20-Jun-12,0.1572,0.1574,0.1574,0.1572
21-Jun-12,0.1571,0.1572,0.1572,0.1571
22-Jun-12,0.1571,0.1571,0.1571,0.1571
25-Jun-12,0.1572,0.1571,0.1572,0.1567
26-Jun-12,0.1572,0.1572,0.1572,0.1571
27-Jun-12,0.1573,0.1572,0.1573,0.157
28-Jun-12,0.1573,0.1573,0.1574,0.1571
29-Jun-12,0.1574,0.1573,0.1574,0.1572
2-Jul-12,0.1575,0.1574,0.1576,0.1573
3-Jul-12,0.1574,0.1575,0.1575,0.1574
4-Jul-12,0.1575,0.1574,0.1576,0.1574
5-Jul-12,0.1573,0.1575,0.1575,0.1573
6-Jul-12,0.1571,0.1573,0.1573,0.157
9-Jul-12,0.157,0.1571,0.1571,0.1569
10-Jul-12,0.1571,0.157,0.1571,0.1569
11-Jul-12,0.157,0.1571,0.1571,0.157
12-Jul-12,0.1569,0.157,0.157,0.1569
13-Jul-12,0.1568,0.1568,0.1569,0.1567
16-Jul-12,0.1568,0.1568,0.1569,0.1567
17-Jul-12,0.1569,0.1568,0.1569,0.1568
18-Jul-12,0.157,0.1569,0.157,0.1569
19-Jul-12,0.1569,0.157,0.157,0.1569
20-Jul-12,0.1569,0.1569,0.157,0.1569
23-Jul-12,0.1566,0.1569,0.1569,0.1565
24-Jul-12,0.1566,0.1566,0.1567,0.1564
25-Jul-12,0.1565,0.1564,0.1565,0.1563
26-Jul-12,0.1566,0.1565,0.1567,0.1565
27-Jul-12,0.1567,0.1566,0.1568,0.1566
30-Jul-12,0.1568,0.1567,0.1568,0.1567
31-Jul-12,0.1572,0.1568,0.1573,0.1567
1-Aug-12,0.157,0.1572,0.1572,0.1569
2-Aug-12,0.157,0.157,0.1571,0.1567
3-Aug-12,0.1569,0.157,0.157,0.1568
6-Aug-12,0.1569,0.1569,0.157,0.1568
7-Aug-12,0.1571,0.1569,0.1571,0.1569
8-Aug-12,0.1572,0.1571,0.1573,0.1569
9-Aug-12,0.1573,0.1572,0.1575,0.1572
10-Aug-12,0.1572,0.1573,0.1573,0.157
13-Aug-12,0.1572,0.1572,0.1573,0.1571
14-Aug-12,0.1573,0.1572,0.1573,0.1571
15-Aug-12,0.1572,0.1573,0.1573,0.1571
16-Aug-12,0.1571,0.1572,0.1572,0.157
17-Aug-12,0.1573,0.1571,0.1573,0.1571
20-Aug-12,0.1573,0.1573,0.1573,0.1571
21-Aug-12,0.1573,0.1573,0.1573,0.1572
22-Aug-12,0.1574,0.1574,0.1575,0.1573
23-Aug-12,0.1574,0.1574,0.1575,0.1574
24-Aug-12,0.1574,0.1574,0.1574,0.1572
27-Aug-12,0.1573,0.1574,0.1574,0.1572
28-Aug-12,0.1574,0.1573,0.1574,0.1572
29-Aug-12,0.1574,0.1574,0.1576,0.1574
30-Aug-12,0.1575,0.1575,0.1575,0.1573
31-Aug-12,0.1575,0.1575,0.1576,0.1574
3-Sep-12,0.1577,0.1575,0.1578,0.1575
4-Sep-12,0.1576,0.1577,0.1578,0.1575
5-Sep-12,0.1575,0.1575,0.1576,0.1574
6-Sep-12,0.1577,0.1576,0.1577,0.1575
7-Sep-12,0.1577,0.1577,0.1577,0.1574
10-Sep-12,0.1578,0.1577,0.1579,0.1577
11-Sep-12,0.1579,0.1578,0.158,0.1576
12-Sep-12,0.1581,0.1579,0.1582,0.1579
13-Sep-12,0.158,0.1581,0.1581,0.1579
14-Sep-12,0.1584,0.158,0.1584,0.158
17-Sep-12,0.1583,0.1584,0.1584,0.1582
18-Sep-12,0.1583,0.1583,0.1583,0.1581
19-Sep-12,0.1585,0.1583,0.1585,0.1582
20-Sep-12,0.1586,0.1585,0.1589,0.1585
21-Sep-12,0.1586,0.1586,0.1587,0.1585
24-Sep-12,0.1585,0.1586,0.1587,0.1585
25-Sep-12,0.1586,0.1585,0.1587,0.1584
26-Sep-12,0.1587,0.1586,0.1587,0.1585
27-Sep-12,0.1587,0.1587,0.1587,0.1585
28-Sep-12,0.1591,0.1587,0.1591,0.1587
1-Oct-12,0.1591,0.1591,0.1591,0.1591
2-Oct-12,0.1591,0.1591,0.1591,0.1591
3-Oct-12,0.1591,0.1591,0.1591,0.1591
4-Oct-12,0.1591,0.1591,0.1591,0.1591
5-Oct-12,0.1591,0.1591,0.1591,0.1591
8-Oct-12,0.159,0.1591,0.1592,0.159
9-Oct-12,0.159,0.159,0.1591,0.159
10-Oct-12,0.1592,0.159,0.1592,0.159
11-Oct-12,0.1593,0.1591,0.1593,0.159
12-Oct-12,0.1596,0.1593,0.1596,0.1593
15-Oct-12,0.1595,0.1596,0.1598,0.1595
16-Oct-12,0.1596,0.1595,0.1597,0.1593
17-Oct-12,0.1599,0.1596,0.1599,0.1596
18-Oct-12,0.16,0.1599,0.1601,0.1598
19-Oct-12,0.1599,0.16,0.1601,0.1598
22-Oct-12,0.1599,0.1599,0.1599,0.1598
23-Oct-12,0.1601,0.1599,0.1601,0.1599
24-Oct-12,0.1601,0.1601,0.1601,0.1598
25-Oct-12,0.1602,0.1601,0.1602,0.16
26-Oct-12,0.16,0.1603,0.1603,0.16
29-Oct-12,0.1602,0.16,0.1603,0.16
30-Oct-12,0.1602,0.1602,0.1603,0.1601
31-Oct-12,0.1603,0.1602,0.1603,0.1601
1-Nov-12,0.1602,0.1604,0.1604,0.1602
2-Nov-12,0.1602,0.1602,0.1602,0.1601
5-Nov-12,0.1601,0.1602,0.1602,0.1599
6-Nov-12,0.1601,0.1601,0.1601,0.1601
7-Nov-12,0.1602,0.1601,0.1602,0.1601
8-Nov-12,0.1602,0.1601,0.1602,0.1601
9-Nov-12,0.1601,0.16,0.1603,0.16
12-Nov-12,0.1605,0.1601,0.1605,0.1601
13-Nov-12,0.1606,0.1605,0.1606,0.1605
14-Nov-12,0.1606,0.1606,0.1606,0.1606
15-Nov-12,0.1604,0.1606,0.1606,0.1604
16-Nov-12,0.1604,0.1604,0.1604,0.1602
19-Nov-12,0.1604,0.1604,0.1604,0.1603
20-Nov-12,0.1604,0.1605,0.1605,0.1604
21-Nov-12,0.1605,0.1604,0.1606,0.1604
22-Nov-12,0.1605,0.1605,0.1606,0.1604
23-Nov-12,0.1605,0.1606,0.1606,0.1605
26-Nov-12,0.1606,0.1605,0.1606,0.1604
27-Nov-12,0.1607,0.1606,0.1608,0.1606
28-Nov-12,0.1606,0.1607,0.1607,0.1604
29-Nov-12,0.1606,0.1605,0.1606,0.1605
30-Nov-12,0.1606,0.1606,0.1606,0.1604
3-Dec-12,0.1606,0.1606,0.1606,0.1604
4-Dec-12,0.1606,0.1606,0.1606,0.1604
5-Dec-12,0.1606,0.1607,0.1607,0.1606
6-Dec-12,0.1606,0.1606,0.1606,0.1603
7-Dec-12,0.1605,0.1606,0.1606,0.1603
10-Dec-12,0.1605,0.1605,0.1611,0.1605
11-Dec-12,0.1601,0.1605,0.1605,0.1599
12-Dec-12,0.16,0.1602,0.1604,0.1598
13-Dec-12,0.1605,0.16,0.1605,0.16
14-Dec-12,0.1602,0.1605,0.1605,0.1601
17-Dec-12,0.1603,0.1604,0.1606,0.1602
18-Dec-12,0.1605,0.1604,0.1605,0.1603
19-Dec-12,0.1605,0.1603,0.1607,0.1603
20-Dec-12,0.1605,0.1605,0.1606,0.1603
21-Dec-12,0.1605,0.1605,0.1606,0.1604
24-Dec-12,0.1604,0.1605,0.1605,0.1603
25-Dec-12,0.1604,0.1604,0.1605,0.1603
26-Dec-12,0.1604,0.1604,0.1604,0.1603
27-Dec-12,0.1604,0.1604,0.1604,0.1603
28-Dec-12,0.1605,0.1604,0.1605,0.1603
31-Dec-12,0.1605,0.1605,0.1606,0.1604
1-Jan-13,0.1605,0.1605,0.1605,0.1605
2-Jan-13,0.1605,0.1605,0.1605,0.1605
3-Jan-13,0.1605,0.1605,0.1605,0.1605
4-Jan-13,0.1605,0.1605,0.1605,0.1603
7-Jan-13,0.1605,0.1605,0.1606,0.1604
8-Jan-13,0.1607,0.1605,0.1607,0.1604
9-Jan-13,0.1606,0.1607,0.1607,0.1605
10-Jan-13,0.1607,0.1606,0.1607,0.1606
11-Jan-13,0.1609,0.1607,0.161,0.1607
14-Jan-13,0.1608,0.1609,0.161,0.1607
15-Jan-13,0.1609,0.1608,0.1609,0.1608
16-Jan-13,0.1609,0.1609,0.1609,0.1608
17-Jan-13,0.1609,0.1608,0.1609,0.1608
18-Jan-13,0.1609,0.1609,0.1609,0.1608
21-Jan-13,0.1607,0.1608,0.1608,0.1607
22-Jan-13,0.1608,0.1607,0.1608,0.1606
23-Jan-13,0.1608,0.1608,0.1608,0.1607
24-Jan-13,0.1608,0.1608,0.1608,0.1606
25-Jan-13,0.1608,0.1608,0.1608,0.1606
28-Jan-13,0.1607,0.1608,0.1608,0.1606
29-Jan-13,0.1607,0.1607,0.1607,0.1605
30-Jan-13,0.1608,0.1607,0.1608,0.1606
31-Jan-13,0.1608,0.1608,0.1608,0.1608
1-Feb-13,0.1606,0.1607,0.1607,0.1605
4-Feb-13,0.1604,0.1606,0.1606,0.1604
5-Feb-13,0.1605,0.1605,0.1606,0.1605
6-Feb-13,0.1605,0.1604,0.1605,0.1603
7-Feb-13,0.1604,0.1603,0.1604,0.1603
8-Feb-13,0.1604,0.1606,0.1606,0.1603
11-Feb-13,0.1604,0.1604,0.1604,0.1604
12-Feb-13,0.1604,0.1604,0.1604,0.1604
13-Feb-13,0.1604,0.1604,0.1604,0.1604
14-Feb-13,0.1604,0.1604,0.1604,0.1604
15-Feb-13,0.1604,0.1604,0.1604,0.1604
18-Feb-13,0.1602,0.1604,0.1604,0.1601
19-Feb-13,0.1601,0.1602,0.1602,0.1601
20-Feb-13,0.1603,0.1602,0.1603,0.1601
21-Feb-13,0.1602,0.1602,0.1603,0.1601
22-Feb-13,0.1604,0.1603,0.1604,0.1602
25-Feb-13,0.1604,0.1604,0.1605,0.1603
26-Feb-13,0.1605,0.1604,0.1606,0.1604
27-Feb-13,0.1606,0.1606,0.1606,0.1604
28-Feb-13,0.1607,0.1606,0.1607,0.1606
1-Mar-13,0.1607,0.1606,0.1607,0.1606
4-Mar-13,0.1606,0.1606,0.1607,0.1605
5-Mar-13,0.1607,0.1607,0.1607,0.1605
6-Mar-13,0.1608,0.1608,0.1609,0.1606
7-Mar-13,0.1608,0.1606,0.1608,0.1606
8-Mar-13,0.1609,0.1609,0.1609,0.1607
11-Mar-13,0.1608,0.1609,0.1609,0.1607
12-Mar-13,0.1609,0.1608,0.1609,0.1607
13-Mar-13,0.1609,0.1609,0.1609,0.1607
14-Mar-13,0.1609,0.1609,0.161,0.1608
15-Mar-13,0.1609,0.1609,0.161,0.1608
18-Mar-13,0.1609,0.1609,0.1609,0.1608
19-Mar-13,0.1609,0.1609,0.1609,0.1607
20-Mar-13,0.161,0.1609,0.161,0.1608
21-Mar-13,0.1609,0.1609,0.161,0.1608
22-Mar-13,0.161,0.161,0.161,0.1608
25-Mar-13,0.161,0.161,0.161,0.1608
26-Mar-13,0.161,0.161,0.161,0.1608
27-Mar-13,0.1609,0.161,0.161,0.1609
28-Mar-13,0.1609,0.1608,0.1609,0.1608
29-Mar-13,0.161,0.1609,0.1611,0.1609
1-Apr-13,0.1611,0.161,0.1611,0.161
2-Apr-13,0.1613,0.1612,0.1613,0.1611
3-Apr-13,0.1613,0.1613,0.1613,0.1611
4-Apr-13,0.1613,0.1613,0.1613,0.1613
5-Apr-13,0.1613,0.1613,0.1613,0.1613
8-Apr-13,0.1612,0.1611,0.1612,0.1611
9-Apr-13,0.1612,0.1612,0.1612,0.1611
10-Apr-13,0.1614,0.1612,0.1615,0.1612
11-Apr-13,0.1614,0.1614,0.1614,0.1613
12-Apr-13,0.1615,0.1614,0.1616,0.1614
15-Apr-13,0.1616,0.1615,0.1616,0.1614
16-Apr-13,0.1617,0.1616,0.1618,0.1615
17-Apr-13,0.162,0.1617,0.162,0.1617
18-Apr-13,0.1618,0.1619,0.162,0.1618
19-Apr-13,0.1619,0.1618,0.1619,0.1618
22-Apr-13,0.1617,0.1618,0.1618,0.1617
23-Apr-13,0.1618,0.1618,0.1619,0.1618
24-Apr-13,0.1618,0.1618,0.1619,0.1618
25-Apr-13,0.162,0.1618,0.1621,0.1618
26-Apr-13,0.1622,0.162,0.1623,0.162
29-Apr-13,0.1622,0.1622,0.1622,0.1622
30-Apr-13,0.1622,0.1622,0.1622,0.1622
1-May-13,0.1622,0.1622,0.1622,0.1622
2-May-13,0.1624,0.1622,0.1625,0.1622
3-May-13,0.1625,0.1624,0.1625,0.1622
6-May-13,0.1622,0.1625,0.1625,0.162
7-May-13,0.1625,0.1622,0.1625,0.1622
8-May-13,0.1628,0.1625,0.1629,0.1624
9-May-13,0.1631,0.1628,0.1631,0.1628
10-May-13,0.1628,0.1631,0.1631,0.1628
13-May-13,0.1627,0.1628,0.1628,0.1626
14-May-13,0.1628,0.1627,0.1628,0.1626
15-May-13,0.1627,0.1627,0.1627,0.1626
16-May-13,0.1626,0.1627,0.1627,0.1626
17-May-13,0.1628,0.1629,0.1629,0.1626
20-May-13,0.1629,0.1628,0.1629,0.1628
21-May-13,0.163,0.1629,0.1631,0.1629
22-May-13,0.1631,0.1629,0.1631,0.1629
23-May-13,0.163,0.1631,0.1631,0.1629
24-May-13,0.1631,0.163,0.1632,0.163
27-May-13,0.1634,0.1631,0.1634,0.1631
28-May-13,0.1634,0.1634,0.1634,0.1632
29-May-13,0.1632,0.163,0.1632,0.1629
30-May-13,0.1631,0.1632,0.1632,0.163
31-May-13,0.163,0.1631,0.1632,0.1628
3-Jun-13,0.1631,0.163,0.1632,0.163
4-Jun-13,0.1632,0.1631,0.1633,0.1631
5-Jun-13,0.1632,0.1632,0.1632,0.1631
6-Jun-13,0.163,0.1632,0.1632,0.1629
7-Jun-13,0.163,0.163,0.1631,0.1629
10-Jun-13,0.163,0.163,0.163,0.163
11-Jun-13,0.163,0.163,0.163,0.163
12-Jun-13,0.163,0.163,0.163,0.163
13-Jun-13,0.163,0.163,0.163,0.1628
14-Jun-13,0.1631,0.163,0.1631,0.1628
17-Jun-13,0.1633,0.1631,0.1633,0.1631
18-Jun-13,0.1632,0.1633,0.1633,0.163
19-Jun-13,0.1632,0.1632,0.1633,0.1631
20-Jun-13,0.1632,0.1632,0.1633,0.163
21-Jun-13,0.163,0.1632,0.1632,0.1629
24-Jun-13,0.1627,0.1631,0.1631,0.1627
25-Jun-13,0.1627,0.1627,0.1628,0.1626
26-Jun-13,0.1627,0.1627,0.1628,0.1626
27-Jun-13,0.1626,0.1626,0.1627,0.1625
28-Jun-13,0.1629,0.1627,0.1629,0.1626
1-Jul-13,0.1631,0.163,0.1632,0.1628
2-Jul-13,0.1631,0.1631,0.1632,0.1629
3-Jul-13,0.1631,0.163,0.1631,0.1629
4-Jul-13,0.1632,0.1631,0.1633,0.163
5-Jul-13,0.1631,0.1632,0.1632,0.163
8-Jul-13,0.163,0.1631,0.1631,0.1628
9-Jul-13,0.1631,0.163,0.1632,0.163
10-Jul-13,0.163,0.1631,0.1632,0.1629
11-Jul-13,0.163,0.163,0.1631,0.1629
12-Jul-13,0.1629,0.163,0.163,0.1628
15-Jul-13,0.1629,0.1629,0.163,0.1628
16-Jul-13,0.163,0.1629,0.163,0.1629
17-Jul-13,0.163,0.163,0.1631,0.163
18-Jul-13,0.1628,0.1628,0.1629,0.1627
19-Jul-13,0.1629,0.1628,0.1629,0.1628
22-Jul-13,0.1628,0.1629,0.163,0.1627
23-Jul-13,0.1629,0.1628,0.163,0.1628
24-Jul-13,0.163,0.1629,0.163,0.1628
25-Jul-13,0.163,0.163,0.163,0.1628
26-Jul-13,0.1631,0.163,0.1631,0.1629
29-Jul-13,0.1631,0.1631,0.1632,0.1629
30-Jul-13,0.1631,0.1631,0.1631,0.1629
31-Jul-13,0.1632,0.1631,0.1632,0.163
1-Aug-13,0.1631,0.1632,0.1633,0.163
2-Aug-13,0.1631,0.1631,0.1632,0.163
5-Aug-13,0.1633,0.1631,0.1633,0.1631
6-Aug-13,0.1634,0.1633,0.1634,0.1632
7-Aug-13,0.1634,0.1632,0.1634,0.1632
8-Aug-13,0.1634,0.1634,0.1636,0.1633
9-Aug-13,0.1633,0.1633,0.1635,0.1633
12-Aug-13,0.1633,0.1634,0.1634,0.1633
13-Aug-13,0.1634,0.1633,0.1634,0.1632
14-Aug-13,0.1634,0.1634,0.1635,0.1634
15-Aug-13,0.1636,0.1634,0.1636,0.1634
16-Aug-13,0.1635,0.1636,0.1637,0.1634
19-Aug-13,0.1633,0.1635,0.1636,0.1631
20-Aug-13,0.1633,0.1633,0.1634,0.1632
21-Aug-13,0.1633,0.1633,0.1634,0.1632
22-Aug-13,0.1634,0.1633,0.1634,0.1632
23-Aug-13,0.1634,0.1634,0.1634,0.1632
26-Aug-13,0.1634,0.1634,0.1635,0.1633
27-Aug-13,0.1634,0.1634,0.1634,0.1633
28-Aug-13,0.1634,0.1634,0.1634,0.1632
29-Aug-13,0.1634,0.1634,0.1634,0.1633
30-Aug-13,0.1634,0.1634,0.1634,0.1633
2-Sep-13,0.1634,0.1634,0.1635,0.1634
3-Sep-13,0.1634,0.1634,0.1634,0.1633
4-Sep-13,0.1634,0.1634,0.1635,0.1633
5-Sep-13,0.1634,0.1634,0.1635,0.1632
6-Sep-13,0.1634,0.1634,0.1634,0.1633
9-Sep-13,0.1634,0.1634,0.1635,0.1633
10-Sep-13,0.1634,0.1634,0.1635,0.1633
11-Sep-13,0.1634,0.1634,0.1634,0.1634
12-Sep-13,0.1635,0.1634,0.1635,0.1634
13-Sep-13,0.1634,0.1634,0.1635,0.1634
16-Sep-13,0.1634,0.1634,0.1635,0.1633
17-Sep-13,0.1634,0.1634,0.1634,0.1633
18-Sep-13,0.1634,0.1634,0.1634,0.1633
19-Sep-13,0.1634,0.1634,0.1634,0.1634
20-Sep-13,0.1634,0.1634,0.1634,0.1634
23-Sep-13,0.1634,0.1634,0.1635,0.1633
24-Sep-13,0.1634,0.1634,0.1634,0.1633
25-Sep-13,0.1634,0.1634,0.1634,0.1633
26-Sep-13,0.1634,0.1634,0.1635,0.1634
27-Sep-13,0.1634,0.1634,0.1635,0.1634
30-Sep-13,0.1634,0.1635,0.1635,0.1634
1-Oct-13,0.1634,0.1634,0.1634,0.1634
2-Oct-13,0.1634,0.1634,0.1634,0.1634
3-Oct-13,0.1634,0.1634,0.1634,0.1634
4-Oct-13,0.1634,0.1634,0.1634,0.1634
7-Oct-13,0.1634,0.1634,0.1634,0.1634
8-Oct-13,0.1634,0.1634,0.1635,0.1634
9-Oct-13,0.1634,0.1634,0.1634,0.1633
10-Oct-13,0.1635,0.1634,0.1635,0.1634
11-Oct-13,0.1634,0.1635,0.1636,0.1633
14-Oct-13,0.1637,0.1634,0.1637,0.1634
15-Oct-13,0.1639,0.1637,0.1639,0.1637
16-Oct-13,0.1639,0.1639,0.164,0.1637
17-Oct-13,0.164,0.1638,0.1641,0.1638
18-Oct-13,0.164,0.164,0.1642,0.164
21-Oct-13,0.1641,0.164,0.1642,0.1639
22-Oct-13,0.1641,0.1641,0.1642,0.164
23-Oct-13,0.1644,0.1641,0.1644,0.1641
24-Oct-13,0.1644,0.1644,0.1645,0.1643
25-Oct-13,0.1644,0.1644,0.1645,0.1643
28-Oct-13,0.1643,0.1643,0.1644,0.1642
29-Oct-13,0.1642,0.1643,0.1644,0.1642
30-Oct-13,0.1641,0.1642,0.1642,0.164
31-Oct-13,0.1641,0.1641,0.1642,0.164
1-Nov-13,0.1639,0.1641,0.1641,0.1639
4-Nov-13,0.164,0.164,0.1641,0.1639
5-Nov-13,0.164,0.164,0.1641,0.1639
6-Nov-13,0.1641,0.164,0.1641,0.1639
7-Nov-13,0.1642,0.1641,0.1642,0.1639
8-Nov-13,0.1642,0.1642,0.1643,0.164
11-Nov-13,0.1642,0.1642,0.1642,0.1641
12-Nov-13,0.1642,0.1642,0.1642,0.1641
13-Nov-13,0.1641,0.1642,0.1643,0.1641
14-Nov-13,0.1641,0.1642,0.1642,0.1641
15-Nov-13,0.1641,0.1641,0.1642,0.1641
18-Nov-13,0.1641,0.1641,0.1642,0.1641
19-Nov-13,0.1641,0.1642,0.1642,0.1641
20-Nov-13,0.1641,0.1641,0.1642,0.1641
21-Nov-13,0.1641,0.1641,0.1642,0.1641
22-Nov-13,0.1641,0.1641,0.1642,0.1641
25-Nov-13,0.1641,0.1642,0.1642,0.1641
26-Nov-13,0.1641,0.1641,0.1642,0.1641
27-Nov-13,0.1641,0.1641,0.1642,0.1641
28-Nov-13,0.1641,0.1641,0.1642,0.1641
29-Nov-13,0.1641,0.1642,0.1642,0.164
2-Dec-13,0.1641,0.1641,0.1641,0.1641
3-Dec-13,0.1641,0.1641,0.1642,0.1641
4-Dec-13,0.1642,0.1641,0.1642,0.1641
5-Dec-13,0.1642,0.1642,0.1642,0.1642
6-Dec-13,0.1644,0.1643,0.1644,0.1641
9-Dec-13,0.1647,0.1646,0.1647,0.1646
10-Dec-13,0.1647,0.1647,0.1647,0.1647
11-Dec-13,0.1647,0.1647,0.1647,0.1647
12-Dec-13,0.1647,0.1647,0.1647,0.1645
13-Dec-13,0.1647,0.1647,0.1647,0.1646
16-Dec-13,0.1647,0.1647,0.1647,0.1646
17-Dec-13,0.1647,0.1647,0.1647,0.1647
18-Dec-13,0.1647,0.1647,0.1647,0.1647
19-Dec-13,0.1647,0.1647,0.1647,0.1646
20-Dec-13,0.1647,0.1647,0.1647,0.1646
23-Dec-13,0.1647,0.1647,0.1647,0.1645
24-Dec-13,0.1647,0.1647,0.1647,0.1647
25-Dec-13,0.1647,0.1647,0.1647,0.1645
26-Dec-13,0.1646,0.1647,0.1647,0.1646
27-Dec-13,0.1648,0.1648,0.1648,0.1647
30-Dec-13,0.165,0.1648,0.165,0.1646
31-Dec-13,0.1652,0.165,0.1653,0.165
1-Jan-14,0.1652,0.1652,0.1652,0.1652
2-Jan-14,0.1653,0.1652,0.1653,0.165
3-Jan-14,0.1652,0.1652,0.1653,0.1652
6-Jan-14,0.1652,0.1652,0.1652,0.1651
7-Jan-14,0.1653,0.1652,0.1653,0.1652
8-Jan-14,0.1653,0.1652,0.1653,0.165
9-Jan-14,0.1652,0.1653,0.1653,0.1651
10-Jan-14,0.1652,0.1651,0.1652,0.1651
13-Jan-14,0.1655,0.1654,0.1655,0.1652
14-Jan-14,0.1655,0.1655,0.1656,0.1653
15-Jan-14,0.1654,0.1655,0.1655,0.1651
16-Jan-14,0.1651,0.1653,0.1653,0.1651
17-Jan-14,0.1653,0.1652,0.1653,0.1651
20-Jan-14,0.1652,0.1652,0.1653,0.1651
21-Jan-14,0.1653,0.1652,0.1653,0.165
22-Jan-14,0.1653,0.1652,0.1653,0.1652
23-Jan-14,0.1652,0.1652,0.1653,0.1652
24-Jan-14,0.1653,0.1653,0.1654,0.1652
27-Jan-14,0.1653,0.1654,0.1654,0.1653
28-Jan-14,0.1653,0.1653,0.1653,0.1652
29-Jan-14,0.1651,0.1652,0.1652,0.165
30-Jan-14,0.165,0.1652,0.1652,0.165
31-Jan-14,0.165,0.165,0.165,0.165
3-Feb-14,0.165,0.165,0.165,0.165
4-Feb-14,0.165,0.165,0.165,0.165
5-Feb-14,0.165,0.165,0.165,0.165
6-Feb-14,0.165,0.165,0.165,0.165
7-Feb-14,0.1649,0.165,0.165,0.1648
10-Feb-14,0.165,0.165,0.165,0.165
11-Feb-14,0.165,0.165,0.1651,0.165
12-Feb-14,0.165,0.165,0.165,0.1649
13-Feb-14,0.1649,0.1649,0.1649,0.1648
14-Feb-14,0.1648,0.165,0.165,0.1648
17-Feb-14,0.1649,0.1648,0.165,0.1648
18-Feb-14,0.1648,0.1649,0.1649,0.1648
19-Feb-14,0.1646,0.1648,0.1648,0.1645
20-Feb-14,0.1644,0.1644,0.1645,0.1643
21-Feb-14,0.1642,0.1641,0.1643,0.1641
24-Feb-14,0.164,0.1642,0.1642,0.164
25-Feb-14,0.1633,0.1633,0.1637,0.1631
26-Feb-14,0.1633,0.163,0.1633,0.163
27-Feb-14,0.1632,0.1632,0.1634,0.163
28-Feb-14,0.1627,0.1632,0.1632,0.162
3-Mar-14,0.1627,0.1627,0.1628,0.1624
4-Mar-14,0.1628,0.1627,0.1628,0.1624
5-Mar-14,0.1632,0.1628,0.1634,0.1627
6-Mar-14,0.1634,0.1633,0.1637,0.1633
7-Mar-14,0.1632,0.1637,0.1639,0.1631
10-Mar-14,0.1629,0.1627,0.1629,0.1626
11-Mar-14,0.1629,0.1629,0.1631,0.1628
12-Mar-14,0.1627,0.1627,0.1628,0.1626
13-Mar-14,0.163,0.1629,0.163,0.1628
14-Mar-14,0.1626,0.1628,0.1629,0.1625
17-Mar-14,0.1619,0.1626,0.1626,0.1618
18-Mar-14,0.1615,0.1616,0.1618,0.1615
19-Mar-14,0.1614,0.1614,0.1616,0.1612
20-Mar-14,0.1606,0.161,0.161,0.1604
21-Mar-14,0.1606,0.1605,0.1608,0.1604
24-Mar-14,0.1614,0.1608,0.1614,0.1607
25-Mar-14,0.1612,0.1617,0.1619,0.1612
26-Mar-14,0.161,0.1611,0.1613,0.1609
27-Mar-14,0.161,0.1609,0.1611,0.1608
28-Mar-14,0.161,0.161,0.1612,0.1608
31-Mar-14,0.1608,0.161,0.161,0.1606
1-Apr-14,0.1611,0.1608,0.1613,0.1608
2-Apr-14,0.1611,0.1611,0.1614,0.1611
3-Apr-14,0.161,0.1611,0.1612,0.161
4-Apr-14,0.161,0.161,0.161,0.1608
7-Apr-14,0.161,0.161,0.161,0.161
8-Apr-14,0.1614,0.161,0.1614,0.161
9-Apr-14,0.1613,0.1615,0.1617,0.1612
10-Apr-14,0.161,0.1613,0.1613,0.1609
11-Apr-14,0.161,0.161,0.1611,0.1609
14-Apr-14,0.1608,0.161,0.161,0.1608
15-Apr-14,0.1607,0.1608,0.1609,0.1606
16-Apr-14,0.1607,0.1607,0.1608,0.1606
17-Apr-14,0.1608,0.1607,0.1608,0.1607
18-Apr-14,0.1607,0.1607,0.1608,0.1606
21-Apr-14,0.1606,0.1607,0.1607,0.1603
22-Apr-14,0.1603,0.1605,0.1606,0.1602
23-Apr-14,0.1603,0.1603,0.1604,0.1601
24-Apr-14,0.16,0.1603,0.1603,0.1599
25-Apr-14,0.1599,0.1599,0.16,0.1598
28-Apr-14,0.1599,0.16,0.1601,0.1599
29-Apr-14,0.1598,0.1599,0.16,0.1598
30-Apr-14,0.1598,0.1598,0.1599,0.1595
1-May-14,0.1598,0.1598,0.1598,0.1598
2-May-14,0.1598,0.1598,0.1598,0.1598
5-May-14,0.1601,0.1599,0.1602,0.1599
6-May-14,0.1606,0.1601,0.1606,0.1601
7-May-14,0.1604,0.1606,0.1608,0.1603
8-May-14,0.1606,0.1604,0.1606,0.1603
9-May-14,0.1606,0.1606,0.1607,0.1603
12-May-14,0.1603,0.1606,0.1606,0.1603
13-May-14,0.1605,0.1604,0.1605,0.1602
14-May-14,0.1605,0.1606,0.1607,0.1604
15-May-14,0.1605,0.1606,0.1606,0.1604
16-May-14,0.1604,0.1605,0.1606,0.1603
19-May-14,0.1603,0.1604,0.1604,0.1601
20-May-14,0.1603,0.1603,0.1604,0.1602
21-May-14,0.1604,0.1603,0.1604,0.1602
22-May-14,0.1604,0.1604,0.1605,0.1603
23-May-14,0.1603,0.1604,0.1604,0.1603
26-May-14,0.1603,0.1603,0.1604,0.1602
27-May-14,0.16,0.1603,0.1603,0.16
28-May-14,0.1599,0.1598,0.1599,0.1597
29-May-14,0.1603,0.1599,0.1603,0.1597
30-May-14,0.1601,0.1603,0.1604,0.16
2-Jun-14,0.1601,0.1601,0.1601,0.1601
3-Jun-14,0.1599,0.1601,0.1602,0.1598
4-Jun-14,0.16,0.16,0.1601,0.1598
5-Jun-14,0.1598,0.16,0.1601,0.1598
6-Jun-14,0.16,0.1601,0.1601,0.1599
9-Jun-14,0.1602,0.1603,0.1603,0.1602
10-Jun-14,0.1607,0.1602,0.1607,0.1602
11-Jun-14,0.1606,0.1606,0.1606,0.1605
12-Jun-14,0.1608,0.1606,0.1609,0.1605
13-Jun-14,0.161,0.1608,0.1613,0.1608
16-Jun-14,0.1606,0.1611,0.1611,0.1606
17-Jun-14,0.1606,0.1606,0.1607,0.1603
18-Jun-14,0.1605,0.1606,0.1606,0.1604
19-Jun-14,0.1605,0.1605,0.1607,0.1604
20-Jun-14,0.1607,0.1605,0.1607,0.1604
23-Jun-14,0.1606,0.1606,0.1607,0.1605
24-Jun-14,0.1605,0.1606,0.1607,0.1604
25-Jun-14,0.1604,0.1605,0.1605,0.1603
26-Jun-14,0.1607,0.1604,0.1607,0.1604
27-Jun-14,0.1608,0.1606,0.1609,0.1606
30-Jun-14,0.1612,0.1608,0.1613,0.1608
1-Jul-14,0.1613,0.1612,0.1614,0.1611
2-Jul-14,0.161,0.1613,0.1613,0.1609
3-Jul-14,0.161,0.161,0.161,0.1608
4-Jul-14,0.1612,0.1609,0.1612,0.1609
7-Jul-14,0.1612,0.1612,0.1613,0.1611
8-Jul-14,0.1613,0.1612,0.1613,0.1611
9-Jul-14,0.1613,0.1612,0.1614,0.1612
10-Jul-14,0.1612,0.1613,0.1614,0.1612
11-Jul-14,0.1612,0.1612,0.1612,0.161
14-Jul-14,0.1611,0.1612,0.1612,0.161
15-Jul-14,0.1611,0.1611,0.1612,0.161
16-Jul-14,0.1612,0.1611,0.1612,0.161
17-Jul-14,0.1612,0.1612,0.1613,0.1611
18-Jul-14,0.1611,0.1612,0.1613,0.161
21-Jul-14,0.161,0.1611,0.1612,0.161
22-Jul-14,0.1612,0.1611,0.1612,0.1611
23-Jul-14,0.1613,0.1612,0.1614,0.1612
24-Jul-14,0.1614,0.1613,0.1615,0.1613
25-Jul-14,0.1615,0.1614,0.1616,0.1614
28-Jul-14,0.1616,0.1615,0.1617,0.1615
29-Jul-14,0.1618,0.1616,0.1618,0.1616
30-Jul-14,0.162,0.1618,0.162,0.1617
31-Jul-14,0.162,0.162,0.1621,0.1619
1-Aug-14,0.1618,0.162,0.162,0.1617
4-Aug-14,0.1619,0.1618,0.1619,0.1617
5-Aug-14,0.1621,0.1619,0.1621,0.1618
6-Aug-14,0.1623,0.162,0.1623,0.162
7-Aug-14,0.1623,0.1623,0.1624,0.1622
8-Aug-14,0.1624,0.1623,0.1625,0.1623
11-Aug-14,0.1625,0.1624,0.1625,0.1624
12-Aug-14,0.1624,0.1625,0.1625,0.1624
13-Aug-14,0.1625,0.1624,0.1625,0.1623
14-Aug-14,0.1625,0.1625,0.1626,0.1624
15-Aug-14,0.1627,0.1626,0.1627,0.1626
18-Aug-14,0.1628,0.1627,0.1628,0.1626
19-Aug-14,0.1628,0.1628,0.163,0.1627
20-Aug-14,0.1629,0.1628,0.1629,0.1627
21-Aug-14,0.1626,0.1627,0.1627,0.1624
22-Aug-14,0.1626,0.1624,0.1626,0.1623
25-Aug-14,0.1625,0.1625,0.1626,0.1623
26-Aug-14,0.1625,0.1625,0.1626,0.1624
27-Aug-14,0.1628,0.1626,0.1628,0.1626
28-Aug-14,0.1628,0.1628,0.1628,0.1627
29-Aug-14,0.1628,0.1628,0.1628,0.1627
1-Sep-14,0.1628,0.1628,0.1629,0.1627
2-Sep-14,0.1626,0.1626,0.1628,0.1625
3-Sep-14,0.1628,0.1627,0.1628,0.1626
4-Sep-14,0.1629,0.163,0.163,0.1628
5-Sep-14,0.1629,0.1628,0.1629,0.1628
8-Sep-14,0.1629,0.1629,0.1629,0.1629
9-Sep-14,0.163,0.1628,0.1631,0.1628
10-Sep-14,0.1631,0.1631,0.1632,0.1631
11-Sep-14,0.1631,0.1631,0.1632,0.163
12-Sep-14,0.163,0.1631,0.1631,0.163
15-Sep-14,0.1628,0.1629,0.1629,0.1626
16-Sep-14,0.1627,0.1626,0.1627,0.1625
17-Sep-14,0.1629,0.1627,0.1629,0.1627
18-Sep-14,0.1629,0.1629,0.1629,0.1627
19-Sep-14,0.1628,0.1628,0.163,0.1628
22-Sep-14,0.1629,0.1628,0.1629,0.1628
23-Sep-14,0.1629,0.1629,0.1629,0.1628
24-Sep-14,0.163,0.163,0.1631,0.1629
25-Sep-14,0.163,0.163,0.163,0.1628
26-Sep-14,0.1632,0.1629,0.1633,0.1629
29-Sep-14,0.1626,0.1632,0.1632,0.1625
30-Sep-14,0.1629,0.1625,0.1629,0.1625
1-Oct-14,0.1629,0.1629,0.1629,0.1629
2-Oct-14,0.1629,0.1629,0.1629,0.1629
3-Oct-14,0.1629,0.1629,0.1629,0.1629
6-Oct-14,0.1629,0.1629,0.1629,0.1629
7-Oct-14,0.1629,0.1629,0.1629,0.1629
8-Oct-14,0.1629,0.1629,0.163,0.1628
9-Oct-14,0.1631,0.1631,0.1631,0.163
10-Oct-14,0.1631,0.1631,0.1631,0.163
13-Oct-14,0.1633,0.1631,0.1633,0.1631
14-Oct-14,0.1633,0.1633,0.1633,0.1632
15-Oct-14,0.1632,0.1633,0.1633,0.1631
16-Oct-14,0.1633,0.1633,0.1633,0.1632
17-Oct-14,0.1633,0.1633,0.1633,0.1631
20-Oct-14,0.1633,0.1633,0.1633,0.1632
21-Oct-14,0.1634,0.1633,0.1634,0.1633
22-Oct-14,0.1634,0.1633,0.1635,0.1633
23-Oct-14,0.1634,0.1635,0.1635,0.1634
24-Oct-14,0.1635,0.1634,0.1635,0.1633
27-Oct-14,0.1635,0.1635,0.1636,0.1635
28-Oct-14,0.1636,0.1635,0.1636,0.1635
29-Oct-14,0.1636,0.1636,0.1637,0.1636
30-Oct-14,0.1635,0.1635,0.1636,0.1634
31-Oct-14,0.1636,0.1635,0.1637,0.1635
3-Nov-14,0.1634,0.1635,0.1635,0.1634
4-Nov-14,0.1635,0.1634,0.1635,0.1634
5-Nov-14,0.1636,0.1636,0.1637,0.1634
6-Nov-14,0.1636,0.1635,0.1636,0.1635
7-Nov-14,0.1633,0.1636,0.1636,0.1633
10-Nov-14,0.1634,0.1635,0.1636,0.1634
11-Nov-14,0.1633,0.1634,0.1635,0.1632
12-Nov-14,0.1632,0.1634,0.1634,0.1632
13-Nov-14,0.1633,0.1632,0.1633,0.1632
14-Nov-14,0.1631,0.1634,0.1634,0.1631
17-Nov-14,0.1633,0.1631,0.1633,0.1631
18-Nov-14,0.1634,0.1633,0.1634,0.1632
19-Nov-14,0.1634,0.1634,0.1635,0.1633
20-Nov-14,0.1633,0.1634,0.1634,0.1632
21-Nov-14,0.1633,0.1634,0.1634,0.1632
24-Nov-14,0.1628,0.1631,0.1632,0.1627
25-Nov-14,0.163,0.1627,0.163,0.1627
26-Nov-14,0.1629,0.163,0.1631,0.1629
27-Nov-14,0.1629,0.1629,0.163,0.1629
28-Nov-14,0.1628,0.1628,0.1629,0.1626
1-Dec-14,0.1625,0.1628,0.1628,0.1625
2-Dec-14,0.1626,0.1627,0.1627,0.1626
3-Dec-14,0.1626,0.1626,0.1627,0.1625
4-Dec-14,0.1625,0.1626,0.1626,0.1624
5-Dec-14,0.1626,0.1625,0.1626,0.1625
8-Dec-14,0.162,0.1625,0.1627,0.162
9-Dec-14,0.1616,0.1621,0.1621,0.1611
10-Dec-14,0.1619,0.1616,0.1621,0.1613
11-Dec-14,0.1616,0.162,0.1621,0.1615
12-Dec-14,0.1616,0.1616,0.1618,0.1613
15-Dec-14,0.1615,0.1616,0.1617,0.1614
16-Dec-14,0.1616,0.1615,0.1616,0.1613
17-Dec-14,0.1614,0.1616,0.1616,0.1613
18-Dec-14,0.1609,0.1614,0.1614,0.1607
19-Dec-14,0.1608,0.1609,0.1609,0.1604
22-Dec-14,0.1607,0.1608,0.1609,0.1606
23-Dec-14,0.1606,0.1607,0.1608,0.1605
24-Dec-14,0.1609,0.1606,0.1609,0.1605
25-Dec-14,0.1614,0.1609,0.1615,0.1608
26-Dec-14,0.161,0.1613,0.1613,0.161
29-Dec-14,0.1607,0.161,0.161,0.1605
30-Dec-14,0.1612,0.1607,0.1614,0.1604
31-Dec-14,0.1611,0.1611,0.1616,0.1611
1-Jan-15,0.1611,0.1611,0.1611,0.1611
2-Jan-15,0.1611,0.1611,0.1611,0.1611
5-Jan-15,0.1608,0.1608,0.1609,0.1607
6-Jan-15,0.161,0.1608,0.1611,0.1608
7-Jan-15,0.161,0.1609,0.1611,0.1609
8-Jan-15,0.1609,0.1609,0.161,0.1607
9-Jan-15,0.1611,0.161,0.1612,0.161
12-Jan-15,0.1612,0.1611,0.1614,0.1611
13-Jan-15,0.1614,0.1612,0.1614,0.1612
14-Jan-15,0.1614,0.1613,0.1615,0.1613
15-Jan-15,0.1616,0.1614,0.1616,0.1614
16-Jan-15,0.1611,0.1614,0.1615,0.1609
19-Jan-15,0.1608,0.1607,0.1609,0.1606
20-Jan-15,0.1609,0.1608,0.161,0.1607
21-Jan-15,0.161,0.1608,0.161,0.1608
22-Jan-15,0.1611,0.161,0.1611,0.1608
23-Jan-15,0.1606,0.1608,0.1609,0.1605
26-Jan-15,0.1599,0.1601,0.1601,0.1598
27-Jan-15,0.1602,0.16,0.1602,0.1599
28-Jan-15,0.1601,0.1602,0.1603,0.16
29-Jan-15,0.1601,0.1601,0.1601,0.1599
30-Jan-15,0.16,0.1601,0.1601,0.1599
2-Feb-15,0.1598,0.16,0.16,0.1597
3-Feb-15,0.1598,0.1599,0.1599,0.1598
4-Feb-15,0.1601,0.1601,0.1601,0.16
5-Feb-15,0.1599,0.1598,0.16,0.1598
6-Feb-15,0.1602,0.1599,0.1603,0.1599
9-Feb-15,0.1601,0.1601,0.1601,0.16
10-Feb-15,0.1602,0.1601,0.1602,0.1601
11-Feb-15,0.1602,0.1602,0.1602,0.1601
12-Feb-15,0.1601,0.1602,0.1602,0.1601
13-Feb-15,0.1602,0.1601,0.1603,0.1601
16-Feb-15,0.16,0.1601,0.1602,0.16
17-Feb-15,0.1599,0.1599,0.1599,0.1599
18-Feb-15,0.1599,0.1599,0.1599,0.1599
19-Feb-15,0.1599,0.1599,0.1599,0.1599
20-Feb-15,0.1599,0.1599,0.1599,0.1599
23-Feb-15,0.1599,0.1599,0.1599,0.1599
24-Feb-15,0.1599,0.1599,0.1599,0.1599
25-Feb-15,0.1598,0.1598,0.1598,0.1597
26-Feb-15,0.1598,0.1598,0.1598,0.1597
27-Feb-15,0.1595,0.1598,0.1598,0.1595
2-Mar-15,0.1594,0.1594,0.1594,0.1594
3-Mar-15,0.1594,0.1593,0.1594,0.1593
4-Mar-15,0.1595,0.1594,0.1595,0.1594
5-Mar-15,0.1596,0.1594,0.1596,0.1594
6-Mar-15,0.1597,0.1596,0.1597,0.1596
9-Mar-15,0.1596,0.1596,0.1597,0.1595
10-Mar-15,0.1597,0.1596,0.1597,0.1596
11-Mar-15,0.1597,0.1596,0.1597,0.1596
12-Mar-15,0.1597,0.1597,0.1597,0.1596
13-Mar-15,0.1598,0.1598,0.1598,0.1597
16-Mar-15,0.1597,0.1598,0.1598,0.1597
17-Mar-15,0.16,0.1597,0.16,0.1597
18-Mar-15,0.1605,0.1601,0.1606,0.16
19-Mar-15,0.1614,0.1605,0.1616,0.1605
20-Mar-15,0.1612,0.1614,0.1618,0.1607
23-Mar-15,0.1609,0.1612,0.1613,0.1608
24-Mar-15,0.1612,0.1609,0.1613,0.1609
25-Mar-15,0.161,0.1611,0.1612,0.1608
26-Mar-15,0.161,0.1609,0.1611,0.1608
27-Mar-15,0.1609,0.161,0.161,0.1608
30-Mar-15,0.1611,0.161,0.1612,0.1609
31-Mar-15,0.1613,0.1611,0.1614,0.1611
1-Apr-15,0.1613,0.1613,0.1615,0.1613
2-Apr-15,0.1614,0.1614,0.1614,0.1613
3-Apr-15,0.1615,0.1614,0.1616,0.1614
6-Apr-15,0.1615,0.1615,0.1615,0.1615
7-Apr-15,0.1614,0.1615,0.1615,0.1613
8-Apr-15,0.1612,0.1613,0.1613,0.1611
9-Apr-15,0.1611,0.1612,0.1612,0.1611
10-Apr-15,0.1611,0.161,0.1611,0.1609
13-Apr-15,0.1609,0.1611,0.1611,0.1608
14-Apr-15,0.161,0.1609,0.161,0.1609
15-Apr-15,0.1612,0.1611,0.1612,0.161
16-Apr-15,0.1614,0.1615,0.1615,0.1613
17-Apr-15,0.1613,0.1615,0.1616,0.1613
20-Apr-15,0.1613,0.1613,0.1614,0.1612
21-Apr-15,0.1613,0.1613,0.1613,0.1612
22-Apr-15,0.1614,0.1612,0.1614,0.1612
23-Apr-15,0.1614,0.1614,0.1614,0.1613
24-Apr-15,0.1615,0.1614,0.1615,0.1613
27-Apr-15,0.1608,0.1614,0.1614,0.1607
28-Apr-15,0.1612,0.1608,0.1612,0.1608
29-Apr-15,0.1613,0.1612,0.1613,0.1611
30-Apr-15,0.1612,0.1614,0.1614,0.1611
1-May-15,0.1612,0.1612,0.1612,0.1612
4-May-15,0.1611,0.161,0.1611,0.161
5-May-15,0.1611,0.161,0.1612,0.161
6-May-15,0.1613,0.1611,0.1614,0.1611
7-May-15,0.1611,0.1613,0.1613,0.1611
8-May-15,0.161,0.1611,0.1611,0.161
11-May-15,0.161,0.1611,0.1611,0.161
12-May-15,0.1611,0.161,0.1611,0.161
13-May-15,0.1612,0.1611,0.1612,0.1611
14-May-15,0.1613,0.1612,0.1613,0.1612
15-May-15,0.1611,0.1612,0.1612,0.1611
18-May-15,0.1612,0.1612,0.1612,0.1611
19-May-15,0.1611,0.1612,0.1612,0.1611
20-May-15,0.1612,0.1611,0.1612,0.1611
21-May-15,0.1614,0.1612,0.1614,0.1612
22-May-15,0.1614,0.1614,0.1615,0.1613
25-May-15,0.1612,0.1614,0.1614,0.1612
26-May-15,0.1612,0.1612,0.1612,0.1611
27-May-15,0.1613,0.1612,0.1613,0.1611
28-May-15,0.1613,0.1613,0.1614,0.1612
29-May-15,0.1613,0.1612,0.1614,0.1612
1-Jun-15,0.1613,0.1613,0.1615,0.1613
2-Jun-15,0.1613,0.1613,0.1614,0.1613
3-Jun-15,0.1613,0.1614,0.1614,0.1613
4-Jun-15,0.1613,0.1614,0.1614,0.1612
5-Jun-15,0.1612,0.1612,0.1613,0.161
8-Jun-15,0.1611,0.1611,0.1612,0.1611
9-Jun-15,0.1611,0.1611,0.1612,0.1611
10-Jun-15,0.1611,0.1611,0.1612,0.1611
11-Jun-15,0.1611,0.1611,0.1612,0.161
12-Jun-15,0.1611,0.1611,0.1611,0.161
15-Jun-15,0.1611,0.1611,0.1611,0.161
16-Jun-15,0.1611,0.1611,0.1611,0.161
17-Jun-15,0.161,0.1611,0.1611,0.161
18-Jun-15,0.1611,0.1611,0.1611,0.161
19-Jun-15,0.161,0.1611,0.1611,0.1608
22-Jun-15,0.161,0.161,0.161,0.161
23-Jun-15,0.1611,0.161,0.1611,0.1609
24-Jun-15,0.1611,0.1611,0.1611,0.161
25-Jun-15,0.161,0.1611,0.1611,0.161
26-Jun-15,0.1611,0.161,0.1611,0.161
29-Jun-15,0.1611,0.161,0.1611,0.1609
30-Jun-15,0.1613,0.1611,0.1613,0.1611
1-Jul-15,0.1613,0.1612,0.1613,0.1612
2-Jul-15,0.1612,0.1612,0.1612,0.1611
3-Jul-15,0.1611,0.1612,0.1612,0.1611
6-Jul-15,0.1611,0.161,0.1612,0.161
7-Jul-15,0.161,0.161,0.1611,0.161
8-Jul-15,0.1611,0.161,0.1611,0.1609
9-Jul-15,0.1611,0.1611,0.1611,0.1611
10-Jul-15,0.161,0.1611,0.1611,0.161
13-Jul-15,0.1611,0.161,0.1611,0.161
14-Jul-15,0.1611,0.161,0.1611,0.161
15-Jul-15,0.1611,0.1611,0.1611,0.161
16-Jul-15,0.161,0.161,0.1611,0.161
17-Jul-15,0.161,0.1611,0.1611,0.161
20-Jul-15,0.161,0.1611,0.1611,0.161
21-Jul-15,0.161,0.161,0.161,0.161
22-Jul-15,0.161,0.161,0.1611,0.161
23-Jul-15,0.161,0.161,0.1611,0.161
24-Jul-15,0.161,0.161,0.1611,0.161
27-Jul-15,0.161,0.1611,0.1611,0.161
28-Jul-15,0.161,0.1611,0.1611,0.161
29-Jul-15,0.1611,0.161,0.1611,0.161
30-Jul-15,0.161,0.161,0.161,0.161
31-Jul-15,0.161,0.161,0.161,0.161
3-Aug-15,0.161,0.1611,0.1611,0.161
4-Aug-15,0.161,0.1611,0.1611,0.161
5-Aug-15,0.161,0.161,0.161,0.1609
6-Aug-15,0.161,0.161,0.161,0.1609
7-Aug-15,0.161,0.1611,0.1611,0.161
10-Aug-15,0.161,0.161,0.161,0.161
11-Aug-15,0.1581,0.1592,0.1592,0.1579
12-Aug-15,0.1566,0.1557,0.1568,0.1551
13-Aug-15,0.1563,0.1565,0.1566,0.1551
14-Aug-15,0.1565,0.1563,0.1565,0.1562
17-Aug-15,0.1564,0.1565,0.1565,0.1563
18-Aug-15,0.1564,0.1564,0.1566,0.1558
19-Aug-15,0.1564,0.1564,0.1564,0.1562
20-Aug-15,0.1565,0.1563,0.1566,0.1562
21-Aug-15,0.1565,0.1565,0.1565,0.1561
24-Aug-15,0.1561,0.1565,0.1565,0.1561
25-Aug-15,0.1559,0.1562,0.1562,0.1557
26-Aug-15,0.156,0.156,0.1561,0.1556
27-Aug-15,0.1561,0.156,0.1562,0.1558
28-Aug-15,0.1565,0.1562,0.1567,0.1561
31-Aug-15,0.1568,0.1565,0.1568,0.1565
1-Sep-15,0.1571,0.1569,0.1572,0.1568
2-Sep-15,0.1573,0.1572,0.1574,0.157
3-Sep-15,0.1573,0.1573,0.1573,0.1573
4-Sep-15,0.1573,0.1573,0.1573,0.1573
7-Sep-15,0.1571,0.1574,0.1574,0.1569
8-Sep-15,0.1571,0.1569,0.1572,0.1569
9-Sep-15,0.1568,0.1571,0.1571,0.1568
10-Sep-15,0.1568,0.1568,0.157,0.1565
11-Sep-15,0.1569,0.157,0.1571,0.1568
14-Sep-15,0.157,0.1569,0.1571,0.1568
15-Sep-15,0.157,0.157,0.1571,0.1569
16-Sep-15,0.157,0.157,0.157,0.1569
17-Sep-15,0.1571,0.157,0.1571,0.157
18-Sep-15,0.1571,0.1571,0.1573,0.1571
21-Sep-15,0.157,0.1572,0.1572,0.157
22-Sep-15,0.1568,0.1569,0.157,0.1568
23-Sep-15,0.1566,0.1568,0.1568,0.1566
24-Sep-15,0.1567,0.1567,0.1568,0.1566
25-Sep-15,0.1569,0.1567,0.1569,0.1567
28-Sep-15,0.157,0.1568,0.157,0.1568
29-Sep-15,0.1571,0.157,0.1572,0.157
30-Sep-15,0.1573,0.1572,0.1574,0.1572
1-Oct-15,0.1573,0.1573,0.1573,0.1573
2-Oct-15,0.1573,0.1573,0.1573,0.1573
5-Oct-15,0.1573,0.1573,0.1573,0.1573
6-Oct-15,0.1573,0.1573,0.1573,0.1573
7-Oct-15,0.1573,0.1573,0.1573,0.1573
8-Oct-15,0.1574,0.1573,0.1575,0.1573
9-Oct-15,0.1576,0.1574,0.1576,0.1574
12-Oct-15,0.1582,0.1578,0.1583,0.1578
13-Oct-15,0.1577,0.1581,0.1581,0.1576
14-Oct-15,0.1575,0.1576,0.1577,0.1575
15-Oct-15,0.1576,0.1575,0.1577,0.1575
16-Oct-15,0.1574,0.1575,0.1576,0.1572
19-Oct-15,0.1572,0.1574,0.1574,0.1571
20-Oct-15,0.1575,0.1572,0.1576,0.157
21-Oct-15,0.1575,0.1576,0.1577,0.1574
22-Oct-15,0.1573,0.1576,0.1576,0.1573
23-Oct-15,0.1575,0.1573,0.1575,0.1572
26-Oct-15,0.1574,0.1575,0.1575,0.1573
27-Oct-15,0.1574,0.1575,0.1576,0.1574
28-Oct-15,0.1573,0.1574,0.1574,0.1572
29-Oct-15,0.1573,0.1573,0.1574,0.1572
30-Oct-15,0.1583,0.1576,0.1583,0.1575
2-Nov-15,0.1578,0.1582,0.1582,0.1575
3-Nov-15,0.1578,0.1579,0.1579,0.1576
4-Nov-15,0.1578,0.1578,0.1579,0.1576
5-Nov-15,0.1576,0.1577,0.1578,0.1575
6-Nov-15,0.1574,0.1574,0.1576,0.1573
9-Nov-15,0.1572,0.1571,0.1573,0.157
10-Nov-15,0.1572,0.1572,0.1574,0.1572
11-Nov-15,0.157,0.1572,0.1573,0.157
12-Nov-15,0.157,0.157,0.1571,0.157
13-Nov-15,0.1569,0.157,0.157,0.1568
16-Nov-15,0.157,0.1568,0.1572,0.1567
17-Nov-15,0.1568,0.157,0.157,0.1568
18-Nov-15,0.1566,0.1568,0.1568,0.1566
19-Nov-15,0.1567,0.1566,0.1569,0.1566
20-Nov-15,0.1566,0.1567,0.1568,0.1566
23-Nov-15,0.1565,0.1566,0.1566,0.1564
24-Nov-15,0.1565,0.1565,0.1566,0.1565
25-Nov-15,0.1565,0.1566,0.1566,0.1565
26-Nov-15,0.1565,0.1565,0.1565,0.1565
27-Nov-15,0.1564,0.1564,0.1564,0.1563
30-Nov-15,0.1563,0.1563,0.1564,0.1563
1-Dec-15,0.1563,0.1563,0.1563,0.1562
2-Dec-15,0.1563,0.1563,0.1563,0.1562
3-Dec-15,0.1563,0.1563,0.1563,0.1562
4-Dec-15,0.1562,0.1565,0.1565,0.1561
7-Dec-15,0.156,0.1562,0.1563,0.156
8-Dec-15,0.1558,0.156,0.156,0.1558
9-Dec-15,0.1556,0.1557,0.1558,0.1555
10-Dec-15,0.1553,0.1556,0.1556,0.1553
11-Dec-15,0.1549,0.1553,0.1553,0.1549
14-Dec-15,0.1548,0.1547,0.1549,0.1546
15-Dec-15,0.1548,0.1548,0.1549,0.1546
16-Dec-15,0.1545,0.1548,0.1549,0.1545
17-Dec-15,0.1542,0.1545,0.1545,0.1542
18-Dec-15,0.1543,0.1543,0.1544,0.1542
21-Dec-15,0.1543,0.1543,0.1544,0.1543
22-Dec-15,0.1543,0.1543,0.1544,0.1543
23-Dec-15,0.1544,0.1544,0.1544,0.1544
24-Dec-15,0.1544,0.1544,0.1544,0.1543
25-Dec-15,0.1544,0.1545,0.1546,0.1544
28-Dec-15,0.1541,0.1544,0.1544,0.1541
29-Dec-15,0.1542,0.1542,0.1542,0.1542
30-Dec-15,0.1541,0.1542,0.1542,0.154
31-Dec-15,0.154,0.1541,0.1541,0.154
1-Jan-16,0.154,0.154,0.154,0.154
4-Jan-16,0.153,0.1536,0.1537,0.153
5-Jan-16,0.1533,0.1534,0.1534,0.1532
6-Jan-16,0.1525,0.1533,0.1533,0.1524
7-Jan-16,0.1517,0.1518,0.152,0.1516
8-Jan-16,0.1516,0.1524,0.1524,0.1516
11-Jan-16,0.1522,0.1516,0.1523,0.1516
12-Jan-16,0.1521,0.1524,0.1524,0.152
13-Jan-16,0.1521,0.1521,0.1522,0.1519
14-Jan-16,0.1517,0.152,0.152,0.1517
15-Jan-16,0.1519,0.1519,0.1519,0.1518
18-Jan-16,0.152,0.1518,0.152,0.1518
19-Jan-16,0.152,0.1521,0.1521,0.1519
20-Jan-16,0.152,0.152,0.152,0.1519
21-Jan-16,0.152,0.152,0.152,0.1519
22-Jan-16,0.152,0.152,0.152,0.1519
25-Jan-16,0.152,0.152,0.152,0.152
26-Jan-16,0.1519,0.152,0.152,0.1518
27-Jan-16,0.152,0.152,0.1521,0.1519
28-Jan-16,0.1521,0.152,0.1521,0.152
29-Jan-16,0.1521,0.1521,0.1522,0.152
1-Feb-16,0.152,0.1521,0.1521,0.1519
2-Feb-16,0.152,0.152,0.152,0.1519
3-Feb-16,0.152,0.152,0.1521,0.1519
4-Feb-16,0.1523,0.152,0.1523,0.152
5-Feb-16,0.1521,0.1523,0.1523,0.1521
8-Feb-16,0.1521,0.1521,0.1521,0.1521
9-Feb-16,0.1521,0.1521,0.1521,0.1521
10-Feb-16,0.1521,0.1521,0.1521,0.1521
11-Feb-16,0.1521,0.1521,0.1521,0.1521
12-Feb-16,0.1521,0.1521,0.1521,0.1521
15-Feb-16,0.1539,0.1531,0.1541,0.1531
16-Feb-16,0.1534,0.1538,0.1539,0.1534
17-Feb-16,0.1532,0.1533,0.1533,0.1531
18-Feb-16,0.1534,0.1535,0.1535,0.1534
19-Feb-16,0.1533,0.1534,0.1534,0.1533
22-Feb-16,0.1533,0.1534,0.1535,0.1533
23-Feb-16,0.1532,0.1532,0.1533,0.1531
24-Feb-16,0.1531,0.1531,0.1532,0.153
25-Feb-16,0.1531,0.1531,0.1531,0.153
26-Feb-16,0.1529,0.1532,0.1532,0.1528
29-Feb-16,0.1525,0.1527,0.1527,0.1525
1-Mar-16,0.1527,0.1529,0.153,0.1527
2-Mar-16,0.1527,0.1527,0.1527,0.1525
3-Mar-16,0.1531,0.1526,0.1531,0.1526
4-Mar-16,0.1537,0.1532,0.1537,0.1532
7-Mar-16,0.1535,0.1537,0.1537,0.1535
8-Mar-16,0.1537,0.1535,0.1538,0.1535
9-Mar-16,0.1535,0.1535,0.1537,0.1533
10-Mar-16,0.1537,0.1535,0.1537,0.1532
11-Mar-16,0.154,0.1537,0.1542,0.1537
14-Mar-16,0.1538,0.154,0.154,0.1538
15-Mar-16,0.1535,0.154,0.154,0.1535
16-Mar-16,0.1533,0.1537,0.1537,0.1532
17-Mar-16,0.1545,0.154,0.1545,0.1538
18-Mar-16,0.1545,0.1546,0.1548,0.1543
21-Mar-16,0.1542,0.1543,0.1545,0.1542
22-Mar-16,0.154,0.154,0.1542,0.154
23-Mar-16,0.1537,0.1541,0.1543,0.1537
24-Mar-16,0.1535,0.1537,0.1538,0.1535
25-Mar-16,0.1535,0.1535,0.1537,0.1533
28-Mar-16,0.1537,0.1533,0.1537,0.1533
29-Mar-16,0.1537,0.1536,0.1537,0.1535
30-Mar-16,0.1547,0.1536,0.1547,0.1536
31-Mar-16,0.155,0.1547,0.1552,0.1547
1-Apr-16,0.1543,0.1547,0.1547,0.1542
4-Apr-16,0.1543,0.1543,0.1543,0.1543
5-Apr-16,0.1544,0.1545,0.1546,0.1543
6-Apr-16,0.1543,0.1545,0.1545,0.1542
7-Apr-16,0.1547,0.1545,0.1547,0.1543
8-Apr-16,0.1547,0.1545,0.1547,0.1543
11-Apr-16,0.1548,0.1547,0.1548,0.1545
12-Apr-16,0.1547,0.1547,0.155,0.1545
13-Apr-16,0.1543,0.1547,0.1547,0.1543
14-Apr-16,0.1542,0.1542,0.1543,0.1542
15-Apr-16,0.1545,0.1542,0.1545,0.1542
18-Apr-16,0.1545,0.1543,0.1545,0.1542
19-Apr-16,0.1548,0.1545,0.1548,0.1545
20-Apr-16,0.1545,0.1548,0.1548,0.1545
21-Apr-16,0.1543,0.1543,0.1545,0.1542
22-Apr-16,0.1538,0.1541,0.1543,0.1538
25-Apr-16,0.154,0.1537,0.1541,0.1537
26-Apr-16,0.154,0.1542,0.1542,0.1539
27-Apr-16,0.154,0.154,0.1542,0.1538
28-Apr-16,0.1545,0.154,0.1545,0.1538
29-Apr-16,0.1545,0.1544,0.1547,0.1541
2-May-16,0.1545,0.1545,0.1545,0.1545
3-May-16,0.154,0.1543,0.1545,0.154
4-May-16,0.154,0.1539,0.154,0.1536
5-May-16,0.1538,0.1538,0.1539,0.1535
6-May-16,0.1538,0.1537,0.154,0.1537
9-May-16,0.1535,0.154,0.154,0.1535
10-May-16,0.1534,0.1535,0.1536,0.1534
11-May-16,0.154,0.1535,0.154,0.1535
12-May-16,0.1535,0.154,0.154,0.1533
13-May-16,0.1531,0.1536,0.1536,0.1531
16-May-16,0.1533,0.1532,0.1535,0.153
17-May-16,0.1533,0.1535,0.1535,0.1532
18-May-16,0.153,0.1532,0.1532,0.153
19-May-16,0.1527,0.1527,0.153,0.1527
20-May-16,0.1527,0.1528,0.1529,0.1526
23-May-16,0.1525,0.153,0.153,0.1525
24-May-16,0.1525,0.1527,0.1527,0.1525
25-May-16,0.1526,0.1524,0.1526,0.1523
26-May-16,0.1525,0.1526,0.1527,0.1525
27-May-16,0.1524,0.1525,0.1527,0.1522
30-May-16,0.1519,0.1521,0.1522,0.1519
31-May-16,0.1519,0.1521,0.1522,0.1519
1-Jun-16,0.1521,0.1518,0.1521,0.1516
2-Jun-16,0.1519,0.1522,0.1522,0.1519
3-Jun-16,0.1524,0.1519,0.1524,0.1517
6-Jun-16,0.1524,0.1525,0.1525,0.1522
7-Jun-16,0.1522,0.1523,0.1523,0.1521
8-Jun-16,0.1524,0.1522,0.1525,0.1522
9-Jun-16,0.1524,0.1524,0.1524,0.1524
10-Jun-16,0.1524,0.1524,0.1524,0.1524
13-Jun-16,0.1519,0.1524,0.1524,0.1517
14-Jun-16,0.1516,0.1521,0.1521,0.1516
15-Jun-16,0.152,0.1515,0.152,0.1515
16-Jun-16,0.1517,0.1519,0.1521,0.1516
17-Jun-16,0.1518,0.1518,0.152,0.1517
20-Jun-16,0.152,0.1519,0.1521,0.1518
21-Jun-16,0.1517,0.152,0.1522,0.1517
22-Jun-16,0.152,0.1517,0.1522,0.1517
23-Jun-16,0.152,0.152,0.1522,0.152
24-Jun-16,0.151,0.152,0.152,0.151
27-Jun-16,0.1504,0.1507,0.1507,0.1504
28-Jun-16,0.1504,0.1504,0.1506,0.1504
29-Jun-16,0.1507,0.1504,0.1507,0.1502
30-Jun-16,0.1505,0.1507,0.1507,0.1502
1-Jul-16,0.1502,0.1505,0.1505,0.1502
4-Jul-16,0.15,0.1502,0.1502,0.1499
5-Jul-16,0.1497,0.1501,0.1501,0.1497
6-Jul-16,0.1494,0.1496,0.1497,0.1494
7-Jul-16,0.1497,0.1495,0.1497,0.1495
8-Jul-16,0.1495,0.1495,0.1496,0.1494
11-Jul-16,0.1494,0.1495,0.1497,0.1494
12-Jul-16,0.1495,0.1494,0.1497,0.1494
13-Jul-16,0.1495,0.1497,0.1497,0.1494
14-Jul-16,0.1496,0.1496,0.1497,0.1496
15-Jul-16,0.1495,0.1497,0.1497,0.1495
18-Jul-16,0.1492,0.1494,0.1494,0.1492
19-Jul-16,0.1494,0.1492,0.1495,0.1492
20-Jul-16,0.1497,0.1494,0.1499,0.1494
21-Jul-16,0.1498,0.1497,0.1499,0.1496
22-Jul-16,0.1497,0.1499,0.1501,0.1497
25-Jul-16,0.1497,0.1496,0.1498,0.1496
26-Jul-16,0.1499,0.1497,0.15,0.1497
27-Jul-16,0.1499,0.1499,0.15,0.1499
28-Jul-16,0.1502,0.1499,0.1502,0.1499
29-Jul-16,0.1507,0.1502,0.1509,0.1502
1-Aug-16,0.1505,0.1507,0.1509,0.1505
2-Aug-16,0.1509,0.1506,0.1509,0.1505
3-Aug-16,0.1507,0.1509,0.151,0.1507
4-Aug-16,0.1505,0.1507,0.1509,0.1505
5-Aug-16,0.1502,0.1505,0.1507,0.1502
8-Aug-16,0.1502,0.1502,0.1502,0.15
9-Aug-16,0.1502,0.1502,0.1502,0.15
10-Aug-16,0.1507,0.1502,0.151,0.1502
11-Aug-16,0.1509,0.1507,0.1509,0.1505
12-Aug-16,0.1507,0.1506,0.1509,0.1505
15-Aug-16,0.1507,0.1505,0.1507,0.1505
16-Aug-16,0.151,0.1507,0.1512,0.1507
17-Aug-16,0.1507,0.151,0.151,0.1507
18-Aug-16,0.1508,0.1507,0.1511,0.1507
19-Aug-16,0.1503,0.1508,0.1508,0.1502
22-Aug-16,0.1504,0.1502,0.1505,0.15
23-Aug-16,0.1506,0.1505,0.1508,0.1503
24-Aug-16,0.1502,0.1507,0.1507,0.1502
25-Aug-16,0.1502,0.1502,0.1504,0.1502
26-Aug-16,0.1499,0.1502,0.1502,0.1499
29-Aug-16,0.1497,0.1499,0.1499,0.1495
30-Aug-16,0.1497,0.1497,0.1499,0.1497
31-Aug-16,0.1497,0.1497,0.1499,0.1497
1-Sep-16,0.1499,0.1497,0.1499,0.1497
2-Sep-16,0.1497,0.1498,0.1499,0.1496
5-Sep-16,0.1497,0.1497,0.1499,0.1497
6-Sep-16,0.1498,0.1499,0.1499,0.1496
7-Sep-16,0.1501,0.1499,0.1503,0.1499
8-Sep-16,0.15,0.1502,0.1502,0.1499
9-Sep-16,0.1497,0.1499,0.1499,0.1495
12-Sep-16,0.1497,0.1497,0.1498,0.1496
13-Sep-16,0.1497,0.1497,0.1497,0.1497
14-Sep-16,0.1499,0.1497,0.15,0.1497
15-Sep-16,0.1499,0.1499,0.1499,0.1499
16-Sep-16,0.1499,0.1499,0.1499,0.1499
19-Sep-16,0.1499,0.1499,0.1502,0.1499
20-Sep-16,0.1499,0.15,0.15,0.1499
21-Sep-16,0.1499,0.1499,0.1499,0.1499
22-Sep-16,0.15,0.1499,0.15,0.1499
23-Sep-16,0.1499,0.15,0.15,0.1499
26-Sep-16,0.1499,0.1499,0.1499,0.1499
27-Sep-16,0.1499,0.1499,0.15,0.1499
28-Sep-16,0.1499,0.1499,0.15,0.1497
29-Sep-16,0.1499,0.1499,0.15,0.1499
30-Sep-16,0.1499,0.15,0.15,0.1499
3-Oct-16,0.1499,0.1499,0.1499,0.1499
4-Oct-16,0.1499,0.1499,0.1499,0.1499
5-Oct-16,0.1499,0.1499,0.1499,0.1499
6-Oct-16,0.1499,0.1499,0.1499,0.1499
7-Oct-16,0.1499,0.1499,0.1499,0.1499
10-Oct-16,0.149,0.15,0.15,0.149
11-Oct-16,0.1487,0.1492,0.1492,0.1487
12-Oct-16,0.1489,0.1489,0.1489,0.1487
13-Oct-16,0.1487,0.1487,0.1489,0.1485
14-Oct-16,0.1486,0.1486,0.1488,0.1486
17-Oct-16,0.1484,0.1487,0.1487,0.1484
18-Oct-16,0.1484,0.1484,0.1485,0.1484
19-Oct-16,0.1484,0.1484,0.1485,0.1483
20-Oct-16,0.1482,0.1484,0.1484,0.1482
21-Oct-16,0.1478,0.1482,0.1482,0.1478
24-Oct-16,0.1475,0.1479,0.1479,0.1475
25-Oct-16,0.1474,0.1475,0.1477,0.1474
26-Oct-16,0.1477,0.1476,0.1478,0.1476
27-Oct-16,0.1474,0.1476,0.1477,0.1474
28-Oct-16,0.1475,0.1474,0.1475,0.1474
31-Oct-16,0.1475,0.1477,0.1477,0.1475
1-Nov-16,0.1478,0.1476,0.1479,0.1476
2-Nov-16,0.148,0.1479,0.148,0.1479
3-Nov-16,0.1479,0.1479,0.148,0.1477
4-Nov-16,0.148,0.1479,0.1481,0.1479
7-Nov-16,0.1475,0.1479,0.1479,0.1475
8-Nov-16,0.1474,0.1475,0.1477,0.1474
9-Nov-16,0.1475,0.1474,0.1481,0.1474
10-Nov-16,0.147,0.1473,0.1474,0.147
11-Nov-16,0.1468,0.1468,0.1472,0.1468
14-Nov-16,0.1461,0.1467,0.1467,0.1461
15-Nov-16,0.1458,0.1461,0.1462,0.1457
16-Nov-16,0.1454,0.1457,0.1459,0.1454
17-Nov-16,0.1454,0.1454,0.1457,0.1454
18-Nov-16,0.1452,0.1454,0.1454,0.1451
21-Nov-16,0.1451,0.1451,0.1451,0.1449
22-Nov-16,0.1452,0.1452,0.1452,0.1452
23-Nov-16,0.1445,0.1451,0.1451,0.1445
24-Nov-16,0.1445,0.1446,0.1447,0.1445
25-Nov-16,0.1446,0.1444,0.1447,0.1444
28-Nov-16,0.1447,0.1447,0.1449,0.1447
29-Nov-16,0.145,0.1452,0.1452,0.1449
30-Nov-16,0.1452,0.1452,0.1454,0.1452
1-Dec-16,0.1452,0.1451,0.1453,0.1451
2-Dec-16,0.1452,0.1454,0.1455,0.1452
5-Dec-16,0.1454,0.1454,0.1454,0.1452
6-Dec-16,0.1453,0.1455,0.1458,0.1453
7-Dec-16,0.1454,0.1452,0.1454,0.1452
8-Dec-16,0.1454,0.1452,0.1454,0.1452
9-Dec-16,0.1447,0.1449,0.1451,0.1447
12-Dec-16,0.1447,0.1447,0.1447,0.1446
13-Dec-16,0.1449,0.1448,0.145,0.1448
14-Dec-16,0.1449,0.1449,0.1449,0.1447
15-Dec-16,0.144,0.1449,0.1449,0.144
16-Dec-16,0.1436,0.1439,0.1441,0.1436
19-Dec-16,0.1438,0.1442,0.1442,0.1438
20-Dec-16,0.1439,0.1439,0.1439,0.1437
21-Dec-16,0.1441,0.1439,0.1441,0.1439
22-Dec-16,0.1439,0.1441,0.1441,0.1439
23-Dec-16,0.1439,0.1439,0.1439,0.1439
26-Dec-16,0.1439,0.1439,0.1439,0.1438
27-Dec-16,0.1439,0.1439,0.1439,0.1439
28-Dec-16,0.1437,0.144,0.144,0.1437
29-Dec-16,0.1437,0.1439,0.1439,0.1437
30-Dec-16,0.1439,0.1437,0.1442,0.1437
2-Jan-17,0.1439,0.1439,0.1439,0.1439
3-Jan-17,0.1436,0.1437,0.1439,0.1436
4-Jan-17,0.1442,0.1438,0.1442,0.1438
5-Jan-17,0.1452,0.1444,0.1456,0.1444
6-Jan-17,0.1445,0.1455,0.1455,0.1442
9-Jan-17,0.1442,0.1444,0.1444,0.1442
10-Jan-17,0.1444,0.1442,0.1446,0.1442
11-Jan-17,0.1442,0.1444,0.1446,0.1442
12-Jan-17,0.1452,0.1444,0.1452,0.1444
13-Jan-17,0.1449,0.1449,0.1452,0.1449
16-Jan-17,0.1449,0.1449,0.1452,0.1449
17-Jan-17,0.1459,0.1449,0.1459,0.1449
18-Jan-17,0.1462,0.1459,0.1464,0.1456
19-Jan-17,0.1456,0.1457,0.1459,0.1454
20-Jan-17,0.1454,0.1458,0.1458,0.1454
23-Jan-17,0.1459,0.1458,0.1464,0.1458
24-Jan-17,0.1458,0.1461,0.1462,0.1458
25-Jan-17,0.1452,0.1459,0.1459,0.1452
26-Jan-17,0.1453,0.1455,0.1455,0.1453
27-Jan-17,0.1453,0.1453,0.1453,0.1453
30-Jan-17,0.1453,0.1453,0.1453,0.1453
31-Jan-17,0.1453,0.1453,0.1453,0.1453
1-Feb-17,0.1453,0.1453,0.1453,0.1453
2-Feb-17,0.1453,0.1453,0.1453,0.1453
3-Feb-17,0.1456,0.1457,0.1457,0.1455
6-Feb-17,0.1457,0.1457,0.1459,0.1457
7-Feb-17,0.1452,0.1457,0.1457,0.1452
8-Feb-17,0.1456,0.1452,0.1456,0.1452
9-Feb-17,0.1456,0.1456,0.1459,0.1456
10-Feb-17,0.1454,0.1454,0.1455,0.1453
13-Feb-17,0.1453,0.1455,0.1455,0.1452
14-Feb-17,0.1457,0.1454,0.1457,0.1452
15-Feb-17,0.1456,0.1456,0.1457,0.1454
16-Feb-17,0.1459,0.1456,0.1459,0.1456
17-Feb-17,0.1457,0.1457,0.1459,0.1456
20-Feb-17,0.1454,0.1456,0.1457,0.1454
21-Feb-17,0.1452,0.1454,0.1454,0.1452
22-Feb-17,0.1454,0.1453,0.1454,0.1452
23-Feb-17,0.1457,0.1454,0.1457,0.1454
24-Feb-17,0.1456,0.1456,0.1457,0.1455
27-Feb-17,0.1456,0.1454,0.1457,0.1452
28-Feb-17,0.1456,0.1455,0.1456,0.1455
1-Mar-17,0.1454,0.1454,0.1456,0.1454
2-Mar-17,0.1452,0.1452,0.1454,0.1452
3-Mar-17,0.1449,0.1451,0.1451,0.1449
6-Mar-17,0.1449,0.1452,0.1452,0.1449
7-Mar-17,0.1449,0.1449,0.1451,0.1449
8-Mar-17,0.1447,0.1449,0.1449,0.1447
9-Mar-17,0.1447,0.1447,0.1447,0.1446
10-Mar-17,0.1447,0.1447,0.1448,0.1446
13-Mar-17,0.1447,0.1447,0.1449,0.1446
14-Mar-17,0.1447,0.1447,0.1447,0.1446
15-Mar-17,0.1447,0.1447,0.1447,0.1446
16-Mar-17,0.1449,0.1447,0.1452,0.1447
17-Mar-17,0.1449,0.1449,0.1451,0.1447
20-Mar-17,0.1447,0.1449,0.1449,0.1447
21-Mar-17,0.1452,0.1448,0.1452,0.1448
22-Mar-17,0.1453,0.1452,0.1454,0.1451
23-Mar-17,0.1452,0.1454,0.1454,0.1452
24-Mar-17,0.1452,0.1452,0.1454,0.1451
27-Mar-17,0.1455,0.1453,0.1457,0.1453
28-Mar-17,0.1454,0.1454,0.1454,0.1452
29-Mar-17,0.1452,0.1454,0.1454,0.1451
30-Mar-17,0.1452,0.1452,0.1452,0.1451
31-Mar-17,0.1452,0.1452,0.1454,0.1449
3-Apr-17,0.1452,0.1452,0.1452,0.1452
4-Apr-17,0.1452,0.1452,0.1452,0.1452
5-Apr-17,0.1451,0.1452,0.1454,0.1451
6-Apr-17,0.1449,0.1451,0.1452,0.1449
7-Apr-17,0.1449,0.1449,0.1452,0.1449
10-Apr-17,0.1449,0.1448,0.145,0.1448
11-Apr-17,0.1451,0.1449,0.1452,0.1449
12-Apr-17,0.1452,0.1451,0.1452,0.1449
13-Apr-17,0.1452,0.1452,0.1456,0.1452
14-Apr-17,0.1452,0.1452,0.1454,0.1452
17-Apr-17,0.1453,0.1452,0.1453,0.1451
18-Apr-17,0.1453,0.1454,0.1454,0.1451
19-Apr-17,0.1452,0.1452,0.1454,0.1452
20-Apr-17,0.1453,0.1451,0.1453,0.1451
21-Apr-17,0.1452,0.1454,0.1454,0.1452
24-Apr-17,0.1452,0.1454,0.1454,0.1452
25-Apr-17,0.1452,0.1452,0.1454,0.1452
26-Apr-17,0.1451,0.1452,0.1452,0.1451
27-Apr-17,0.1449,0.1452,0.1452,0.1449
28-Apr-17,0.1451,0.1451,0.1452,0.1449
1-May-17,0.1451,0.1451,0.1451,0.1451
2-May-17,0.145,0.145,0.145,0.1449
3-May-17,0.1449,0.1451,0.1452,0.1449
4-May-17,0.145,0.1449,0.1451,0.1449
5-May-17,0.1449,0.1452,0.1452,0.1449
8-May-17,0.1448,0.1449,0.1449,0.1448
9-May-17,0.1447,0.1447,0.1449,0.1447
10-May-17,0.1449,0.1447,0.1451,0.1447
11-May-17,0.1449,0.1449,0.1449,0.1447
12-May-17,0.1449,0.1449,0.1449,0.1449
15-May-17,0.1451,0.1449,0.1451,0.1449
16-May-17,0.1452,0.1451,0.1454,0.1451
17-May-17,0.1453,0.1453,0.1454,0.1452
18-May-17,0.1452,0.1452,0.1452,0.1451
19-May-17,0.1452,0.1452,0.1452,0.1451
22-May-17,0.1452,0.1453,0.1454,0.1452
23-May-17,0.1452,0.1452,0.1454,0.1451
24-May-17,0.1452,0.1452,0.1452,0.1451
25-May-17,0.1456,0.1452,0.1457,0.1452
26-May-17,0.1459,0.1456,0.1462,0.1456
29-May-17,0.1459,0.1459,0.1459,0.1459
30-May-17,0.1459,0.1459,0.1459,0.1459
31-May-17,0.1468,0.1458,0.1468,0.1458
1-Jun-17,0.1469,0.1471,0.1475,0.1469
2-Jun-17,0.1468,0.1469,0.1471,0.1467
5-Jun-17,0.147,0.1471,0.1471,0.1469
6-Jun-17,0.1472,0.147,0.1472,0.1469
7-Jun-17,0.1472,0.1472,0.1474,0.147
8-Jun-17,0.147,0.1472,0.1472,0.147
9-Jun-17,0.1471,0.1471,0.1471,0.1469
12-Jun-17,0.1471,0.1471,0.1471,0.1471
13-Jun-17,0.1471,0.147,0.1471,0.147
14-Jun-17,0.1472,0.1472,0.1474,0.1472
15-Jun-17,0.1469,0.1473,0.1473,0.1468
16-Jun-17,0.1468,0.1469,0.1469,0.1467
19-Jun-17,0.1467,0.1469,0.1469,0.1466
20-Jun-17,0.1464,0.1466,0.1466,0.1463
21-Jun-17,0.1464,0.1464,0.1466,0.1464
22-Jun-17,0.1464,0.1464,0.1464,0.1462
23-Jun-17,0.1462,0.1464,0.1464,0.1462
26-Jun-17,0.1462,0.1462,0.1464,0.1461
27-Jun-17,0.1467,0.1462,0.1469,0.1462
28-Jun-17,0.147,0.1467,0.1472,0.1467
29-Jun-17,0.1474,0.147,0.1477,0.147
30-Jun-17,0.1474,0.1474,0.1479,0.1474
3-Jul-17,0.147,0.1477,0.1477,0.147
4-Jul-17,0.147,0.147,0.1472,0.147
5-Jul-17,0.147,0.147,0.1472,0.147
6-Jul-17,0.147,0.147,0.1472,0.1469
7-Jul-17,0.1469,0.147,0.1472,0.1469
10-Jul-17,0.147,0.1469,0.1471,0.1469
11-Jul-17,0.147,0.147,0.1471,0.1469
12-Jul-17,0.1474,0.147,0.1474,0.147
13-Jul-17,0.1474,0.1473,0.1476,0.1473
14-Jul-17,0.1475,0.1474,0.1477,0.1474
17-Jul-17,0.1477,0.1475,0.1478,0.1475
18-Jul-17,0.1482,0.1477,0.1482,0.1477
19-Jul-17,0.1481,0.1482,0.1482,0.148
20-Jul-17,0.1479,0.1482,0.1482,0.1477
21-Jul-17,0.1478,0.1479,0.1479,0.1477
24-Jul-17,0.1482,0.1479,0.1482,0.1479
25-Jul-17,0.1482,0.1482,0.1482,0.148
26-Jul-17,0.148,0.1482,0.1482,0.1479
27-Jul-17,0.1483,0.148,0.1487,0.148
28-Jul-17,0.1484,0.1484,0.1484,0.1482
31-Jul-17,0.1487,0.1484,0.1489,0.1484
1-Aug-17,0.1489,0.1487,0.1489,0.1487
2-Aug-17,0.1487,0.1489,0.1489,0.1485
3-Aug-17,0.1489,0.1487,0.1489,0.1485
4-Aug-17,0.1487,0.1489,0.1489,0.1487
7-Aug-17,0.1488,0.1486,0.1489,0.1486
8-Aug-17,0.1491,0.1488,0.1493,0.1488
9-Aug-17,0.1499,0.1492,0.1499,0.149
10-Aug-17,0.1505,0.1499,0.1505,0.1499
11-Aug-17,0.15,0.1505,0.1505,0.1499
14-Aug-17,0.1499,0.1499,0.1502,0.1498
15-Aug-17,0.1496,0.1499,0.1499,0.1495
16-Aug-17,0.1494,0.1497,0.1497,0.1494
17-Aug-17,0.1498,0.1495,0.1502,0.1495
18-Aug-17,0.1499,0.1497,0.15,0.1497
21-Aug-17,0.15,0.1499,0.15,0.1499
22-Aug-17,0.1501,0.1501,0.1504,0.1501
23-Aug-17,0.1502,0.15,0.1502,0.15
24-Aug-17,0.1502,0.1502,0.1504,0.15
25-Aug-17,0.1504,0.1502,0.1505,0.1501
28-Aug-17,0.1513,0.1503,0.1513,0.1503
29-Aug-17,0.1515,0.151,0.1517,0.151
30-Aug-17,0.1517,0.1515,0.152,0.1515
31-Aug-17,0.1517,0.1517,0.1517,0.1515
1-Sep-17,0.1525,0.1518,0.1528,0.1518
4-Sep-17,0.1531,0.1525,0.1535,0.1525
5-Sep-17,0.1529,0.1531,0.1536,0.1526
6-Sep-17,0.1532,0.1529,0.1535,0.1527
7-Sep-17,0.1542,0.1533,0.1542,0.1532
8-Sep-17,0.1543,0.1542,0.1555,0.1542
11-Sep-17,0.1531,0.1537,0.154,0.1531
12-Sep-17,0.153,0.153,0.1532,0.1527
13-Sep-17,0.1529,0.153,0.1533,0.1529
14-Sep-17,0.1525,0.1529,0.1529,0.1524
15-Sep-17,0.1527,0.1525,0.153,0.1525
18-Sep-17,0.1521,0.1526,0.1528,0.152
19-Sep-17,0.1519,0.1522,0.1522,0.1516
20-Sep-17,0.1521,0.1519,0.1525,0.1519
21-Sep-17,0.1517,0.152,0.152,0.1514
22-Sep-17,0.1517,0.1517,0.1521,0.1515
25-Sep-17,0.151,0.1517,0.1517,0.151
26-Sep-17,0.1506,0.1511,0.1513,0.1506
27-Sep-17,0.1505,0.1507,0.1509,0.1505
28-Sep-17,0.15,0.1507,0.1507,0.1499
29-Sep-17,0.1503,0.15,0.1507,0.1496
2-Oct-17,0.1503,0.1503,0.1503,0.1503
3-Oct-17,0.1503,0.1503,0.1503,0.1503
4-Oct-17,0.1503,0.1503,0.1503,0.1503
5-Oct-17,0.1503,0.1503,0.1503,0.1503
6-Oct-17,0.1503,0.1503,0.1503,0.1503
9-Oct-17,0.151,0.1504,0.151,0.1502
10-Oct-17,0.1522,0.1509,0.1522,0.1509
11-Oct-17,0.1517,0.152,0.1522,0.1515
12-Oct-17,0.1517,0.1517,0.152,0.1515
13-Oct-17,0.152,0.1517,0.1521,0.1517
16-Oct-17,0.1517,0.152,0.1522,0.1517
17-Oct-17,0.151,0.1517,0.1517,0.151
18-Oct-17,0.1509,0.151,0.1515,0.1509
19-Oct-17,0.1512,0.1509,0.1512,0.1507
20-Oct-17,0.151,0.1512,0.1515,0.151
23-Oct-17,0.1506,0.151,0.151,0.1505
24-Oct-17,0.1507,0.1507,0.151,0.1507
25-Oct-17,0.1506,0.1507,0.1509,0.1505
26-Oct-17,0.1505,0.1505,0.1509,0.1505
27-Oct-17,0.1504,0.1505,0.1505,0.15
30-Oct-17,0.1505,0.1505,0.1505,0.1505
31-Oct-17,0.1507,0.1505,0.151,0.1505
1-Nov-17,0.1515,0.1507,0.1515,0.1507
2-Nov-17,0.1514,0.1515,0.1519,0.1512
3-Nov-17,0.1507,0.1514,0.1515,0.1507
6-Nov-17,0.1507,0.1505,0.151,0.1505
7-Nov-17,0.1506,0.1507,0.151,0.1505
8-Nov-17,0.1509,0.1507,0.151,0.1505
9-Nov-17,0.1506,0.1509,0.1511,0.1505
10-Nov-17,0.1505,0.1505,0.1507,0.1505
13-Nov-17,0.1505,0.1505,0.1507,0.1504
14-Nov-17,0.1507,0.1505,0.1507,0.1505
15-Nov-17,0.151,0.1508,0.1512,0.1508
16-Nov-17,0.1508,0.151,0.151,0.1507
17-Nov-17,0.151,0.1507,0.151,0.1507
20-Nov-17,0.1507,0.151,0.151,0.1506
21-Nov-17,0.1509,0.1507,0.151,0.1505
22-Nov-17,0.1512,0.1509,0.1514,0.1507
23-Nov-17,0.1519,0.1513,0.1523,0.1513
24-Nov-17,0.1515,0.152,0.1522,0.1514
27-Nov-17,0.1516,0.1514,0.1516,0.1513
28-Nov-17,0.1514,0.1515,0.1517,0.1512
29-Nov-17,0.1513,0.1513,0.1516,0.1511
30-Nov-17,0.1512,0.1514,0.1516,0.1512
1-Dec-17,0.1511,0.1513,0.1515,0.1511
4-Dec-17,0.151,0.1512,0.1514,0.151
5-Dec-17,0.151,0.1512,0.1514,0.151
6-Dec-17,0.1512,0.1512,0.1512,0.1512
7-Dec-17,0.151,0.151,0.1512,0.151
8-Dec-17,0.151,0.151,0.1512,0.151
11-Dec-17,0.1511,0.1511,0.1512,0.1511
12-Dec-17,0.151,0.1512,0.1512,0.151
13-Dec-17,0.1511,0.1511,0.1511,0.1509
14-Dec-17,0.1513,0.1514,0.1514,0.1512
15-Dec-17,0.1513,0.1512,0.1514,0.1512
18-Dec-17,0.1512,0.1514,0.1514,0.1512
19-Dec-17,0.1514,0.1511,0.1515,0.1511
20-Dec-17,0.152,0.1514,0.1521,0.1514
21-Dec-17,0.1519,0.1525,0.1525,0.1517
22-Dec-17,0.152,0.152,0.1524,0.1519
25-Dec-17,0.153,0.1522,0.153,0.1522
26-Dec-17,0.1527,0.1529,0.153,0.1525
27-Dec-17,0.1525,0.1527,0.1528,0.1524
28-Dec-17,0.153,0.1525,0.1532,0.1525
29-Dec-17,0.1537,0.153,0.1537,0.153
1-Jan-18,0.1537,0.1537,0.1537,0.1537
2-Jan-18,0.154,0.1539,0.1542,0.1538
3-Jan-18,0.1537,0.1538,0.154,0.1537
4-Jan-18,0.154,0.1538,0.1541,0.1536
5-Jan-18,0.1541,0.1542,0.1544,0.154
8-Jan-18,0.1538,0.1545,0.1545,0.1538
9-Jan-18,0.1532,0.1537,0.154,0.153
10-Jan-18,0.1537,0.153,0.1537,0.153
11-Jan-18,0.154,0.1535,0.154,0.1533
12-Jan-18,0.1548,0.154,0.1549,0.154
15-Jan-18,0.1553,0.1548,0.1558,0.1548
16-Jan-18,0.1552,0.1555,0.1558,0.1552
17-Jan-18,0.1554,0.1554,0.1558,0.1552
18-Jan-18,0.1557,0.1555,0.1557,0.1552
19-Jan-18,0.1562,0.1563,0.1567,0.1562
22-Jan-18,0.1562,0.156,0.1563,0.156
23-Jan-18,0.1562,0.1565,0.1565,0.156
24-Jan-18,0.157,0.1564,0.1572,0.1564
25-Jan-18,0.1582,0.1573,0.1585,0.1573
26-Jan-18,0.1582,0.158,0.1584,0.1578
29-Jan-18,0.1578,0.158,0.1582,0.1578
30-Jan-18,0.1581,0.1578,0.1584,0.1577
31-Jan-18,0.159,0.1581,0.1592,0.158
1-Feb-18,0.1588,0.1588,0.159,0.1585
2-Feb-18,0.1587,0.1593,0.1596,0.1587
5-Feb-18,0.159,0.1586,0.1593,0.1586
6-Feb-18,0.1592,0.1588,0.1595,0.1588
7-Feb-18,0.1595,0.1596,0.16,0.1595
8-Feb-18,0.158,0.159,0.1593,0.1577
9-Feb-18,0.1588,0.1579,0.1589,0.1579
12-Feb-18,0.158,0.1588,0.1592,0.158
13-Feb-18,0.1577,0.158,0.1583,0.1576
14-Feb-18,0.1575,0.1577,0.1581,0.1574
15-Feb-18,0.1575,0.1575,0.1575,0.1575
16-Feb-18,0.1575,0.1575,0.1575,0.1575
19-Feb-18,0.1575,0.1575,0.1575,0.1575
20-Feb-18,0.1575,0.1575,0.1575,0.1575
21-Feb-18,0.1575,0.1575,0.1575,0.1575
22-Feb-18,0.1575,0.1576,0.1577,0.1572
23-Feb-18,0.1578,0.1576,0.1579,0.1576
26-Feb-18,0.1583,0.1582,0.1587,0.1582
27-Feb-18,0.1583,0.1586,0.1588,0.1583
28-Feb-18,0.158,0.158,0.1583,0.1578
1-Mar-18,0.1573,0.158,0.158,0.1573
2-Mar-18,0.1576,0.1577,0.1579,0.1573
5-Mar-18,0.1575,0.1579,0.158,0.1575
6-Mar-18,0.1585,0.1578,0.1585,0.1575
7-Mar-18,0.1581,0.1582,0.1584,0.158
8-Mar-18,0.1577,0.158,0.1582,0.1577
9-Mar-18,0.1579,0.1575,0.1581,0.1575
12-Mar-18,0.158,0.1581,0.1583,0.158
13-Mar-18,0.1582,0.1582,0.1584,0.158
14-Mar-18,0.1583,0.1582,0.1585,0.1582
15-Mar-18,0.1582,0.1585,0.1587,0.158
16-Mar-18,0.1578,0.158,0.1583,0.1578
19-Mar-18,0.1579,0.1579,0.1581,0.1579
20-Mar-18,0.1578,0.1582,0.1582,0.1578
21-Mar-18,0.1582,0.1578,0.1582,0.1578
22-Mar-18,0.1579,0.1585,0.1585,0.1578
23-Mar-18,0.1583,0.158,0.1583,0.158
26-Mar-18,0.1594,0.1586,0.1596,0.1584
27-Mar-18,0.1592,0.16,0.1603,0.1592
28-Mar-18,0.1588,0.1594,0.1596,0.1588
29-Mar-18,0.159,0.1588,0.1592,0.1585
30-Mar-18,0.1593,0.159,0.1596,0.159
2-Apr-18,0.1593,0.1595,0.1595,0.1592
3-Apr-18,0.159,0.1592,0.1593,0.159
4-Apr-18,0.1586,0.1589,0.1591,0.1584
5-Apr-18,0.1586,0.1586,0.1586,0.1586
6-Apr-18,0.1586,0.1586,0.1586,0.1586
9-Apr-18,0.1585,0.1587,0.1588,0.1583
10-Apr-18,0.1592,0.1585,0.1593,0.1585
11-Apr-18,0.1595,0.1593,0.1595,0.1591
12-Apr-18,0.1589,0.1595,0.1595,0.1589
13-Apr-18,0.1593,0.159,0.1593,0.159
16-Apr-18,0.1593,0.1593,0.1593,0.159
17-Apr-18,0.1592,0.1593,0.1595,0.159
18-Apr-18,0.1593,0.159,0.1595,0.159
19-Apr-18,0.1593,0.1593,0.1598,0.1592
20-Apr-18,0.1588,0.159,0.1593,0.1588
23-Apr-18,0.1583,0.1589,0.159,0.1583
24-Apr-18,0.1585,0.1583,0.1587,0.1583
25-Apr-18,0.158,0.1585,0.1588,0.158
26-Apr-18,0.1578,0.1582,0.1583,0.1578
27-Apr-18,0.1579,0.1577,0.1579,0.1575
30-Apr-18,0.1579,0.1579,0.1579,0.1579
1-May-18,0.1579,0.1579,0.1579,0.1579
2-May-18,0.1572,0.1575,0.1575,0.1572
3-May-18,0.1573,0.157,0.1575,0.157
4-May-18,0.1572,0.1576,0.1578,0.1571
7-May-18,0.157,0.1575,0.1575,0.157
8-May-18,0.157,0.1572,0.1573,0.157
9-May-18,0.1572,0.1569,0.1572,0.1568
10-May-18,0.1575,0.1571,0.1577,0.1571
11-May-18,0.1579,0.1577,0.1579,0.1575
14-May-18,0.1578,0.158,0.158,0.1578
15-May-18,0.1568,0.1577,0.1577,0.1567
16-May-18,0.157,0.1568,0.1572,0.1568
17-May-18,0.157,0.157,0.1573,0.157
18-May-18,0.1568,0.157,0.1572,0.1567
21-May-18,0.1567,0.1568,0.1568,0.1565
22-May-18,0.157,0.1568,0.1572,0.1568
23-May-18,0.1565,0.157,0.157,0.1565
24-May-18,0.1568,0.1565,0.1568,0.1563
25-May-18,0.1565,0.1565,0.1567,0.1565
27-May-18,0.157,0.1565,0.157,0.1565
28-May-18,0.1562,0.1565,0.1565,0.1562
29-May-18,0.1558,0.156,0.1562,0.1557
30-May-18,0.1558,0.1557,0.1558,0.1554
31-May-18,0.156,0.1557,0.1562,0.1557
1-Jun-18,0.1557,0.156,0.1562,0.1557
3-Jun-18,0.1558,0.1558,0.1558,0.1558
4-Jun-18,0.156,0.1559,0.1562,0.1558
5-Jun-18,0.1561,0.156,0.1563,0.1559
6-Jun-18,0.1565,0.156,0.1567,0.156
7-Jun-18,0.1565,0.1565,0.1565,0.1563
8-Jun-18,0.1561,0.1564,0.1564,0.156
10-Jun-18,0.1561,0.1561,0.1562,0.1561
11-Jun-18,0.1562,0.1562,0.1562,0.156
12-Jun-18,0.1562,0.1561,0.1564,0.1561
13-Jun-18,0.1563,0.1561,0.1564,0.1561
14-Jun-18,0.1562,0.1564,0.1566,0.1561
15-Jun-18,0.1553,0.1556,0.1559,0.1552
17-Jun-18,0.1554,0.1553,0.1554,0.1553
18-Jun-18,0.1553,0.1553,0.1553,0.1553
19-Jun-18,0.1542,0.1554,0.1554,0.1542
20-Jun-18,0.1545,0.1547,0.1547,0.1543
21-Jun-18,0.154,0.1544,0.1544,0.1538
22-Jun-18,0.1537,0.1541,0.1541,0.1537
24-Jun-18,0.1537,0.1537,0.1539,0.1537
25-Jun-18,0.1529,0.1539,0.1539,0.1528
26-Jun-18,0.152,0.1531,0.1531,0.1519
27-Jun-18,0.1514,0.152,0.152,0.1512
28-Jun-18,0.1509,0.1512,0.1515,0.1508
29-Jun-18,0.151,0.151,0.1515,0.1506
1-Jul-18,0.1509,0.151,0.151,0.1508
2-Jul-18,0.15,0.1509,0.151,0.15
3-Jul-18,0.1505,0.1492,0.1505,0.1489
4-Jul-18,0.1508,0.1505,0.1515,0.1505
5-Jul-18,0.1507,0.1507,0.1509,0.1505
6-Jul-18,0.1505,0.1507,0.1507,0.1501
8-Jul-18,0.1506,0.1505,0.1506,0.1505
9-Jul-18,0.1512,0.1507,0.1514,0.1505
10-Jul-18,0.1508,0.1514,0.1515,0.1505
11-Jul-18,0.1497,0.15,0.1504,0.1497
12-Jul-18,0.15,0.1493,0.1502,0.1493
13-Jul-18,0.1494,0.1502,0.1504,0.1492
15-Jul-18,0.1494,0.1495,0.1495,0.1493
16-Jul-18,0.1495,0.1495,0.15,0.1492
17-Jul-18,0.1491,0.1496,0.15,0.1491
18-Jul-18,0.1488,0.1493,0.1495,0.1488
19-Jul-18,0.1476,0.1488,0.1489,0.1475
20-Jul-18,0.1477,0.1477,0.1479,0.1469
22-Jul-18,0.1479,0.1477,0.148,0.1477
23-Jul-18,0.1472,0.148,0.1483,0.147
24-Jul-18,0.1472,0.1466,0.1472,0.1464
25-Jul-18,0.1477,0.1473,0.1482,0.147
26-Jul-18,0.1472,0.1485,0.1485,0.1472
27-Jul-18,0.1467,0.1469,0.1472,0.1462
29-Jul-18,0.1468,0.1468,0.1468,0.1468
30-Jul-18,0.1467,0.1467,0.1468,0.1463
31-Jul-18,0.1468,0.1467,0.1469,0.1464
1-Aug-18,0.1466,0.1466,0.1474,0.1464
2-Aug-18,0.1461,0.147,0.147,0.146
3-Aug-18,0.1464,0.1459,0.1464,0.1451
5-Aug-18,0.1463,0.1464,0.1464,0.1463
6-Aug-18,0.1459,0.1465,0.1471,0.1459
7-Aug-18,0.1464,0.146,0.1466,0.1458
8-Aug-18,0.1463,0.1468,0.147,0.1461
9-Aug-18,0.1466,0.1464,0.1467,0.1462
10-Aug-18,0.1461,0.1464,0.1464,0.1457
12-Aug-18,0.146,0.146,0.1461,0.146
13-Aug-18,0.1451,0.1455,0.1457,0.1451
14-Aug-18,0.1452,0.1452,0.1454,0.1451
15-Aug-18,0.1442,0.145,0.1452,0.1442
16-Aug-18,0.1453,0.1445,0.1454,0.1445
17-Aug-18,0.1454,0.1456,0.1457,0.1451
19-Aug-18,0.1454,0.1454,0.1454,0.1454
20-Aug-18,0.1459,0.1457,0.1462,0.1457
21-Aug-18,0.1461,0.1464,0.1464,0.1459
22-Aug-18,0.1462,0.1462,0.1462,0.1461
23-Aug-18,0.1454,0.1459,0.1459,0.1454
24-Aug-18,0.1469,0.1455,0.1469,0.1452
26-Aug-18,0.147,0.1469,0.147,0.1469
27-Aug-18,0.1467,0.1467,0.1469,0.1464
28-Aug-18,0.147,0.1468,0.147,0.1466
29-Aug-18,0.1466,0.1469,0.1469,0.1464
30-Aug-18,0.1461,0.1466,0.1467,0.1461
31-Aug-18,0.1464,0.1459,0.1466,0.1459
2-Sep-18,0.1463,0.1464,0.1464,0.1462
3-Sep-18,0.1466,0.1462,0.1467,0.1462
4-Sep-18,0.1461,0.1465,0.1469,0.1461
5-Sep-18,0.1464,0.1464,0.1465,0.1462
6-Sep-18,0.1463,0.1465,0.1467,0.1463
7-Sep-18,0.1462,0.1464,0.1466,0.1459
9-Sep-18,0.1462,0.1461,0.1462,0.1461
10-Sep-18,0.1459,0.1459,0.1461,0.1457
11-Sep-18,0.1455,0.1456,0.146,0.1454
12-Sep-18,0.1457,0.1454,0.1457,0.1454
13-Sep-18,0.1461,0.1464,0.1465,0.146
14-Sep-18,0.1456,0.1461,0.1462,0.1456
16-Sep-18,0.1456,0.1456,0.1457,0.1455
17-Sep-18,0.1459,0.1456,0.1459,0.1454
18-Sep-18,0.1457,0.1457,0.1459,0.1454
19-Sep-18,0.1461,0.1457,0.1462,0.1457
20-Sep-18,0.1461,0.1461,0.1462,0.1459
21-Sep-18,0.1459,0.1462,0.1464,0.1457
23-Sep-18,0.1458,0.1458,0.1458,0.1458
24-Sep-18,0.1459,0.1459,0.1459,0.1459
25-Sep-18,0.1457,0.1457,0.1459,0.1454
26-Sep-18,0.1454,0.1454,0.1457,0.1454
27-Sep-18,0.1452,0.1454,0.1457,0.1451
28-Sep-18,0.1456,0.145,0.1456,0.145
30-Sep-18,0.1456,0.1456,0.1456,0.1456
1-Oct-18,0.1456,0.1456,0.1456,0.1456
2-Oct-18,0.1456,0.1456,0.1456,0.1456
3-Oct-18,0.1456,0.1456,0.1456,0.1456
4-Oct-18,0.1456,0.1456,0.1456,0.1456
5-Oct-18,0.1456,0.1456,0.1456,0.1456
7-Oct-18,0.1456,0.1456,0.1456,0.1456
8-Oct-18,0.1442,0.1449,0.1451,0.1442
9-Oct-18,0.1444,0.1442,0.1447,0.1442
10-Oct-18,0.1444,0.1444,0.1447,0.1444
11-Oct-18,0.1452,0.1444,0.1452,0.1442
12-Oct-18,0.1444,0.1452,0.1452,0.1444
14-Oct-18,0.1445,0.1445,0.1445,0.1445
15-Oct-18,0.1446,0.1445,0.1447,0.1444
16-Oct-18,0.1447,0.1446,0.1447,0.1444
17-Oct-18,0.1444,0.1447,0.1447,0.1444
18-Oct-18,0.1442,0.1442,0.1442,0.1441
19-Oct-18,0.1443,0.144,0.1443,0.144
21-Oct-18,0.1443,0.1443,0.1443,0.1443
22-Oct-18,0.1439,0.1442,0.1444,0.1439
23-Oct-18,0.1441,0.144,0.1442,0.144
24-Oct-18,0.1441,0.1442,0.1442,0.1441
25-Oct-18,0.1439,0.144,0.144,0.1438
26-Oct-18,0.144,0.1437,0.1441,0.1436
28-Oct-18,0.144,0.144,0.144,0.144
29-Oct-18,0.1436,0.1441,0.1441,0.1436
30-Oct-18,0.1435,0.1436,0.1437,0.1434
31-Oct-18,0.1434,0.1436,0.1436,0.1434
1-Nov-18,0.1444,0.1436,0.1444,0.1436
2-Nov-18,0.1452,0.1447,0.1456,0.1442
4-Nov-18,0.1451,0.1451,0.1451,0.1451
5-Nov-18,0.1444,0.1451,0.1451,0.1443
6-Nov-18,0.1446,0.1444,0.1447,0.1444
7-Nov-18,0.1446,0.1444,0.1447,0.1441
8-Nov-18,0.1442,0.1444,0.1444,0.1442
9-Nov-18,0.1437,0.1442,0.1442,0.1437
11-Nov-18,0.1437,0.1437,0.1437,0.1437
12-Nov-18,0.1436,0.1439,0.1439,0.1435
13-Nov-18,0.1437,0.1436,0.1439,0.1436
14-Nov-18,0.1439,0.1438,0.1439,0.1438
15-Nov-18,0.1441,0.144,0.1442,0.1439
16-Nov-18,0.1442,0.1442,0.1444,0.1439
18-Nov-18,0.1441,0.1441,0.1441,0.1441
19-Nov-18,0.1441,0.1442,0.1442,0.1441
20-Nov-18,0.144,0.144,0.1442,0.1439
21-Nov-18,0.1444,0.1441,0.1444,0.1439
22-Nov-18,0.1442,0.1442,0.1444,0.1442
23-Nov-18,0.1439,0.1442,0.1442,0.1439
25-Nov-18,0.1439,0.1439,0.1439,0.1439
26-Nov-18,0.1441,0.144,0.1442,0.1439
27-Nov-18,0.1439,0.1439,0.1441,0.1439
28-Nov-18,0.1438,0.1438,0.1439,0.1437
29-Nov-18,0.1441,0.1441,0.1442,0.1439
30-Nov-18,0.1437,0.144,0.1442,0.1437
2-Dec-18,0.1437,0.1437,0.1437,0.1437
3-Dec-18,0.1453,0.1445,0.1454,0.1443
4-Dec-18,0.1462,0.1454,0.1464,0.1452
5-Dec-18,0.1459,0.1459,0.1461,0.1457
6-Dec-18,0.1453,0.1458,0.1458,0.1449
7-Dec-18,0.1454,0.1452,0.1457,0.1452
9-Dec-18,0.1454,0.1455,0.1455,0.1454
10-Dec-18,0.1447,0.1452,0.1454,0.1447
11-Dec-18,0.1449,0.1447,0.1452,0.1447
12-Dec-18,0.1454,0.1452,0.1454,0.1451
13-Dec-18,0.1454,0.1454,0.1457,0.1452
14-Dec-18,0.1447,0.1452,0.1452,0.1447
16-Dec-18,0.1448,0.1448,0.1448,0.1448
17-Dec-18,0.145,0.1449,0.145,0.1449
18-Dec-18,0.1451,0.1451,0.1452,0.1449
19-Dec-18,0.1451,0.1449,0.1452,0.1449
20-Dec-18,0.1452,0.1449,0.1454,0.1447
21-Dec-18,0.1448,0.1453,0.1453,0.1448
23-Dec-18,0.1448,0.1448,0.1448,0.1448
24-Dec-18,0.1449,0.1447,0.1451,0.1447
25-Dec-18,0.1452,0.1449,0.1454,0.1449
26-Dec-18,0.1452,0.1452,0.1454,0.1452
27-Dec-18,0.1457,0.1452,0.1457,0.1451
28-Dec-18,0.1454,0.1457,0.1461,0.1454
30-Dec-18,0.1454,0.1454,0.1454,0.1454
31-Dec-18,0.1454,0.1454,0.1454,0.1454
1-Jan-19,0.1454,0.1454,0.1454,0.1454
2-Jan-19,0.1457,0.1457,0.1461,0.1457
3-Jan-19,0.1455,0.1457,0.1457,0.1453
4-Jan-19,0.1456,0.1457,0.1457,0.1456
6-Jan-19,0.1456,0.1456,0.1456,0.1456
7-Jan-19,0.1459,0.1459,0.1462,0.1459
8-Jan-19,0.1459,0.1461,0.1461,0.1457
9-Jan-19,0.1467,0.1462,0.1467,0.1462
10-Jan-19,0.1473,0.1467,0.1476,0.1465
11-Jan-19,0.1479,0.1472,0.1484,0.1472
13-Jan-19,0.1479,0.1479,0.1479,0.1479
14-Jan-19,0.1477,0.1482,0.1485,0.1477
15-Jan-19,0.1479,0.1481,0.1483,0.1478
16-Jan-19,0.148,0.1477,0.1482,0.1476
17-Jan-19,0.1475,0.1482,0.1482,0.1475
18-Jan-19,0.1475,0.1477,0.1477,0.1474
20-Jan-19,0.1475,0.1475,0.1475,0.1475
21-Jan-19,0.1471,0.1473,0.1475,0.1471
22-Jan-19,0.1469,0.1472,0.1473,0.1468
23-Jan-19,0.1472,0.1469,0.1475,0.1469
24-Jan-19,0.1473,0.1476,0.1477,0.1471
25-Jan-19,0.1482,0.1472,0.1482,0.1472
27-Jan-19,0.1482,0.1482,0.1482,0.1482
28-Jan-19,0.1482,0.1484,0.1489,0.1482
29-Jan-19,0.1485,0.1484,0.1487,0.148
30-Jan-19,0.1489,0.1486,0.1492,0.1486
31-Jan-19,0.1492,0.1494,0.1495,0.149
1-Feb-19,0.1482,0.1492,0.1492,0.1482
3-Feb-19,0.1483,0.1483,0.1483,0.1483
4-Feb-19,0.1482,0.1482,0.1482,0.1482
5-Feb-19,0.1482,0.1482,0.1482,0.1482
6-Feb-19,0.1482,0.1482,0.1482,0.1482
7-Feb-19,0.1482,0.1482,0.1482,0.1482
8-Feb-19,0.1482,0.1482,0.1482,0.1482
10-Feb-19,0.1483,0.1483,0.1483,0.1483
11-Feb-19,0.1472,0.1482,0.1482,0.1472
12-Feb-19,0.1477,0.1472,0.1477,0.1472
13-Feb-19,0.1479,0.1479,0.1481,0.1477
14-Feb-19,0.1477,0.1477,0.1479,0.1474
15-Feb-19,0.1477,0.1477,0.1479,0.1475
17-Feb-19,0.1476,0.1476,0.1476,0.1476
18-Feb-19,0.1478,0.1476,0.1481,0.1476
19-Feb-19,0.1479,0.1477,0.1479,0.1474
20-Feb-19,0.1488,0.1486,0.149,0.1485
21-Feb-19,0.1488,0.1488,0.1494,0.1486
22-Feb-19,0.1489,0.1487,0.1489,0.1484
24-Feb-19,0.1489,0.1489,0.1489,0.1489
25-Feb-19,0.1495,0.149,0.1499,0.149
26-Feb-19,0.1492,0.1494,0.1495,0.1492
27-Feb-19,0.1495,0.1495,0.1499,0.1494
28-Feb-19,0.1494,0.1495,0.1497,0.1494
1-Mar-19,0.1491,0.1493,0.1494,0.149
3-Mar-19,0.1491,0.1491,0.1491,0.1491
4-Mar-19,0.1491,0.1492,0.1496,0.1491
5-Mar-19,0.1491,0.1491,0.1493,0.149
6-Mar-19,0.1489,0.1492,0.1492,0.1489
7-Mar-19,0.1489,0.1492,0.1492,0.1489
8-Mar-19,0.1487,0.1487,0.1489,0.1487
10-Mar-19,0.1488,0.1488,0.1488,0.1488
11-Mar-19,0.1487,0.1489,0.1489,0.1487
12-Mar-19,0.149,0.1487,0.149,0.1487
13-Mar-19,0.1491,0.1491,0.1491,0.1489
14-Mar-19,0.1487,0.1492,0.1492,0.1487
15-Mar-19,0.1489,0.1489,0.149,0.1487
17-Mar-19,0.1489,0.1489,0.1489,0.1489
18-Mar-19,0.1489,0.1489,0.149,0.1489
19-Mar-19,0.149,0.149,0.149,0.1488
20-Mar-19,0.1494,0.1489,0.1494,0.1489
21-Mar-19,0.1493,0.1499,0.15,0.1493
22-Mar-19,0.1489,0.1492,0.1494,0.1489
24-Mar-19,0.1489,0.1489,0.1489,0.1489
25-Mar-19,0.149,0.1489,0.1492,0.1487
26-Mar-19,0.1489,0.149,0.1492,0.1489
27-Mar-19,0.1487,0.149,0.149,0.1485
28-Mar-19,0.1484,0.1486,0.1488,0.1483
29-Mar-19,0.149,0.1485,0.1491,0.1484
31-Mar-19,0.149,0.149,0.149,0.149
1-Apr-19,0.149,0.149,0.1492,0.1489
2-Apr-19,0.1487,0.1489,0.1489,0.1487
3-Apr-19,0.149,0.1487,0.1491,0.1487
4-Apr-19,0.1489,0.149,0.1491,0.1487
5-Apr-19,0.1488,0.1488,0.1488,0.1488
7-Apr-19,0.1488,0.1488,0.1488,0.1488
8-Apr-19,0.1489,0.1489,0.1489,0.1488
9-Apr-19,0.149,0.149,0.1491,0.1488
10-Apr-19,0.1489,0.1488,0.149,0.1488
11-Apr-19,0.1488,0.149,0.149,0.1488
12-Apr-19,0.1492,0.1489,0.1492,0.1487
14-Apr-19,0.1492,0.1492,0.1492,0.1492
15-Apr-19,0.149,0.1492,0.1492,0.149
16-Apr-19,0.149,0.149,0.1491,0.1489
17-Apr-19,0.1495,0.149,0.1495,0.149
18-Apr-19,0.149,0.1495,0.1497,0.1489
19-Apr-19,0.1492,0.149,0.1492,0.149
21-Apr-19,0.1492,0.1492,0.1492,0.1492
22-Apr-19,0.149,0.1491,0.1492,0.1488
23-Apr-19,0.1487,0.149,0.1491,0.1486
24-Apr-19,0.1487,0.1487,0.1489,0.1487
25-Apr-19,0.1483,0.1487,0.1487,0.1481
26-Apr-19,0.1486,0.1483,0.1487,0.1483
28-Apr-19,0.1486,0.1486,0.1486,0.1486
29-Apr-19,0.1485,0.1486,0.1486,0.1484
30-Apr-19,0.1485,0.1485,0.1485,0.1483
1-May-19,0.1484,0.1485,0.1485,0.1484
2-May-19,0.1485,0.1485,0.1485,0.1484
3-May-19,0.1485,0.1485,0.1485,0.1484
5-May-19,0.1485,0.1485,0.1485,0.1485
6-May-19,0.1478,0.1486,0.1486,0.1472
7-May-19,0.1475,0.1479,0.1479,0.1474
8-May-19,0.1474,0.1475,0.1479,0.1474
9-May-19,0.1464,0.1474,0.1474,0.1464
10-May-19,0.1466,0.1464,0.1472,0.1464
12-May-19,0.1465,0.1465,0.1465,0.1465
13-May-19,0.1454,0.1466,0.1466,0.1454
14-May-19,0.1454,0.1454,0.1457,0.1452
15-May-19,0.1454,0.1454,0.1457,0.1452
16-May-19,0.1453,0.1454,0.1455,0.1452
17-May-19,0.1445,0.1452,0.1452,0.1445
19-May-19,0.1445,0.1445,0.1445,0.1445
20-May-19,0.1447,0.1449,0.1449,0.1446
21-May-19,0.1449,0.1447,0.1449,0.1446
22-May-19,0.1448,0.1448,0.1449,0.1445
23-May-19,0.1447,0.1447,0.1447,0.1444
24-May-19,0.1449,0.1447,0.1449,0.1446
26-May-19,0.1449,0.1449,0.1449,0.1449
27-May-19,0.145,0.1449,0.1453,0.1449
28-May-19,0.1447,0.1449,0.1449,0.1447
29-May-19,0.1446,0.1446,0.1447,0.1445
30-May-19,0.1449,0.1446,0.1449,0.1446
31-May-19,0.1449,0.1449,0.1449,0.1446
2-Jun-19,0.1448,0.1448,0.1448,0.1448
3-Jun-19,0.1449,0.1449,0.1451,0.1447
4-Jun-19,0.1447,0.1449,0.1451,0.1447
5-Jun-19,0.1447,0.1447,0.1449,0.1447
6-Jun-19,0.1447,0.1447,0.1447,0.1446
7-Jun-19,0.1447,0.1448,0.1448,0.1447
9-Jun-19,0.1447,0.1447,0.1447,0.1447
10-Jun-19,0.1443,0.1444,0.1444,0.1441
11-Jun-19,0.1447,0.1442,0.1447,0.1442
12-Jun-19,0.1446,0.1447,0.1447,0.1444
13-Jun-19,0.1445,0.1445,0.1446,0.1444
14-Jun-19,0.1444,0.1444,0.1445,0.1443
16-Jun-19,0.1444,0.1444,0.1444,0.1444
17-Jun-19,0.1444,0.1444,0.1445,0.1443
18-Jun-19,0.1449,0.1444,0.1449,0.1444
19-Jun-19,0.1449,0.1449,0.1449,0.1447
20-Jun-19,0.1459,0.1451,0.1462,0.1451
21-Jun-19,0.1456,0.1459,0.1464,0.1454
23-Jun-19,0.1456,0.1456,0.1456,0.1456
24-Jun-19,0.1454,0.1456,0.1457,0.1453
25-Jun-19,0.1454,0.1456,0.1457,0.1452
26-Jun-19,0.1454,0.1452,0.1457,0.1451
27-Jun-19,0.1454,0.1453,0.1454,0.1452
28-Jun-19,0.1457,0.1454,0.1459,0.1454
30-Jun-19,0.1456,0.1456,0.1456,0.1456
1-Jul-19,0.1459,0.1457,0.1464,0.1457
2-Jul-19,0.1455,0.1459,0.1459,0.1452
3-Jul-19,0.1453,0.1453,0.1454,0.145
4-Jul-19,0.1456,0.1454,0.1457,0.1454
5-Jul-19,0.1451,0.1456,0.1456,0.1451
7-Jul-19,0.1451,0.1451,0.1451,0.1451
8-Jul-19,0.1453,0.145,0.1454,0.145
9-Jul-19,0.1452,0.1453,0.1455,0.1452
10-Jul-19,0.1454,0.1452,0.1456,0.1452
11-Jul-19,0.1456,0.1454,0.1459,0.1454
12-Jul-19,0.1454,0.1456,0.1457,0.1452
14-Jul-19,0.1453,0.1453,0.1453,0.1453
15-Jul-19,0.1454,0.1453,0.1455,0.1452
16-Jul-19,0.1454,0.1454,0.1455,0.1453
17-Jul-19,0.1455,0.1454,0.1455,0.1452
18-Jul-19,0.1454,0.1454,0.1456,0.1452
19-Jul-19,0.1453,0.1454,0.1455,0.1453
21-Jul-19,0.1453,0.1453,0.1453,0.1453
22-Jul-19,0.1453,0.1453,0.1454,0.1452
23-Jul-19,0.1454,0.1453,0.1454,0.1452
24-Jul-19,0.1455,0.1454,0.1455,0.1452
