date,stoxxopen,stoxxclose,stoxxhigh,stoxxlow
1-Oct-10,2747.93,2732.91,2776.75,2719.71
4-Oct-10,2732.12,2701.02,2732.94,2695.18
5-Oct-10,2699.63,2758.56,2764.76,2690.88
6-Oct-10,2768.47,2780,2793.64,2768.47
7-Oct-10,2780.71,2786.88,2809,2757.7
8-Oct-10,2782.04,2785.43,2794.11,2765.81
11-Oct-10,2790.64,2789.72,2797.7,2781.98
12-Oct-10,2778.22,2775.75,2780.09,2745.63
13-Oct-10,2784.6,2840.55,2844.06,2784.6
14-Oct-10,2843.15,2836.11,2859.96,2834.34
15-Oct-10,2840.64,2841.65,2852.87,2819.06
18-Oct-10,2830.03,2850.72,2856.41,2820.58
19-Oct-10,2846.63,2837.33,2867.63,2827.57
20-Oct-10,2828.06,2851.52,2852.99,2822.34
21-Oct-10,2848.23,2882.29,2890.54,2837.57
22-Oct-10,2873.55,2873.74,2887.08,2864.73
25-Oct-10,2886.29,2871.48,2891.52,2864.17
26-Oct-10,2865.54,2856.31,2869.74,2836.43
27-Oct-10,2845.56,2829.42,2865.35,2825.66
28-Oct-10,2841.38,2845.53,2863.44,2836.21
29-Oct-10,2840.12,2844.99,2860.62,2825.88
1-Nov-10,2861.56,2836.73,2874.28,2825.42
2-Nov-10,2830.33,2861.01,2866.14,2827.4
3-Nov-10,2866.12,2830.43,2872.12,2824.28
4-Nov-10,2848.68,2884.21,2896.52,2848.68
5-Nov-10,2891.83,2875.94,2895.26,2857.95
8-Nov-10,2871.74,2867.96,2871.74,2852.58
9-Nov-10,2861.63,2890.64,2902.8,2859.48
10-Nov-10,2881.33,2845.93,2883.99,2832.15
11-Nov-10,2851.31,2831.22,2856.44,2818.45
12-Nov-10,2804.35,2822.43,2837.49,2765.65
15-Nov-10,2814.45,2848.45,2856.63,2796.43
16-Nov-10,2835.42,2781.77,2835.42,2781.77
17-Nov-10,2778.29,2802.7,2807.62,2775.84
18-Nov-10,2818.3,2855.23,2859.45,2818.3
19-Nov-10,2855.35,2845.75,2857.59,2820.43
22-Nov-10,2845.92,2811.43,2871.17,2804.6
23-Nov-10,2797.03,2739.37,2799.96,2739.37
24-Nov-10,2746.7,2758.02,2768.71,2722.9
25-Nov-10,2761.64,2765.05,2768.02,2742.36
26-Nov-10,2747.69,2736.96,2753.14,2707.91
29-Nov-10,2748.94,2669.96,2772.36,2669.96
30-Nov-10,2672.96,2650.99,2684.48,2635.08
1-Dec-10,2665.66,2721.87,2727.35,2665.66
2-Dec-10,2732.17,2781.39,2785.96,2704.76
3-Dec-10,2779.02,2782.39,2796.03,2759.12
6-Dec-10,2784.13,2769.96,2789.54,2756.22
7-Dec-10,2774.13,2802.74,2823.19,2771.14
8-Dec-10,2794.07,2818.95,2835.36,2782.39
9-Dec-10,2835.19,2840.71,2846.87,2825.88
10-Dec-10,2846.65,2839.53,2850.17,2832.89
13-Dec-10,2847.83,2855.37,2867.23,2841.43
14-Dec-10,2856.9,2861.67,2862.3,2842.57
15-Dec-10,2854.58,2841.99,2854.58,2826.1
16-Dec-10,2839.78,2845.78,2849.93,2823.91
17-Dec-10,2851.3,2821.77,2853.99,2818.9
20-Dec-10,2825.15,2839.22,2863.37,2821.47
21-Dec-10,2849.23,2876.99,2882.76,2849.23
22-Dec-10,2876.24,2869.63,2882.88,2869.63
23-Dec-10,2873.91,2864.52,2875.48,2854.01
27-Dec-10,2859.28,2826.51,2862.32,2815.56
28-Dec-10,2831.93,2824.3,2840.56,2820.84
29-Dec-10,2832.06,2841.23,2851.1,2829.85
30-Dec-10,2842.93,2807.04,2846,2802.37
3-Jan-11,2807.76,2839.43,2848.49,2807.76
4-Jan-11,2840.41,2844.17,2868.31,2828.31
5-Jan-11,2841.82,2833.74,2841.82,2788.1
6-Jan-11,2836.51,2836.23,2867.23,2831.54
7-Jan-11,2829.21,2808.25,2839.84,2802.37
10-Jan-11,2800.3,2760.88,2800.3,2756.49
11-Jan-11,2769.62,2796.6,2801.34,2763.08
12-Jan-11,2801.46,2879.11,2879.74,2801.46
13-Jan-11,2880.72,2915.62,2916.04,2880.72
14-Jan-11,2905.96,2920.4,2925.18,2890.27
17-Jan-11,2920.7,2910.63,2922.09,2902.57
18-Jan-11,2916.84,2945.62,2949.59,2916.84
19-Jan-11,2949.54,2923.76,2952.94,2922.74
20-Jan-11,2919.75,2927.42,2943.42,2911.5
21-Jan-11,2934.59,2970.56,2999.77,2934.59
24-Jan-11,2974.95,2979.06,2988.33,2953.66
25-Jan-11,2986.53,2957.78,2994.4,2952.98
26-Jan-11,2971.11,2967.78,2990.52,2964.54
27-Jan-11,2963.31,2989.75,3004.27,2952.42
28-Jan-11,2984.59,2954.13,3003.49,2954.13
31-Jan-11,2951.63,2953.63,2969.16,2917.98
1-Feb-11,2967.26,3006.81,3010.03,2960.66
2-Feb-11,3010.52,3012.7,3022.61,2996.57
3-Feb-11,3008.84,2995.49,3009.82,2976.06
4-Feb-11,3002.55,3003.19,3012.3,2987.42
7-Feb-11,3008.02,3031.18,3041.71,3004.88
8-Feb-11,3029.83,3042.5,3044.01,3019.09
9-Feb-11,3037.01,3031.62,3050.6,3028.87
10-Feb-11,3026.06,3025.68,3026.17,2990.44
11-Feb-11,3016.04,3024.37,3038.78,2986
14-Feb-11,3034.75,3018.38,3045.09,3011.55
15-Feb-11,3015.31,3030.46,3038.8,3009.79
16-Feb-11,3035.33,3061.92,3074,3035.33
17-Feb-11,3066.39,3064.54,3072.37,3043.66
18-Feb-11,3069.28,3068,3077.24,3046.15
21-Feb-11,3065.06,3012.34,3065.73,3005.41
22-Feb-11,3003.79,2983.33,3004.27,2971.49
23-Feb-11,2979.7,2954.92,2992.4,2950.27
24-Feb-11,2944.3,2949.13,2957.94,2930.06
25-Feb-11,2956.77,2985.02,2994.22,2952.79
28-Feb-11,2983.22,3013.09,3030.65,2966.09
1-Mar-11,3021.45,2983.27,3041.39,2971.86
2-Mar-11,2970.11,2958.8,2974.15,2940.87
3-Mar-11,2968.65,2969.24,3006.24,2954.82
4-Mar-11,2974.03,2949.18,2998.16,2942.62
7-Mar-11,2942.41,2931.42,2976.07,2925.74
8-Mar-11,2941.48,2945.42,2953.04,2909.48
9-Mar-11,2949.05,2935.11,2963.02,2927.29
10-Mar-11,2914.17,2909.73,2921.3,2889.1
11-Mar-11,2895.55,2883.84,2898.04,2873.06
14-Mar-11,2883.84,2852.11,2895.7,2844.56
15-Mar-11,2821.69,2784.2,2821.69,2726.91
16-Mar-11,2794.25,2721.24,2805.03,2717.74
17-Mar-11,2739.28,2786.16,2798.7,2727.84
18-Mar-11,2796.71,2792.61,2835.43,2788.32
21-Mar-11,2819.7,2860.81,2860.82,2819.49
22-Mar-11,2862.65,2854.79,2882.33,2845.26
23-Mar-11,2847.64,2866.23,2866.93,2835.51
24-Mar-11,2861.13,2909.78,2911.75,2848.26
25-Mar-11,2917.28,2911.33,2926.02,2903.29
28-Mar-11,2908.53,2914.76,2925.42,2900.79
29-Mar-11,2919.4,2910.93,2921.96,2884.92
30-Mar-11,2929.06,2936.44,2941.09,2925.3
31-Mar-11,2938.82,2910.91,2944.75,2910.91
1-Apr-11,2923.02,2962.92,2964.36,2922.96
4-Apr-11,2958.08,2955.84,2968.04,2951.56
5-Apr-11,2955.36,2950.96,2955.86,2932.75
6-Apr-11,2956.61,2971.48,2983.9,2935.98
7-Apr-11,2972.55,2963.69,2992.21,2960.45
8-Apr-11,2977.78,2984.66,2991.68,2975.3
11-Apr-11,2983.4,2974.58,2984.75,2965.09
12-Apr-11,2956.11,2932.33,2964.22,2925.91
13-Apr-11,2942.57,2949.98,2967.47,2935.54
14-Apr-11,2934.95,2917.72,2938.46,2900.16
15-Apr-11,2920.37,2919.05,2924.28,2902.84
18-Apr-11,2915.88,2847.96,2915.88,2833.07
19-Apr-11,2856.67,2857.61,2874.19,2852.12
20-Apr-11,2874.09,2921.43,2925.69,2874.09
21-Apr-11,2932.34,2936.3,2948.29,2925.49
26-Apr-11,2930.25,2955.36,2956.98,2927.93
27-Apr-11,2957.38,2977.59,2987.97,2951.57
28-Apr-11,2988.64,3005.33,3009.07,2987.73
29-Apr-11,3003.96,3011.25,3012.76,2994.23
2-May-11,3025,3008.89,3029.68,3008.89
3-May-11,3006.33,3000.39,3007.4,2982.24
4-May-11,2994.65,2952.02,3008.76,2944.58
5-May-11,2952.26,2926.54,2956.19,2906.39
6-May-11,2924.7,2952.9,2957.29,2909.58
9-May-11,2942.16,2902.4,2943.02,2895.55
10-May-11,2905.08,2939.02,2949.21,2898.99
11-May-11,2944.07,2942.43,2962.89,2935.84
12-May-11,2920.68,2917.05,2920.68,2889.93
13-May-11,2922.88,2894.6,2939.56,2889.83
16-May-11,2876.04,2881.31,2888.44,2853.53
17-May-11,2874.78,2849.6,2891.18,2849.6
18-May-11,2866.42,2867.3,2878.28,2851.26
19-May-11,2877.84,2890.6,2909.15,2864.94
20-May-11,2888.74,2853.98,2910.58,2844.44
23-May-11,2827.62,2794.26,2827.62,2790.99
24-May-11,2798.41,2801.27,2816.65,2798.41
25-May-11,2787.93,2816.84,2822.99,2777.73
26-May-11,2819.73,2799.82,2834.25,2788.81
27-May-11,2819.61,2819.4,2838.38,2809.73
30-May-11,2818.12,2814.34,2829.02,2809.5
31-May-11,2830.57,2861.92,2873.88,2830.57
1-Jun-11,2868.54,2827.66,2871.69,2818.73
2-Jun-11,2813.65,2782.57,2813.65,2782.57
3-Jun-11,2787.74,2789.11,2794.26,2751.04
6-Jun-11,2787.46,2765.33,2787.46,2756.46
7-Jun-11,2766.8,2774.5,2787.44,2761.96
8-Jun-11,2768.7,2752.06,2768.7,2737.29
9-Jun-11,2751.86,2778.12,2785.58,2740.68
10-Jun-11,2773.41,2732.54,2782.12,2725.65
13-Jun-11,2734.7,2733.95,2748.47,2722.76
14-Jun-11,2750.48,2779.94,2790.22,2750.48
15-Jun-11,2772.07,2731.5,2772.07,2727.25
16-Jun-11,2716.59,2730.62,2731.95,2692.95
17-Jun-11,2722.01,2770.12,2782.26,2700.9
20-Jun-11,2764.52,2748.01,2764.52,2718.18
21-Jun-11,2760.67,2801.99,2801.99,2760.67
22-Jun-11,2803.22,2795.07,2806.13,2783.44
23-Jun-11,2786.09,2730.86,2786.09,2722.04
24-Jun-11,2752.19,2715.88,2780.25,2707.45
27-Jun-11,2711.42,2723.93,2731.93,2702.1
28-Jun-11,2730.57,2750.49,2763.69,2715.32
29-Jun-11,2763.4,2802.55,2815.89,2763.4
30-Jun-11,2809.2,2848.53,2848.53,2804.29
1-Jul-11,2848.9,2875.67,2887.3,2839.72
4-Jul-11,2878.26,2870.19,2878.26,2863.44
5-Jul-11,2865.44,2850.51,2870.39,2846.05
6-Jul-11,2850.58,2832.63,2850.58,2816.19
7-Jul-11,2842.81,2844.51,2878.71,2829.21
8-Jul-11,2852.71,2790.09,2858.98,2787.37
11-Jul-11,2771.66,2709.14,2771.66,2693.94
12-Jul-11,2685.23,2693.53,2703.24,2608.04
13-Jul-11,2686.84,2715.05,2722.74,2678.42
14-Jul-11,2699.58,2695.29,2713.83,2681.53
15-Jul-11,2684.81,2675.38,2693.31,2662.82
18-Jul-11,2663.4,2622.36,2663.4,2617.37
19-Jul-11,2631.99,2657.45,2673.29,2631.99
20-Jul-11,2670.55,2705.75,2708.12,2665.86
21-Jul-11,2712.3,2763.34,2778.74,2675.92
22-Jul-11,2763.44,2772.6,2796.57,2754.07
25-Jul-11,2759.24,2742.7,2763.99,2737.12
26-Jul-11,2749.93,2739.65,2759.87,2721.82
27-Jul-11,2736.01,2693.71,2736.01,2676.58
28-Jul-11,2678.16,2692.76,2697.17,2652.12
29-Jul-11,2674.88,2670.37,2684.59,2631.26
1-Aug-11,2691.93,2593.34,2709.04,2593.26
2-Aug-11,2581.59,2544.89,2591.5,2543.63
3-Aug-11,2531.68,2497.83,2551.33,2478.61
4-Aug-11,2523.71,2412.29,2538.07,2412.29
5-Aug-11,2375.01,2375.15,2452.98,2346.29
8-Aug-11,2362.62,2286.91,2428.55,2285.06
9-Aug-11,2287.16,2294.24,2341.7,2167.71
10-Aug-11,2313.66,2153.77,2334.8,2146.07
11-Aug-11,2185.15,2215.45,2223.31,2077.06
12-Aug-11,2214.18,2307.33,2312.88,2166.58
15-Aug-11,2320.62,2324.48,2339.92,2306.24
16-Aug-11,2309.57,2323.67,2323.67,2269.99
17-Aug-11,2313.37,2331.12,2355.67,2281.88
18-Aug-11,2313.16,2206.61,2313.16,2177.29
19-Aug-11,2203.18,2159.07,2203.18,2117.68
22-Aug-11,2148,2183.39,2227.14,2140.32
23-Aug-11,2199.9,2199.98,2239.91,2173.79
24-Aug-11,2209.12,2238.7,2258.13,2191.74
25-Aug-11,2251.86,2216.7,2273.42,2197.38
26-Aug-11,2216.37,2190.44,2220.34,2140.57
29-Aug-11,2208.62,2239.3,2253.33,2208.62
30-Aug-11,2252.2,2239.14,2264.09,2216.31
31-Aug-11,2248.31,2302.08,2314.87,2240.28
1-Sep-11,2309.64,2305.75,2326.78,2265.23
2-Sep-11,2287.26,2220.72,2179.79,2207.21
5-Sep-11,2191.17,2107.27,2191.17,2092.71
6-Sep-11,2107.4,2080.1,2138.61,2063.58
7-Sep-11,2106.18,2151.16,2151.16,2106.18
8-Sep-11,2148.86,2163.4,2185.29,2131.36
9-Sep-11,2154.2,2073.67,2158.9,2069.64
12-Sep-11,2042.71,1995.01,2042.71,1971.02
13-Sep-11,2016.93,2036.64,2045.96,1948.65
14-Sep-11,2017.35,2083.38,2087.84,2007.87
15-Sep-11,2091.5,2155.62,2185.58,2091.5
16-Sep-11,2172.73,2159.28,2192.41,2145.89
19-Sep-11,2123.89,2096.1,2123.89,2080.16
20-Sep-11,2084.48,2140.41,2143.25,2076.68
21-Sep-11,2138.21,2098.49,2138.55,2093.89
22-Sep-11,2070.68,1995.75,2070.68,1985.38
23-Sep-11,2013.88,2026.03,2027.73,1935.89
26-Sep-11,2004.97,2083.35,2116.13,1993.71
27-Sep-11,2108.47,2194.03,2194.43,2108.47
28-Sep-11,2179.13,2176.64,2221.12,2159.46
29-Sep-11,2168.2,2212.44,2232.02,2162.17
30-Sep-11,2204.93,2179.66,2204.93,2153.27
3-Oct-11,2146.7,2138.24,2153.9,2108.72
4-Oct-11,2117.88,2091.09,2117.88,2054.98
5-Oct-11,2118.75,2179.42,2180.22,2115.38
6-Oct-11,2191.07,2248.78,2248.78,2188.76
7-Oct-11,2248.48,2269.19,2290.73,2237.36
10-Oct-11,2288.16,2320.8,2322.57,2267.94
11-Oct-11,2315.29,2315.97,2320.57,2285.63
12-Oct-11,2311.47,2372.15,2378.92,2293.37
13-Oct-11,2361.62,2332.52,2384.41,2319.73
14-Oct-11,2339.65,2355.48,2379.86,2320.55
17-Oct-11,2368.79,2315.89,2393.4,2303.01
18-Oct-11,2298.05,2306.81,2314.01,2269.53
19-Oct-11,2316.72,2330.08,2345.12,2311.61
20-Oct-11,2311.92,2271.77,2324.77,2268.01
21-Oct-11,2283.85,2337.51,2340.81,2279.25
24-Oct-11,2346.83,2367.07,2372.25,2323.69
25-Oct-11,2360.56,2343.96,2375.17,2321.86
26-Oct-11,2342.73,2335.06,2380.24,2316.62
27-Oct-11,2361.68,2476.92,2482.92,2361.68
28-Oct-11,2480.89,2462.36,2506.22,2449.09
31-Oct-11,2443.68,2385.22,2443.68,2385.22
1-Nov-11,2352.76,2259.73,2352.76,2241.69
2-Nov-11,2278.7,2291.89,2301.29,2240.16
3-Nov-11,2254.53,2347.94,2373,2238.16
4-Nov-11,2355.96,2291.47,2370.38,2278.75
7-Nov-11,2275.16,2275.92,2307.18,2231.68
8-Nov-11,2279.44,2303.2,2347.25,2276.68
9-Nov-11,2318.95,2249.39,2334.11,2225.75
10-Nov-11,2223.49,2254.92,2291.31,2211.37
11-Nov-11,2259.32,2324.81,2329.54,2252.03
14-Nov-11,2333.27,2288.32,2344.81,2273.83
15-Nov-11,2274.3,2254,2281.45,2227.88
16-Nov-11,2249.05,2267.96,2299.11,2238.39
17-Nov-11,2261.93,2242.78,2270.83,2225.7
18-Nov-11,2233.3,2236.68,2264.25,2220.27
21-Nov-11,2226.25,2160.28,2226.25,2159.71
22-Nov-11,2172.52,2136.81,2189.59,2136.81
23-Nov-11,2123.39,2096.79,2146.36,2096.79
24-Nov-11,2108.42,2090.25,2134.33,2076.65
25-Nov-11,2090.66,2111.26,2121.15,2065.75
28-Nov-11,2128.58,2221.76,2221.76,2128.58
29-Nov-11,2215.16,2234.17,2245.86,2191.02
30-Nov-11,2218,2330.43,2341.32,2203.52
1-Dec-11,2328.62,2313.84,2342.15,2304.61
2-Dec-11,2331.4,2342.5,2371.22,2331.4
5-Dec-11,2357.91,2369.39,2384.41,2356.17
6-Dec-11,2356.28,2356.71,2372.41,2342.65
7-Dec-11,2379.69,2344.92,2402.39,2311.07
8-Dec-11,2357.82,2288.05,2373.34,2284.91
9-Dec-11,2277.16,2342.59,2346.59,2265.8
12-Dec-11,2332.48,2269.46,2332.48,2269.46
13-Dec-11,2271.14,2260.98,2289.22,2245.42
14-Dec-11,2252.44,2205.91,2261.75,2205.91
15-Dec-11,2212.74,2224.89,2244.49,2206.62
16-Dec-11,2229.73,2202.72,2240.99,2199
19-Dec-11,2193.54,2202.95,2234.32,2182.76
20-Dec-11,2200.5,2262.39,2262.39,2191.16
21-Dec-11,2275.6,2244.35,2313.15,2237.54
22-Dec-11,2253.12,2273.02,2282.1,2253.12
23-Dec-11,2286.06,2290.37,2298.47,2281.65
27-Dec-11,2294.15,2290.31,2309.03,2285.87
28-Dec-11,2290.98,2255.03,2307.07,2255.03
29-Dec-11,2261.4,2292.28,2292.28,2249.89
30-Dec-11,2296.97,2316.55,2316.55,2287.45
2-Jan-12,2315.75,2370.2,2370.2,2315.75
3-Jan-12,2375.35,2389.91,2392.15,2357.52
4-Jan-12,2380.78,2349.89,2383.19,2342.11
5-Jan-12,2352.86,2315.75,2354.68,2308.87
6-Jan-12,2318.4,2298.65,2342.24,2287.69
9-Jan-12,2301.15,2286.45,2312.86,2279.73
10-Jan-12,2295.1,2347.47,2354.75,2295.1
11-Jan-12,2345.12,2339.51,2359.81,2322.89
12-Jan-12,2342.87,2345.85,2384.25,2338.3
13-Jan-12,2359.02,2338.01,2372.8,2307.62
16-Jan-12,2329.07,2361.56,2365.63,2315.23
17-Jan-12,2374.55,2396.63,2411.4,2374.55
18-Jan-12,2399.39,2390.64,2423.02,2373.66
19-Jan-12,2398.04,2435.04,2435.04,2391.18
20-Jan-12,2435.7,2426.96,2440.29,2418.31
23-Jan-12,2426.45,2441.44,2452.43,2417.07
24-Jan-12,2434.45,2432.07,2434.45,2407.36
25-Jan-12,2432.74,2421.12,2439.26,2398.42
26-Jan-12,2429.37,2460.4,2466.15,2427.95
27-Jan-12,2452.2,2436.62,2467.62,2431.29
30-Jan-12,2426.56,2404.62,2426.56,2397.48
31-Jan-12,2417.02,2416.66,2438.42,2412.42
1-Feb-12,2425.83,2470.79,2475.58,2425.83
2-Feb-12,2478.32,2478.15,2490.44,2461.72
3-Feb-12,2475.64,2515.15,2515.15,2467.7
6-Feb-12,2508.38,2507.89,2510.93,2486.95
7-Feb-12,2511.86,2514.12,2519.77,2485.69
8-Feb-12,2519.03,2512.92,2538.56,2510.71
9-Feb-12,2515.55,2522.34,2542.98,2512.93
10-Feb-12,2510.55,2480.76,2510.55,2471.19
13-Feb-12,2491.98,2491.54,2510.72,2484.11
14-Feb-12,2486.09,2488.29,2507.66,2476.88
15-Feb-12,2499.23,2493.96,2520.78,2485.53
16-Feb-12,2480.74,2489.35,2489.35,2454.98
17-Feb-12,2501.45,2520.31,2530.83,2501.45
20-Feb-12,2529.76,2550.28,2551.18,2529.76
21-Feb-12,2551.55,2541.6,2557.86,2523.67
22-Feb-12,2544.04,2519,2546.12,2516.93
23-Feb-12,2516.7,2508.08,2534,2489.27
24-Feb-12,2514.61,2523.69,2531.68,2511.77
27-Feb-12,2516.75,2513.06,2519.37,2484.07
28-Feb-12,2518.04,2519.72,2531.32,2498
29-Feb-12,2525.72,2512.11,2548.61,2507.99
1-Mar-12,2509.15,2548.66,2549.93,2497.86
2-Mar-12,2549.29,2546.16,2556.96,2538.93
5-Mar-12,2539.21,2529.86,2540.03,2512.38
6-Mar-12,2523.18,2443.52,2523.18,2443.52
7-Mar-12,2443.5,2460.77,2464.39,2437.6
8-Mar-12,2469.04,2514.22,2514.22,2469.04
9-Mar-12,2516.67,2515.95,2530.47,2503.24
12-Mar-12,2511.42,2514.97,2524.68,2502.75
13-Mar-12,2524.15,2556.82,2560.18,2524.15
14-Mar-12,2563.62,2574.79,2593.89,2563.62
15-Mar-12,2573.72,2593.97,2594.13,2569.55
16-Mar-12,2595.25,2608.3,2611.42,2595.25
19-Mar-12,2604.61,2608.42,2608.44,2588.93
20-Mar-12,2603.62,2576.61,2603.62,2570.55
21-Mar-12,2583.49,2567.58,2596.58,2549.29
22-Mar-12,2563.55,2530.22,2563.55,2516.44
23-Mar-12,2530.68,2525.43,2542.15,2494.15
26-Mar-12,2530.99,2539.87,2548.4,2512.9
27-Mar-12,2545.37,2525.21,2563.46,2525.21
28-Mar-12,2520.5,2496.68,2537.5,2496.68
29-Mar-12,2494.7,2452.74,2498.71,2445.46
30-Mar-12,2465.08,2477.28,2480.95,2455.58
2-Apr-12,2481.02,2501.18,2501.18,2453.35
3-Apr-12,2500.51,2458.98,2509.93,2458.98
4-Apr-12,2452.84,2398.46,2452.84,2395.84
5-Apr-12,2405.43,2392.54,2409.78,2362.95
10-Apr-12,2378.09,2321.53,2378.09,2321.53
11-Apr-12,2320.36,2341.36,2359.02,2314.49
12-Apr-12,2344.32,2352.24,2358.07,2315.75
13-Apr-12,2349.21,2291.51,2349.48,2282.23
16-Apr-12,2287.25,2301.19,2329.15,2280.07
17-Apr-12,2299.87,2367.05,2367.05,2297.31
18-Apr-12,2364.5,2327.84,2366.72,2320.26
19-Apr-12,2332.54,2284.67,2353.37,2284.67
20-Apr-12,2283.86,2311.27,2317.14,2271.39
23-Apr-12,2299.16,2244.83,2299.16,2238.45
24-Apr-12,2251.45,2284.08,2288.24,2244.43
25-Apr-12,2289.79,2322.91,2339.63,2289.79
26-Apr-12,2329.06,2322.69,2341.24,2294
27-Apr-12,2303.07,2344.02,2354.82,2280.49
30-Apr-12,2345.9,2306.43,2350.95,2305.42
2-May-12,2323.74,2290.31,2344.95,2276.67
3-May-12,2295.71,2287.1,2327.08,2275.4
4-May-12,2280.88,2248.34,2295.74,2241.66
7-May-12,2227.2,2283.09,2287.25,2204.73
8-May-12,2273.79,2236.11,2284.42,2226.97
9-May-12,2240.44,2225.63,2248.37,2194.5
10-May-12,2227.48,2247.38,2258.51,2206.41
11-May-12,2238.46,2254.54,2257.05,2208.85
14-May-12,2234.35,2201.95,2234.35,2187.15
15-May-12,2209.67,2178.67,2227.17,2166.81
16-May-12,2169.12,2175.34,2201.09,2142.78
17-May-12,2177.89,2146.91,2182.42,2134.57
18-May-12,2136.39,2144.69,2168.62,2112.77
21-May-12,2141.17,2150.16,2160.69,2125.45
22-May-12,2160.28,2192.85,2198.99,2155.19
23-May-12,2174.03,2134.05,2174.03,2125.93
24-May-12,2143.02,2156.52,2168.28,2118.02
25-May-12,2159.91,2161.87,2181.02,2138.33
28-May-12,2173.92,2147.92,2190.22,2142.96
29-May-12,2156.87,2160.31,2173.62,2138.26
30-May-12,2147.3,2116.18,2164.3,2108.61
31-May-12,2120.86,2118.94,2136.19,2097.76
1-Jun-12,2120.9,2068.66,2120.9,2050.16
4-Jun-12,2059.28,2078.96,2096.68,2051.26
5-Jun-12,2085.87,2087.31,2097.68,2069.02
6-Jun-12,2095.63,2137.73,2141.47,2095.63
7-Jun-12,2143.84,2143.08,2171.5,2139.78
8-Jun-12,2130.18,2143.9,2152,2110
11-Jun-12,2163.27,2137.7,2202.63,2135.34
12-Jun-12,2137.68,2143.38,2159.67,2119.19
13-Jun-12,2146.98,2143.5,2163.2,2129.58
14-Jun-12,2138.51,2148.21,2150.97,2120.44
15-Jun-12,2156.65,2181.23,2189.49,2156.65
18-Jun-12,2198.37,2155.64,2209.58,2147.69
19-Jun-12,2160.54,2198.01,2201.2,2143.81
20-Jun-12,2200.49,2207.49,2212.62,2188.75
21-Jun-12,2201.1,2199.42,2231.55,2186.17
22-Jun-12,2189.13,2186.81,2207.62,2174.02
25-Jun-12,2178.33,2130.71,2178.33,2124.98
26-Jun-12,2132.56,2127.95,2145.19,2121.09
27-Jun-12,2133.91,2165.61,2165.61,2130.76
28-Jun-12,2167.89,2157.62,2172.06,2134.64
29-Jun-12,2184.95,2264.72,2264.72,2184.95
2-Jul-12,2266.41,2292.08,2305.31,2260.38
3-Jul-12,2295.49,2320.43,2320.43,2295.49
4-Jul-12,2315.5,2312.41,2317.07,2297.86
5-Jul-12,2309.73,2284.92,2332.08,2266.59
6-Jul-12,2277.15,2235.51,2279.94,2235.51
9-Jul-12,2233.66,2227.91,2242.78,2214.24
10-Jul-12,2231.76,2241.85,2263.31,2221.15
11-Jul-12,2232.95,2246.23,2258.56,2225.55
12-Jul-12,2236.48,2228.01,2243.68,2215.32
13-Jul-12,2230.65,2259.09,2260.19,2225.54
16-Jul-12,2256.63,2251.96,2258.37,2234.8
17-Jul-12,2255.38,2250.75,2271.33,2242.46
18-Jul-12,2258.48,2284.7,2285.01,2252.42
19-Jul-12,2288.96,2302.45,2309.82,2285.42
20-Jul-12,2298.76,2237.33,2302.06,2235.44
23-Jul-12,2220.12,2179.31,2220.12,2163.71
24-Jul-12,2184.06,2151.54,2190.04,2151.54
25-Jul-12,2147.5,2159.09,2181.63,2142.46
26-Jul-12,2163.6,2251.05,2251.05,2145.91
27-Jul-12,2256.82,2301.23,2301.23,2234.02
30-Jul-12,2307.63,2340.31,2346.31,2307.63
31-Jul-12,2338.81,2325.72,2354.75,2321.23
1-Aug-12,2326.34,2333.38,2342.63,2322.62
2-Aug-12,2331.47,2263.36,2376.85,2262.81
3-Aug-12,2268.71,2372.58,2372.58,2261.77
6-Aug-12,2369.36,2399.32,2409.05,2362.69
7-Aug-12,2396.27,2440.24,2440.73,2395.13
8-Aug-12,2433.37,2432.28,2439.26,2414.07
9-Aug-12,2442.24,2437.04,2450.07,2412.47
10-Aug-12,2426.62,2423.22,2427.35,2406.86
13-Aug-12,2419.52,2415.96,2438.86,2404.28
14-Aug-12,2423.23,2432.29,2441.47,2419.6
15-Aug-12,2425.89,2430.39,2438.11,2414.82
16-Aug-12,2432.74,2456.53,2456.53,2421.62
17-Aug-12,2463.34,2471.53,2479.66,2460.82
20-Aug-12,2471.22,2466.32,2493.19,2450.99
21-Aug-12,2471.73,2490.27,2494.06,2471.73
22-Aug-12,2477.38,2452.73,2480.21,2452.5
23-Aug-12,2466.45,2429.17,2477.17,2413.97
24-Aug-12,2428.88,2434.23,2440.75,2405.68
27-Aug-12,2431.34,2461.82,2461.82,2420.41
28-Aug-12,2452.51,2442.12,2457.92,2433.16
29-Aug-12,2441.99,2434.23,2444.53,2423.71
30-Aug-12,2428.93,2403.8,2431.81,2397.6
31-Aug-12,2402.81,2440.71,2446.7,2398.72
3-Sep-12,2435.35,2463.17,2463.17,2429.09
4-Sep-12,2465.63,2436.54,2467.66,2435.21
5-Sep-12,2435.95,2441.81,2459.97,2420.46
6-Sep-12,2446.73,2524.95,2525.26,2446.71
7-Sep-12,2530.7,2538.6,2565.81,2530.7
10-Sep-12,2536.18,2528.53,2540.66,2522.72
11-Sep-12,2524.19,2557.65,2557.81,2509.39
12-Sep-12,2563.84,2564.8,2591.18,2554.37
13-Sep-12,2563.36,2543.22,2565.6,2532.8
14-Sep-12,2567.96,2594.56,2604.77,2567.96
17-Sep-12,2585.36,2583.57,2589.37,2577.75
18-Sep-12,2573.38,2553.4,2573.38,2541.74
19-Sep-12,2562.01,2567.67,2572.64,2546.16
20-Sep-12,2550.8,2553.03,2558.09,2535.77
21-Sep-12,2560.56,2577.08,2580.66,2552.98
24-Sep-12,2565.66,2557.89,2566.19,2545.77
25-Sep-12,2555.28,2568.48,2573.5,2544.21
26-Sep-12,2552.58,2498.52,2552.58,2496.38
27-Sep-12,2510.47,2506.06,2518.3,2497.23
28-Sep-12,2515.48,2454.26,2522.79,2454.26
1-Oct-12,2451.29,2498.81,2502.51,2450.32
2-Oct-12,2485.94,2493.59,2519.99,2473.8
3-Oct-12,2485.1,2492.48,2501.62,2476.76
4-Oct-12,2499.03,2485.75,2512.5,2479.95
5-Oct-12,2492.3,2531.21,2534.26,2492.3
8-Oct-12,2517.52,2496.09,2517.52,2494.96
9-Oct-12,2502.26,2472.23,2506.18,2468.5
10-Oct-12,2465.49,2456.54,2472.53,2455.95
11-Oct-12,2449.62,2487.08,2494.84,2440.58
12-Oct-12,2482.66,2469.09,2493.31,2469.09
15-Oct-12,2468.83,2485.12,2500.53,2468.83
16-Oct-12,2498.55,2547.9,2547.9,2498.55
17-Oct-12,2553.3,2569.83,2571.62,2548.26
18-Oct-12,2568.48,2574.19,2579.81,2555.35
19-Oct-12,2570.3,2542.24,2572.04,2536.56
22-Oct-12,2542.8,2531.1,2555.4,2525.44
23-Oct-12,2531.61,2477.92,2534.85,2467.38
24-Oct-12,2484.16,2490.58,2498.6,2461.65
25-Oct-12,2491.22,2483.43,2511.25,2481.89
26-Oct-12,2474.22,2496.1,2505.25,2460.48
29-Oct-12,2488.42,2478.84,2488.42,2467.81
30-Oct-12,2481.85,2515.99,2517.21,2481.85
31-Oct-12,2515.83,2503.64,2539.65,2503.64
1-Nov-12,2500.31,2533.87,2541.87,2495.9
2-Nov-12,2535.08,2547.15,2557.03,2523
5-Nov-12,2534.41,2517.67,2534.41,2515.16
6-Nov-12,2520.41,2535.94,2537.25,2515.94
7-Nov-12,2546.68,2479.1,2560.11,2479.04
8-Nov-12,2488.2,2479.13,2502.95,2472.77
9-Nov-12,2480.8,2479.82,2487.53,2441.88
12-Nov-12,2480.5,2473.52,2485.38,2466.35
13-Nov-12,2464.37,2493.14,2495.88,2448.12
14-Nov-12,2489.32,2472.84,2500.29,2467.07
15-Nov-12,2461.63,2461.77,2473.23,2454.82
16-Nov-12,2461.13,2427.32,2466.31,2427.32
19-Nov-12,2443.54,2495.21,2497.56,2443.54
20-Nov-12,2488.4,2509.62,2511.87,2482.11
21-Nov-12,2503.57,2519.68,2523.54,2495.05
22-Nov-12,2525.15,2535.09,2536.85,2523.29
23-Nov-12,2539.03,2557.03,2557.03,2523.86
26-Nov-12,2550.86,2542.52,2553.18,2537.99
27-Nov-12,2550.78,2543.45,2563.72,2534.69
28-Nov-12,2536.81,2546.84,2549.12,2522.07
29-Nov-12,2559.45,2581.69,2582.18,2559.45
30-Nov-12,2580.98,2575.25,2592.43,2575.25
3-Dec-12,2580.9,2582.36,2608.41,2579.18
4-Dec-12,2581.18,2590.83,2602.32,2577.69
5-Dec-12,2600.7,2592.09,2610.39,2581.55
6-Dec-12,2598.11,2603.41,2617.83,2590.51
7-Dec-12,2607.33,2601.37,2615.76,2591.63
10-Dec-12,2591.88,2596.02,2596.71,2567.15
11-Dec-12,2598.5,2624.03,2625.38,2593.39
12-Dec-12,2624.01,2630.34,2633.58,2620.43
13-Dec-12,2633.56,2627.66,2638.64,2621.18
14-Dec-12,2628.06,2630.54,2635.65,2622.37
17-Dec-12,2627.72,2628.01,2632.93,2611.89
18-Dec-12,2634,2643.5,2647.3,2632.51
19-Dec-12,2648.75,2654.69,2661.25,2645.41
20-Dec-12,2650.03,2658.3,2661.92,2643.88
21-Dec-12,2649.95,2651.09,2653.56,2634.87
27-Dec-12,2650.91,2659.95,2668.23,2648.29
28-Dec-12,2660.89,2626.85,2664.37,2626.41
2-Jan-13,2659.79,2711.25,2711.25,2659.79
3-Jan-13,2705.8,2701.22,2705.8,2689.3
4-Jan-13,2696.94,2709.35,2711.02,2690.11
7-Jan-13,2712.25,2695.56,2714.18,2691.04
8-Jan-13,2690.91,2691.45,2710.2,2684.9
9-Jan-13,2697.51,2706.39,2710.49,2691
10-Jan-13,2705.6,2708.27,2725.38,2693.93
11-Jan-13,2712.78,2717.79,2719.99,2702.72
14-Jan-13,2725.41,2715.16,2735.36,2707.36
15-Jan-13,2709.91,2701.59,2715.95,2690.24
16-Jan-13,2699.21,2702.54,2704.8,2685.27
17-Jan-13,2699.47,2718.93,2727.04,2697.06
18-Jan-13,2723.88,2709.59,2731.04,2707.35
21-Jan-13,2715,2726.63,2726.63,2712.99
22-Jan-13,2724.44,2716.7,2727.42,2697.32
23-Jan-13,2720.06,2708.28,2724.35,2703.49
24-Jan-13,2707.85,2722.96,2724.67,2692.15
25-Jan-13,2721.5,2744.18,2748.13,2716.09
28-Jan-13,2745.96,2744.5,2753.93,2741.74
29-Jan-13,2744.79,2749.27,2750.89,2731.02
30-Jan-13,2750.61,2732.12,2754.8,2724.85
31-Jan-13,2728.94,2702.98,2730.51,2702.98
1-Feb-13,2706.22,2710.08,2718.56,2696.64
4-Feb-13,2712.67,2625.17,2712.67,2625.17
5-Feb-13,2622.83,2651.21,2660.5,2622.65
6-Feb-13,2649.51,2617.35,2658.47,2604.63
7-Feb-13,2617.93,2597.92,2639.74,2597.49
8-Feb-13,2603.1,2630.3,2631.82,2598.29
11-Feb-13,2631.38,2622.61,2641.58,2613.39
12-Feb-13,2619.77,2648.83,2648.83,2613.26
13-Feb-13,2651.26,2656.86,2666.65,2641.63
14-Feb-13,2655.84,2635.35,2666.25,2625.91
15-Feb-13,2634.24,2615.26,2642.95,2615.26
18-Feb-13,2610.81,2616.65,2618.27,2597.65
19-Feb-13,2612.65,2662.37,2664.5,2611.01
20-Feb-13,2662.24,2640.35,2670.69,2634.39
21-Feb-13,2629.62,2579.76,2629.62,2579.68
22-Feb-13,2590.02,2630.05,2630.46,2590.02
25-Feb-13,2642.81,2651.86,2699.95,2633.95
26-Feb-13,2619.89,2570.52,2619.89,2566.87
27-Feb-13,2580.04,2611.89,2612,2563.64
28-Feb-13,2619.01,2633.55,2637.7,2609.23
1-Mar-13,2627.93,2616.75,2638.32,2589.84
4-Mar-13,2607.97,2619.78,2628.67,2595.35
5-Mar-13,2635.34,2683.02,2685.85,2635.34
6-Mar-13,2683.24,2679.89,2704.01,2679.03
7-Mar-13,2684.7,2690.85,2700.84,2683.4
8-Mar-13,2699.3,2728.78,2733.86,2699.3
11-Mar-13,2723.74,2718.71,2723.74,2706.32
12-Mar-13,2712.93,2711.85,2724.63,2702.51
13-Mar-13,2709.65,2704.73,2710.13,2693.6
14-Mar-13,2718.14,2744.7,2744.7,2718.14
15-Mar-13,2745.04,2725.72,2746.02,2714.76
18-Mar-13,2695.62,2705.47,2709.32,2663.2
19-Mar-13,2698.84,2671.96,2701.29,2660.43
20-Mar-13,2686.83,2708.9,2712.8,2684.22
21-Mar-13,2705.57,2683.92,2706.27,2667.8
22-Mar-13,2680.96,2681.67,2702.14,2662.89
25-Mar-13,2700.96,2649.28,2726.01,2642.02
26-Mar-13,2652.59,2641.12,2661.26,2632.46
27-Mar-13,2647.65,2612.46,2653.85,2590.03
28-Mar-13,2613.2,2624.02,2641.58,2602.63
2-Apr-13,2622.24,2679.8,2680.34,2622.24
3-Apr-13,2669.63,2639.01,2676.9,2637.23
4-Apr-13,2645.02,2621.43,2670.42,2616.44
5-Apr-13,2622.72,2585.28,2634.94,2566.74
8-Apr-13,2591.84,2589.25,2604.93,2586.47
9-Apr-13,2602.79,2595.13,2614.16,2584.5
10-Apr-13,2603.61,2661.62,2666.79,2602.77
11-Apr-13,2659.84,2674.33,2681.95,2650.4
12-Apr-13,2669.58,2633.47,2669.58,2627.07
15-Apr-13,2633.38,2624.71,2647.53,2603.41
16-Apr-13,2615.27,2609.3,2634.01,2600.32
17-Apr-13,2619.38,2553.49,2626.32,2543.07
18-Apr-13,2561.06,2555.5,2580.43,2542.1
19-Apr-13,2565.89,2575.16,2588.36,2560.92
22-Apr-13,2584.65,2583.62,2602.57,2569.9
23-Apr-13,2585.56,2662.88,2662.88,2585.07
24-Apr-13,2664.15,2702.05,2706.82,2662.22
25-Apr-13,2695.52,2704.41,2709.57,2686.01
26-Apr-13,2689.87,2683.43,2692.78,2670.34
29-Apr-13,2690.07,2717.38,2718.91,2689
30-Apr-13,2722.6,2712,2735.53,2704.41
2-May-13,2702.68,2718.9,2745.38,2688.59
3-May-13,2724.14,2763.68,2764.17,2710.52
6-May-13,2762,2750.52,2762,2746.47
7-May-13,2756.17,2769.08,2777.96,2750.67
8-May-13,2767.77,2784.62,2784.99,2761.65
9-May-13,2773.62,2773.16,2780.81,2760.16
10-May-13,2775.75,2785.24,2805.3,2773.59
13-May-13,2783.7,2777.39,2791.81,2764.75
14-May-13,2780.63,2795.63,2795.63,2760.93
15-May-13,2790.63,2809.58,2809.83,2782.83
16-May-13,2805.07,2806.7,2815.77,2794.19
17-May-13,2803.64,2817.99,2825.44,2791.83
20-May-13,2822.55,2824.5,2826.3,2803.01
21-May-13,2817.13,2821.65,2823.12,2797.61
22-May-13,2821.4,2835.01,2840.57,2805.65
23-May-13,2802.09,2776.78,2802.09,2757.29
24-May-13,2784.95,2764.29,2793.92,2752.09
27-May-13,2774.77,2795,2795.07,2774.77
28-May-13,2801.23,2835.87,2851.48,2801.23
29-May-13,2819.69,2786.54,2820.7,2783.71
30-May-13,2782.66,2799.2,2812.97,2778.91
31-May-13,2799.21,2769.64,2799.21,2760.19
3-Jun-13,2757.65,2747.74,2788.22,2728.89
4-Jun-13,2760.82,2755.7,2779.15,2751.13
5-Jun-13,2741.56,2709.33,2753.29,2709.33
6-Jun-13,2709.5,2676.21,2729.41,2676.21
7-Jun-13,2680.82,2724.08,2733.96,2664.07
10-Jun-13,2719.18,2719.4,2734.29,2708.72
11-Jun-13,2707.13,2683.2,2707.13,2656
12-Jun-13,2681.38,2666.52,2701.22,2663.89
13-Jun-13,2647.66,2661.71,2666.49,2617.48
14-Jun-13,2670.61,2667.32,2687.19,2660.98
17-Jun-13,2673.63,2702.69,2718.03,2673.63
18-Jun-13,2691.83,2700.93,2709.99,2686.21
19-Jun-13,2702.86,2683.98,2709.41,2678.03
20-Jun-13,2651.89,2586.45,2651.89,2582.14
21-Jun-13,2595.66,2549.48,2613.13,2549.48
24-Jun-13,2549.48,2511.83,2556.28,2494.54
25-Jun-13,2532.51,2543.37,2554.77,2526.78
26-Jun-13,2545.68,2602.81,2607.55,2536.7
27-Jun-13,2602.05,2619.86,2633.58,2587.81
28-Jun-13,2626.23,2602.59,2635.9,2591.12
1-Jul-13,2619.36,2622.62,2637.64,2590.92
2-Jul-13,2626.46,2603.2,2627.4,2595.56
3-Jul-13,2586.67,2570.76,2586.67,2539.15
4-Jul-13,2588.51,2646.54,2648.31,2581.69
5-Jul-13,2649.04,2596.01,2660.19,2596.01
8-Jul-13,2612.05,2650.85,2664.92,2612.05
9-Jul-13,2660.51,2664.14,2675.27,2654.51
10-Jul-13,2661.22,2659.71,2670.12,2639.55
11-Jul-13,2679.87,2681.32,2695.45,2671.69
12-Jul-13,2688.39,2674.87,2697.45,2666.34
15-Jul-13,2678.83,2686.69,2697.79,2675.23
16-Jul-13,2690.17,2665.61,2692.14,2662.81
17-Jul-13,2669.81,2681.88,2690.09,2645.61
18-Jul-13,2677.01,2717.99,2719.03,2672.33
19-Jul-13,2711.2,2716.17,2716.91,2698.06
22-Jul-13,2718.78,2725.4,2734.2,2712.31
23-Jul-13,2728.8,2722.9,2742.16,2722.47
24-Jul-13,2727.86,2752.25,2759.5,2727.86
25-Jul-13,2753.31,2740.29,2753.33,2719.16
26-Jul-13,2750.48,2741.96,2766.65,2733.69
29-Jul-13,2754.04,2741.73,2762.71,2736.83
30-Jul-13,2750.27,2759.21,2764.36,2743.3
31-Jul-13,2749.67,2768.15,2773.6,2747.71
1-Aug-13,2774.12,2808.64,2809.15,2774.12
2-Aug-13,2816.14,2811,2819.14,2796.53
5-Aug-13,2815.26,2809.08,2821.39,2800.53
6-Aug-13,2809.18,2790.78,2820.62,2777.16
7-Aug-13,2784.81,2794.44,2798.39,2775.19
8-Aug-13,2797.35,2816.88,2819.88,2792.62
9-Aug-13,2821.54,2825.62,2834.57,2806.05
12-Aug-13,2826.12,2827.15,2832.83,2802.41
13-Aug-13,2832.57,2841.61,2845.13,2828.96
14-Aug-13,2844.77,2852.08,2855.89,2835.59
15-Aug-13,2849.36,2835.86,2849.36,2810.5
16-Aug-13,2834.31,2854.27,2855.03,2824.9
19-Aug-13,2853.81,2823.35,2854.35,2821.44
20-Aug-13,2813.95,2787.98,2813.95,2770.18
21-Aug-13,2794.39,2774.58,2797.68,2773.06
22-Aug-13,2775.62,2812.32,2821.59,2775.62
23-Aug-13,2811.3,2826.05,2828.97,2794.2
26-Aug-13,2825.46,2821.45,2827.32,2803.84
27-Aug-13,2809.15,2749.27,2818.69,2749.27
28-Aug-13,2743.54,2742.61,2754.27,2720.57
29-Aug-13,2750.72,2758.31,2760.12,2732.88
30-Aug-13,2758.07,2721.37,2758.28,2721.37
2-Sep-13,2741.08,2774.09,2780.74,2741.08
3-Sep-13,2774.64,2753.35,2778.32,2735.69
4-Sep-13,2758.79,2758.29,2764.84,2725.56
5-Sep-13,2761.9,2774.2,2777.88,2748.56
6-Sep-13,2770.36,2803.42,2803.83,2762.2
9-Sep-13,2801.63,2798.31,2804.77,2787.74
10-Sep-13,2816.13,2851.4,2853.04,2816.13
11-Sep-13,2847.47,2863.44,2863.95,2845.29
12-Sep-13,2862.76,2862.07,2870.18,2849.9
13-Sep-13,2856.58,2867.11,2869.52,2849.51
16-Sep-13,2882.12,2894.64,2901.43,2882.12
17-Sep-13,2890.49,2890.95,2896.07,2878.1
18-Sep-13,2893.76,2908.92,2909.42,2888.36
19-Sep-13,2930.92,2936.2,2955.47,2922.65
20-Sep-13,2931.1,2927.19,2944.12,2925.5
23-Sep-13,2928.8,2906.35,2936.09,2897.43
24-Sep-13,2907.79,2922.93,2925.49,2906.68
25-Sep-13,2918.81,2927.35,2929.15,2907.42
26-Sep-13,2930.19,2922.99,2934.22,2909.55
27-Sep-13,2926.11,2919.34,2933.05,2904.81
30-Sep-13,2899.41,2893.15,2899.41,2877.87
1-Oct-13,2893.66,2933.02,2933.02,2893.66
2-Oct-13,2923.54,2918.31,2930.58,2902.03
3-Oct-13,2919.88,2902.12,2926.72,2899.45
4-Oct-13,2902.26,2928.31,2934.9,2898.3
7-Oct-13,2917.07,2923.04,2925.08,2891.39
8-Oct-13,2920.87,2903.35,2929.86,2902.7
9-Oct-13,2899.03,2904.73,2923.18,2895.67
10-Oct-13,2918.98,2969.41,2971.15,2918.98
11-Oct-13,2974.86,2974.28,2977.31,2964.81
14-Oct-13,2963.48,2977.69,2977.69,2957.7
15-Oct-13,2985.1,3004.56,3007.94,2984.45
16-Oct-13,2993.74,3015.4,3018.49,2989.2
17-Oct-13,3009.55,3010.39,3011.31,2988.36
18-Oct-13,3020.45,3033.31,3033.31,3009.66
21-Oct-13,3030.06,3028.65,3033.27,3019.64
22-Oct-13,3023.2,3045.77,3056.87,3021.41
23-Oct-13,3034.8,3017.16,3034.8,3010.55
24-Oct-13,3024.69,3038.96,3038.96,3022.28
25-Oct-13,3027.84,3034.5,3043.84,3021.01
28-Oct-13,3041.16,3022.04,3045.14,3009.8
29-Oct-13,3019.65,3050.64,3050.74,3017.73
30-Oct-13,3049.09,3040.69,3073.88,3035.02
31-Oct-13,3034.93,3067.95,3067.97,3030.48
1-Nov-13,3068.73,3052.14,3074.44,3047.53
4-Nov-13,3058.29,3061.18,3067.92,3054.75
5-Nov-13,3066.59,3035.92,3067.97,3021.41
6-Nov-13,3041.24,3056.4,3065.1,3041.24
7-Nov-13,3052.43,3042.98,3106.64,3035.37
8-Nov-13,3028.36,3034.91,3038.42,2999.25
11-Nov-13,3038.65,3052.83,3056.6,3027.84
12-Nov-13,3051.92,3034.68,3060.64,3034.68
13-Nov-13,3026.94,3021.17,3036.97,3000.35
14-Nov-13,3040.97,3053.69,3056.03,3029.74
15-Nov-13,3053.22,3054.53,3060.74,3042.62
18-Nov-13,3051.17,3081.3,3091.04,3042.81
19-Nov-13,3070.05,3049.17,3070.05,3048
20-Nov-13,3044.98,3047.32,3064.55,3033.63
21-Nov-13,3031.86,3044.34,3050.98,3016.67
22-Nov-13,3048.76,3055.98,3059.99,3035.73
25-Nov-13,3065.7,3072.75,3077.99,3064.73
26-Nov-13,3069.61,3062.62,3076.26,3061.95
27-Nov-13,3066.6,3082.65,3088.75,3064.93
28-Nov-13,3081.56,3092.42,3098.63,3081.56
29-Nov-13,3091.03,3086.64,3097.94,3086.64
2-Dec-13,3089.39,3077.23,3094.54,3070.94
3-Dec-13,3074.79,3013.88,3075.56,3013.88
4-Dec-13,3020.28,2991.76,3025.92,2971.15
5-Dec-13,2985.41,2953.17,2998.17,2953.17
6-Dec-13,2960.09,2979.94,2985.09,2940.9
9-Dec-13,2987.3,2988.67,2993.41,2973.52
10-Dec-13,2985,2960.86,2999.28,2959.28
11-Dec-13,2960.45,2947.31,2978.55,2944.76
12-Dec-13,2934.9,2928.12,2945.39,2920.12
13-Dec-13,2927.14,2921.92,2942.27,2916.7
16-Dec-13,2919.95,2978.77,2983.98,2919.14
17-Dec-13,2969.19,2941.76,2969.19,2941.76
18-Dec-13,2954.66,2975.09,2975.09,2949.49
19-Dec-13,2989.91,3031.05,3033.6,2989.91
20-Dec-13,3033.52,3049.35,3053.3,3029.54
23-Dec-13,3054.85,3070.91,3070.91,3047.68
27-Dec-13,3086.77,3111.37,3111.37,3086.77
30-Dec-13,3112.98,3100.93,3116.23,3097.76
2-Jan-14,3116.34,3059.93,3127.12,3058.63
3-Jan-14,3064.95,3074.43,3080.35,3055.13
6-Jan-14,3070.14,3069.16,3087.65,3065.29
7-Jan-14,3071.01,3110.96,3113.03,3064.83
8-Jan-14,3113.97,3110.66,3121.21,3100.53
9-Jan-14,3110.85,3090.26,3131.18,3082.08
10-Jan-14,3097.72,3104.15,3122.55,3092.98
13-Jan-14,3112.86,3111.94,3117.06,3101.38
14-Jan-14,3093.81,3119.53,3119.53,3072.86
15-Jan-14,3123.58,3168.76,3168.76,3123.58
16-Jan-14,3169.09,3150.2,3170.03,3146.98
17-Jan-14,3150.7,3154.1,3167.43,3141.82
20-Jan-14,3152.24,3153.17,3155.94,3138.28
21-Jan-14,3159.22,3153.08,3176.99,3149.18
22-Jan-14,3159.98,3151.27,3171.26,3138.9
23-Jan-14,3147.79,3117.08,3160.16,3107.7
24-Jan-14,3115.95,3028.2,3123.55,3023.71
27-Jan-14,3032.15,3014.62,3041.19,3006.74
28-Jan-14,3024.8,3038.6,3047.75,3017.82
29-Jan-14,3054.64,3011.45,3076.96,2974.25
30-Jan-14,3011.31,3027.3,3041.05,2985.7
31-Jan-14,3023.86,3013.96,3026.84,2963.23
3-Feb-14,3012.25,2963.96,3026.9,2961.34
4-Feb-14,2957.72,2962.49,2976.12,2944.13
5-Feb-14,2956.11,2962.51,2976.36,2947.62
6-Feb-14,2968.63,3010.79,3017.85,2965.71
7-Feb-14,3013.63,3038.49,3039.98,2996.26
10-Feb-14,3049.35,3032.53,3049.96,3026.67
11-Feb-14,3039.08,3077.08,3077.08,3039.08
12-Feb-14,3084.26,3094.89,3109.26,3081.74
13-Feb-14,3088.58,3097.95,3099.36,3063.16
14-Feb-14,3100.8,3119.06,3123.66,3094.42
17-Feb-14,3121.04,3118.91,3130.06,3112.53
18-Feb-14,3122.36,3117.44,3124.83,3096.27
19-Feb-14,3112.49,3120.8,3132.47,3096.48
20-Feb-14,3096.03,3121.59,3121.59,3079.46
21-Feb-14,3129.25,3131.67,3134.64,3113.56
24-Feb-14,3130.87,3157.31,3157.31,3120.45
25-Feb-14,3150.05,3157.48,3158.8,3133.98
26-Feb-14,3157.72,3148.19,3162.95,3135.03
27-Feb-14,3147.57,3134.94,3151.16,3105.58
28-Feb-14,3139.21,3149.23,3150.15,3115.03
3-Mar-14,3124.81,3053.99,3124.81,3053.85
4-Mar-14,3081.59,3136.33,3136.51,3081.59
5-Mar-14,3131.54,3135.97,3145.79,3123.98
6-Mar-14,3146.7,3144.53,3158.15,3134.07
7-Mar-14,3144.83,3095.31,3151.24,3094.12
10-Mar-14,3093.62,3092.79,3126.62,3074.4
11-Mar-14,3099.84,3092.55,3117.91,3085.73
12-Mar-14,3080.01,3065.46,3080.58,3043.57
13-Mar-14,3068.66,3019.54,3077.04,3019.54
14-Mar-14,3006.38,3004.64,3015.53,2971.47
17-Mar-14,3003.67,3049.19,3052.86,3001.7
18-Mar-14,3045.8,3073.75,3096.29,3029.12
19-Mar-14,3075.17,3076.36,3089.3,3062.51
20-Mar-14,3058.21,3088.9,3088.9,3040.44
21-Mar-14,3089.09,3096.49,3110.39,3086.26
24-Mar-14,3092.56,3052.91,3098.22,3046.83
25-Mar-14,3059.23,3096.64,3104.71,3059.23
26-Mar-14,3102.97,3130.17,3140.31,3102.97
27-Mar-14,3124.15,3133.75,3137.87,3116.04
28-Mar-14,3140.65,3172.43,3172.43,3140.65
31-Mar-14,3181.35,3161.6,3185.68,3159.75
1-Apr-14,3169.49,3186.34,3194.67,3169.06
2-Apr-14,3188.91,3187.45,3195.14,3182.4
3-Apr-14,3190.64,3206.76,3220.3,3183
4-Apr-14,3209.81,3230.33,3239.14,3205.15
7-Apr-14,3217.83,3185.97,3218.95,3184.06
8-Apr-14,3190.24,3177.66,3192.42,3146.9
9-Apr-14,3179.52,3182.79,3194.62,3174.1
10-Apr-14,3189.62,3152.86,3196.69,3150.47
11-Apr-14,3137.66,3116.54,3138.24,3096.47
14-Apr-14,3108.65,3131.57,3131.57,3083.43
15-Apr-14,3130.15,3091.52,3139.66,3091.19
16-Apr-14,3116.46,3139.26,3139.26,3113.47
17-Apr-14,3140.12,3155.81,3156.64,3121.82
22-Apr-14,3161.69,3199.69,3201.25,3157.4
23-Apr-14,3197.39,3175.97,3198.6,3175.22
24-Apr-14,3188.38,3189.81,3206.8,3150.79
25-Apr-14,3179.34,3147.4,3179.34,3137.21
28-Apr-14,3155.32,3165.84,3177.94,3151.72
29-Apr-14,3168.6,3208.68,3212.51,3168.6
30-Apr-14,3201.12,3198.39,3204.76,3186.96
2-May-14,3194.01,3177.89,3199.45,3171.74
5-May-14,3171.18,3171.29,3173.51,3129.7
6-May-14,3176.29,3149.79,3183.49,3141.82
7-May-14,3137.35,3159.67,3167.86,3129.08
8-May-14,3165.72,3204.3,3204.3,3153.03
9-May-14,3199.22,3184.09,3199.22,3174.12
12-May-14,3184.44,3206.97,3211.32,3181.59
13-May-14,3211.19,3211.78,3218.36,3202.21
14-May-14,3213.12,3210.42,3213.46,3199.39
15-May-14,3211.24,3163.22,3224.29,3159.15
16-May-14,3158.33,3172.72,3175.25,3142.85
19-May-14,3169.26,3169.9,3174.57,3134.76
20-May-14,3166.87,3163.93,3175.8,3155.63
21-May-14,3156.91,3187.08,3190.23,3143.56
22-May-14,3189.03,3187.63,3192.57,3171.77
23-May-14,3189.08,3203.28,3205.01,3178.56
26-May-14,3211.26,3240.39,3240.39,3211.26
27-May-14,3235.87,3244.28,3249.69,3230.58
28-May-14,3242.16,3246.24,3246.24,3233.37
29-May-14,3245.54,3244.66,3250.34,3235.87
30-May-14,3238.97,3244.6,3249.05,3233.86
2-Jun-14,3247.54,3247.8,3256,3236.53
3-Jun-14,3247.27,3241.04,3251.64,3233.08
4-Jun-14,3236.02,3237.93,3243,3217.87
5-Jun-14,3239.64,3267.05,3291.89,3227.85
6-Jun-14,3267.05,3294.28,3297.51,3262.76
9-Jun-14,3296.78,3305.26,3305.26,3289.19
10-Jun-14,3305.17,3313.8,3314.67,3298.47
11-Jun-14,3311.02,3289.09,3311.02,3285.15
12-Jun-14,3289.57,3284.28,3299.32,3277.36
13-Jun-14,3282,3282.84,3291.5,3254.53
16-Jun-14,3276.33,3261.42,3278.6,3259.82
17-Jun-14,3268.56,3275.33,3284.73,3256.2
18-Jun-14,3278.2,3279.2,3289.09,3275.83
19-Jun-14,3299.81,3314.8,3325.5,3299.81
20-Jun-14,3311.87,3302.36,3324.2,3302.36
23-Jun-14,3301.18,3282.58,3302.9,3270.11
24-Jun-14,3289.07,3284.81,3294.69,3275.79
25-Jun-14,3272.49,3252.31,3274.92,3243.25
26-Jun-14,3255.69,3233.19,3261.38,3215.72
27-Jun-14,3237.16,3227.85,3248.93,3221.04
30-Jun-14,3230.28,3228.24,3247.34,3211.5
1-Jul-14,3234.74,3258.71,3258.93,3234.3
2-Jul-14,3257.88,3252.25,3265.69,3243.04
3-Jul-14,3251.63,3289.75,3289.82,3246.38
4-Jul-14,3286.07,3270.47,3286.07,3270.47
7-Jul-14,3264.21,3230.92,3269.32,3230.92
8-Jul-14,3236.4,3184.38,3239.82,3184.38
9-Jul-14,3189.94,3203.1,3206.47,3185.2
10-Jul-14,3201.72,3150.59,3201.72,3132.87
11-Jul-14,3157.35,3157.05,3174.16,3143.95
14-Jul-14,3161.4,3185.86,3190.47,3161.4
15-Jul-14,3180.5,3153.75,3183.85,3150.56
16-Jul-14,3164.24,3202.94,3203.48,3164.24
17-Jul-14,3190.23,3157.82,3193.42,3155.37
18-Jul-14,3149.18,3164.21,3164.21,3132.12
21-Jul-14,3165.02,3137.06,3165.02,3130.84
22-Jul-14,3147.47,3189.22,3191.54,3147.47
23-Jul-14,3183.19,3193.13,3209.5,3178.41
24-Jul-14,3190.22,3220.07,3223.88,3170.04
25-Jul-14,3213.23,3174.99,3220.49,3165.77
28-Jul-14,3183.03,3171.55,3189.44,3147.85
29-Jul-14,3176.1,3190.54,3206.06,3163.69
30-Jul-14,3184.79,3169.23,3210.67,3163.63
31-Jul-14,3174.4,3115.51,3178.76,3109.26
1-Aug-14,3118.83,3072.57,3118.83,3064.6
4-Aug-14,3082.59,3070.46,3094.91,3061.85
5-Aug-14,3080.8,3072.2,3095.13,3061.28
6-Aug-14,3062.21,3050.37,3062.21,3018.26
7-Aug-14,3049.41,3012.88,3060.37,3008.33
8-Aug-14,3001.42,3006.83,3025.66,2977.52
11-Aug-14,3019.44,3047.56,3053.52,3019.44
12-Aug-14,3042.79,3023.77,3051.24,3017.64
13-Aug-14,3032.35,3056.17,3062.24,3032.35
14-Aug-14,3048.67,3058.16,3072.27,3032.05
15-Aug-14,3063.28,3033.52,3093.74,3028.61
18-Aug-14,3056.65,3073.45,3081.71,3056.65
19-Aug-14,3079.12,3091.11,3095.17,3079.12
20-Aug-14,3086.31,3083.5,3092.15,3065.16
21-Aug-14,3085.71,3124.56,3124.56,3075.57
22-Aug-14,3123.9,3098.5,3127.8,3084.02
25-Aug-14,3123.56,3165.47,3165.47,3123.56
26-Aug-14,3160.37,3197.54,3198.39,3151.78
27-Aug-14,3194.06,3194.45,3202.85,3182.48
28-Aug-14,3190.85,3164.44,3191.46,3154.72
29-Aug-14,3171.7,3172.63,3186.16,3139.1
1-Sep-14,3175.56,3175.05,3182,3158.27
2-Sep-14,3180.89,3180.29,3198.77,3174.88
3-Sep-14,3190.74,3218.84,3233.99,3190.74
4-Sep-14,3209.1,3277.25,3286.59,3201.44
5-Sep-14,3275.66,3275.25,3284.83,3258.59
8-Sep-14,3267.54,3267.54,3267.54,3267.54
9-Sep-14,3245.43,3245.43,3245.43,3245.43
10-Sep-14,3241.34,3244.16,3248.02,3225.68
11-Sep-14,3252.39,3237.76,3255.12,3216.27
12-Sep-14,3243.27,3235.07,3245.07,3221.19
15-Sep-14,3228.67,3231.7,3239.76,3219.8
16-Sep-14,3229.17,3221.73,3229.17,3206.71
17-Sep-14,3233.43,3237.44,3246.01,3229.45
18-Sep-14,3239.23,3271.37,3273.44,3236.96
19-Sep-14,3287.3,3273.25,3301.15,3266.62
22-Sep-14,3262.52,3257.48,3274.36,3252.73
23-Sep-14,3253,3205.93,3253,3201.84
24-Sep-14,3209.62,3244.01,3245.04,3192.01
25-Sep-14,3242.07,3202.31,3259.23,3192.75
26-Sep-14,3205.34,3219.58,3231.27,3188.39
29-Sep-14,3218.39,3186.95,3223.07,3167.46
30-Sep-14,3199.44,3225.93,3236.59,3191.8
1-Oct-14,3217.81,3195.08,3236.58,3188.86
2-Oct-14,3190.03,3106.42,3197.45,3106.42
6-Oct-14,3149.62,3138.67,3169.86,3133.71
7-Oct-14,3128.89,3082.1,3128.89,3082.1
8-Oct-14,3073.47,3053.31,3087.11,3043.83
9-Oct-14,3071.34,3042.45,3090.45,3028.32
10-Oct-14,3030.52,2991.5,3034.87,2987
13-Oct-14,2970.21,2998.32,3017.25,2963.92
14-Oct-14,2982.95,3000.99,3008.93,2947.49
15-Oct-14,3001.05,2892.55,3005.38,2888.94
16-Oct-14,2911.14,2874.65,2926.82,2789.63
17-Oct-14,2880.14,2962.24,2966.15,2872.53
20-Oct-14,2957.24,2927.3,2957.24,2907.46
21-Oct-14,2918.4,2991.46,2991.46,2906.04
22-Oct-14,2995.06,3008.53,3008.81,2971.89
23-Oct-14,2999.63,3044.3,3051.49,2972.11
24-Oct-14,3033.58,3030.37,3043.94,3016.48
27-Oct-14,3052.23,2998.84,3062.04,2976.29
28-Oct-14,3018.21,3036.15,3043.15,3012.57
29-Oct-14,3044.52,3022.42,3052.43,3017.54
30-Oct-14,3030.76,3035.9,3049.96,2965.57
31-Oct-14,3067.58,3113.32,3120.19,3064.63
3-Nov-14,3107.8,3082.32,3117.04,3075.6
4-Nov-14,3077.04,3034.24,3098.24,3028.33
5-Nov-14,3059.12,3091.54,3094.79,3046.64
6-Nov-14,3081.64,3102.07,3142.6,3067.6
7-Nov-14,3106.84,3064.92,3111.41,3043.43
10-Nov-14,3060.98,3094.6,3094.69,3050.38
11-Nov-14,3096.97,3104.59,3118.49,3090.98
12-Nov-14,3096.24,3047.3,3099.65,3042.76
13-Nov-14,3059.85,3056.8,3078.15,3026.41
14-Nov-14,3064.32,3059.99,3068.43,3031.25
17-Nov-14,3044.81,3084.79,3093.88,3031.26
18-Nov-14,3087.63,3120.42,3124.48,3085.19
19-Nov-14,3121.21,3123.12,3140.38,3110.92
20-Nov-14,3120.76,3102.21,3120.9,3075.55
21-Nov-14,3107.05,3194.22,3195.4,3107.05
24-Nov-14,3197.53,3211.7,3236.24,3193.38
25-Nov-14,3210.67,3226.15,3248.18,3207.2
26-Nov-14,3228.05,3226.08,3243.89,3217.33
27-Nov-14,3228.84,3244.92,3248.91,3222.85
28-Nov-14,3241.45,3250.93,3250.93,3223.11
1-Dec-14,3228.68,3232.91,3240.09,3213.46
2-Dec-14,3241.04,3238.35,3261.69,3223.44
3-Dec-14,3238.94,3247.72,3257.71,3235.67
4-Dec-14,3253.89,3191.25,3273,3186.06
5-Dec-14,3210.22,3277.38,3278.63,3210.22
8-Dec-14,3266.9,3247.99,3272.79,3247.99
9-Dec-14,3229.21,3162.77,3229.21,3162.48
10-Dec-14,3171.35,3150.95,3199.17,3140.2
11-Dec-14,3146.65,3159.11,3176.87,3131.36
12-Dec-14,3146.07,3067.32,3146.07,3065.41
15-Dec-14,3063.76,2982.9,3093.98,2980.9
16-Dec-14,2994.06,3049.99,3050.79,2921.73
17-Dec-14,3021.16,3051.99,3065.8,3004.2
18-Dec-14,3080.46,3153.77,3153.77,3080.46
19-Dec-14,3170.86,3141.28,3182.36,3111.37
22-Dec-14,3150.31,3154.91,3176.33,3141.17
23-Dec-14,3162.27,3192.47,3192.47,3151.97
29-Dec-14,3188.5,3185.17,3188.5,3131.87
30-Dec-14,3171.2,3135.95,3171.2,3135.95
2-Jan-15,3169.75,3139.44,3177.04,3114.76
5-Jan-15,3126.81,3023.14,3150.09,3020.79
6-Jan-15,3033.44,3007.91,3061.19,2998.53
7-Jan-15,3019.47,3026.79,3055.87,3002.78
8-Jan-15,3051.26,3135.08,3139.92,3051.26
9-Jan-15,3128.42,3042.9,3128.42,3021.23
12-Jan-15,3055.66,3084.18,3096.91,3033.34
13-Jan-15,3069.82,3133.86,3146.54,3065.37
14-Jan-15,3108.34,3089.67,3148.26,3077.24
15-Jan-15,3112.37,3157.36,3169.19,3020.54
16-Jan-15,3147.53,3202.24,3208.3,3133.9
19-Jan-15,3208.62,3220.9,3238.06,3198.36
20-Jan-15,3229.34,3244.92,3257.65,3226.74
21-Jan-15,3253.45,3269.73,3269.73,3210.95
22-Jan-15,3270.4,3322.65,3332.51,3261.85
23-Jan-15,3345.45,3382.55,3412.76,3345.45
26-Jan-15,3372.03,3414.28,3417.46,3362.63
27-Jan-15,3413.33,3372.58,3413.33,3353.13
28-Jan-15,3384.21,3358.96,3393.93,3333.36
29-Jan-15,3341.18,3371.83,3373.18,3326.38
30-Jan-15,3386.59,3351.44,3392.7,3332.39
2-Feb-15,3356.13,3370.11,3370.81,3327.08
3-Feb-15,3386.55,3414.18,3426.67,3386.55
4-Feb-15,3416.8,3415.53,3422.04,3389.2
5-Feb-15,3393.62,3408.96,3410.52,3376.75
6-Feb-15,3404.94,3398.16,3408.88,3383.75
9-Feb-15,3371.51,3347.75,3371.51,3321.59
10-Feb-15,3353.84,3383.13,3401.13,3335.82
11-Feb-15,3384.28,3374.14,3389.92,3361.47
12-Feb-15,3371.57,3417.61,3433.51,3365.25
13-Feb-15,3428.9,3447.59,3462.27,3428.9
16-Feb-15,3445.44,3433.3,3446.52,3431.29
17-Feb-15,3420.93,3438.44,3443.83,3381.29
18-Feb-15,3450.12,3465.8,3473.58,3450.12
19-Feb-15,3459.49,3488.08,3493.67,3439.18
20-Feb-15,3483.58,3490.53,3495.3,3454.81
23-Feb-15,3510.81,3519.58,3529.01,3498.27
24-Feb-15,3523.99,3547.1,3555.31,3510.45
25-Feb-15,3544.81,3541.78,3549.03,3529.12
26-Feb-15,3542.21,3574.94,3576.34,3537.19
27-Feb-15,3574.33,3599,3599,3563.15
2-Mar-15,3594.25,3591.09,3607.97,3577.51
3-Mar-15,3595.36,3549.11,3604.75,3546.29
4-Mar-15,3555.91,3583.44,3583.44,3533.4
5-Mar-15,3590.1,3618.21,3626.06,3589.2
6-Mar-15,3615,3617.62,3635.93,3611.1
9-Mar-15,3604.13,3610.28,3614.58,3585.12
10-Mar-15,3605.81,3567.25,3610.83,3552.43
11-Mar-15,3574.98,3649.54,3653.94,3574.98
12-Mar-15,3646.35,3641.32,3653.38,3635.77
13-Mar-15,3649.46,3656.21,3656.21,3628.14
16-Mar-15,3664.53,3706.75,3715.36,3664.53
17-Mar-15,3708.04,3672.16,3714.02,3654.53
18-Mar-15,3673.97,3668.52,3680.57,3643.13
19-Mar-15,3666.35,3670.73,3690.63,3646.29
20-Mar-15,3676.14,3731.96,3738.2,3672.6
23-Mar-15,3718.45,3695.31,3718.45,3688.73
24-Mar-15,3690.92,3731.35,3742.42,3677.31
25-Mar-15,3724.75,3684.04,3730.8,3680.15
26-Mar-15,3664.15,3669.79,3669.79,3616.75
27-Mar-15,3677.71,3679.03,3694.46,3657.78
30-Mar-15,3689.39,3727.8,3730.9,3689.39
31-Mar-15,3724.36,3697.38,3738.41,3688.55
1-Apr-15,3688.18,3714.89,3748.63,3675.29
2-Apr-15,3713.74,3715.27,3723.34,3705.65
7-Apr-15,3729.27,3768.72,3778.74,3729.27
8-Apr-15,3764.6,3742.63,3774.09,3736.32
9-Apr-15,3752.66,3781.79,3781.79,3751.19
10-Apr-15,3790.26,3816.76,3816.76,3789.64
13-Apr-15,3813.96,3828.78,3836.28,3807.73
14-Apr-15,3820.13,3784.53,3822.92,3766.81
15-Apr-15,3790.56,3803.55,3816.32,3786.36
16-Apr-15,3801.38,3751.72,3801.38,3749.16
17-Apr-15,3748.09,3674.05,3758.52,3668.88
20-Apr-15,3682.32,3718.04,3718.2,3682.32
21-Apr-15,3727.15,3719.38,3757.12,3707.47
22-Apr-15,3727.1,3724.49,3750.1,3685.19
23-Apr-15,3725.68,3697.88,3736.97,3669.22
24-Apr-15,3707,3713.96,3739.11,3687.52
27-Apr-15,3715.98,3771.45,3782.29,3675.24
28-Apr-15,3765.25,3715.42,3768.58,3694.41
29-Apr-15,3719.45,3617.11,3734.62,3612.29
30-Apr-15,3609.51,3615.59,3641.77,3577.69
4-May-15,3615.3,3632.94,3654.82,3584.13
5-May-15,3628.53,3546.56,3666.47,3544.16
6-May-15,3546.59,3558.03,3585.36,3527.5
7-May-15,3538.02,3556.21,3567.08,3484.07
8-May-15,3570.69,3649.48,3649.79,3564.07
11-May-15,3635.81,3624.41,3635.81,3606.59
12-May-15,3608.94,3573.1,3608.94,3543.27
13-May-15,3581.35,3553.42,3614.54,3539.67
14-May-15,3544.93,3602.22,3610.61,3512.75
15-May-15,3609.65,3573.07,3627.27,3554.85
18-May-15,3571.49,3589.22,3595.33,3531.23
19-May-15,3610.24,3670.52,3675.07,3610.24
20-May-15,3668.49,3683.48,3688.39,3651.9
21-May-15,3676.42,3688.72,3689.02,3660.02
22-May-15,3686.63,3679.14,3691.42,3669.13
26-May-15,3655.37,3619.3,3675.17,3604.9
27-May-15,3632.01,3682.87,3690.57,3618.86
28-May-15,3667.26,3650.71,3672.18,3622.92
29-May-15,3651.36,3570.78,3656.99,3569.76
1-Jun-15,3582.08,3575.04,3602.21,3552.73
2-Jun-15,3588.7,3561.89,3590.51,3532.01
3-Jun-15,3569.79,3583.82,3622.52,3555.53
4-Jun-15,3571.26,3556.38,3595.69,3509.72
5-Jun-15,3532.24,3510.01,3539.82,3494.68
8-Jun-15,3498.97,3468.31,3515.86,3468.31
9-Jun-15,3463.18,3456.79,3475.58,3410.23
10-Jun-15,3443.13,3526.48,3540.35,3430.97
11-Jun-15,3519.27,3551.91,3589.33,3514.68
12-Jun-15,3545.09,3502.77,3557.89,3465.76
15-Jun-15,3479.78,3438.07,3479.78,3426.76
16-Jun-15,3419.03,3454.09,3465.08,3386.54
17-Jun-15,3453.43,3428.76,3469.59,3416.83
18-Jun-15,3421.65,3450.45,3451.72,3374.18
19-Jun-15,3453.6,3455.8,3498.38,3446.5
22-Jun-15,3497.09,3596.07,3601.88,3497.09
23-Jun-15,3620.02,3625.97,3651.31,3613.51
24-Jun-15,3628.11,3610.95,3638.19,3580.56
25-Jun-15,3590.56,3610.91,3651.01,3577.74
26-Jun-15,3588.86,3621.37,3642.85,3569.58
29-Jun-15,3544.29,3468.9,3544.29,3449.14
30-Jun-15,3460.85,3424.3,3495.01,3416.51
1-Jul-15,3444.2,3496.28,3532.88,3437.98
2-Jul-15,3503.11,3463.25,3510.02,3461.14
3-Jul-15,3462.76,3441.76,3469.55,3422.89
6-Jul-15,3405.71,3365.2,3410.89,3358.6
7-Jul-15,3369.98,3294.19,3378.68,3291.39
8-Jul-15,3297.81,3327.5,3345.95,3292.6
9-Jul-15,3337.17,3420.03,3433.83,3337.17
10-Jul-15,3474.16,3528.81,3536.9,3474.16
13-Jul-15,3562.39,3590.43,3600.25,3561.8
14-Jul-15,3588.42,3607.19,3607.19,3571.72
15-Jul-15,3605.21,3623.87,3629.46,3597.1
16-Jul-15,3638.78,3676.41,3696.43,3638.78
17-Jul-15,3683.39,3670.34,3688.22,3662.22
20-Jul-15,3673,3686.58,3714.26,3673
21-Jul-15,3689.62,3647.96,3696.54,3640.3
22-Jul-15,3629.53,3635.58,3648.89,3623.76
23-Jul-15,3657.36,3634.64,3663.85,3620.89
24-Jul-15,3629.14,3600,3652.92,3597.57
27-Jul-15,3587.95,3513.1,3587.95,3513.1
28-Jul-15,3531.71,3554.11,3568.02,3523.45
29-Jul-15,3565.14,3575.53,3583.1,3545.8
30-Jul-15,3595.09,3583.79,3599.63,3553.98
31-Jul-15,3590.56,3600.69,3600.69,3557.69
3-Aug-15,3599.21,3635.4,3641.22,3587.98
4-Aug-15,3630.65,3619.31,3630.65,3602.35
5-Aug-15,3627.28,3676.75,3680.71,3627.28
6-Aug-15,3669.44,3668.47,3686.57,3662.52
7-Aug-15,3662.63,3637.8,3666.22,3636.56
10-Aug-15,3650.49,3674.94,3678.2,3622.33
11-Aug-15,3666.93,3605.28,3666.93,3602.26
12-Aug-15,3579.86,3484.41,3579.86,3473.2
13-Aug-15,3519.51,3516.15,3554.44,3508.65
14-Aug-15,3516.76,3491.03,3539.09,3476.35
17-Aug-15,3509.37,3497.9,3537.1,3456.61
18-Aug-15,3494.3,3495.38,3510.65,3480.14
19-Aug-15,3474.91,3429.84,3479.4,3429.84
20-Aug-15,3418.11,3353.48,3426.18,3347.13
21-Aug-15,3319.35,3247.26,3352.76,3247.26
24-Aug-15,3174.93,3073.39,3186.4,2973.16
25-Aug-15,3105.52,3218.01,3237.52,3105.48
26-Aug-15,3187.36,3170.73,3224.52,3124.77
27-Aug-15,3220.11,3280.78,3301.14,3220.11
28-Aug-15,3285.58,3286.59,3290.18,3252.52
31-Aug-15,3265.92,3269.63,3277.78,3237.73
1-Sep-15,3238.95,3188.73,3238.95,3161.16
2-Sep-15,3196.05,3198.86,3230.61,3168.82
3-Sep-15,3223.29,3270.09,3296.32,3222.85
4-Sep-15,3247.35,3180.25,3247.35,3159.89
7-Sep-15,3202.25,3197.97,3225.46,3185.93
8-Sep-15,3214.39,3233.84,3275.61,3214.39
9-Sep-15,3281.28,3269.98,3326.86,3269.98
10-Sep-15,3244.21,3221.14,3266.72,3210.24
11-Sep-15,3231.81,3187.94,3233.48,3182.36
14-Sep-15,3192.51,3175.62,3221.44,3171.56
15-Sep-15,3181.88,3207.6,3224.22,3158.51
16-Sep-15,3232.07,3251.79,3259.49,3232.07
17-Sep-15,3260.22,3255.79,3266.93,3241.28
18-Sep-15,3237.5,3157.3,3237.5,3139.99
21-Sep-15,3158.92,3184.72,3199.04,3147.9
22-Sep-15,3185.02,3076.05,3185.65,3069.36
23-Sep-15,3076.26,3079.99,3123.59,3058.61
24-Sep-15,3078.9,3019.34,3101.06,2996.64
25-Sep-15,3056.57,3113.16,3130.17,3056.57
28-Sep-15,3103.43,3039.44,3111.42,3030.15
29-Sep-15,3006.46,3029.86,3056.7,2987.47
30-Sep-15,3043.41,3100.67,3117.45,3043.41
1-Oct-15,3113.01,3069.05,3142.73,3057.82
2-Oct-15,3077.06,3088.18,3127.28,3036.17
5-Oct-15,3111.35,3190.39,3202.13,3111.35
6-Oct-15,3189.5,3220.09,3234.43,3166.51
7-Oct-15,3233.31,3226.4,3270.64,3217.45
8-Oct-15,3223.53,3224.96,3233.98,3204.53
9-Oct-15,3244.41,3250.31,3269.58,3240.95
12-Oct-15,3251.47,3247.33,3264.49,3230.03
13-Oct-15,3239.33,3221.28,3239.33,3192
14-Oct-15,3217.06,3191.57,3226.55,3178.43
15-Oct-15,3203.68,3238.81,3245.03,3203.68
16-Oct-15,3242.68,3264.93,3272.62,3242.68
19-Oct-15,3263.68,3272.04,3294.43,3258.55
20-Oct-15,3273.67,3255.72,3281.37,3239.49
21-Oct-15,3263.18,3272.23,3282.96,3237.56
22-Oct-15,3269.47,3353.11,3362.61,3258.39
23-Oct-15,3374.25,3425.81,3450.61,3374.25
26-Oct-15,3422.41,3414.6,3433.72,3402.39
27-Oct-15,3410.41,3381.01,3417.02,3381.01
28-Oct-15,3383.77,3421.09,3429.55,3383.77
29-Oct-15,3427.79,3413.39,3435.12,3387.69
30-Oct-15,3415.9,3418.23,3426.87,3392.34
2-Nov-15,3404.38,3434.5,3446.73,3382.82
3-Nov-15,3433.42,3442.68,3444.17,3415.11
4-Nov-15,3451.47,3439.16,3472.68,3435.51
5-Nov-15,3441.92,3447.49,3475.51,3421.27
6-Nov-15,3440.34,3468.21,3485.55,3424
9-Nov-15,3467.79,3418.36,3474.33,3417.02
10-Nov-15,3426.7,3425.4,3438.27,3393.69
11-Nov-15,3426.3,3448.42,3469.49,3426.3
12-Nov-15,3445.75,3387.7,3459.72,3381.05
13-Nov-15,3385.52,3360.65,3393.26,3326.82
16-Nov-15,3347.98,3362.23,3378.35,3326.2
17-Nov-15,3371.12,3451.94,3451.94,3371.12
18-Nov-15,3449.08,3431.92,3449.08,3414.9
19-Nov-15,3447.01,3448.93,3475.79,3437.96
20-Nov-15,3452.11,3452.45,3469.19,3426.78
23-Nov-15,3449.64,3445.26,3457.69,3422.93
24-Nov-15,3440.57,3409.6,3440.57,3375.84
25-Nov-15,3410.6,3462.06,3472.7,3402.83
26-Nov-15,3458.4,3498.62,3507.46,3455.01
27-Nov-15,3491.67,3488.99,3512.46,3473.4
30-Nov-15,3486.17,3506.45,3524.04,3471.48
1-Dec-15,3509.9,3479.64,3520.03,3468.78
2-Dec-15,3482.93,3468.66,3499.06,3463.33
3-Dec-15,3464.81,3343.34,3514.39,3343.34
4-Dec-15,3342.18,3330.75,3348.77,3295.98
7-Dec-15,3334.57,3360.21,3394.93,3334.57
8-Dec-15,3359.02,3297.46,3359.02,3282.81
9-Dec-15,3299.82,3277.21,3316.44,3262.68
10-Dec-15,3268.54,3269.97,3288.08,3246.96
11-Dec-15,3262.07,3203.21,3267.51,3189.93
14-Dec-15,3210.83,3139.24,3243.98,3137.28
15-Dec-15,3149.5,3241.51,3248.24,3149.5
16-Dec-15,3245.4,3246.78,3278.24,3227.28
17-Dec-15,3268.81,3306.47,3345.2,3268.81
18-Dec-15,3289.49,3260.72,3301.4,3243.28
21-Dec-15,3244.75,3213.01,3292.41,3213.01
22-Dec-15,3224.49,3214.32,3243.77,3187.38
23-Dec-15,3239.06,3286.68,3292.95,3239.06
28-Dec-15,3287.54,3256.49,3291.96,3251.85
29-Dec-15,3269.69,3314.28,3314.28,3269.69
30-Dec-15,3309.88,3287.98,3313.31,3285.75
4-Jan-16,3266.01,3164.76,3266.01,3147.88
5-Jan-16,3173.15,3178.01,3195.79,3136.32
6-Jan-16,3170.64,3139.32,3172.55,3110.79
7-Jan-16,3130.46,3084.68,3130.46,3027.57
8-Jan-16,3087.42,3033.47,3114.45,3033.47
11-Jan-16,3030.31,3027.49,3074.78,3027.49
12-Jan-16,3026.7,3064.66,3099.54,3019.68
13-Jan-16,3084.87,3073.02,3124.98,3060.16
14-Jan-16,3064.99,3024,3064.99,2972.18
15-Jan-16,3023.68,2952.48,3028.64,2931.24
18-Jan-16,2951.17,2935.39,2983.29,2915.66
19-Jan-16,2956.59,2980.49,3008.51,2956.59
20-Jan-16,2947.84,2882.59,2947.84,2855.44
21-Jan-16,2884.53,2943.92,2967.17,2874.31
22-Jan-16,2949.94,3023.21,3046.29,2949.94
25-Jan-16,3029.45,3001.78,3037.12,2987.95
26-Jan-16,2975.81,3032.84,3041.67,2945.31
27-Jan-16,3024.83,3043.47,3043.47,2997.71
28-Jan-16,3037.03,2979.42,3055.38,2955.86
29-Jan-16,2989.48,3045.09,3045.09,2989.48
1-Feb-16,3048.75,3021.01,3051.84,2989.88
2-Feb-16,3014.98,2951.85,3014.98,2933.17
3-Feb-16,2945.5,2896.63,2948.18,2862.4
4-Feb-16,2906.82,2905.3,2936.12,2866.19
5-Feb-16,2908,2879.39,2932.85,2869.92
8-Feb-16,2885.56,2785.17,2894.47,2772.7
9-Feb-16,2789.28,2736.5,2809.41,2710.89
10-Feb-16,2748.24,2789.05,2827.95,2734.08
11-Feb-16,2782.02,2680.35,2782.02,2672.73
12-Feb-16,2689.98,2756.16,2756.16,2689.98
15-Feb-16,2786.21,2833.87,2855.12,2786.21
16-Feb-16,2844.05,2821.26,2860.27,2804.25
17-Feb-16,2823.67,2897.72,2900.7,2822.32
18-Feb-16,2909.49,2895.15,2936.32,2883.53
19-Feb-16,2895.06,2871.05,2903.32,2844.32
22-Feb-16,2877.64,2933.91,2936.23,2877.64
23-Feb-16,2929.14,2887.38,2934.52,2886.34
24-Feb-16,2885.89,2820.24,2887.13,2801.43
25-Feb-16,2832.56,2877.42,2892.82,2832.56
26-Feb-16,2893.12,2929.16,2951.13,2893.12
29-Feb-16,2911.24,2945.75,2946.74,2879.6
1-Mar-16,2944.77,2996.39,2996.78,2930.24
2-Mar-16,2999.19,3022.14,3030.63,2994.51
3-Mar-16,3023.79,3012.87,3027.7,2996.72
4-Mar-16,3018.18,3037.35,3056.22,3012.02
7-Mar-16,3029.89,3021.09,3033.6,2997.26
8-Mar-16,3014.15,3002.01,3026.04,2968.51
9-Mar-16,3003.81,3016.18,3047.38,3001.96
10-Mar-16,3017.8,2970.78,3128.71,2970.78
11-Mar-16,2997.34,3073.8,3074.7,2997.34
14-Mar-16,3082.09,3091.98,3116.32,3079.77
15-Mar-16,3084.33,3067.21,3084.33,3053.49
16-Mar-16,3069.29,3062.05,3087.72,3045.53
17-Mar-16,3087.31,3043.1,3089.58,2990.37
18-Mar-16,3043.29,3059.77,3067.97,3022.27
21-Mar-16,3049.12,3048.77,3088.08,3031.07
22-Mar-16,3034.35,3051.23,3051.23,2997.11
23-Mar-16,3055.77,3042.42,3076.2,3024.34
24-Mar-16,3036.02,2986.73,3036.02,2985.06
29-Mar-16,2993.9,3004.87,3023.42,2983.45
30-Mar-16,3013.7,3044.1,3062.71,3013.7
31-Mar-16,3038.73,3004.93,3038.73,2998.7
1-Apr-16,2984.36,2953.28,2984.36,2916.96
4-Apr-16,2948.62,2962.28,2993.71,2930.25
5-Apr-16,2951.58,2890.35,2951.58,2887.35
6-Apr-16,2894.73,2909.36,2911.56,2882.21
7-Apr-16,2910.83,2871.57,2924.7,2860.32
8-Apr-16,2877.83,2911.98,2921.25,2877.83
11-Apr-16,2910.75,2924.23,2946.37,2883.46
12-Apr-16,2927.19,2942.09,2944.12,2899.9
13-Apr-16,2956.82,3039.19,3039.19,2956.82
14-Apr-16,3039.35,3060.86,3061.99,3028.91
15-Apr-16,3055.73,3054.34,3061.95,3043.46
18-Apr-16,3050,3064.03,3071.67,3006.03
19-Apr-16,3070.46,3112.99,3118.28,3070.46
20-Apr-16,3111.06,3142.52,3147.19,3095.63
21-Apr-16,3146.49,3151.69,3156.86,3124.49
22-Apr-16,3151.56,3141.12,3153.31,3127.82
25-Apr-16,3141.57,3117.62,3146.09,3103.11
26-Apr-16,3119.94,3121.29,3148.44,3108.88
27-Apr-16,3121.46,3130.43,3133.61,3109.11
28-Apr-16,3117.32,3125.43,3126.4,3067.61
29-Apr-16,3106.17,3028.21,3106.17,3028.21
2-May-16,3037.62,3032.6,3045.63,3019.96
3-May-16,3029.1,2974.2,3029.1,2972.06
4-May-16,2967.43,2938.75,2982.35,2934.33
5-May-16,2944.11,2940.35,2959.86,2928.19
6-May-16,2938.62,2936.84,2950.2,2893.63
9-May-16,2947.01,2955.83,2985.69,2938.31
10-May-16,2964.32,2978.97,3003.4,2963.99
11-May-16,2975.47,2956.71,2979.58,2940.24
12-May-16,2951.28,2935.46,2988.62,2925.84
13-May-16,2923.64,2956.63,2967.87,2904.09
17-May-16,2956.29,2938.09,2991.32,2922.76
18-May-16,2931.16,2956.43,2957.01,2916.77
19-May-16,2948.72,2919.22,2949.6,2917.61
20-May-16,2930.43,2962.16,2963.11,2930.43
23-May-16,2962.52,2932.93,2965.43,2922.12
24-May-16,2929.28,3010.12,3017.25,2918.23
25-May-16,3018.81,3061.6,3069.56,3018.81
26-May-16,3053.73,3071.21,3074.24,3051.12
27-May-16,3066.45,3078.48,3079.85,3060.31
30-May-16,3077.55,3090.01,3091.58,3072.1
31-May-16,3090.55,3063.48,3097.96,3056.87
1-Jun-16,3061.44,3038.77,3064.06,3026.95
2-Jun-16,3034.83,3033.86,3052.33,3023.62
3-Jun-16,3036.29,2997.55,3054.42,2980.54
6-Jun-16,2991.69,3001.9,3012.04,2991.49
7-Jun-16,3016,3040.69,3052.45,3016
8-Jun-16,3038.01,3019.76,3038.01,3008.51
9-Jun-16,3015.48,2989.03,3015.48,2980.58
10-Jun-16,2983.28,2911.11,2983.28,2908.61
13-Jun-16,2904.68,2853.52,2904.68,2853.52
14-Jun-16,2838.26,2797.18,2838.75,2795.66
15-Jun-16,2803.22,2830.3,2850.43,2803.22
16-Jun-16,2820.1,2819.3,2826.97,2784.9
17-Jun-16,2832.59,2849.17,2872.04,2832.59
20-Jun-16,2858.94,2942.88,2952.85,2858.94
21-Jun-16,2941.12,2967.34,2977.52,2933.33
22-Jun-16,2979.89,2978.31,3002.88,2967.23
23-Jun-16,2984.7,3037.86,3057.71,2984.07
24-Jun-16,3030.93,2776.09,3030.93,2736.43
27-Jun-16,2768.12,2697.44,2793.15,2678.27
28-Jun-16,2723.53,2758.67,2790.15,2723.53
29-Jun-16,2760.37,2832.18,2836.32,2760.37
30-Jun-16,2825.56,2864.74,2871.1,2802.42
1-Jul-16,2874.15,2883.06,2895.2,2851.23
4-Jul-16,2884.97,2862.21,2892.52,2859.3
5-Jul-16,2857.98,2812.88,2857.98,2803.93
6-Jul-16,2798.29,2761.37,2807.65,2742.66
7-Jul-16,2768.14,2780.1,2807.65,2768.14
8-Jul-16,2774.35,2838.01,2851.56,2768.62
11-Jul-16,2853.12,2885.32,2888.5,2843.11
12-Jul-16,2887.09,2933.44,2940.01,2883.32
13-Jul-16,2933.07,2926.14,2944.87,2917.92
14-Jul-16,2936.05,2963.07,2977.61,2936.05
15-Jul-16,2955.77,2958.65,2969.09,2935.41
18-Jul-16,2959.74,2949.17,2982.42,2930.38
19-Jul-16,2946.64,2931.1,2948.5,2909.12
20-Jul-16,2941.5,2966.95,2971.46,2934.84
21-Jul-16,2972.15,2968.49,2978.41,2942.69
22-Jul-16,2964.44,2972.23,2982.26,2946.27
25-Jul-16,2971.74,2973.22,2998.17,2961.96
26-Jul-16,2973.8,2978.9,2986.89,2951.11
27-Jul-16,2991.19,2999.48,3016.82,2991.19
28-Jul-16,2998.98,2966.1,3007.34,2966.1
29-Jul-16,2977.2,2990.76,2990.76,2968.69
1-Aug-16,3001.36,2967.31,3018.54,2959.49
2-Aug-16,2964.65,2906.98,2964.65,2902.67
3-Aug-16,2912.53,2911.06,2920.22,2892.52
4-Aug-16,2919.26,2932.34,2946.01,2918.53
5-Aug-16,2937.01,2973.71,2977.58,2932.85
8-Aug-16,2977.75,2982.92,2998.88,2976.45
9-Aug-16,2982.34,3029.18,3029.84,2979.9
10-Aug-16,3024.59,3018.46,3030.76,3014.81
11-Aug-16,3022.27,3049.03,3049.03,3015.31
12-Aug-16,3046.47,3044.94,3050.21,3037.24
15-Aug-16,3046.14,3046.65,3063.4,3043.72
16-Aug-16,3037.7,3016.19,3040.62,3013.13
17-Aug-16,3022.86,2980.54,3026.81,2979.11
18-Aug-16,2988.4,2995.3,3002.78,2978.28
19-Aug-16,2995.34,2968.2,2995.38,2950.48
22-Aug-16,2967.45,2960.37,2998.38,2949.6
23-Aug-16,2969.78,2993.73,3002.02,2969.78
24-Aug-16,2981.31,3008.59,3018.09,2969.65
25-Aug-16,2999.58,2987.69,2999.58,2971.54
26-Aug-16,2984.93,3010.36,3016.9,2974.53
29-Aug-16,3004.57,2998.5,3008.44,2974.73
30-Aug-16,3005.34,3030.75,3041.07,3005.34
31-Aug-16,3027.03,3023.13,3049.4,3022.39
1-Sep-16,3027.86,3017.49,3054.36,3005.32
2-Sep-16,3025.83,3079.74,3083.09,3018.4
5-Sep-16,3084.82,3077.66,3094.88,3076.7
6-Sep-16,3083.7,3070.16,3094.15,3067.51
7-Sep-16,3074.12,3091.66,3096.11,3064.76
8-Sep-16,3089.68,3083.54,3101.75,3043.13
9-Sep-16,3076.33,3053.2,3086.36,3044.59
12-Sep-16,3041.73,3012.88,3041.73,2983.45
13-Sep-16,3018.39,2974.8,3032.29,2974.8
14-Sep-16,2982.67,2964.9,2989.54,2962.2
15-Sep-16,2961.31,2973.77,2978.14,2947.17
16-Sep-16,2968.63,2935.25,2974.56,2929.44
19-Sep-16,2946.86,2968.31,2971.78,2946.86
20-Sep-16,2966.96,2964.86,2985.84,2959.13
21-Sep-16,2986.84,2982.18,3009.99,2980.81
22-Sep-16,2999.19,3051.69,3063.12,2999.19
23-Sep-16,3048.89,3032.31,3048.89,3026.72
26-Sep-16,3020,2975.88,3020,2973.2
27-Sep-16,2983.39,2970.84,2997.02,2947.13
28-Sep-16,2977.75,2991.11,3010.96,2977.75
29-Sep-16,3000.03,2991.58,3032.59,2983.2
30-Sep-16,2977.19,3002.24,3010.85,2922.82
4-Oct-16,2999.8,3029.5,3040.32,2995.29
5-Oct-16,3020.29,3026.28,3031.33,2991.15
6-Oct-16,3033.1,3021.58,3043.67,3015.87
7-Oct-16,3022,3000.57,3027.06,2994.78
10-Oct-16,3003.26,3035.76,3037.22,2984.6
11-Oct-16,3031.06,3020.69,3051.12,3018.26
12-Oct-16,3018.37,3008.03,3028.1,3005.42
13-Oct-16,2997.13,2975.04,2997.13,2954.45
14-Oct-16,2978.42,3025.19,3038.07,2978.42
17-Oct-16,3021.19,3008.72,3026.46,3002.65
18-Oct-16,3014.59,3046.99,3051.51,3014.59
19-Oct-16,3047.09,3055.94,3062.99,3037.83
20-Oct-16,3059.84,3076.63,3086.46,3045.91
21-Oct-16,3079.9,3077.65,3086.15,3064.57
24-Oct-16,3085.36,3093.86,3109.61,3085.36
25-Oct-16,3096.68,3087.41,3107.45,3080.5
26-Oct-16,3086.07,3080.98,3086.07,3059.99
27-Oct-16,3078.21,3085.17,3096.79,3062.54
28-Oct-16,3066.78,3079.24,3082.05,3050.24
31-Oct-16,3074.57,3055.25,3074.57,3050.04
1-Nov-16,3063.2,3023.15,3075.45,3017.8
2-Nov-16,3005.32,2980.17,3005.32,2980.12
3-Nov-16,2978.41,2973.49,3000.98,2972.89
4-Nov-16,2969.19,2954.53,2969.19,2939.62
7-Nov-16,2962.22,3009.28,3011.29,2962.22
8-Nov-16,3007.96,3023.43,3026.82,3002.16
9-Nov-16,2995.5,3056.29,3056.29,2937.98
10-Nov-16,3070.63,3046.59,3105.16,3029.61
11-Nov-16,3048.61,3030.02,3068.03,3014.77
14-Nov-16,3038.62,3039.8,3070.79,3028.81
15-Nov-16,3038.31,3049.72,3053.84,3029.95
16-Nov-16,3054.74,3026.36,3061.15,3009.78
17-Nov-16,3019.39,3041.79,3041.79,3013.45
18-Nov-16,3046.04,3020.83,3056.06,3014.7
21-Nov-16,3027.07,3032.97,3042.27,3003.82
22-Nov-16,3047.19,3044.33,3061.23,3043.31
23-Nov-16,3046.06,3032.14,3050.43,3015.48
24-Nov-16,3037.8,3040.6,3048.16,3028.18
25-Nov-16,3044.28,3048.38,3048.85,3030.57
28-Nov-16,3041.31,3016.8,3041.31,3009.01
29-Nov-16,3013.49,3038.42,3038.99,3004.86
30-Nov-16,3035.87,3051.61,3064.28,3033.43
1-Dec-16,3044.57,3030.98,3050.65,3021.22
2-Dec-16,3017.28,3015.13,3025.03,2984.48
5-Dec-16,3013.89,3052.75,3072.59,2996.3
6-Dec-16,3054.25,3100.76,3104.67,3047.36
7-Dec-16,3109.15,3142.24,3142.24,3109.15
8-Dec-16,3148.92,3185.79,3195.08,3141.42
9-Dec-16,3185.42,3197.54,3205.37,3178.88
12-Dec-16,3196.4,3199.11,3206.82,3189.67
13-Dec-16,3199.38,3236.71,3239.69,3193.38
14-Dec-16,3227.4,3211.71,3231.26,3209.5
15-Dec-16,3213.39,3249.74,3255.07,3213.39
16-Dec-16,3250.17,3259.24,3276.56,3239.87
19-Dec-16,3259.23,3257.85,3261,3249.59
20-Dec-16,3255.35,3279.41,3279.59,3251.81
21-Dec-16,3273.13,3270.75,3277.68,3262.74
22-Dec-16,3267.73,3269.51,3275.42,3259.27
23-Dec-16,3269.09,3273.97,3278.74,3265.55
27-Dec-16,3275.3,3278.53,3281.35,3270.94
28-Dec-16,3277.55,3278.72,3278.88,3272.37
29-Dec-16,3270.36,3271.76,3275.19,3259.62
30-Dec-16,3271.4,3290.52,3290.52,3260.83
2-Jan-17,3278.84,3308.67,3314.06,3272.76
3-Jan-17,3316.53,3315.02,3334.44,3310.46
4-Jan-17,3316.78,3317.52,3325.5,3302.99
5-Jan-17,3306.31,3316.47,3323.16,3300.77
6-Jan-17,3311.35,3321.17,3322.6,3299.66
9-Jan-17,3324.45,3308.97,3326.31,3296.53
10-Jan-17,3310.63,3306.21,3318.24,3295.5
11-Jan-17,3306.82,3307.94,3324.52,3285.21
12-Jan-17,3299.74,3286.7,3305.75,3281.37
13-Jan-17,3296.78,3324.34,3326.97,3296.43
16-Jan-17,3313.56,3294.53,3313.56,3294.53
17-Jan-17,3290.62,3285.04,3300.5,3266.1
18-Jan-17,3291.64,3294,3300.24,3274.73
19-Jan-17,3297.76,3290.33,3306.12,3282.53
20-Jan-17,3290.11,3299.44,3312.14,3278.82
23-Jan-17,3284.87,3273.04,3291.76,3262.61
24-Jan-17,3276.62,3281.53,3283.38,3269.03
25-Jan-17,3290.9,3326.15,3334.16,3290.9
26-Jan-17,3332.35,3319.13,3342.47,3310.26
27-Jan-17,3318.2,3303.33,3318.35,3294.78
30-Jan-17,3294.99,3262.72,3296.27,3253.75
31-Jan-17,3263.87,3230.68,3282.45,3230.68
1-Feb-17,3243.9,3258.92,3273.94,3243.9
2-Feb-17,3258.08,3253.61,3265.45,3242.31
3-Feb-17,3259.77,3273.11,3283.86,3258.56
6-Feb-17,3274.87,3238.31,3282.96,3235.23
7-Feb-17,3239.02,3235.71,3252.29,3227.26
8-Feb-17,3240.82,3238.04,3250.81,3214.31
9-Feb-17,3248.07,3277.79,3281.47,3243.53
10-Feb-17,3281.29,3270.83,3289.93,3264.84
13-Feb-17,3275.22,3305.23,3314.66,3275.22
14-Feb-17,3305.61,3308.89,3310.8,3297.48
15-Feb-17,3315.14,3323.71,3334.12,3311.39
16-Feb-17,3321.59,3311.04,3327.59,3304.31
17-Feb-17,3310.73,3308.81,3316.03,3282.42
20-Feb-17,3321.66,3312.39,3330.11,3305.33
21-Feb-17,3313.62,3339.33,3345.99,3301.15
22-Feb-17,3341.54,3339.27,3355.4,3324.68
23-Feb-17,3337.97,3333.96,3350.16,3326.46
24-Feb-17,3333.7,3304.09,3334.68,3280.36
27-Feb-17,3311.82,3309.3,3322.97,3303.61
28-Feb-17,3313.13,3319.61,3324.94,3303.12
1-Mar-17,3335.77,3390.2,3393.23,3335.77
2-Mar-17,3389.56,3384.71,3391.18,3378.7
3-Mar-17,3381.12,3403.39,3407.61,3371.42
6-Mar-17,3397.72,3387.46,3397.72,3379.5
7-Mar-17,3386.95,3385.12,3390.92,3374.48
8-Mar-17,3381.81,3389.62,3401.74,3376.07
9-Mar-17,3387.8,3409.89,3417.08,3379.24
10-Mar-17,3417.64,3416.27,3441.5,3414.84
13-Mar-17,3417.02,3415.49,3422.28,3409.17
14-Mar-17,3417.59,3399.43,3417.59,3390.04
15-Mar-17,3399.45,3409.32,3412.77,3399.01
16-Mar-17,3427,3439.96,3450.1,3427
17-Mar-17,3436.33,3448.41,3457.17,3428.86
20-Mar-17,3441.56,3437.48,3448.88,3431.88
21-Mar-17,3448.6,3429.62,3471.5,3421.03
22-Mar-17,3415.53,3420.7,3428.62,3397.67
23-Mar-17,3421.34,3452.18,3452.26,3413.58
24-Mar-17,3450.01,3444.15,3450.01,3433.45
27-Mar-17,3432.63,3437.14,3437.14,3411.48
28-Mar-17,3439.66,3465.07,3466.37,3437.67
29-Mar-17,3469.97,3475.27,3484.02,3463.96
30-Mar-17,3475.84,3481.58,3481.81,3463.17
31-Mar-17,3480.1,3500.93,3500.93,3466.85
3-Apr-17,3504.26,3472.94,3508.11,3472.7
4-Apr-17,3472.54,3481.66,3481.66,3462.46
5-Apr-17,3484.54,3472.58,3494.26,3469.88
6-Apr-17,3464.18,3489.57,3493.33,3446.15
7-Apr-17,3482.84,3495.8,3495.8,3470.92
10-Apr-17,3494.24,3480.44,3494.88,3474.12
11-Apr-17,3467.1,3470.04,3485.5,3446.84
12-Apr-17,3473.21,3468.51,3497.72,3462.8
13-Apr-17,3463.5,3448.26,3463.5,3442.19
18-Apr-17,3454.74,3409.78,3460.94,3409.78
19-Apr-17,3408.42,3420.99,3426.08,3407.33
20-Apr-17,3417.48,3440.03,3449.49,3408.4
21-Apr-17,3440.71,3440.27,3456.11,3419.76
24-Apr-17,3480.62,3577.38,3579.45,3480.62
25-Apr-17,3581.36,3583.16,3593.13,3573.65
26-Apr-17,3582.98,3578.71,3582.98,3569.19
27-Apr-17,3573.02,3563.29,3573.02,3555.57
28-Apr-17,3556.44,3559.59,3571.63,3553.81
1-May-17,3559.59,3559.59,3559.59,3559.59
2-May-17,3564.37,3578.21,3578.36,3559.34
3-May-17,3577.34,3586.25,3586.25,3571.17
4-May-17,3591.79,3627.88,3627.88,3590.24
5-May-17,3620.67,3658.79,3658.79,3609.53
8-May-17,3660.39,3642.11,3666.8,3633.95
9-May-17,3647.16,3649.08,3662.66,3647.16
10-May-17,3646.66,3645.74,3648.27,3633.45
11-May-17,3649.34,3623.55,3650.81,3607.87
12-May-17,3623.63,3637.52,3637.52,3620.36
15-May-17,3640.38,3641.88,3646.64,3621.08
16-May-17,3641.95,3641.89,3648.69,3631.47
17-May-17,3626.25,3584.83,3635.53,3571.77
18-May-17,3584.07,3562.22,3584.69,3529.35
19-May-17,3566.01,3587.01,3590.43,3566.01
22-May-17,3589.17,3576.53,3592.08,3571.21
23-May-17,3572.53,3595.03,3605.91,3567.77
24-May-17,3592.94,3586.62,3599.61,3580.27
25-May-17,3594.76,3584.55,3603.39,3572.02
26-May-17,3582.62,3579.02,3582.62,3546.88
29-May-17,3577.34,3578.95,3580.57,3568.5
30-May-17,3558.59,3561.22,3569.87,3547.1
31-May-17,3560.52,3554.59,3587.48,3552.33
1-Jun-17,3556.18,3567.02,3575.14,3554.52
2-Jun-17,3578.43,3591.82,3615.06,3578.43
5-Jun-17,3591.69,3579.55,3592.33,3575.87
6-Jun-17,3569.59,3554.18,3572.1,3548.16
7-Jun-17,3552.76,3548.84,3577.29,3540.23
8-Jun-17,3547.73,3563.88,3574,3547.67
9-Jun-17,3566.39,3586.07,3597.85,3561.12
12-Jun-17,3581.22,3543.95,3581.22,3539.75
13-Jun-17,3548.18,3557.87,3567.43,3548.18
14-Jun-17,3565.13,3547.15,3589.23,3547.15
15-Jun-17,3545.05,3525.46,3545.05,3500.41
16-Jun-17,3531.06,3543.88,3552.81,3527.99
19-Jun-17,3565.05,3579.58,3591.54,3565.05
20-Jun-17,3586.02,3560.66,3598.06,3560.66
21-Jun-17,3554.11,3554.35,3562.18,3521.91
22-Jun-17,3549.76,3555.76,3558.36,3526.52
23-Jun-17,3552.53,3543.68,3555.58,3529.02
26-Jun-17,3554.28,3561.76,3581.43,3554.28
27-Jun-17,3557.63,3538.32,3560.61,3529.98
28-Jun-17,3530.67,3535.7,3543.7,3498.48
29-Jun-17,3541.99,3471.33,3555.37,3463.99
30-Jun-17,3472.57,3441.88,3489.67,3439.79
3-Jul-17,3449.75,3491.81,3494.63,3449.75
4-Jul-17,3486.38,3479.47,3493.76,3471.6
5-Jul-17,3477.09,3478.41,3488.39,3468.29
6-Jul-17,3480.52,3462.06,3466.45,3435.29
7-Jul-17,3461.67,3463.84,3464.05,3451.37
10-Jul-17,3470.49,3478.06,3486.49,3468
11-Jul-17,3479.85,3464.48,3494.49,3460.64
12-Jul-17,3472.41,3515.23,3524.58,3472.41
13-Jul-17,3518.01,3527.83,3539.48,3515.39
14-Jul-17,3530.19,3525.94,3532.6,3512.56
17-Jul-17,3528.12,3516.35,3531.53,3505.51
18-Jul-17,3510.75,3478.68,3517.82,3469.62
19-Jul-17,3483.99,3500.28,3503.54,3478.03
20-Jul-17,3502.01,3499.49,3529.99,3486.32
21-Jul-17,3497.46,3451.71,3507.62,3436.9
24-Jul-17,3456.94,3453.17,3463.74,3431.19
25-Jul-17,3454.33,3473.54,3494.66,3454.33
26-Jul-17,3474.01,3491.19,3499.53,3472.07
27-Jul-17,3489.36,3493.14,3506.85,3481.25
28-Jul-17,3481.89,3467.73,3481.89,3450.1
31-Jul-17,3464.85,3449.36,3479.47,3447.88
1-Aug-17,3457.97,3477.39,3490.49,3447.73
2-Aug-17,3478.21,3459.32,3481.74,3451.31
3-Aug-17,3456.28,3466.37,3471.81,3438.15
4-Aug-17,3462.55,3507.41,3515.54,3456.27
7-Aug-17,3509.59,3505.8,3516.78,3497.21
8-Aug-17,3503.99,3515.63,3524.94,3493.03
9-Aug-17,3504.17,3468.45,3504.17,3452.74
10-Aug-17,3466.11,3433.54,3466.22,3424.81
11-Aug-17,3422.3,3406.34,3422.3,3392.87
14-Aug-17,3420.9,3450.66,3460.93,3420.9
15-Aug-17,3454.39,3461.91,3473.53,3454.26
16-Aug-17,3465.63,3484.57,3497.29,3465.63
17-Aug-17,3482.19,3461.97,3484.66,3456.15
18-Aug-17,3441.21,3446.03,3448.39,3420.5
21-Aug-17,3436.84,3423.53,3442.24,3411.06
22-Aug-17,3432.46,3455.59,3459.19,3432.46
23-Aug-17,3454.83,3438.63,3467.78,3432.05
24-Aug-17,3443.12,3444.73,3460.78,3443.12
25-Aug-17,3447.52,3438.55,3461.62,3432.77
28-Aug-17,3432.38,3421.03,3439.65,3412.33
29-Aug-17,3411.89,3388.22,3411.89,3363.68
30-Aug-17,3405.65,3403.71,3412.26,3397.27
31-Aug-17,3409.62,3421.47,3437.82,3409.62
1-Sep-17,3425.84,3443.88,3454.55,3425.84
4-Sep-17,3436.36,3430.42,3438.06,3419.06
5-Sep-17,3432.55,3420.86,3448.93,3415.98
6-Sep-17,3407.94,3433.8,3444.48,3396.69
7-Sep-17,3437.61,3447.66,3467.94,3437.61
8-Sep-17,3441.34,3447.69,3453.35,3433.63
11-Sep-17,3456.77,3495.19,3496.7,3456.77
12-Sep-17,3498.32,3512.56,3520.82,3498.32
13-Sep-17,3509.64,3523.14,3529.18,3506.61
14-Sep-17,3521.03,3526.48,3530.28,3512.01
15-Sep-17,3526.01,3515.55,3532.78,3509.93
18-Sep-17,3523.6,3526.74,3537.22,3522.59
19-Sep-17,3524.28,3531.18,3531.18,3520.93
20-Sep-17,3528.17,3525.55,3533.66,3520.72
21-Sep-17,3531.52,3539.59,3546.56,3531.52
22-Sep-17,3534.27,3541.42,3553.08,3532.39
25-Sep-17,3537.21,3537.81,3546.83,3530.88
26-Sep-17,3534.89,3536.38,3542.88,3529.19
27-Sep-17,3538.43,3555.17,3563.01,3538.43
28-Sep-17,3556.5,3563.64,3566.6,3556.5
29-Sep-17,3563.61,3594.85,3594.85,3560.73
2-Oct-17,3590.71,3602.69,3602.69,3588.4
3-Oct-17,3605.99,3605.73,3607.31,3598.71
4-Oct-17,3606.6,3594.91,3608.45,3584.82
5-Oct-17,3592.66,3613.54,3613.73,3589.66
6-Oct-17,3614.17,3603.32,3614.17,3595.5
9-Oct-17,3604.61,3610.5,3618.34,3600.94
10-Oct-17,3607,3598.79,3609.04,3589.98
11-Oct-17,3600.17,3607.39,3608.51,3591.24
12-Oct-17,3608.16,3605.54,3608.16,3595.56
13-Oct-17,3607.09,3604.55,3618.35,3599.51
16-Oct-17,3607.18,3606.27,3613.49,3600.22
17-Oct-17,3609.3,3607.77,3619.66,3598.12
18-Oct-17,3608.02,3619.65,3625.87,3607.21
19-Oct-17,3616.49,3602.08,3616.49,3586.35
20-Oct-17,3608.75,3605.09,3617.52,3600.05
23-Oct-17,3606.71,3608.87,3625.65,3597.08
24-Oct-17,3606.64,3610.69,3624.73,3605.03
25-Oct-17,3609.02,3591.46,3622.62,3585.32
26-Oct-17,3593.99,3637.2,3639.81,3580.21
27-Oct-17,3642.79,3652.23,3670,3642.79
30-Oct-17,3653.02,3662.18,3668.55,3653.02
31-Oct-17,3664.69,3673.95,3677.66,3662.18
1-Nov-17,3676.99,3697.4,3708.82,3676.99
2-Nov-17,3693.4,3688.8,3698.56,3673.25
3-Nov-17,3691.57,3689.96,3694.03,3677.39
6-Nov-17,3684.26,3682.36,3685.75,3670.47
7-Nov-17,3684.23,3658.77,3695.32,3656.18
8-Nov-17,3660.71,3655.04,3667.69,3642.1
9-Nov-17,3655.59,3612.5,3661.05,3610.01
10-Nov-17,3614.91,3593.76,3620.01,3591.15
13-Nov-17,3596.7,3574.52,3601.45,3546.32
14-Nov-17,3576.88,3556.38,3588.33,3546.2
15-Nov-17,3554.05,3545.72,3554.05,3519.35
16-Nov-17,3549.29,3564.8,3576.86,3549.29
17-Nov-17,3564.96,3547.46,3572.16,3541.22
20-Nov-17,3545.52,3561.41,3567.07,3536.21
21-Nov-17,3557.27,3579.32,3591.53,3551.4
22-Nov-17,3581.21,3562.65,3596.64,3562.53
23-Nov-17,3558.22,3572.07,3581.01,3545.57
24-Nov-17,3571.86,3581.23,3601.16,3568.55
27-Nov-17,3576.18,3564.02,3596.79,3564.02
28-Nov-17,3565.8,3583.49,3587.28,3559.13
29-Nov-17,3593.83,3589.91,3619.43,3585.51
30-Nov-17,3593.53,3569.93,3614.6,3569.93
1-Dec-17,3571.63,3527.55,3575.29,3524.36
4-Dec-17,3536.38,3576.22,3585.68,3536.38
5-Dec-17,3572.78,3570.57,3583.08,3552.34
6-Dec-17,3561.94,3561.57,3569.34,3531.57
7-Dec-17,3561.99,3573.13,3579.52,3558.5
8-Dec-17,3577,3591.45,3612.39,3577
11-Dec-17,3594.7,3582.21,3601.22,3579.18
12-Dec-17,3584.67,3600.35,3600.35,3568.53
13-Dec-17,3599.92,3581.75,3601.89,3581.75
14-Dec-17,3578.82,3556.22,3582.53,3556.22
15-Dec-17,3554.37,3560.53,3562.66,3542.85
18-Dec-17,3568,3609.42,3613.41,3568
19-Dec-17,3609.18,3582.22,3613.57,3581.95
20-Dec-17,3580.58,3552.65,3585.62,3545.64
21-Dec-17,3550.84,3570.78,3574.96,3534.22
22-Dec-17,3565.99,3553.39,3565.99,3548.47
27-Dec-17,3553.16,3550.17,3568.91,3541.43
28-Dec-17,3549.45,3524.31,3549.75,3519.85
29-Dec-17,3524.12,3503.96,3524.24,3503.2
2-Jan-18,3506.5,3490.19,3508.37,3469.23
3-Jan-18,3492.9,3509.88,3519.73,3488.91
4-Jan-18,3520.84,3568.88,3580.47,3520.84
5-Jan-18,3570.51,3607.63,3608.7,3570.51
8-Jan-18,3610.97,3616.45,3624.74,3608.82
9-Jan-18,3617.48,3622.87,3629.73,3614.16
10-Jan-18,3619.88,3609.83,3625.35,3599.14
11-Jan-18,3613.99,3595.24,3617.75,3588.07
12-Jan-18,3597.19,3612.61,3616.01,3597.19
15-Jan-18,3612.73,3611.81,3623.44,3603.47
16-Jan-18,3613.1,3622.01,3639.05,3611.56
17-Jan-18,3613.09,3612.78,3624.68,3603.3
18-Jan-18,3616.75,3620.91,3628.13,3606.2
19-Jan-18,3622.22,3649.07,3653.03,3619.23
22-Jan-18,3650.78,3665.28,3665.53,3644.86
23-Jan-18,3675.44,3672.29,3687.22,3662.86
24-Jan-18,3671.01,3643.22,3674.5,3643.22
25-Jan-18,3640.71,3630.15,3659.33,3614.06
26-Jan-18,3631.29,3647.41,3652.48,3630.43
29-Jan-18,3648.41,3643.04,3651.21,3636.05
30-Jan-18,3633.26,3606.75,3633.35,3601.39
31-Jan-18,3605.7,3609.29,3620.94,3600.36
1-Feb-18,3616.16,3577.35,3636.22,3567.2
2-Feb-18,3570.95,3523.28,3570.95,3523.28
5-Feb-18,3517.24,3478.77,3517.24,3474.85
6-Feb-18,3415.57,3394.92,3440.38,3362.85
7-Feb-18,3408.1,3454.52,3465.9,3402.34
8-Feb-18,3433.19,3377.3,3443.75,3360.54
9-Feb-18,3372.19,3325.99,3379.46,3306.66
12-Feb-18,3334.17,3368.25,3387.07,3334.17
13-Feb-18,3367.69,3340.93,3375.23,3340.93
14-Feb-18,3350.46,3369.83,3381.13,3314.5
15-Feb-18,3373.91,3389.63,3414.34,3373.91
16-Feb-18,3398.61,3426.8,3432.07,3398.61
19-Feb-18,3432.53,3407.79,3436.68,3404.09
20-Feb-18,3407.66,3435.08,3436.21,3398.92
21-Feb-18,3431.68,3430.16,3432.97,3405.35
22-Feb-18,3418.53,3431.99,3440.19,3393.28
23-Feb-18,3435.74,3441.46,3444.23,3423.62
26-Feb-18,3449.16,3463.18,3469.98,3449.16
27-Feb-18,3468.28,3458.03,3476.21,3448.53
28-Feb-18,3451.47,3438.96,3462.98,3434.04
1-Mar-18,3429.96,3399.16,3435.28,3387.02
2-Mar-18,3386.54,3324.75,3386.54,3316.75
5-Mar-18,3314.74,3355.32,3360.45,3309.25
6-Mar-18,3366.56,3357.86,3390.81,3357.86
7-Mar-18,3354.26,3377.36,3384.29,3337.39
8-Mar-18,3376.65,3413.28,3419.33,3374.77
9-Mar-18,3410.95,3420.54,3435.04,3403.06
12-Mar-18,3434.51,3429.48,3444.04,3417.97
13-Mar-18,3430.57,3397.35,3446.42,3385.64
14-Mar-18,3397.48,3390.98,3417,3384.2
15-Mar-18,3394.31,3414.13,3419.01,3391.11
16-Mar-18,3412.86,3437.4,3448.63,3411.82
19-Mar-18,3430.6,3394.79,3430.6,3386.86
20-Mar-18,3398.88,3412.08,3415.35,3383.17
21-Mar-18,3413.67,3401.04,3418.43,3387.29
22-Mar-18,3393.61,3348.19,3394.38,3320.09
23-Mar-18,3339.7,3298.07,3339.7,3279.46
26-Mar-18,3301.5,3278.72,3320.86,3261.86
27-Mar-18,3286.7,3316.95,3336.8,3286.7
28-Mar-18,3306.34,3331.25,3331.25,3267.96
29-Mar-18,3335.69,3361.5,3379.38,3333.25
3-Apr-18,3349.02,3346.93,3359.12,3324.45
4-Apr-18,3345.76,3340.35,3350.97,3300.5
5-Apr-18,3353.71,3429.95,3433.81,3353.71
6-Apr-18,3419.94,3408.1,3421.73,3399.97
9-Apr-18,3413.89,3414.85,3433.68,3403.2
10-Apr-18,3425.82,3438.78,3445.34,3425.82
11-Apr-18,3435.64,3419.71,3435.64,3411.63
12-Apr-18,3419.6,3443.97,3447.52,3413.68
13-Apr-18,3445.03,3448,3466.99,3438.93
16-Apr-18,3450.39,3441.04,3455.03,3435.58
17-Apr-18,3444.39,3477.91,3486.53,3444.39
18-Apr-18,3476.59,3490.89,3494.82,3476.59
19-Apr-18,3492.91,3486.6,3495.39,3478.63
20-Apr-18,3484.56,3494.2,3505.44,3479.24
23-Apr-18,3494.07,3513.06,3514.65,3482.27
24-Apr-18,3509.4,3510.88,3523.81,3493.88
25-Apr-18,3500.6,3485.83,3500.6,3464.35
26-Apr-18,3485.97,3506.03,3507.83,3477.23
27-Apr-18,3510.28,3518.78,3522.59,3503.59
30-Apr-18,3516.71,3536.52,3538.17,3512.7
1-May-18,3536.42,3536.26,3536.63,3536.07
2-May-18,3532.87,3553.79,3557.87,3531.84
3-May-18,3548.09,3529.12,3549.14,3523
4-May-18,3531.4,3550.59,3550.59,3524.48
7-May-18,3545.47,3564.19,3566.06,3540.14
8-May-18,3562.51,3557.88,3564.73,3541.94
9-May-18,3559.92,3569.74,3570.63,3556.96
10-May-18,3564.83,3569.71,3574.09,3549.26
11-May-18,3565.15,3565.52,3569.72,3556.22
14-May-18,3564.9,3565.74,3568.53,3553.67
15-May-18,3562.46,3564.29,3570.33,3552.23
16-May-18,3562.54,3562.85,3567.6,3550.9
17-May-18,3562.24,3592.18,3592.18,3562.24
18-May-18,3582.56,3573.76,3596.2,3566.53
21-May-18,3572.48,3572.57,3584.49,3570.97
22-May-18,3575.22,3587.25,3595.1,3572.38
23-May-18,3580.67,3541.82,3580.67,3528.12
24-May-18,3543.09,3521.76,3560.56,3507.39
25-May-18,3526.43,3515.36,3551.82,3493.61
28-May-18,3511.29,3482.64,3540.03,3473.35
29-May-18,3467.09,3428.14,3467.09,3398.32
30-May-18,3420.79,3441.19,3446.28,3408.56
31-May-18,3445.07,3406.65,3455.15,3391.01
1-Jun-18,3420.84,3453.54,3468.14,3420.84
4-Jun-18,3465.25,3469.57,3485.33,3463.33
5-Jun-18,3467.26,3456.79,3497.32,3456.79
6-Jun-18,3457.45,3460.82,3470.51,3434.35
7-Jun-18,3468.52,3459.77,3489.96,3449.69
8-Jun-18,3452.35,3447.3,3454.12,3422.03
11-Jun-18,3451.5,3480.22,3483.7,3451.5
12-Jun-18,3490.76,3475.58,3497.03,3472.64
13-Jun-18,3475.29,3479.56,3488.13,3464.26
14-Jun-18,3466.43,3527.11,3534.31,3457.12
15-Jun-18,3528.71,3505.02,3540.64,3505.02
18-Jun-18,3500.25,3466.65,3500.9,3451.9
19-Jun-18,3459.54,3435.3,3459.54,3410.41
20-Jun-18,3443.51,3439.6,3461.65,3437.24
21-Jun-18,3442.69,3403.51,3456.61,3395.27
22-Jun-18,3407.29,3441.6,3441.6,3407.29
25-Jun-18,3422.6,3369.21,3425.4,3369.21
26-Jun-18,3379.14,3368.72,3387.09,3363.33
27-Jun-18,3368.12,3397.13,3424.6,3340.85
28-Jun-18,3383.43,3365.52,3403.36,3347.94
29-Jun-18,3389.44,3395.6,3420.97,3389.44
2-Jul-18,3375.56,3372.21,3386.07,3345.09
3-Jul-18,3382.68,3406.34,3420.38,3379.01
4-Jul-18,3402.02,3412.03,3417.69,3400.45
5-Jul-18,3411.24,3440.92,3459.91,3411.24
6-Jul-18,3449.5,3448.49,3453.91,3430.31
9-Jul-18,3458.45,3460.44,3471.5,3451.96
10-Jul-18,3465.25,3473.31,3480.44,3455.98
11-Jul-18,3454.66,3422.35,3454.66,3422.35
12-Jul-18,3427.21,3445.49,3446.55,3418.06
13-Jul-18,3454.29,3454.54,3466.26,3447.87
16-Jul-18,3455.17,3449.08,3464.39,3441.88
17-Jul-18,3445.34,3457.5,3461.93,3429.96
18-Jul-18,3468.51,3485.08,3487,3468.51
19-Jul-18,3481.41,3471.64,3486.98,3466.72
20-Jul-18,3466.41,3460.03,3481.83,3431.95
23-Jul-18,3453.91,3454.05,3460.4,3439.68
24-Jul-18,3460.66,3483.31,3493.98,3460.48
25-Jul-18,3482.31,3468.45,3486.04,3460
26-Jul-18,3472.82,3509.26,3509.38,3472.82
27-Jul-18,3512.74,3527.18,3529.39,3509.67
30-Jul-18,3517.56,3512.31,3521.42,3511.9
31-Jul-18,3512.03,3525.49,3536.87,3509.1
1-Aug-18,3527.82,3509.23,3531.61,3506.68
2-Aug-18,3505.11,3469.21,3505.11,3460.14
3-Aug-18,3474.82,3482.4,3491.47,3470.26
6-Aug-18,3483.19,3483.3,3502.35,3472.01
7-Aug-18,3487.03,3504.37,3514.97,3487.03
8-Aug-18,3502.17,3493.6,3509.31,3486.57
9-Aug-18,3490.37,3494.13,3496.97,3478.28
10-Aug-18,3486.31,3426.28,3486.31,3413.68
13-Aug-18,3423.37,3409.68,3424.23,3400.23
14-Aug-18,3415.08,3409.44,3435.12,3398.38
15-Aug-18,3411.27,3359.08,3422.86,3349.14
16-Aug-18,3366.01,3377.56,3381.63,3357.49
17-Aug-18,3378.49,3372.94,3385.74,3354.3
20-Aug-18,3376.38,3393.67,3405.17,3376.38
21-Aug-18,3390.26,3411.66,3424,3387.04
22-Aug-18,3408.28,3420.18,3429.59,3404.87
23-Aug-18,3420.6,3419.26,3430.37,3416.1
24-Aug-18,3419.45,3427.44,3436.55,3419.45
27-Aug-18,3435.12,3456.01,3460.72,3433.59
28-Aug-18,3459.12,3447.57,3463.03,3447.55
29-Aug-18,3448.44,3456.13,3457.84,3438.15
30-Aug-18,3452.94,3430.99,3452.94,3423.42
31-Aug-18,3428.63,3392.9,3428.63,3389.92
3-Sep-18,3391.82,3394.99,3397.24,3382.02
4-Sep-18,3401.25,3359.36,3408.25,3343.98
5-Sep-18,3352.71,3315.62,3352.71,3315.42
6-Sep-18,3315.88,3295.95,3328.69,3295.95
7-Sep-18,3298.01,3293.36,3305.63,3274.4
10-Sep-18,3291.65,3309.28,3323.55,3288.97
11-Sep-18,3313.09,3311.66,3318.59,3286.97
12-Sep-18,3313.98,3326.6,3329.55,3304.8
13-Sep-18,3325.44,3333.68,3354.07,3323.09
14-Sep-18,3339.31,3344.63,3351.53,3334.24
17-Sep-18,3340.04,3346.11,3351.35,3333.47
18-Sep-18,3343.99,3358.46,3368.31,3337.37
19-Sep-18,3359.87,3368.56,3373.9,3351.64
20-Sep-18,3369,3403.12,3409.22,3368.37
21-Sep-18,3407.46,3430.81,3436.48,3407.46
24-Sep-18,3426.85,3410.44,3426.85,3405.42
25-Sep-18,3410.05,3419.78,3425.64,3408.7
26-Sep-18,3421.9,3433.15,3433.74,3415.58
27-Sep-18,3429.58,3449.79,3452.41,3408.48
28-Sep-18,3440.4,3399.2,3440.4,3380.27
1-Oct-18,3399.96,3414.16,3425.45,3398.34
2-Oct-18,3403.59,3388.99,3403.59,3370.95
3-Oct-18,3395.16,3405.48,3414.23,3389.52
4-Oct-18,3400.12,3375.08,3400.15,3371.22
5-Oct-18,3374.27,3345.51,3377.7,3343.67
8-Oct-18,3338.02,3309.72,3338.02,3306.28
9-Oct-18,3311.34,3321.79,3327.53,3278.02
10-Oct-18,3321.59,3266.9,3321.59,3266.23
11-Oct-18,3245.58,3209.19,3254.37,3206.2
12-Oct-18,3219.19,3194.41,3245.16,3193.4
15-Oct-18,3193.79,3210.37,3214.91,3180.61
16-Oct-18,3211.47,3257.34,3260.81,3208.14
17-Oct-18,3260.29,3243.08,3282.23,3230.3
18-Oct-18,3241.79,3211.59,3258.34,3211.59
19-Oct-18,3210.82,3210.82,3225.64,3183.2
22-Oct-18,3217.55,3190.09,3245.87,3187.5
23-Oct-18,3179.07,3140.94,3179.07,3132.29
24-Oct-18,3144.16,3130.33,3185.99,3128.93
25-Oct-18,3126.69,3164.4,3166.44,3107.88
26-Oct-18,3157.11,3134.89,3157.11,3090.85
29-Oct-18,3139.03,3154.93,3182.23,3138.7
30-Oct-18,3157.31,3147.13,3169.75,3123.92
31-Oct-18,3160.02,3197.51,3210.29,3160.02
1-Nov-18,3196.13,3204.21,3227.42,3192.38
2-Nov-18,3217.78,3214.41,3251.67,3214.39
5-Nov-18,3215.73,3217.37,3230.98,3210.76
6-Nov-18,3219.08,3207.42,3222.59,3197.14
7-Nov-18,3212.67,3246.16,3251.95,3212.67
8-Nov-18,3248.7,3237.6,3263.72,3231.8
9-Nov-18,3233.11,3229.49,3234.79,3204.94
12-Nov-18,3237.95,3194.08,3248.33,3192.58
13-Nov-18,3200.08,3224.82,3228.88,3196.7
14-Nov-18,3213.35,3205.36,3239.99,3179.08
15-Nov-18,3210.04,3190.31,3227.74,3164.85
16-Nov-18,3197.61,3180.74,3214.57,3158.87
19-Nov-18,3184.51,3160.33,3206.58,3157.95
20-Nov-18,3153.19,3116.07,3153.19,3100.77
21-Nov-18,3124.6,3153.91,3156.77,3124.6
22-Nov-18,3148.8,3126.67,3148.8,3121.59
23-Nov-18,3127.94,3137.21,3145.04,3114.74
26-Nov-18,3151.22,3172.71,3184.66,3151.22
27-Nov-18,3173.14,3166.42,3186.84,3151.89
28-Nov-18,3170.96,3168.29,3184.68,3165.83
29-Nov-18,3176.31,3174.16,3197.9,3169.85
30-Nov-18,3178.06,3173.13,3182.16,3159.08
3-Dec-18,3187.33,3214.99,3244.98,3187.33
4-Dec-18,3208.44,3189.25,3210.51,3189
5-Dec-18,3181.68,3150.27,3181.68,3146.11
6-Dec-18,3139.85,3045.94,3139.85,3033.78
7-Dec-18,3057.99,3058.53,3097.92,3057.99
10-Dec-18,3054.67,3016.99,3054.67,3007.53
11-Dec-18,3028.93,3055.32,3083.5,3028.93
12-Dec-18,3059.25,3107.97,3119.2,3059.25
13-Dec-18,3110.57,3112.17,3128.1,3100.11
14-Dec-18,3102.09,3092.6,3103.17,3063.23
17-Dec-18,3088.97,3063.65,3092.82,3053.56
18-Dec-18,3054.01,3040.13,3067.54,3040.13
19-Dec-18,3042.19,3051.38,3063.7,3042.19
20-Dec-18,3031.32,3000.06,3031.32,2993.4
21-Dec-18,2996.92,3000.61,3003.06,2957.56
24-Dec-18,2993.45,2973.78,3000.61,2973.22
27-Dec-18,2987.67,2937.36,2997.24,2908.7
28-Dec-18,2952.05,2986.53,2996.17,2951.51
31-Dec-18,2991.4,3001.42,3003.01,2986.53
2-Jan-19,2982.8,2993.18,3002.52,2936.76
3-Jan-19,2978.28,2954.66,2984.52,2950.82
4-Jan-19,2964.15,3041.85,3050.66,2964.15
7-Jan-19,3050,3033.64,3054.72,3016.32
8-Jan-19,3032.07,3054.94,3079.11,3032.07
9-Jan-19,3062.37,3070.24,3089.17,3060.96
10-Jan-19,3065.66,3075.73,3075.83,3043.55
11-Jan-19,3079.59,3070.04,3087.66,3056.36
14-Jan-19,3060.62,3055.18,3063.34,3037.13
15-Jan-19,3066.02,3068.05,3088.49,3044.53
16-Jan-19,3073.06,3077.22,3083.56,3062.27
17-Jan-19,3069.41,3069.35,3073,3053.08
18-Jan-19,3079.15,3134.92,3137.42,3079.15
21-Jan-19,3131.85,3125.07,3131.85,3120.03
22-Jan-19,3120.32,3112.8,3122.76,3097.27
23-Jan-19,3104.08,3112.13,3132.79,3094.48
24-Jan-19,3113.89,3126.31,3136.42,3107.67
25-Jan-19,3133.81,3163.24,3168.03,3133.81
28-Jan-19,3157,3137.27,3157,3131.26
29-Jan-19,3136.15,3153.42,3166.24,3130.75
30-Jan-19,3155.8,3161.74,3163.34,3148.84
31-Jan-19,3163.02,3159.43,3177.1,3129.58
1-Feb-19,3162.46,3171.12,3171.95,3143.5
4-Feb-19,3170.3,3165.2,3174.23,3143.87
5-Feb-19,3165.84,3215.04,3215.04,3162.78
6-Feb-19,3208.43,3212.75,3216.13,3199.03
7-Feb-19,3204.93,3150.76,3208.67,3150.76
8-Feb-19,3151.17,3135.62,3161.14,3124.62
11-Feb-19,3142.84,3165.61,3173.39,3142.84
12-Feb-19,3176.76,3190.75,3200.5,3176.76
13-Feb-19,3194.73,3202.37,3214.22,3192.03
14-Feb-19,3212.95,3182.66,3228.11,3182.66
15-Feb-19,3179.38,3241.25,3247.34,3175.71
18-Feb-19,3239.1,3244.79,3248.14,3235.57
19-Feb-19,3242.79,3239.41,3251.22,3223.4
20-Feb-19,3241.7,3259.49,3264.71,3236.74
21-Feb-19,3261.74,3263.7,3270.07,3254.57
22-Feb-19,3263.49,3270.55,3281.78,3259.74
25-Feb-19,3275.02,3280.01,3289.48,3275.02
26-Feb-19,3275.14,3289.32,3293.76,3261.03
27-Feb-19,3283.57,3282.77,3287.47,3269.98
28-Feb-19,3271.14,3298.26,3301.02,3268.95
1-Mar-19,3306.59,3312.1,3330.48,3306.59
4-Mar-19,3318.1,3317.12,3329.65,3315.63
5-Mar-19,3316.96,3327.19,3330.72,3308.64
6-Mar-19,3322.96,3324.67,3340.67,3317.98
7-Mar-19,3321.18,3308.85,3337.66,3293.34
8-Mar-19,3299.85,3283.6,3299.85,3273.68
11-Mar-19,3290.76,3304.44,3306.64,3284.68
12-Mar-19,3312.32,3303.95,3320.24,3291.91
13-Mar-19,3301.81,3323.45,3327.35,3300.17
14-Mar-19,3322.92,3342.03,3349.85,3322.92
15-Mar-19,3345.06,3386.08,3394.32,3345.06
18-Mar-19,3385.46,3387.94,3392.63,3380.65
19-Mar-19,3389.81,3409,3422.34,3386.26
20-Mar-19,3404.1,3372.38,3406.12,3372.38
21-Mar-19,3372.36,3367.4,3376.21,3348.95
22-Mar-19,3371.68,3305.73,3377.93,3301.6
25-Mar-19,3297.41,3300.48,3313.43,3281.97
26-Mar-19,3302.13,3319.53,3326.35,3293.68
27-Mar-19,3322.64,3322.04,3344.67,3302.8
28-Mar-19,3321.34,3320.29,3337.56,3315.91
29-Mar-19,3326.45,3351.71,3354.3,3326.45
1-Apr-19,3353.67,3385.38,3390.98,3353.67
2-Apr-19,3386.18,3395.7,3402.77,3382.84
3-Apr-19,3399.93,3435.56,3435.9,3399.93
4-Apr-19,3434.34,3441.93,3449.44,3425.19
5-Apr-19,3445.05,3447.47,3453.02,3437.92
8-Apr-19,3446.15,3438.06,3447.11,3433.47
9-Apr-19,3437.07,3417.22,3450.69,3416.67
10-Apr-19,3418.36,3424.65,3435.32,3418.36
11-Apr-19,3430.73,3435.34,3442.25,3412.15
12-Apr-19,3432.16,3447.83,3454.77,3425.84
15-Apr-19,3448.91,3450.46,3456.54,3443.56
16-Apr-19,3450.75,3463.36,3465.98,3450.75
17-Apr-19,3466.89,3477.73,3486.76,3459.81
18-Apr-19,3477.67,3499.23,3506.82,3464.64
23-Apr-19,3494.4,3503.85,3506.68,3487.17
24-Apr-19,3500.56,3502.63,3515.15,3491.89
25-Apr-19,3495.41,3491.92,3496.4,3476.28
26-Apr-19,3492.06,3500.41,3503.46,3484.13
29-Apr-19,3494.47,3501.94,3508.76,3481.08
30-Apr-19,3499.71,3514.62,3514.62,3488.1
1-May-19,3514.62,3514.62,3514.62,3514.62
2-May-19,3505.77,3488.93,3511.43,3487.75
3-May-19,3489.48,3502.48,3510.04,3486.72
6-May-19,3487.54,3462.95,3487.54,3423.33
7-May-19,3460.56,3401.16,3467.64,3396.9
8-May-19,3400.19,3417.26,3423.96,3389.07
9-May-19,3401.99,3350.71,3401.99,3346.45
10-May-19,3353.68,3361.05,3386.22,3349.84
13-May-19,3362.52,3320.78,3365.51,3311.17
14-May-19,3324.85,3364.38,3364.38,3324.85
15-May-19,3364.88,3385.78,3385.78,3332.68
16-May-19,3379.7,3438.56,3438.56,3365.49
17-May-19,3433.69,3425.64,3436.45,3402.56
20-May-19,3417.12,3369.78,3426.87,3360.26
21-May-19,3371.26,3386.51,3395.91,3370.38
22-May-19,3384.92,3386.72,3396.87,3359.6
23-May-19,3378.48,3327.2,3378.48,3323.7
24-May-19,3330.99,3350.7,3365.58,3330.99
27-May-19,3350.6,3364.04,3380.85,3350.6
28-May-19,3364.23,3348.86,3369.91,3337.77
29-May-19,3337.38,3297.81,3337.38,3288.52
30-May-19,3301.51,3318.15,3323.72,3301.51
31-May-19,3312.41,3280.43,3312.41,3258.04
3-Jun-19,3274.97,3300.22,3300.22,3248.54
4-Jun-19,3293.63,3333.49,3338.08,3275.2
5-Jun-19,3334.4,3339.95,3355.69,3326.93
6-Jun-19,3341.29,3338.41,3370.8,3326.9
7-Jun-19,3341.33,3378.38,3391.05,3341.33
10-Jun-19,3381.52,3386.45,3391.37,3378.38
11-Jun-19,3386.73,3401.1,3418.18,3386.73
12-Jun-19,3398.58,3386.63,3398.58,3376.45
13-Jun-19,3384.32,3390.5,3401.72,3373.68
14-Jun-19,3388.78,3379.19,3388.78,3363.07
17-Jun-19,3382.45,3383.21,3393.89,3375.8
18-Jun-19,3381.5,3452.89,3458.91,3366.87
19-Jun-19,3454.52,3454.7,3457.37,3444.12
20-Jun-19,3460.1,3468.08,3487,3460.1
21-Jun-19,3468.73,3466.92,3496.79,3459.04
22-Jun-19,3468.73,3466.92,3496.79,3459.04
24-Jun-19,3466.38,3455.57,3473.75,3449.19
25-Jun-19,3454.31,3444.36,3454.31,3440.06
26-Jun-19,3444.28,3442.95,3460.16,3434.33
27-Jun-19,3444.36,3442.38,3454.21,3424.68
28-Jun-19,3442.39,3473.69,3476.93,3442.39
1-Jul-19,3476.08,3497.59,3519.98,3476.08
2-Jul-19,3498.93,3507.98,3511.13,3491.44
3-Jul-19,3507.7,3540.63,3540.63,3507.7
4-Jul-19,3541.85,3544.15,3549.26,3537.35
5-Jul-19,3542.23,3527.98,3544.02,3514.25
8-Jul-19,3525.21,3523.76,3531.47,3514.41
9-Jul-19,3522.27,3509.75,3522.27,3492.18
10-Jul-19,3508.54,3501.52,3523.6,3497.74
11-Jul-19,3506.33,3496.73,3515.77,3493.77
12-Jul-19,3497.02,3497.63,3505.79,3492.18
15-Jul-19,3497.99,3502.22,3517.84,3483.17
16-Jul-19,3500.89,3521.36,3530.11,3498.34
17-Jul-19,3520.74,3501.58,3529.45,3497.25
18-Jul-19,3497.4,3482.83,3500.82,3467.25
19-Jul-19,3488.68,3480.18,3514.33,3470.4
22-Jul-19,3478.77,3489.92,3498.69,3476.43
23-Jul-19,3496.86,3532.87,3544.34,3496.86
24-Jul-19,3533.3,3532.9,3537.71,3520.84
