date,ipathoilprice,ipathoilopen,ipathoilhigh,ipathoillow,ipathoilvol
1-Oct-10,23.32,23.13,23.32,22.97,679.12
4-Oct-10,23.32,23.39,23.54,23.21,636.97
5-Oct-10,23.63,23.5,23.7,23.39,525.81
6-Oct-10,23.77,23.64,24.03,23.55,751.5
7-Oct-10,23.23,24,24.02,23.12,931.48
8-Oct-10,23.69,23.32,23.75,23.3,386.94
11-Oct-10,23.42,23.5,23.62,23.39,214.81
12-Oct-10,23.35,23.47,23.5,23.15,417.71
13-Oct-10,23.69,23.62,23.82,23.58,297.61
14-Oct-10,23.6,23.66,23.94,23.47,318.2
15-Oct-10,23.23,23.59,23.64,23.03,512.66
18-Oct-10,23.75,23.29,23.77,23.23,373.35
19-Oct-10,22.64,23.05,23.24,22.59,685.32
20-Oct-10,23.29,22.68,23.35,22.68,325.73
21-Oct-10,22.8,23.16,23.33,22.64,398.02
22-Oct-10,23.21,22.98,23.22,22.79,213.31
25-Oct-10,23.29,23.48,23.55,23.05,294.72
26-Oct-10,23.36,23.22,23.43,23.17,223.97
27-Oct-10,23.19,23.11,23.21,22.75,398.49
28-Oct-10,23.17,23.34,23.35,23.07,184.78
29-Oct-10,23.02,23.1,23.15,22.77,196.89
1-Nov-10,23.45,23.66,23.72,23.39,453.3
2-Nov-10,23.75,23.75,23.87,23.64,406.21
3-Nov-10,24.08,23.88,24.18,23.65,1.53
4-Nov-10,24.6,24.47,24.63,24.33,1.12
5-Nov-10,24.7,24.53,24.71,24.38,447.88
8-Nov-10,24.66,24.6,24.71,24.37,468.79
9-Nov-10,24.35,24.84,24.84,24.22,565.1
10-Nov-10,25,24.67,25,24.55,624.76
11-Nov-10,24.86,24.92,24.98,24.81,387.3
12-Nov-10,23.93,24.46,24.56,23.92,596.81
15-Nov-10,23.91,24.18,24.21,23.89,402.34
16-Nov-10,23.24,23.65,23.65,23.2,627.31
17-Nov-10,22.74,23.13,23.33,22.63,763.29
18-Nov-10,23.24,23.12,23.29,22.96,470.73
19-Nov-10,23.05,22.98,23.07,22.79,279.04
22-Nov-10,22.96,22.91,22.98,22.66,860.71
23-Nov-10,22.87,22.72,23.01,22.61,310.83
24-Nov-10,23.64,22.92,23.64,22.88,672.57
26-Nov-10,23.58,23.47,23.58,23.42,78.56
29-Nov-10,24.12,23.73,24.15,23.5,465
30-Nov-10,23.64,23.84,24.08,23.62,311.12
1-Dec-10,24.4,24.05,24.48,23.95,538.87
2-Dec-10,24.79,24.39,24.82,24.35,671.78
3-Dec-10,25.17,24.72,25.22,24.68,898.82
6-Dec-10,25.13,25.16,25.28,24.97,335.07
7-Dec-10,24.84,25.45,25.47,24.82,531.63
8-Dec-10,24.91,24.94,25.08,24.6,399.96
9-Dec-10,24.92,24.93,25.1,24.7,538.83
10-Dec-10,24.75,24.93,24.96,24.53,286.23
13-Dec-10,24.86,25.12,25.21,24.76,344.75
14-Dec-10,24.9,24.86,25.07,24.74,285.67
15-Dec-10,24.96,24.65,25.13,24.64,863.86
16-Dec-10,24.8,24.96,24.99,24.75,230.13
17-Dec-10,24.83,24.81,24.98,24.74,269.56
20-Dec-10,24.98,24.86,25.09,24.56,340.78
21-Dec-10,25.14,25.07,25.2,25,225.54
22-Dec-10,25.38,25.3,25.46,25.27,418.26
23-Dec-10,25.65,25.4,25.69,25.37,513.01
27-Dec-10,25.45,25.52,25.59,25.37,361.34
28-Dec-10,25.6,25.62,25.67,25.51,281.89
29-Dec-10,25.54,25.64,25.64,25.51,307.21
30-Dec-10,25.06,25.28,25.35,24.94,494
31-Dec-10,25.61,24.98,25.81,24.95,1.24
3-Jan-11,25.68,25.88,25.96,25.65,949.27
4-Jan-11,25.01,25.63,25.65,24.75,2.72
5-Jan-11,25.32,24.83,25.46,24.7,1.1
6-Jan-11,24.73,25.19,25.19,24.6,695.62
7-Jan-11,24.77,24.94,25.05,24.4,507.15
10-Jan-11,25.07,25.04,25.14,24.83,519.62
11-Jan-11,25.58,25.27,25.59,25.1,702.53
12-Jan-11,25.68,25.73,25.88,25.6,508.26
13-Jan-11,25.48,25.7,25.82,25.44,264.59
14-Jan-11,25.64,25.35,25.65,25.3,286.21
18-Jan-11,25.51,25.36,25.67,25.33,412.32
19-Jan-11,25.39,25.69,25.69,25.32,534.01
20-Jan-11,24.69,24.86,24.9,24.54,1.13
21-Jan-11,24.65,24.72,24.82,24.57,388.44
24-Jan-11,24.27,24.26,24.38,24.1,1.48
25-Jan-11,23.82,23.97,23.99,23.77,989.77
26-Jan-11,24.2,23.84,24.22,23.73,566.04
27-Jan-11,23.59,24.02,24.11,23.58,801.25
28-Jan-11,24.73,23.8,24.78,23.78,2.13
31-Jan-11,25.44,24.51,25.7,24.5,1.96
1-Feb-11,25.08,25.5,25.59,25.01,1.4
2-Feb-11,25.16,25.09,25.39,24.91,982.82
3-Feb-11,25.09,25.21,25.28,24.9,875.52
4-Feb-11,24.55,25.28,25.31,24.44,1.05
7-Feb-11,24.1,24.47,24.56,24.1,733.43
8-Feb-11,24.08,23.91,24.32,23.83,937.58
9-Feb-11,23.97,24.08,24.27,23.85,537.73
10-Feb-11,24.02,23.84,24.21,23.81,688.62
11-Feb-11,23.69,23.85,23.98,23.56,1.01
14-Feb-11,23.57,23.78,24.02,23.5,615.69
15-Feb-11,23.23,23.63,23.66,23.1,966.93
16-Feb-11,23.33,23.4,23.56,23.1,901.89
17-Feb-11,23.68,23.31,23.7,23.31,1.12
18-Feb-11,23.89,23.9,24.18,23.58,1.56
22-Feb-11,25.35,25.73,25.73,24.89,4
23-Feb-11,26.26,25.71,26.7,25.71,5.6
24-Feb-11,25.69,26.6,26.82,25.49,6.04
25-Feb-11,26.2,25.96,26.27,25.75,2.36
28-Feb-11,25.85,26.03,26.21,25.78,1.42
1-Mar-11,26.74,26.06,26.76,26.04,1.97
2-Mar-11,27.37,26.86,27.38,26.58,3.38
3-Mar-11,27.23,27.05,27.32,26.75,1.69
4-Mar-11,28.03,27.59,28.08,27.5,2.83
7-Mar-11,28.05,28.32,28.36,27.96,3.27
8-Mar-11,27.99,28.19,28.19,27.72,2.26
9-Mar-11,27.83,28.21,28.23,27.8,2.2
10-Mar-11,27.35,27.6,27.87,26.88,4.08
11-Mar-11,26.89,26.67,27.1,26.64,1.62
14-Mar-11,27.04,26.81,27.05,26.59,1.57
15-Mar-11,25.96,25.96,26.41,25.81,2.78
16-Mar-11,26.16,26.18,26.52,25.86,2.34
17-Mar-11,27.04,26.64,27.18,26.56,1.58
18-Mar-11,27.05,26.83,27.1,26.65,1.51
21-Mar-11,27.18,27.3,27.41,27.1,1.18
22-Mar-11,27.73,27.14,27.8,27.07,1.15
23-Mar-11,27.88,27.85,28.12,27.77,1.55
24-Mar-11,27.81,27.96,28.15,27.69,1.01
25-Mar-11,27.9,27.76,28,27.61,814.21
28-Mar-11,27.38,27.39,27.72,27.38,1.05
29-Mar-11,27.66,27.41,27.74,27.3,729.49
30-Mar-11,27.55,27.58,27.79,27.33,527.62
31-Mar-11,28.2,28.06,28.25,27.92,986.2
1-Apr-11,28.59,28.26,28.62,28.11,857.35
4-Apr-11,28.66,28.56,28.74,28.48,587.55
5-Apr-11,28.56,28.57,28.73,28.48,761.7
6-Apr-11,28.74,28.73,28.89,28.56,743.74
7-Apr-11,29.2,28.81,29.24,28.69,646.71
8-Apr-11,29.98,29.5,30,29.42,827.84
11-Apr-11,28.88,29.74,29.78,28.87,1.43
12-Apr-11,27.97,28.62,28.64,27.88,2.13
13-Apr-11,28.31,28.24,28.42,27.85,1.1
14-Apr-11,28.66,28.27,28.71,28.21,697.62
15-Apr-11,28.97,28.52,29.13,28.44,798.95
18-Apr-11,28.39,28.59,28.6,28.17,1.02
19-Apr-11,28.44,28.2,28.69,28.13,417.61
20-Apr-11,29.33,28.79,29.4,28.72,804.78
21-Apr-11,29.56,29.29,29.6,29.23,519.58
25-Apr-11,29.55,29.76,29.76,29.25,807.49
26-Apr-11,29.5,29.47,29.64,29.37,533.76
27-Apr-11,29.87,29.57,29.88,29.16,741.94
28-Apr-11,29.73,29.74,30.04,29.41,643.78
29-Apr-11,29.98,29.78,30.1,29.67,323.22
2-May-11,29.8,29.84,30.27,29.8,1.18
3-May-11,29.25,29.7,29.73,29.03,810.25
4-May-11,28.66,29.1,29.16,28.53,1.08
5-May-11,25.99,27.78,27.8,25.72,4.91
6-May-11,25.64,25.88,26.85,25.4,1.88
9-May-11,27.02,26.02,27.12,25.91,1.66
10-May-11,27.13,26.53,27.28,26.41,983.92
11-May-11,25.96,26.85,26.87,25.53,1.28
12-May-11,25.9,25.53,26.3,25.11,1.42
13-May-11,26.01,25.9,26.13,25.39,558.76
16-May-11,25.36,25.89,26.08,25.33,776.01
17-May-11,25.41,25.19,25.44,24.82,896.06
18-May-11,26.07,25.84,26.42,25.7,914.21
19-May-11,25.75,26.1,26.25,25.67,543.46
20-May-11,26.06,25.66,26.15,25.07,814.05
23-May-11,25.35,25.23,25.52,25.06,731.44
24-May-11,25.9,25.91,26.06,25.49,760.68
25-May-11,26.36,25.71,26.49,25.68,760.29
26-May-11,26.14,26.29,26.41,25.94,528.22
27-May-11,26.2,26.25,26.31,26.07,371.48
31-May-11,26.77,26.86,26.92,26.57,493.21
1-Jun-11,26.07,26.81,26.81,26.03,788.97
2-Jun-11,26.17,26.18,26.28,25.63,581.05
3-Jun-11,26.17,25.65,26.2,25.61,448.42
6-Jun-11,25.7,25.97,26,25.63,348.89
7-Jun-11,25.74,25.7,25.95,25.43,340.33
8-Jun-11,26.26,25.95,26.52,25.95,594.25
9-Jun-11,26.49,26.37,26.69,26.24,356.14
10-Jun-11,25.74,26.09,26.11,25.65,270.72
13-Jun-11,25.18,25.49,25.72,24.98,471.04
14-Jun-11,25.75,25.26,25.82,25.26,289.12
15-Jun-11,24.69,25.68,25.95,24.35,2.51
16-Jun-11,24.59,24.63,24.71,24.45,653.08
17-Jun-11,24.05,24.12,24.31,23.75,918.02
20-Jun-11,24.12,23.97,24.17,23.85,545.4
21-Jun-11,24.16,24.28,24.46,23.93,709.54
22-Jun-11,24.38,24.3,24.69,24.26,461.31
23-Jun-11,23.64,23.44,23.7,23.07,1.49
24-Jun-11,23.46,23.4,23.53,23.11,906.7
27-Jun-11,23.36,23.14,23.47,23.03,596.19
28-Jun-11,23.91,23.55,23.93,23.4,411.06
29-Jun-11,24.46,23.96,24.71,23.93,1.03
30-Jun-11,24.47,24.49,24.71,24.2,511.15
1-Jul-11,24.4,24.28,24.57,24.09,466.27
5-Jul-11,25.07,24.81,25.25,24.76,2.99
6-Jul-11,25.02,25.08,25.18,24.86,1.04
7-Jul-11,25.43,25.52,25.77,25.34,4.94
8-Jul-11,24.84,25.03,25.07,24.67,618.27
11-Jul-11,24.51,24.51,24.73,24.26,392.64
12-Jul-11,24.97,24.42,25.15,24.31,293.78
13-Jul-11,25.26,25.03,25.6,24.92,499.18
14-Jul-11,24.7,25.49,25.53,24.39,529.75
15-Jul-11,25.09,24.9,25.2,24.88,429.78
18-Jul-11,24.73,24.8,24.83,24.4,651.37
19-Jul-11,25.2,25.12,25.45,25.09,444.71
20-Jul-11,25.3,25.38,25.45,24.9,405.72
21-Jul-11,25.5,25.43,25.75,25.34,608.91
22-Jul-11,25.66,25.42,25.78,25.36,334.51
25-Jul-11,25.47,25.37,25.63,25.34,158.78
26-Jul-11,25.57,25.4,25.87,25.12,384.53
27-Jul-11,25.01,25.33,25.34,24.97,787.99
28-Jul-11,24.93,25.02,25.17,24.86,265.07
29-Jul-11,24.6,24.5,24.73,24.46,369.78
1-Aug-11,24.48,25.3,25.35,23.97,1.09
2-Aug-11,23.93,24.2,24.53,23.89,514.16
3-Aug-11,23.54,23.93,23.96,23.37,829.95
4-Aug-11,22.07,23.38,23.38,22,1.73
5-Aug-11,22.29,22.3,22.52,21.56,1.37
8-Aug-11,20.54,21.3,21.57,20.4,2.01
9-Aug-11,20.56,20.83,21.16,19.73,4.52
10-Aug-11,20.71,20.51,21.14,20.24,1.59
11-Aug-11,21.75,21.02,21.89,20.83,1.35
12-Aug-11,21.73,22.12,22.28,21.66,746.87
15-Aug-11,22.42,21.99,22.45,21.99,497.51
16-Aug-11,22.13,22.06,22.38,21.87,526.07
17-Aug-11,22.25,22.54,22.66,22.19,980.45
18-Aug-11,20.69,21.58,21.59,20.58,1.27
19-Aug-11,20.97,20.49,21.23,20.47,978.18
22-Aug-11,21.34,21.37,21.49,20.75,997.06
23-Aug-11,21.83,21.47,21.92,21.12,920.42
24-Aug-11,21.6,21.71,21.97,21.48,453.74
25-Aug-11,21.53,21.87,21.97,21.02,492.39
26-Aug-11,21.65,21.38,21.73,21.02,688.26
29-Aug-11,22.2,22.21,22.25,22.03,360.64
30-Aug-11,22.55,22.24,22.66,22.04,600.52
31-Aug-11,22.6,22.45,22.77,22.4,812.83
1-Sep-11,22.56,22.56,22.85,22.4,634.11
2-Sep-11,21.97,21.79,22.18,21.66,566.91
6-Sep-11,21.92,21.28,21.95,21.26,437.11
7-Sep-11,22.69,22.23,22.79,22.18,745.47
8-Sep-11,22.56,22.68,22.93,22.5,488.48
9-Sep-11,22.13,22,22.2,21.71,447.02
12-Sep-11,22.52,22.02,22.58,21.93,656.9
13-Sep-11,22.84,22.67,23,22.51,745.09
14-Sep-11,22.48,22.74,22.82,22.38,327.71
15-Sep-11,22.69,22.74,22.91,22.63,362.27
16-Sep-11,22.35,22.71,22.72,22.09,476.17
19-Sep-11,21.76,21.75,21.87,21.49,619.02
20-Sep-11,21.84,21.76,22.21,21.69,331.51
21-Sep-11,21.51,21.88,22.29,21.51,740.75
22-Sep-11,20.24,20.44,20.75,20.09,1.51
23-Sep-11,20.25,19.99,20.39,19.92,817.62
26-Sep-11,20.49,19.98,20.51,19.63,906.31
27-Sep-11,21.12,20.96,21.43,20.93,844.97
28-Sep-11,20.35,21.12,21.18,20.31,403.21
29-Sep-11,20.83,20.97,21.2,20.63,339.33
30-Sep-11,19.84,20.23,20.54,19.78,766.2
3-Oct-11,19.26,19.49,20.02,19.26,934.43
4-Oct-11,19.4,19.08,19.57,18.87,798.52
5-Oct-11,20.07,19.49,20.08,19.33,542.66
6-Oct-11,20.84,20,20.9,19.91,740.41
7-Oct-11,20.9,21.04,21.14,20.5,613.84
10-Oct-11,21.68,21.36,21.76,21.35,536.81
11-Oct-11,21.58,21.44,21.91,21.32,654.52
12-Oct-11,21.48,21.7,21.86,21.48,465.81
13-Oct-11,21.31,21.28,21.53,21.01,324.22
14-Oct-11,22.12,22,22.12,21.77,639.19
17-Oct-11,21.88,21.92,22,21.72,261.82
18-Oct-11,22.36,21.99,22.55,21.68,609.8
19-Oct-11,21.78,22.36,22.67,21.72,578.12
20-Oct-11,21.76,21.7,21.96,21.23,378.99
21-Oct-11,22.15,22.2,22.46,21.92,499.83
24-Oct-11,23.19,22.26,23.26,22.26,1.11
25-Oct-11,23.51,23.68,23.97,23.38,1.19
26-Oct-11,22.98,23.54,23.57,22.78,506.58
27-Oct-11,23.78,23.66,23.9,23.39,631.12
28-Oct-11,23.66,23.4,23.8,23.34,501.71
31-Oct-11,23.48,23.25,23.69,23.14,458.89
1-Nov-11,23.1,22.7,23.35,22.64,427.3
2-Nov-11,23.4,23.67,23.74,23.23,687.46
3-Nov-11,23.84,23.73,23.99,23.39,481.39
4-Nov-11,23.94,23.84,23.96,23.54,309.48
7-Nov-11,24.38,24.15,24.4,23.97,701.76
8-Nov-11,24.63,24.51,24.65,24.28,503.63
9-Nov-11,24.34,24.23,24.85,23.97,959.21
10-Nov-11,24.84,24.74,25,24.48,606.12
11-Nov-11,25.16,24.94,25.2,24.94,567.5
14-Nov-11,24.95,25,25.06,24.73,474.76
15-Nov-11,25.33,25.12,25.42,25.05,561.79
16-Nov-11,25.98,25.95,26.23,25.72,1.23
17-Nov-11,25.17,25.79,25.88,25.03,716.68
18-Nov-11,24.9,25.3,25.32,24.59,1.15
21-Nov-11,24.75,24.6,24.79,24.19,972.28
22-Nov-11,24.9,24.84,25.09,24.57,362.85
23-Nov-11,24.45,24.41,24.66,24.21,504.03
25-Nov-11,24.5,24.37,24.77,24.3,276.65
28-Nov-11,24.93,25.23,25.29,24.72,421.47
29-Nov-11,25.39,25.18,25.49,25.07,430.92
30-Nov-11,25.57,25.75,25.9,25.52,466.81
1-Dec-11,25.49,25.49,25.77,25.17,767.92
2-Dec-11,25.74,25.64,25.81,25.41,617.8
5-Dec-11,25.73,26.04,26.08,25.55,466.43
6-Dec-11,25.73,25.68,25.85,25.56,395.79
7-Dec-11,25.61,25.78,25.84,25.39,593.26
8-Dec-11,24.89,25.4,25.5,24.85,599
9-Dec-11,25.39,24.87,25.39,24.83,337.99
12-Dec-11,24.99,24.98,25.02,24.81,258.71
13-Dec-11,25.44,25.07,25.78,25.07,476.75
14-Dec-11,24.11,24.62,24.73,23.93,790.62
15-Dec-11,23.72,24.25,24.3,23.68,835.28
16-Dec-11,23.84,23.77,23.96,23.45,506.55
19-Dec-11,23.77,23.91,23.95,23.59,320.01
20-Dec-11,24.7,24.54,24.75,24.49,446.89
21-Dec-11,25.1,24.79,25.2,24.69,457.11
22-Dec-11,25.23,25.23,25.4,25.19,241.21
23-Dec-11,25.37,25.36,25.44,25.28,174.82
27-Dec-11,25.76,25.37,25.86,25.35,436.15
28-Dec-11,25.28,25.65,25.65,25.16,321.74
29-Dec-11,25.29,25.3,25.33,24.94,336.01
30-Dec-11,25.12,25.12,25.35,25.02,287.9
3-Jan-12,26.21,25.89,26.24,25.89,767.6
4-Jan-12,26.27,26.08,26.38,26,648.72
5-Jan-12,25.9,26.07,26.33,25.84,721.93
6-Jan-12,25.96,26.01,26.01,25.66,874.39
9-Jan-12,25.85,25.86,25.87,25.49,314.65
10-Jan-12,26.02,26.18,26.29,26.02,351.76
11-Jan-12,25.74,25.87,25.98,25.6,370.81
12-Jan-12,25.17,25.98,26.24,25.06,816.63
13-Jan-12,25.19,25,25.24,24.83,503.55
17-Jan-12,25.64,25.48,25.68,25.31,566.46
18-Jan-12,25.64,25.7,25.77,25.41,451.43
19-Jan-12,25.55,25.81,25.84,25.43,310.62
20-Jan-12,24.95,25.21,25.22,24.87,629.51
23-Jan-12,25.33,25.09,25.44,25.08,617.03
24-Jan-12,25.16,24.94,25.21,24.93,317.6
25-Jan-12,25.32,24.97,25.48,24.74,697.01
26-Jan-12,25.34,25.71,25.72,25.18,407.37
27-Jan-12,25.27,25.25,25.54,25.14,889.05
30-Jan-12,25.08,25.01,25.27,24.96,302.17
31-Jan-12,24.94,25.65,25.66,24.82,680.11
1-Feb-12,24.66,25.18,25.22,24.64,464.84
2-Feb-12,24.48,24.49,24.57,24.15,1.29
3-Feb-12,24.78,24.56,24.84,24.45,899.82
6-Feb-12,24.63,24.62,24.76,24.49,786.15
7-Feb-12,25.05,24.43,25.15,24.43,1.4
8-Feb-12,25.12,25.36,25.41,24.89,1.38
9-Feb-12,25.3,25.37,25.41,25.23,525.71
10-Feb-12,25.08,24.77,25.12,24.73,773.96
13-Feb-12,25.55,25.44,25.64,25.19,851.6
14-Feb-12,25.65,25.83,25.85,25.45,736
15-Feb-12,25.9,25.82,25.9,25.7,667.78
16-Feb-12,25.96,25.8,26.05,25.73,453.28
17-Feb-12,26.28,26.25,26.3,26.08,470.5
21-Feb-12,26.91,26.59,27,26.52,2.24
22-Feb-12,26.89,26.85,27.06,26.8,773.78
23-Feb-12,27.42,26.89,27.46,26.74,1.01
24-Feb-12,27.89,27.58,27.9,27.39,1.26
27-Feb-12,27.36,27.53,27.77,27.24,3.03
28-Feb-12,27.08,27.47,27.62,26.98,1.01
29-Feb-12,27.17,27.09,27.25,26.58,1.65
1-Mar-12,27.72,27.28,28.08,27.1,1.54
2-Mar-12,27.05,27.41,27.42,26.83,1.26
5-Mar-12,27.16,27.13,27.18,26.88,664.22
6-Mar-12,26.57,26.57,26.76,26.46,790.89
7-Mar-12,26.94,26.49,27.05,26.42,2.13
8-Mar-12,27.06,26.99,27.19,26.85,615.89
9-Mar-12,27.26,27.05,27.45,27,554.07
12-Mar-12,26.98,26.9,27.03,26.72,404.88
13-Mar-12,27.03,26.9,27.21,26.79,642.44
14-Mar-12,26.77,26.93,27.1,26.62,585.9
15-Mar-12,26.65,26.77,26.85,26.28,714
16-Mar-12,27.16,26.78,27.18,26.69,506.21
19-Mar-12,27.35,27.28,27.41,27.2,472.81
20-Mar-12,26.77,27.02,27.02,26.63,579.5
21-Mar-12,26.89,26.84,27.11,26.75,553.64
22-Mar-12,26.54,26.38,26.57,26.31,775.99
23-Mar-12,26.9,26.61,27.25,26.48,401.56
26-Mar-12,26.96,26.93,27.03,26.85,451.87
27-Mar-12,26.95,27.03,27.12,26.84,367.77
28-Mar-12,26.58,26.54,26.58,26.34,537.1
29-Mar-12,25.91,26.43,26.53,25.64,1.86
30-Mar-12,25.88,25.99,26.16,25.83,725.28
2-Apr-12,26.43,25.67,26.5,25.63,2.1
3-Apr-12,26.17,26.4,26.44,26.02,1.2
4-Apr-12,25.6,25.81,25.87,25.35,1.95
5-Apr-12,25.87,25.54,25.94,25.51,629.34
9-Apr-12,25.71,25.4,25.73,25.29,515.13
10-Apr-12,25.36,25.62,25.84,25.24,590.24
11-Apr-12,25.72,25.5,25.88,25.41,585.42
12-Apr-12,26.02,25.82,26.16,25.82,401.87
13-Apr-12,25.81,25.89,25.95,25.75,156.28
16-Apr-12,25.83,25.8,25.94,25.53,525.16
17-Apr-12,26.16,26.29,26.33,26.1,378.9
18-Apr-12,25.74,26.03,26.11,25.63,375.47
19-Apr-12,25.72,25.74,25.8,25.5,222.6
20-Apr-12,25.98,26.08,26.15,25.81,424.73
23-Apr-12,25.75,25.52,25.75,25.41,558.65
24-Apr-12,25.84,25.97,25.99,25.73,208.19
25-Apr-12,26.01,25.95,26.12,25.74,564.94
26-Apr-12,26.08,26.02,26.2,25.99,286.55
27-Apr-12,26.16,26.09,26.23,25.99,218.66
30-Apr-12,26.17,26.01,26.27,25.97,323.12
1-May-12,26.5,26.14,26.61,26.14,699.45
2-May-12,26.34,26.43,26.44,26.22,210.25
3-May-12,25.6,26,26.02,25.55,671.58
4-May-12,24.52,24.91,25.01,24.25,1.27
7-May-12,24.35,24.22,24.42,23.96,3.17
8-May-12,24.23,24.14,24.25,23.73,1.05
9-May-12,24.01,23.77,24.08,23.65,1.01
10-May-12,24.05,24.24,24.28,24.01,649.68
11-May-12,23.81,23.83,24.15,23.79,506.68
14-May-12,23.37,23.4,23.59,23.28,769.41
15-May-12,23.12,23.48,23.6,23.08,826.28
16-May-12,22.96,23.06,23.38,22.89,1.02
17-May-12,22.93,23.18,23.22,22.83,436.45
18-May-12,22.53,22.84,22.94,22.53,635.3
21-May-12,23.03,22.69,23.06,22.66,525.86
22-May-12,22.56,22.85,22.92,22.5,663.27
23-May-12,22.29,22.52,22.55,22,634.38
24-May-12,22.4,22.41,22.58,22.24,324.87
25-May-12,22.37,22.38,22.47,22.35,169.58
29-May-12,22.38,22.58,22.74,22.25,721.78
30-May-12,21.55,21.9,21.91,21.5,672.87
31-May-12,21.27,21.55,21.59,21.11,600.03
1-Jun-12,20.43,20.61,20.73,20.17,967.48
4-Jun-12,20.68,20.41,20.71,20.3,596.6
5-Jun-12,20.67,20.55,20.73,20.54,333.96
6-Jun-12,20.95,20.92,21.21,20.84,641.54
7-Jun-12,20.65,21.39,21.42,20.6,934.6
8-Jun-12,20.71,20.3,20.79,20.27,376.52
11-Jun-12,19.95,20.81,20.81,19.95,724.96
12-Jun-12,20.46,20.39,20.56,20.27,338.07
13-Jun-12,20.24,20.21,20.63,20.16,643.54
14-Jun-12,20.69,20.32,20.74,20.21,401.79
15-Jun-12,20.63,20.64,20.74,20.5,244.78
18-Jun-12,20.4,20.2,20.6,20.14,672.73
19-Jun-12,20.69,20.69,20.74,20.55,363.96
20-Jun-12,19.83,20.58,20.59,19.76,1.3
21-Jun-12,19.13,19.72,19.78,19.03,1.55
22-Jun-12,19.55,19.18,19.6,19.13,1.14
25-Jun-12,19.36,19.27,19.38,19.02,849.5
26-Jun-12,19.34,19.33,19.42,19.08,400.25
27-Jun-12,19.61,19.57,19.73,19.45,703.04
28-Jun-12,19.16,19.44,19.48,18.82,1.35
29-Jun-12,20.7,20.02,20.84,19.89,2.27
2-Jul-12,20.49,20.45,20.65,20.06,1.18
3-Jul-12,21.53,21.35,21.59,21.26,969.76
5-Jul-12,21.32,21.37,21.59,21.21,827.22
6-Jul-12,20.58,20.73,20.86,20.55,933.64
9-Jul-12,20.98,20.66,21.18,20.65,389.57
10-Jul-12,20.56,20.97,20.99,20.46,375.86
11-Jul-12,21.07,20.85,21.18,20.75,780.65
12-Jul-12,21,20.76,21.14,20.6,488.69
13-Jul-12,21.32,21.13,21.47,21.13,424.06
16-Jul-12,21.64,21.39,21.69,21.27,415.2
17-Jul-12,21.82,21.85,21.93,21.42,595.5
18-Jul-12,22.05,21.88,22.07,21.83,690.07
19-Jul-12,22.7,22.42,22.82,22.4,956.6
20-Jul-12,22.41,22.37,22.54,22.25,849.78
23-Jul-12,21.54,21.56,21.91,21.43,1.2
24-Jul-12,21.63,21.61,21.72,21.44,794.59
25-Jul-12,21.68,21.62,21.8,21.17,594.42
26-Jul-12,21.82,22.01,22.06,21.74,660.93
27-Jul-12,22.02,21.9,22.09,21.81,342.33
30-Jul-12,21.87,21.95,22.05,21.82,488.09
31-Jul-12,21.34,21.88,21.9,21.31,551.55
1-Aug-12,21.66,21.56,21.83,21.45,642.87
2-Aug-12,21.28,21.26,21.57,21.17,995.2
3-Aug-12,22.27,21.9,22.41,21.88,941.07
6-Aug-12,22.5,22.17,22.56,22.16,748.18
7-Aug-12,22.85,22.68,23.1,22.61,534.27
8-Aug-12,22.82,22.94,23.18,22.73,1.14
9-Aug-12,22.88,22.88,23.04,22.79,755
10-Aug-12,22.85,22.54,22.85,22.45,516.29
13-Aug-12,22.68,22.9,22.92,22.51,521.19
14-Aug-12,22.85,22.85,22.98,22.75,339.31
15-Aug-12,23.06,22.72,23.24,22.71,432.03
16-Aug-12,23.3,23.15,23.45,23.04,779.3
17-Aug-12,23.58,23.45,23.59,23.3,815.96
20-Aug-12,23.5,23.49,23.53,23.27,1.22
21-Aug-12,23.61,23.85,23.91,23.58,771.23
22-Aug-12,23.78,23.6,23.84,23.56,1.16
23-Aug-12,23.45,23.88,23.94,23.39,740.17
24-Aug-12,23.39,23.56,23.74,23.37,335.25
27-Aug-12,23.36,23.24,23.37,23.05,553.76
28-Aug-12,23.51,23.43,23.58,23.3,682.83
29-Aug-12,23.21,23.44,23.46,23.14,424.17
30-Aug-12,23.1,23.22,23.25,22.9,492.81
31-Aug-12,23.55,23.53,23.67,23.16,794.06
4-Sep-12,23.3,23.59,23.6,23.18,410.53
5-Sep-12,23.3,23.24,23.33,22.99,252.67
6-Sep-12,23.1,23.61,23.88,23.1,541.43
7-Sep-12,23.54,23.25,23.62,22.95,792.66
10-Sep-12,23.52,23.38,23.59,23.33,367.12
11-Sep-12,23.7,23.69,23.77,23.61,278.04
12-Sep-12,23.65,23.74,23.82,23.6,323.5
13-Sep-12,23.97,24.02,24.06,23.57,675.33
14-Sep-12,24.23,24.28,24.44,24.08,699.02
17-Sep-12,23.45,24.24,24.33,23.11,1.54
18-Sep-12,23.32,23.48,23.59,23.21,417.7
19-Sep-12,22.34,22.91,22.92,22.22,2.21
20-Sep-12,22.57,22.3,22.59,22.25,510.62
21-Sep-12,22.58,22.68,22.75,22.47,695.5
24-Sep-12,22.3,22.25,22.33,22.09,521.79
25-Sep-12,22.09,22.45,22.58,22.09,413.94
26-Sep-12,21.78,21.88,21.89,21.53,997.98
27-Sep-12,22.34,22.11,22.41,22.04,576.08
28-Sep-12,22.32,22.31,22.44,22.18,325.84
1-Oct-12,22.41,22.55,22.64,22.34,382.05
2-Oct-12,22.25,22.47,22.5,22.23,218.7
3-Oct-12,21.3,21.95,21.96,21.23,1.62
4-Oct-12,22.21,21.57,22.28,21.47,1.04
5-Oct-12,21.82,22.04,22.06,21.58,674.3
8-Oct-12,21.74,21.62,21.77,21.58,384.37
9-Oct-12,22.35,21.88,22.54,21.88,683.33
10-Oct-12,22.16,22.44,22.73,22.07,491.08
11-Oct-12,22.43,22.45,22.55,22.21,437.33
12-Oct-12,22.25,22.35,22.47,22.11,344.31
15-Oct-12,22.23,21.94,22.3,21.76,383.3
16-Oct-12,22.34,22.2,22.36,22.19,322.82
17-Oct-12,22.33,22.43,22.53,22.23,252.9
18-Oct-12,22.31,22.06,22.45,22,286.36
19-Oct-12,21.8,22.54,22.58,21.76,630.33
22-Oct-12,21.47,21.77,21.84,21.34,624.86
23-Oct-12,20.83,20.97,20.97,20.61,997.87
24-Oct-12,20.63,20.79,20.84,20.42,897.49
25-Oct-12,20.75,20.83,20.84,20.51,519.43
26-Oct-12,20.74,20.64,20.79,20.59,240.75
31-Oct-12,20.75,20.76,20.97,20.67,322.04
1-Nov-12,20.91,20.76,21.05,20.73,286.84
2-Nov-12,20.43,20.84,20.84,20.35,588.76
5-Nov-12,20.62,20.46,20.66,20.39,231.22
6-Nov-12,21.27,20.85,21.49,20.73,651.66
7-Nov-12,20.36,20.88,20.92,20.2,1.28
8-Nov-12,20.4,20.37,20.56,20.25,446.67
9-Nov-12,20.7,20.42,20.88,20.38,591.91
12-Nov-12,20.59,20.7,20.82,20.5,367.17
13-Nov-12,20.5,20.42,20.67,20.38,406.84
14-Nov-12,20.7,20.54,20.82,20.46,515.04
15-Nov-12,20.56,20.81,20.86,20.35,634.89
16-Nov-12,20.81,20.76,20.9,20.64,519.86
19-Nov-12,21.36,21.25,21.52,21.23,755.76
20-Nov-12,20.81,21.17,21.25,20.58,1.15
21-Nov-12,20.95,20.88,20.98,20.66,463.02
23-Nov-12,21.1,20.92,21.17,20.92,142
26-Nov-12,20.99,20.91,21.03,20.87,304.73
27-Nov-12,20.86,20.94,21.02,20.77,210.3
28-Nov-12,20.75,20.44,20.75,20.4,527.91
29-Nov-12,21,21.13,21.23,20.96,473.07
30-Nov-12,21.27,21.14,21.31,21.11,273.65
3-Dec-12,21.29,21.6,21.65,21.24,495.13
4-Dec-12,21.13,21.02,21.25,20.98,288.64
5-Dec-12,21,21.12,21.18,20.91,428.31
6-Dec-12,20.66,20.69,20.75,20.48,775.2
7-Dec-12,20.56,20.65,20.71,20.51,370.66
10-Dec-12,20.44,20.67,20.69,20.38,564.25
11-Dec-12,20.51,20.46,20.52,20.35,272.17
12-Dec-12,20.72,20.79,20.96,20.56,520.22
13-Dec-12,20.59,20.6,20.77,20.5,195.58
14-Dec-12,20.75,20.61,20.75,20.56,147.11
17-Dec-12,20.9,20.76,20.96,20.76,768.22
18-Dec-12,21,20.95,21.06,20.84,371.22
19-Dec-12,21.34,21.06,21.48,21.02,757.24
20-Dec-12,21.37,21.31,21.52,21.25,345.35
21-Dec-12,21.1,20.96,21.1,20.87,452.36
24-Dec-12,21,20.96,21.01,20.92,377.91
26-Dec-12,21.64,21.55,21.7,21.5,606.84
27-Dec-12,21.67,21.66,21.69,21.37,512.02
28-Dec-12,21.58,21.65,21.71,21.46,429.18
31-Dec-12,21.79,21.46,21.86,21.46,743.27
2-Jan-13,22.11,22.26,22.29,22.02,676.53
3-Jan-13,22.05,22.12,22.19,22.03,343.04
4-Jan-13,22.15,22.02,22.16,21.93,296.43
7-Jan-13,22.18,22.04,22.21,22.04,230.96
8-Jan-13,22.21,22.26,22.27,22.04,408.36
9-Jan-13,22.14,22.19,22.28,22.04,409.2
10-Jan-13,22.36,22.44,22.45,22.28,464.53
11-Jan-13,22.28,22.15,22.31,22.03,297.4
14-Jan-13,22.43,22.33,22.44,22.1,260.01
15-Jan-13,22.24,22.4,22.4,22.18,236.73
16-Jan-13,22.41,22.26,22.47,22.21,404.97
17-Jan-13,22.71,22.71,22.88,22.65,643.63
18-Jan-13,22.77,22.72,22.79,22.61,220.43
22-Jan-13,22.92,22.8,22.99,22.76,312.08
23-Jan-13,22.66,22.89,22.96,22.5,475.51
24-Jan-13,22.77,22.78,22.93,22.72,303.37
25-Jan-13,22.78,22.83,22.88,22.63,183.98
28-Jan-13,22.88,22.91,22.92,22.64,269.16
29-Jan-13,23.12,23.05,23.22,22.99,380.89
30-Jan-13,23.29,23.23,23.3,23.12,591.63
31-Jan-13,23.13,23.05,23.17,23.01,428.69
1-Feb-13,23.18,22.96,23.3,22.9,360.21
4-Feb-13,22.78,22.86,22.98,22.75,342.06
5-Feb-13,22.95,22.97,23.03,22.91,361.45
6-Feb-13,22.97,22.64,23.01,22.61,380.76
7-Feb-13,22.73,23.01,23.04,22.66,219.4
8-Feb-13,22.7,22.85,22.9,22.58,196.57
11-Feb-13,23.02,22.62,23.03,22.54,321.62
12-Feb-13,23.13,23.11,23.19,23.07,221.13
13-Feb-13,23.07,23.22,23.27,22.92,289.06
14-Feb-13,23.12,23.1,23.19,23.04,187.67
15-Feb-13,22.73,22.72,22.76,22.57,405.47
19-Feb-13,22.91,22.68,22.91,22.63,326.56
20-Feb-13,22.35,22.94,22.95,22.18,1.39
21-Feb-13,21.83,21.88,22.02,21.78,505.19
22-Feb-13,21.98,21.84,21.98,21.75,350.49
25-Feb-13,21.7,22.02,22.04,21.65,599.14
26-Feb-13,21.75,21.86,21.95,21.66,469.5
27-Feb-13,21.84,21.69,21.94,21.69,441.39
28-Feb-13,21.57,21.8,21.86,21.5,383.6
1-Mar-13,21.35,21.29,21.37,21.12,509.63
4-Mar-13,21.11,21.25,21.25,20.94,542.71
5-Mar-13,21.32,21.22,21.35,21.12,318.83
6-Mar-13,21.21,21.23,21.24,21,502.22
7-Mar-13,21.49,21.35,21.53,21.33,438.35
8-Mar-13,21.57,21.44,21.6,21.35,414.75
11-Mar-13,21.56,21.44,21.64,21.34,256.13
12-Mar-13,21.73,21.84,21.96,21.7,343.48
13-Mar-13,21.68,21.89,21.93,21.57,543.6
14-Mar-13,21.83,21.73,21.87,21.71,267.39
15-Mar-13,21.95,21.95,22,21.83,229.96
18-Mar-13,21.98,21.57,22.05,21.55,483.99
19-Mar-13,21.61,22.02,22.05,21.59,554.68
20-Mar-13,21.85,21.83,21.89,21.62,407.08
21-Mar-13,21.58,21.69,21.83,21.46,305.4
22-Mar-13,21.95,21.75,21.96,21.62,268.45
25-Mar-13,22.12,22.14,22.39,22,593.78
26-Mar-13,22.56,22.4,22.6,22.31,386.24
27-Mar-13,22.61,22.43,22.69,22.39,489.1
28-Mar-13,22.77,22.66,22.82,22.61,373.18
1-Apr-13,22.71,22.54,22.76,22.47,372.72
2-Apr-13,22.76,22.52,22.91,22.52,1.46
3-Apr-13,22.14,22.77,22.77,22.09,801.14
4-Apr-13,21.86,21.77,22.02,21.57,863.01
5-Apr-13,21.78,21.63,21.8,21.53,382.5
8-Apr-13,21.92,21.81,21.93,21.64,297.23
9-Apr-13,22.03,21.82,22.14,21.75,475.8
10-Apr-13,22.15,21.95,22.21,21.9,217.47
11-Apr-13,21.88,22.06,22.11,21.78,256.74
12-Apr-13,21.29,21.4,21.48,21.11,686.18
15-Apr-13,20.54,20.86,20.9,20.51,992.83
16-Apr-13,20.73,20.63,20.76,20.44,460.11
17-Apr-13,20.21,20.48,20.51,20.06,721.89
18-Apr-13,20.62,20.33,20.63,20.11,519.98
19-Apr-13,20.49,20.5,20.6,20.41,492.07
22-Apr-13,20.76,20.62,20.82,20.39,474.97
23-Apr-13,20.81,20.55,20.81,20.49,622.66
24-Apr-13,21.31,20.91,21.34,20.89,594.72
25-Apr-13,21.75,21.28,21.88,21.24,1.09
26-Apr-13,21.62,21.71,21.75,21.42,713.99
29-Apr-13,21.97,21.78,22.07,21.7,637.57
30-Apr-13,21.67,21.98,21.99,21.63,716.49
1-May-13,21.11,21.12,21.23,20.93,1.9
2-May-13,21.9,21.25,21.95,21.23,767.21
3-May-13,22.26,22.15,22.4,22.12,1.28
6-May-13,22.34,22.22,22.45,22.11,477.12
7-May-13,22.25,22.34,22.46,22.13,476.32
8-May-13,22.51,22.38,22.58,22.33,377.7
9-May-13,22.35,22.4,22.5,22.24,533.85
10-May-13,22.37,21.96,22.44,21.74,824.09
13-May-13,22.13,22.2,22.3,22.02,509.69
14-May-13,21.92,22.08,22.2,21.87,373.63
15-May-13,21.98,21.6,21.99,21.44,548.92
16-May-13,22.16,22.01,22.28,21.93,751.73
17-May-13,22.38,22.41,22.45,22.16,385.39
20-May-13,22.54,22.3,22.66,22.26,520.51
21-May-13,22.33,22.49,22.56,22.26,522.65
22-May-13,21.88,22.11,22.31,21.83,659.3
23-May-13,21.92,21.48,21.93,21.38,604.47
24-May-13,21.8,21.67,21.89,21.61,339.96
28-May-13,22.09,22.25,22.28,22.05,308.03
29-May-13,21.62,22.03,22.11,21.54,611.74
30-May-13,21.72,21.34,21.82,21.27,602.1
31-May-13,21.27,21.47,21.62,21.22,526.39
3-Jun-13,21.64,21.5,21.74,21.39,473.7
4-Jun-13,21.68,21.53,21.92,21.42,502.35
5-Jun-13,21.74,21.8,21.94,21.71,545.12
6-Jun-13,21.97,21.93,22.14,21.9,427.46
7-Jun-13,22.36,21.83,22.41,21.77,404.21
10-Jun-13,22.26,22.26,22.3,22.12,202.76
11-Jun-13,22.11,21.92,22.18,21.9,191.25
12-Jun-13,22.27,22.32,22.43,22.19,430.26
13-Jun-13,22.46,22.17,22.54,22.17,288.4
14-Jun-13,22.77,22.73,22.84,22.72,779.58
17-Jun-13,22.78,22.86,22.91,22.67,570.38
18-Jun-13,22.92,22.86,22.96,22.75,218.21
19-Jun-13,22.8,22.92,22.99,22.7,342.45
20-Jun-13,22,22.24,22.26,21.92,457.85
21-Jun-13,21.74,21.97,22.03,21.54,580.77
24-Jun-13,22.01,21.56,22.16,21.54,678.75
25-Jun-13,22.05,22.19,22.22,21.94,218.14
26-Jun-13,22.11,22.11,22.16,21.68,301.19
27-Jun-13,22.49,22.24,22.58,22.21,221.81
28-Jun-13,22.35,22.55,22.65,22.33,348.98
1-Jul-13,22.73,22.68,22.81,22.58,511.75
2-Jul-13,23.09,22.88,23.2,22.87,808.36
3-Jul-13,23.55,23.6,23.78,23.38,785.12
5-Jul-13,24.06,23.49,24.07,23.49,1.05
8-Jul-13,23.94,23.86,24.13,23.81,617.23
9-Jul-13,24.21,23.93,24.25,23.91,516.8
10-Jul-13,24.69,24.54,24.83,24.44,1.08
11-Jul-13,24.43,24.62,24.63,24.3,1.24
12-Jul-13,24.8,24.61,24.84,24.49,1.93
15-Jul-13,24.91,24.65,24.95,24.64,807.84
16-Jul-13,24.76,24.97,24.98,24.74,506.24
17-Jul-13,24.96,24.82,24.99,24.75,377.35
18-Jul-13,25.33,25.06,25.41,25.05,374.07
19-Jul-13,25.41,25.5,25.51,25.08,400.49
22-Jul-13,25.02,25.3,25.36,24.98,401.35
23-Jul-13,25.19,24.88,25.26,24.88,1.06
24-Jul-13,24.71,25.04,25.15,24.62,515.17
25-Jul-13,24.82,24.72,24.86,24.42,393.16
26-Jul-13,24.58,24.68,24.68,24.39,233.36
29-Jul-13,24.49,24.62,24.68,24.43,251.61
30-Jul-13,24.17,24.33,24.34,24.07,330.71
31-Jul-13,24.63,24.19,24.69,24.11,483.5
1-Aug-13,25.37,25.18,25.44,25.14,2.3
2-Aug-13,25.13,25.22,25.24,25.05,374.53
5-Aug-13,25.03,24.9,25.18,24.88,201.88
6-Aug-13,24.74,25,25,24.62,233.88
7-Aug-13,24.42,24.63,24.76,24.42,341.31
8-Aug-13,24.31,24.26,24.33,23.96,350.18
9-Aug-13,24.86,24.47,24.91,24.46,607.37
12-Aug-13,24.96,24.7,24.96,24.63,329.93
13-Aug-13,25.05,24.91,25.15,24.82,253.28
14-Aug-13,25.2,25,25.23,24.89,1.05
15-Aug-13,25.32,25.34,25.4,25.11,212.68
16-Aug-13,25.39,25.36,25.51,25.13,460.02
19-Aug-13,25.24,25.24,25.4,25.19,1.15
20-Aug-13,24.8,24.92,25.28,24.71,335.95
21-Aug-13,24.51,24.76,24.79,24.42,429.48
22-Aug-13,24.81,24.52,24.83,24.48,195.64
23-Aug-13,25.07,24.72,25.26,24.59,467.38
26-Aug-13,25.11,25.06,25.13,24.92,385.41
27-Aug-13,25.77,25.73,25.87,25.65,1.23
28-Aug-13,25.92,25.98,26.16,25.85,1.77
29-Aug-13,25.58,25.93,26.08,25.5,1.75
30-Aug-13,25.47,25.58,25.74,25.29,675.33
3-Sep-13,25.64,25.32,25.69,25.29,1.3
4-Sep-13,25.33,25.32,25.47,25.19,246.01
5-Sep-13,25.54,25.47,25.62,25.32,298.09
6-Sep-13,26.08,25.86,26.17,25.83,388.31
9-Sep-13,25.74,25.98,26.06,25.71,531.2
10-Sep-13,25.34,25.23,25.39,25.11,789.96
11-Sep-13,25.44,25.43,25.51,25.22,360.42
12-Sep-13,25.66,25.52,25.77,25.49,413.98
13-Sep-13,25.66,25.39,25.68,25.31,350.82
16-Sep-13,25.11,25.23,25.39,25.11,1.63
17-Sep-13,24.86,25.03,25.05,24.78,1.18
18-Sep-13,25.51,24.97,25.6,24.92,587.88
19-Sep-13,25.1,25.45,25.47,25.06,464.02
20-Sep-13,24.87,25,25.15,24.81,495.22
23-Sep-13,24.52,24.56,24.64,24.45,424.9
24-Sep-13,24.5,24.36,24.54,24.24,455.07
25-Sep-13,24.27,24.54,24.58,24.23,291.58
26-Sep-13,24.41,24.36,24.45,24.27,144.87
27-Sep-13,24.33,24.37,24.6,24.29,165.09
30-Sep-13,24.23,23.98,24.33,23.93,337.51
1-Oct-13,24.15,24.06,24.23,23.95,981.27
2-Oct-13,24.65,24.16,24.73,24.08,321.83
3-Oct-13,24.45,24.77,24.77,24.41,219.1
4-Oct-13,24.56,24.67,24.72,24.52,158.22
7-Oct-13,24.46,24.22,24.61,24.15,174.08
8-Oct-13,24.56,24.61,24.69,24.52,136.77
9-Oct-13,24.02,24.27,24.3,23.96,345.06
10-Oct-13,24.41,24.06,24.55,24.04,233.25
11-Oct-13,24.17,23.96,24.22,23.96,1.59
14-Oct-13,24.26,24.1,24.34,24.03,830.42
15-Oct-13,23.95,24.09,24.25,23.95,356.04
16-Oct-13,24.3,24.07,24.47,24.04,349.15
17-Oct-13,23.91,24,24.04,23.74,640.72
18-Oct-13,23.97,24.03,24.05,23.88,218.3
21-Oct-13,23.59,23.79,23.84,23.54,279.99
22-Oct-13,23.24,23.62,23.74,23.21,430.13
23-Oct-13,22.88,22.76,23.01,22.71,434.96
24-Oct-13,22.93,22.69,22.96,22.64,325.27
25-Oct-13,23.17,22.96,23.17,22.95,165.57
28-Oct-13,23.33,23.14,23.36,23.08,359.8
29-Oct-13,23.22,23.22,23.28,23.15,167.54
30-Oct-13,22.82,22.99,23.01,22.81,492.28
31-Oct-13,22.71,22.77,22.9,22.67,461.02
1-Nov-13,22.3,22.53,22.53,22.23,1.53
4-Nov-13,22.26,22.25,22.4,22.24,288.81
5-Nov-13,21.98,22.15,22.2,21.91,312.84
6-Nov-13,22.35,22.13,22.49,22.13,606.86
7-Nov-13,22.2,22.25,22.28,22.11,273.84
8-Nov-13,22.23,22.28,22.36,22.14,192.83
11-Nov-13,22.41,22.24,22.47,22.23,329.04
12-Nov-13,21.94,22.3,22.43,21.87,531.68
13-Nov-13,22.14,22.09,22.29,22.05,385.08
14-Nov-13,22.16,21.98,22.28,21.83,511.57
15-Nov-13,22.11,22.23,22.25,22.09,584.91
18-Nov-13,21.92,22.12,22.24,21.88,300.59
19-Nov-13,22.02,21.96,22.06,21.84,346.7
20-Nov-13,21.93,22.04,22.12,21.85,292.73
21-Nov-13,22.32,22.16,22.41,22.06,373.63
22-Nov-13,22.21,22.28,22.34,22.04,353.58
25-Nov-13,22.07,21.95,22.12,21.92,1.45
26-Nov-13,21.96,22.03,22.07,21.9,248.22
27-Nov-13,21.61,21.62,21.66,21.46,587.71
29-Nov-13,21.82,21.72,21.98,21.71,144.7
2-Dec-13,21.97,21.82,22.03,21.79,261.75
3-Dec-13,22.56,22.06,22.56,22.05,389.03
4-Dec-13,22.82,22.73,22.9,22.6,468.07
5-Dec-13,22.85,22.86,23.01,22.85,324.12
6-Dec-13,22.95,22.84,22.96,22.81,201.31
9-Dec-13,22.86,22.97,22.97,22.84,281.91
10-Dec-13,23.13,23.11,23.15,22.95,248.15
11-Dec-13,22.87,23.03,23.09,22.83,373.02
12-Dec-13,22.89,22.99,23,22.87,312.4
13-Dec-13,22.66,22.71,22.78,22.6,305.68
16-Dec-13,22.85,22.82,22.94,22.82,260.29
17-Dec-13,22.79,22.91,22.99,22.77,266.62
18-Dec-13,22.93,22.93,23.02,22.82,200.38
19-Dec-13,23.12,23.09,23.33,23.06,426.3
20-Dec-13,23.24,23.19,23.3,23.09,339.76
23-Dec-13,23.17,23.18,23.25,23.12,204.32
24-Dec-13,23.28,23.22,23.28,23.22,79.88
26-Dec-13,23.34,23.26,23.37,23.26,199.83
27-Dec-13,23.48,23.5,23.63,23.47,410.72
30-Dec-13,23.27,23.41,23.46,23.23,323.84
31-Dec-13,23.12,23.08,23.16,23,176.32
2-Jan-14,22.33,22.69,22.69,22.29,418.8
3-Jan-14,22,22.26,22.27,21.92,296.51
6-Jan-14,21.92,21.92,21.98,21.78,469.31
7-Jan-14,21.95,21.85,22.02,21.83,333.05
8-Jan-14,21.63,21.89,21.92,21.56,727.13
9-Jan-14,21.6,21.67,21.67,21.3,424.05
10-Jan-14,21.68,21.62,21.74,21.5,417.82
13-Jan-14,21.41,21.53,21.57,21.36,401.55
14-Jan-14,21.57,21.55,21.71,21.49,239.76
15-Jan-14,22.07,21.72,22.14,21.72,431.87
16-Jan-14,21.99,22.01,22.03,21.9,135.6
17-Jan-14,21.99,22.14,22.14,21.95,236.02
21-Jan-14,22.24,22.21,22.26,22.06,253.28
22-Jan-14,22.64,22.38,22.64,22.36,407.45
23-Jan-14,22.72,22.71,22.86,22.64,533.98
24-Jan-14,22.62,22.77,22.78,22.46,720.57
27-Jan-14,22.33,22.57,22.62,22.19,3.14
28-Jan-14,22.7,22.61,22.78,22.61,355.65
29-Jan-14,22.72,22.5,22.81,22.48,338.37
30-Jan-14,22.87,22.97,23.02,22.86,779.02
31-Jan-14,22.74,22.74,22.97,22.72,287.78
3-Feb-14,22.53,22.74,22.82,22.44,349.51
4-Feb-14,22.7,22.67,22.79,22.63,220.02
5-Feb-14,22.67,22.79,22.86,22.59,185.21
6-Feb-14,22.84,23,23.03,22.75,213.66
7-Feb-14,23.38,22.92,23.41,22.89,268.44
10-Feb-14,23.36,23.37,23.5,23.31,116.98
11-Feb-14,23.35,23.32,23.44,23.28,235.07
12-Feb-14,23.46,23.64,23.72,23.42,283.84
13-Feb-14,23.51,23.39,23.56,23.39,294.66
14-Feb-14,23.51,23.39,23.56,23.31,135.85
18-Feb-14,24.07,23.81,24.13,23.75,475.48
19-Feb-14,24.23,24.09,24.33,24.04,476.33
20-Feb-14,24.21,24.21,24.26,24.11,385.91
21-Feb-14,24.09,24.14,24.19,23.94,359.65
24-Feb-14,24.15,24.08,24.37,24.07,249.7
25-Feb-14,24.01,23.94,24.04,23.79,117.32
26-Feb-14,24.12,24.11,24.23,24.05,164
27-Feb-14,24.07,24.04,24.15,23.98,107.98
28-Feb-14,24.13,24.02,24.25,23.99,328.8
3-Mar-14,24.71,24.59,24.84,24.56,1.04
4-Mar-14,24.36,24.46,24.48,24.3,183.23
5-Mar-14,23.8,24.29,24.32,23.78,209.8
6-Mar-14,24.02,23.72,24.05,23.58,582.08
7-Mar-14,24.18,24.1,24.25,24.07,199.97
10-Mar-14,23.79,23.74,23.96,23.74,345.33
11-Mar-14,23.48,23.74,23.79,23.43,332.21
12-Mar-14,23.12,23.1,23.28,22.94,299.38
13-Mar-14,23.14,23.07,23.14,23,65.82
14-Mar-14,23.29,23.23,23.36,23.14,49.08
17-Mar-14,23,23.13,23.2,22.88,269.75
18-Mar-14,23.3,23.06,23.35,23.04,174.13
19-Mar-14,23.38,23.33,23.41,23.2,61.11
20-Mar-14,23.31,23.31,23.47,23.15,135.91
21-Mar-14,23.49,23.43,23.68,23.41,339.99
24-Mar-14,23.44,23.67,23.67,23.42,361.21
25-Mar-14,23.42,23.58,23.66,23.32,273.58
26-Mar-14,23.67,23.57,23.73,23.48,389.66
27-Mar-14,23.94,23.95,24.04,23.92,249.34
28-Mar-14,24.02,24.1,24.18,23.98,209.94
31-Mar-14,23.98,24.01,24.1,23.84,329.14
1-Apr-14,23.49,23.89,23.92,23.47,1.71
2-Apr-14,23.48,23.47,23.57,23.36,649.05
3-Apr-14,23.71,23.49,23.74,23.47,212.51
4-Apr-14,23.89,23.95,24.03,23.87,293.99
7-Apr-14,23.78,23.75,23.94,23.6,157.57
8-Apr-14,24.22,23.91,24.29,23.84,377.3
9-Apr-14,24.47,24.28,24.55,24.22,378.55
10-Apr-14,24.45,24.47,24.53,24.4,54.79
11-Apr-14,24.44,24.44,24.68,24.42,73.96
14-Apr-14,24.56,24.54,24.7,24.52,291.46
15-Apr-14,24.56,24.58,24.67,24.53,383.59
16-Apr-14,24.64,24.84,24.86,24.48,260.96
17-Apr-14,24.77,24.66,24.84,24.63,98.77
21-Apr-14,24.75,24.71,24.83,24.7,223.83
22-Apr-14,24.28,24.45,24.47,24.25,329.69
23-Apr-14,24.24,24.33,24.37,24.19,250.92
24-Apr-14,24.34,24.39,24.45,24.3,202.13
25-Apr-14,24.01,24.01,24.09,23.98,221.23
28-Apr-14,24.11,24.13,24.13,23.95,325.6
29-Apr-14,24.11,24.37,24.42,24.1,522.35
30-Apr-14,23.83,23.76,23.83,23.7,129.04
1-May-14,23.71,23.62,23.82,23.58,940.58
2-May-14,23.8,23.73,23.88,23.67,168.79
5-May-14,23.68,23.78,23.79,23.6,78.88
6-May-14,23.73,23.82,23.94,23.71,148.17
7-May-14,24.02,23.95,24.09,23.81,166.12
8-May-14,23.93,23.88,23.95,23.83,83.12
9-May-14,23.86,24.06,24.12,23.79,57.24
12-May-14,24.01,24.04,24.07,23.95,355.68
13-May-14,24.33,24.17,24.33,24.08,90.95
14-May-14,24.4,24.41,24.51,24.39,233.39
15-May-14,24.28,24.37,24.37,24.22,58.06
16-May-14,24.41,24.34,24.44,24.32,225.49
19-May-14,24.52,24.54,24.62,24.49,258.35
20-May-14,24.61,24.48,24.62,24.42,246.32
21-May-14,24.94,24.79,25.07,24.77,186.64
22-May-14,24.96,25.02,25.05,24.89,111
23-May-14,25.07,25,25.13,24.98,203.07
27-May-14,25.02,24.93,25.05,24.89,192.28
28-May-14,24.7,24.93,24.93,24.64,72.57
29-May-14,24.88,24.74,24.98,24.72,41.96
30-May-14,24.71,24.7,24.75,24.58,108.88
2-Jun-14,24.59,24.61,24.64,24.51,172.71
3-Jun-14,24.7,24.61,24.7,24.55,146.44
4-Jun-14,24.58,24.85,24.9,24.58,1.3
5-Jun-14,24.61,24.41,24.63,24.39,184.87
6-Jun-14,24.66,24.71,24.71,24.56,71.64
9-Jun-14,25.09,24.91,25.11,24.9,294.23
10-Jun-14,25.15,25.16,25.25,24.98,210.28
11-Jun-14,25.11,25.13,25.19,25.04,118.57
12-Jun-14,25.72,25.5,25.72,25.45,354
13-Jun-14,25.73,25.69,25.85,25.67,479.63
16-Jun-14,25.78,25.78,25.83,25.74,204.3
17-Jun-14,25.63,25.72,25.89,25.63,190.05
18-Jun-14,25.66,25.75,25.78,25.57,210.87
19-Jun-14,25.76,25.59,25.82,25.49,148.54
20-Jun-14,25.91,25.84,25.96,25.82,115.87
23-Jun-14,25.76,25.88,25.89,25.71,229
24-Jun-14,25.72,25.73,25.82,25.66,143.18
25-Jun-14,25.88,25.72,25.89,25.57,91.84
26-Jun-14,25.64,25.74,25.74,25.49,143.27
27-Jun-14,25.69,25.73,25.78,25.59,92.59
30-Jun-14,25.57,25.63,25.67,25.41,189.43
1-Jul-14,25.57,25.68,25.75,25.36,305.65
2-Jul-14,25.26,25.4,25.59,25.24,245.76
3-Jul-14,25.14,25.21,25.25,25.14,158.15
7-Jul-14,25.05,25.16,25.17,24.98,198.19
8-Jul-14,25.1,25.15,25.24,24.94,232.03
9-Jul-14,24.73,24.9,24.91,24.7,107.44
10-Jul-14,24.92,24.72,24.96,24.67,249.65
11-Jul-14,24.36,24.66,24.71,24.3,123.53
14-Jul-14,24.48,24.31,24.5,24.25,146.66
15-Jul-14,24.17,24.13,24.22,23.97,209.9
16-Jul-14,24.45,24.31,24.52,24.31,245.97
17-Jul-14,24.88,24.82,24.9,24.6,399.65
18-Jul-14,24.78,24.84,24.89,24.75,245.59
21-Jul-14,25.03,24.85,25.05,24.79,153.18
22-Jul-14,24.91,25,25.01,24.85,151.04
23-Jul-14,25.06,24.99,25.15,24.96,172.85
24-Jul-14,24.82,25.09,25.09,24.79,191.04
25-Jul-14,24.78,24.61,24.92,24.56,170.98
28-Jul-14,24.7,24.6,24.82,24.55,136.94
29-Jul-14,24.51,24.45,24.59,24.39,170.69
30-Jul-14,24.19,24.64,24.71,24.13,221.94
31-Jul-14,23.79,24.16,24.2,23.76,314.56
1-Aug-14,23.7,23.64,23.77,23.56,187.57
4-Aug-14,23.9,23.69,23.95,23.69,85.08
5-Aug-14,23.6,23.79,23.81,23.48,432.44
6-Aug-14,23.48,23.68,23.76,23.41,136.47
7-Aug-14,23.64,23.5,23.65,23.4,194.53
8-Aug-14,23.64,23.68,23.7,23.53,95.51
11-Aug-14,23.73,23.72,23.87,23.7,72.92
12-Aug-14,23.56,23.53,23.65,23.44,145.58
13-Aug-14,23.58,23.57,23.68,23.42,141.45
14-Aug-14,22.94,23.44,23.46,22.91,150.5
15-Aug-14,23.19,22.96,23.26,22.96,269.25
18-Aug-14,22.91,22.91,22.97,22.79,220.83
19-Aug-14,22.67,22.86,22.9,22.58,212.4
20-Aug-14,22.78,22.74,22.8,22.64,239.09
21-Aug-14,22.92,22.8,23.04,22.78,111.08
22-Aug-14,22.84,22.73,22.87,22.64,290.12
25-Aug-14,22.78,22.72,22.84,22.68,153.79
26-Aug-14,22.9,22.95,23.01,22.76,231.46
27-Aug-14,22.89,22.9,22.99,22.78,89.72
28-Aug-14,23.11,23.03,23.11,22.92,173.06
29-Aug-14,23.43,23.26,23.44,23.19,128.34
2-Sep-14,22.71,23.1,23.16,22.59,540.23
3-Sep-14,23.28,22.95,23.41,22.89,330.28
4-Sep-14,23.1,23.13,23.23,22.98,159.12
5-Sep-14,22.8,23.05,23.07,22.64,233.18
8-Sep-14,22.66,22.39,22.66,22.36,304.87
9-Sep-14,22.58,22.69,22.75,22.55,164.41
10-Sep-14,22.34,22.47,22.48,22.19,343.25
11-Sep-14,22.67,22.15,22.74,22.11,300.63
12-Sep-14,22.44,22.59,22.73,22.38,123.59
15-Sep-14,22.55,22.34,22.64,22.32,241.73
16-Sep-14,23.05,22.73,23.16,22.72,230.7
17-Sep-14,22.86,23.03,23.05,22.81,104.82
18-Sep-14,22.59,23,23,22.57,185.93
19-Sep-14,22.55,22.52,22.66,22.39,231.99
22-Sep-14,22.29,22.44,22.47,22.19,180.95
23-Sep-14,22.47,22.37,22.62,22.29,148.91
24-Sep-14,22.88,22.53,22.94,22.38,301.95
25-Sep-14,22.74,22.93,22.96,22.64,132.84
26-Sep-14,23,22.8,23.09,22.76,160.99
29-Sep-14,23.25,22.85,23.3,22.85,237.76
30-Sep-14,22.44,23.18,23.2,22.31,289.01
1-Oct-14,22.27,22.58,22.86,22.21,371.97
2-Oct-14,22.42,22,22.44,21.91,504.42
3-Oct-14,22.01,22.28,22.33,21.9,318.06
6-Oct-14,22.2,22.01,22.26,21.75,292.26
7-Oct-14,21.77,22.01,22.02,21.71,178.97
8-Oct-14,21.44,21.53,21.53,21.24,443.98
9-Oct-14,20.81,21.21,21.26,20.75,522.3
10-Oct-14,20.89,20.88,21.08,20.58,366.6
13-Oct-14,20.75,20.75,20.95,20.55,327.6
14-Oct-14,19.93,20.7,20.7,19.79,660.93
15-Oct-14,19.79,19.81,20.05,19.6,890.73
16-Oct-14,20.11,19.6,20.67,19.49,804.2
17-Oct-14,20.24,20.28,20.5,20.09,784.4
20-Oct-14,20.15,20.08,20.21,19.81,754.06
21-Oct-14,20.27,20.3,20.46,20.02,496.13
22-Oct-14,19.71,20.38,20.39,19.66,751.95
23-Oct-14,20.11,19.95,20.22,19.9,805.69
24-Oct-14,19.96,19.9,19.96,19.69,368.27
27-Oct-14,19.79,19.55,19.88,19.46,645.09
28-Oct-14,19.93,19.86,19.98,19.74,444.36
29-Oct-14,20.2,20.15,20.35,20.05,425.01
30-Oct-14,19.87,19.99,20.04,19.8,249.04
31-Oct-14,19.79,19.51,19.8,19.47,342.37
3-Nov-14,19.16,19.68,19.84,19.11,579.67
4-Nov-14,18.85,18.85,18.88,18.57,1.05
5-Nov-14,19.32,18.89,19.41,18.89,591.6
6-Nov-14,19.07,18.98,19.14,18.84,463.67
7-Nov-14,19.19,19.18,19.44,19.15,404.63
10-Nov-14,18.86,19.45,19.45,18.83,433.25
11-Nov-14,18.92,18.89,19.06,18.66,328.61
12-Nov-14,18.75,18.82,19.04,18.71,255.02
13-Nov-14,18.17,18.6,18.62,18.02,935.61
14-Nov-14,18.49,18.22,18.59,18.14,494.87
17-Nov-14,18.42,18.26,18.47,18.22,156.72
18-Nov-14,18.09,18.28,18.31,18.07,330.75
19-Nov-14,18.12,18.2,18.34,18.02,484.86
20-Nov-14,18.43,18.3,18.5,18.2,247.04
21-Nov-14,18.68,18.71,18.73,18.43,384.25
24-Nov-14,18.47,18.59,18.79,18.39,358.69
25-Nov-14,17.97,18.64,18.68,17.94,799.67
26-Nov-14,17.88,17.91,18.05,17.83,598.15
28-Nov-14,16.21,16.77,16.82,16.15,1.92
1-Dec-14,16.75,16.02,16.77,16,1.21
2-Dec-14,16.21,16.42,16.57,16.04,1.18
3-Dec-14,16.24,16.27,16.44,16.06,588
4-Dec-14,16.05,15.99,16.16,15.9,739.72
5-Dec-14,15.77,15.92,15.99,15.63,645.45
8-Dec-14,15.05,15.5,15.5,14.99,1.28
9-Dec-14,15.27,15.03,15.32,14.91,777.7
10-Dec-14,14.62,14.87,14.89,14.37,1.78
11-Dec-14,14.19,14.37,14.65,14.14,1.42
12-Dec-14,13.71,13.96,13.96,13.56,3.75
15-Dec-14,13.04,13.65,13.74,12.98,5.2
16-Dec-14,13.23,12.75,13.51,12.66,3.13
17-Dec-14,13.28,12.98,14,12.93,3.28
18-Dec-14,12.86,13.49,13.54,12.71,2.97
19-Dec-14,13.65,13.17,13.78,12.97,2.64
22-Dec-14,12.98,13.3,13.3,12.94,3.53
23-Dec-14,13.4,13,13.55,12.98,2.5
24-Dec-14,13.05,13.15,13.16,12.9,1.48
26-Dec-14,12.87,13.15,13.16,12.75,1.61
29-Dec-14,12.51,12.98,12.99,12.3,3.12
30-Dec-14,12.5,12.52,12.67,12.39,1.81
31-Dec-14,12.54,12.28,12.55,12.18,3.02
2-Jan-15,12.21,12.24,12.52,12.08,1.89
5-Jan-15,11.47,11.8,11.83,11.47,4.9
6-Jan-15,10.98,11.29,11.39,10.92,4.99
7-Jan-15,11.19,11.11,11.38,10.95,4.16
8-Jan-15,11.31,11.13,11.34,10.97,4.71
9-Jan-15,11.12,11.2,11.25,10.81,3.31
12-Jan-15,10.47,10.71,10.71,10.46,4.99
13-Jan-15,10.59,10.35,10.68,10.24,4.49
14-Jan-15,11.04,10.48,11.18,10.36,4.4
15-Jan-15,10.48,11.21,11.26,10.45,4.33
16-Jan-15,11.09,10.68,11.15,10.64,3.37
20-Jan-15,10.5,10.63,10.74,10.42,4.81
21-Jan-15,10.68,10.66,10.86,10.58,2.45
22-Jan-15,10.47,10.73,10.8,10.29,4.52
23-Jan-15,10.16,10.29,10.47,10.12,4.55
26-Jan-15,10.07,10.15,10.39,10.05,3.8
27-Jan-15,10.32,10.09,10.43,10.07,3.04
28-Jan-15,9.85,10.11,10.22,9.81,6.36
29-Jan-15,9.92,10.01,10.02,9.66,4.07
30-Jan-15,10.68,9.98,10.88,9.96,4.83
2-Feb-15,11.27,11.1,11.32,10.78,5.85
3-Feb-15,11.93,11.5,12.45,11.47,11.56
4-Feb-15,11.06,11.61,11.62,10.81,9.19
5-Feb-15,11.59,11.19,11.86,11.19,7.47
6-Feb-15,11.88,11.69,12.18,11.64,6.29
9-Feb-15,12.11,12.1,12.38,12.04,6.45
10-Feb-15,11.51,11.98,11.98,11.34,6.5
11-Feb-15,11.22,11.2,11.37,10.87,6.76
12-Feb-15,11.67,11.59,11.77,11.32,4.92
13-Feb-15,12.01,12.07,12.24,11.89,4.34
17-Feb-15,12.13,11.83,12.38,11.55,5.03
18-Feb-15,11.75,11.94,12.13,11.68,4.05
19-Feb-15,11.62,11.17,11.82,11.13,4.55
20-Feb-15,11.33,11.61,11.68,11.32,3.5
23-Feb-15,10.95,11,11.27,10.88,7.47
24-Feb-15,10.9,11.15,11.19,10.88,3.64
25-Feb-15,11.31,10.96,11.41,10.76,4.7
26-Feb-15,10.88,11.05,11.16,10.59,8
27-Feb-15,10.95,10.95,11.09,10.73,4.17
2-Mar-15,11.07,10.93,11.36,10.87,4.44
3-Mar-15,11.18,11.09,11.3,10.97,3.91
4-Mar-15,11.53,11.34,11.58,11,5.71
5-Mar-15,11.34,11.44,11.59,11.26,3.64
6-Mar-15,11.03,11.15,11.24,10.84,5.44
9-Mar-15,11.1,11,11.3,10.95,2.86
10-Mar-15,10.79,10.91,11.02,10.67,4.89
11-Mar-15,10.7,10.75,10.75,10.46,4.88
12-Mar-15,10.44,10.69,10.72,10.38,2.79
13-Mar-15,10.03,10.25,10.26,9.92,8.58
16-Mar-15,9.7,9.79,9.81,9.46,10.33
17-Mar-15,9.44,9.49,9.62,9.39,8.12
18-Mar-15,9.99,9.3,10.02,9.23,11.72
19-Mar-15,9.57,9.48,9.75,9.45,4.83
20-Mar-15,9.79,9.9,10.06,9.77,6.03
23-Mar-15,10.01,9.84,10.1,9.83,3.32
24-Mar-15,10.06,10.19,10.2,10,3.07
25-Mar-15,10.42,10.22,10.53,10.06,5.07
26-Mar-15,10.94,10.78,11.02,10.63,6.84
27-Mar-15,10.25,10.78,10.8,10.21,4.48
30-Mar-15,10.27,10.31,10.44,10.06,3.26
31-Mar-15,10.05,10.13,10.3,10.02,4.34
1-Apr-15,10.51,10.15,10.74,10.12,4.16
2-Apr-15,10.51,10.36,10.58,10.19,4.63
6-Apr-15,11.04,10.7,11.1,10.61,7.56
7-Apr-15,11.47,10.9,11.56,10.89,7.3
8-Apr-15,10.81,11.22,11.24,10.7,5.96
9-Apr-15,10.79,10.82,11.07,10.76,5.5
10-Apr-15,11.03,10.88,11.06,10.83,3.46
13-Apr-15,11.08,11.23,11.28,10.97,4.01
14-Apr-15,11.29,11.22,11.45,11.17,3.34
15-Apr-15,11.89,11.44,12.05,11.4,7.64
16-Apr-15,12.08,11.89,12.27,11.74,6.46
17-Apr-15,12.01,11.98,12.16,11.8,4.09
20-Apr-15,12.05,11.84,12.23,11.83,3.88
21-Apr-15,11.76,12,12.08,11.64,3.81
22-Apr-15,11.68,11.73,11.87,11.62,3.03
23-Apr-15,11.94,11.76,12.17,11.76,3.64
24-Apr-15,11.91,11.84,11.93,11.73,1.98
27-Apr-15,11.8,11.99,12.05,11.72,2.6
28-Apr-15,11.85,11.87,12.04,11.8,2.32
29-Apr-15,12.19,11.86,12.38,11.86,4.54
30-Apr-15,12.46,12.24,12.49,12.17,3.09
1-May-15,12.39,12.32,12.41,12.15,2.34
4-May-15,12.29,12.3,12.32,12.17,2.86
5-May-15,12.64,12.68,12.81,12.62,5.96
6-May-15,12.69,12.99,13.17,12.68,4.69
7-May-15,12.27,12.66,12.68,12.19,4.25
8-May-15,12.4,12.34,12.47,12.1,4.78
11-May-15,12.37,12.45,12.51,12.25,2.02
12-May-15,12.63,12.45,12.82,12.44,3.62
13-May-15,12.54,12.88,12.96,12.54,3.02
14-May-15,12.48,12.67,12.73,12.4,2.66
15-May-15,12.48,12.23,12.49,12.15,2.14
18-May-15,12.43,12.42,12.5,12.28,2.55
19-May-15,11.88,12.1,12.13,11.83,4.38
20-May-15,12.02,12.01,12.08,11.89,3.44
21-May-15,12.45,12.31,12.53,12.27,3.06
22-May-15,12.28,12.18,12.34,12.17,1.74
26-May-15,11.92,11.97,12.04,11.77,3.94
27-May-15,11.77,11.74,11.92,11.71,2.68
28-May-15,11.82,11.59,11.82,11.51,3.13
29-May-15,12.35,11.84,12.47,11.84,5.95
1-Jun-15,12.37,12.36,12.45,12.15,2.56
2-Jun-15,12.62,12.49,12.67,12.41,3.19
3-Jun-15,12.25,12.46,12.62,12.15,3.64
4-Jun-15,11.91,12.06,12.1,11.82,4.07
5-Jun-15,12.07,11.6,12.14,11.59,4.05
8-Jun-15,11.92,11.93,12.05,11.83,2.42
9-Jun-15,12.28,12.25,12.38,12.21,4.74
10-Jun-15,12.56,12.66,12.68,12.41,3.57
11-Jun-15,12.45,12.56,12.56,12.35,1.78
12-Jun-15,12.31,12.29,12.4,12.25,2.01
15-Jun-15,12.23,12.08,12.26,12.07,2.02
16-Jun-15,12.31,12.23,12.36,12.22,2.44
17-Jun-15,12.25,12.55,12.58,12.05,2.77
18-Jun-15,12.36,12.36,12.43,12.23,1.55
19-Jun-15,12.15,12.15,12.22,12.03,2.37
22-Jun-15,12.23,12.07,12.3,12.03,2.26
23-Jun-15,12.45,12.12,12.52,12.09,3.53
24-Jun-15,12.26,12.38,12.54,12.15,2.17
25-Jun-15,12.12,12.16,12.2,12.06,2.08
26-Jun-15,12.11,11.97,12.19,11.93,2.77
29-Jun-15,11.79,11.83,11.94,11.77,3.73
30-Jun-15,12.05,11.96,12.12,11.88,2.69
1-Jul-15,11.5,11.82,11.82,11.42,5.16
2-Jul-15,11.41,11.54,11.72,11.4,2.79
6-Jul-15,10.61,10.96,10.98,10.47,8.17
7-Jul-15,10.61,10.5,10.7,10.07,8.84
8-Jul-15,10.35,10.53,10.57,10.14,4.61
9-Jul-15,10.54,10.62,10.7,10.45,2.72
10-Jul-15,10.55,10.51,10.64,10.39,2.79
13-Jul-15,10.44,10.37,10.64,10.33,2.65
14-Jul-15,10.59,10.3,10.65,10.29,2.69
15-Jul-15,10.27,10.42,10.56,10.19,3.18
16-Jul-15,10.11,10.35,10.35,10.09,2.6
17-Jul-15,10.11,10.13,10.14,9.95,3.26
20-Jul-15,9.92,10.07,10.08,9.88,2.56
21-Jul-15,10.05,9.99,10.18,9.97,2.31
22-Jul-15,9.69,9.89,9.99,9.65,5.26
23-Jul-15,9.57,9.73,9.79,9.47,3.85
24-Jul-15,9.48,9.58,9.58,9.37,2.35
27-Jul-15,9.22,9.3,9.38,9.2,2.87
28-Jul-15,9.34,9.29,9.51,9.21,3.27
29-Jul-15,9.6,9.33,9.78,9.32,4.58
30-Jul-15,9.52,9.59,9.69,9.48,2.19
31-Jul-15,9.17,9.52,9.54,9.11,4.23
3-Aug-15,8.83,8.97,9.09,8.75,5.43
4-Aug-15,8.91,8.91,9.01,8.83,2.99
5-Aug-15,8.79,8.98,9.12,8.68,4.57
6-Aug-15,8.68,8.64,8.69,8.54,3.59
7-Aug-15,8.46,8.55,8.6,8.43,3.54
10-Aug-15,8.67,8.43,8.74,8.39,3.54
11-Aug-15,8.4,8.38,8.42,8.22,5.89
12-Aug-15,8.37,8.42,8.46,8.25,4.34
13-Aug-15,8.12,8.25,8.26,8.04,5.97
14-Aug-15,8.05,8.16,8.24,8.04,3.7
17-Aug-15,7.98,8.09,8.17,7.96,5.03
18-Aug-15,8.08,8.01,8.2,7.94,3.13
19-Aug-15,7.66,8.05,8.08,7.65,8.91
20-Aug-15,7.62,7.75,7.83,7.59,5.53
21-Aug-15,7.5,7.67,7.74,7.39,5.55
24-Aug-15,7.01,7.05,7.32,6.9,11.48
25-Aug-15,7.16,7.38,7.38,7.14,4.73
26-Aug-15,7.19,7.25,7.33,7.08,3.52
27-Aug-15,7.98,7.39,8.04,7.39,9.82
28-Aug-15,8.56,7.92,8.69,7.9,10
31-Aug-15,9.19,8.45,9.36,8.12,13.37
1-Sep-15,8.47,8.88,8.97,8.35,9.48
2-Sep-15,8.63,8.66,8.8,8.02,6.62
3-Sep-15,8.82,8.72,9.16,8.62,7.94
4-Sep-15,8.62,8.73,8.81,8.56,3.77
8-Sep-15,8.63,8.52,8.72,8.28,4.41
9-Sep-15,8.32,8.59,8.63,8.22,3.4
10-Sep-15,8.53,8.37,8.65,8.28,4.62
11-Sep-15,8.35,8.3,8.49,8.2,3.37
14-Sep-15,8.22,8.22,8.27,8.1,2.98
15-Sep-15,8.43,8.31,8.5,8.29,2.1
16-Sep-15,8.88,8.64,8.97,8.61,5.54
17-Sep-15,8.8,8.9,9.01,8.74,2.67
18-Sep-15,8.49,8.54,8.63,8.3,4.1
21-Sep-15,8.71,8.67,8.79,8.55,1.9
22-Sep-15,8.63,8.53,8.68,8.49,2.25
23-Sep-15,8.37,8.73,8.81,8.27,4.01
24-Sep-15,8.4,8.25,8.43,8.22,2.8
25-Sep-15,8.44,8.57,8.65,8.4,1.99
28-Sep-15,8.29,8.31,8.41,8.22,1.78
29-Sep-15,8.34,8.37,8.47,8.31,1.44
30-Sep-15,8.46,8.36,8.5,8.29,1.83
1-Oct-15,8.41,8.75,8.76,8.29,2.93
2-Oct-15,8.5,8.25,8.56,8.19,2.8
5-Oct-15,8.65,8.69,8.74,8.58,4.44
6-Oct-15,9.1,8.75,9.13,8.71,7.14
7-Oct-15,8.99,9.24,9.31,8.9,4.12
8-Oct-15,9.32,9.08,9.41,9,4.39
9-Oct-15,9.3,9.36,9.44,9.22,2.59
12-Oct-15,8.83,9.3,9.3,8.78,3.56
13-Oct-15,8.67,8.73,9.04,8.65,2.72
14-Oct-15,8.74,8.67,8.81,8.59,1.81
15-Oct-15,8.75,8.57,8.79,8.5,2.62
16-Oct-15,8.82,8.87,8.9,8.61,2.95
19-Oct-15,8.65,8.64,8.69,8.57,2.51
20-Oct-15,8.63,8.61,8.72,8.52,2.28
21-Oct-15,8.5,8.48,8.6,8.41,2.28
22-Oct-15,8.51,8.6,8.67,8.47,1.61
23-Oct-15,8.44,8.39,8.51,8.33,2.16
26-Oct-15,8.29,8.38,8.38,8.28,2.32
27-Oct-15,8.17,8.1,8.19,8.03,2.81
28-Oct-15,8.57,8.25,8.7,8.22,4.03
29-Oct-15,8.5,8.59,8.67,8.47,1.72
30-Oct-15,8.59,8.57,8.74,8.47,2.13
2-Nov-15,8.56,8.59,8.68,8.51,1.13
3-Nov-15,8.84,8.74,8.95,8.64,2.99
4-Nov-15,8.67,8.8,8.83,8.54,2.06
5-Nov-15,8.53,8.55,8.68,8.47,1.31
6-Nov-15,8.41,8.4,8.47,8.32,2
9-Nov-15,8.32,8.34,8.42,8.24,1.68
10-Nov-15,8.27,8.27,8.42,8.26,1.33
11-Nov-15,8.1,8.28,8.3,8.02,3.24
12-Nov-15,7.86,7.9,8.03,7.82,5.77
13-Nov-15,7.64,7.75,7.77,7.53,4.88
16-Nov-15,7.86,7.61,7.89,7.48,4.37
17-Nov-15,7.63,7.71,7.75,7.57,3.13
18-Nov-15,7.61,7.68,7.73,7.48,2.98
19-Nov-15,7.56,7.56,7.63,7.5,6.77
20-Nov-15,7.54,7.55,7.75,7.49,6.73
23-Nov-15,7.59,7.5,7.75,7.49,3.79
24-Nov-15,7.79,7.81,7.9,7.66,2.92
25-Nov-15,7.82,7.67,7.84,7.58,1.82
27-Nov-15,7.63,7.65,7.67,7.61,925.73
30-Nov-15,7.52,7.71,7.73,7.5,2.14
1-Dec-15,7.49,7.51,7.62,7.45,2.19
2-Dec-15,7.24,7.4,7.57,7.17,3.53
3-Dec-15,7.43,7.32,7.55,7.23,2.85
4-Dec-15,7.22,7.22,7.3,7.14,2.7
7-Dec-15,6.73,6.93,6.96,6.66,9.46
8-Dec-15,6.71,6.6,6.9,6.55,5.79
9-Dec-15,6.64,6.78,6.98,6.54,4.59
10-Dec-15,6.5,6.53,6.62,6.46,4.39
11-Dec-15,6.4,6.44,6.46,6.33,5.94
14-Dec-15,6.39,6.31,6.48,6.26,4.58
15-Dec-15,6.51,6.47,6.66,6.4,4.04
16-Dec-15,6.26,6.4,6.45,6.17,5.03
17-Dec-15,6.14,6.21,6.22,6.11,3.24
18-Dec-15,6.12,6.15,6.25,6.07,4.72
21-Dec-15,6.08,6.05,6.1,6.01,2.97
22-Dec-15,6.19,6.04,6.22,6.04,3.46
23-Dec-15,6.51,6.34,6.55,6.31,5.37
24-Dec-15,6.51,6.53,6.54,6.46,997.59
28-Dec-15,6.35,6.38,6.39,6.28,3.28
29-Dec-15,6.48,6.46,6.55,6.44,2.47
30-Dec-15,6.25,6.3,6.34,6.21,2.49
31-Dec-15,6.23,6.2,6.43,6.17,3.01
4-Jan-16,6.26,6.41,6.52,6.12,3.77
5-Jan-16,6.12,6.12,6.17,6.07,3.22
6-Jan-16,5.88,5.92,6,5.79,7.62
7-Jan-16,5.78,5.75,5.88,5.71,6.22
8-Jan-16,5.67,5.79,5.8,5.64,4.85
11-Jan-16,5.35,5.61,5.63,5.3,6.17
12-Jan-16,5.4,5.48,5.48,5.13,8.05
13-Jan-16,5.31,5.5,5.54,5.25,6.99
14-Jan-16,5.49,5.41,5.6,5.33,3.95
15-Jan-16,5.61,5.24,5.72,5.21,8.12
19-Jan-16,5.58,5.6,5.61,5.42,4.42
20-Jan-16,5.51,5.5,5.64,5.31,6.92
21-Jan-16,4.57,5.42,5.42,4.47,37.06
22-Jan-16,4.83,4.82,4.85,4.59,11.88
25-Jan-16,4.51,4.62,4.78,4.49,5.82
26-Jan-16,4.66,4.65,4.91,4.61,4.92
27-Jan-16,4.79,4.68,5,4.66,6.89
28-Jan-16,5.09,5.15,5.17,4.91,5.49
29-Jan-16,5.12,5.18,5.22,4.94,2.57
1-Feb-16,4.86,4.93,4.97,4.8,3.45
2-Feb-16,4.64,4.64,4.75,4.55,3.92
3-Feb-16,4.98,4.8,5.05,4.65,6.13
4-Feb-16,4.89,5.14,5.2,4.83,3.16
5-Feb-16,4.81,4.82,4.94,4.73,2.98
8-Feb-16,4.71,4.69,4.79,4.61,3.32
9-Feb-16,4.51,4.64,4.69,4.44,4.9
10-Feb-16,4.46,4.42,4.62,4.4,3.28
11-Feb-16,4.48,4.4,4.55,4.3,4.96
12-Feb-16,4.54,4.59,4.66,4.49,2.92
16-Feb-16,4.6,4.73,4.73,4.5,2.82
17-Feb-16,4.84,4.6,4.85,4.53,4.75
18-Feb-16,4.69,4.97,4.99,4.61,3.78
19-Feb-16,4.63,4.53,4.65,4.53,2.9
22-Feb-16,4.79,4.81,4.85,4.75,1.82
23-Feb-16,4.62,4.71,4.71,4.57,3.04
24-Feb-16,4.77,4.48,4.81,4.45,4.48
25-Feb-16,4.81,4.72,4.88,4.58,1.81
26-Feb-16,4.74,4.95,4.96,4.66,3.99
29-Feb-16,4.82,4.83,4.86,4.73,2.46
1-Mar-16,4.91,4.82,4.98,4.76,2.29
2-Mar-16,4.98,4.85,5,4.83,3.78
3-Mar-16,4.97,4.9,5.07,4.88,2.69
4-Mar-16,5.17,5.04,5.18,4.98,3.95
7-Mar-16,5.44,5.22,5.51,5.22,6.41
8-Mar-16,5.27,5.39,5.39,5.19,4.46
9-Mar-16,5.43,5.41,5.52,5.36,3.94
10-Mar-16,5.4,5.39,5.44,5.27,1.82
11-Mar-16,5.48,5.51,5.58,5.41,3.93
14-Mar-16,5.4,5.31,5.43,5.26,3.81
15-Mar-16,5.25,5.3,5.31,5.2,2.71
16-Mar-16,5.46,5.38,5.52,5.38,2.74
17-Mar-16,5.64,5.58,5.7,5.57,3.73
18-Mar-16,5.66,5.76,5.85,5.62,2.98
21-Mar-16,5.69,5.63,5.69,5.55,3.21
22-Mar-16,5.66,5.6,5.72,5.56,2.42
23-Mar-16,5.36,5.55,5.57,5.36,2.43
24-Mar-16,5.3,5.16,5.33,5.13,3.29
28-Mar-16,5.27,5.28,5.31,5.19,1.14
29-Mar-16,5.17,5.09,5.17,5.05,1.81
30-Mar-16,5.12,5.27,5.36,5.09,1.65
31-Mar-16,5.12,5.09,5.25,5.08,1.63
1-Apr-16,4.95,4.95,5.02,4.93,2.66
4-Apr-16,4.87,4.94,5.03,4.85,3.51
5-Apr-16,4.88,4.83,4.92,4.79,2.25
6-Apr-16,5.17,5.03,5.19,4.99,2.74
7-Apr-16,5.1,5.12,5.15,5,1.54
8-Apr-16,5.3,5.39,5.41,5.25,5
11-Apr-16,5.38,5.41,5.48,5.33,4.29
12-Apr-16,5.62,5.45,5.68,5.42,4.29
13-Apr-16,5.62,5.6,5.73,5.54,3.53
14-Apr-16,5.62,5.65,5.72,5.57,1.85
15-Apr-16,5.47,5.49,5.5,5.38,2.59
18-Apr-16,5.35,5.13,5.41,5.11,3.6
19-Apr-16,5.5,5.4,5.57,5.39,3.26
20-Apr-16,5.71,5.4,5.8,5.36,4.06
21-Apr-16,5.68,5.69,5.75,5.63,2.5
22-Apr-16,5.73,5.71,5.82,5.7,2.09
25-Apr-16,5.59,5.75,5.78,5.55,1.85
26-Apr-16,5.76,5.68,5.79,5.64,1.58
27-Apr-16,5.96,5.89,6,5.71,4.01
28-Apr-16,6.01,5.97,6.09,5.94,2.45
29-Apr-16,6.05,6.14,6.21,5.96,6.59
2-May-16,5.87,6.01,6.01,5.82,1.72
3-May-16,5.67,5.76,5.76,5.62,3.1
4-May-16,5.7,5.77,5.86,5.59,1.99
5-May-16,5.77,5.99,6,5.71,2.26
6-May-16,5.8,5.7,5.93,5.69,1.4
9-May-16,5.64,5.77,5.78,5.62,2.62
10-May-16,5.84,5.7,5.85,5.68,1.9
11-May-16,6.07,5.77,6.13,5.75,4.23
12-May-16,6.15,6.2,6.21,6.02,3.08
13-May-16,6.09,6.07,6.13,6.04,1.37
16-May-16,6.37,6.31,6.39,6.27,3.56
17-May-16,6.46,6.37,6.47,6.33,2.54
18-May-16,6.33,6.42,6.52,6.32,2.39
19-May-16,6.37,6.22,6.38,6.14,2.16
20-May-16,6.32,6.38,6.43,6.26,1.78
23-May-16,6.29,6.18,6.3,6.16,1.36
24-May-16,6.4,6.3,6.42,6.28,2.02
25-May-16,6.56,6.48,6.57,6.39,2.52
26-May-16,6.49,6.61,6.62,6.48,1.84
27-May-16,6.52,6.42,6.53,6.39,1.14
31-May-16,6.43,6.52,6.63,6.41,2.67
1-Jun-16,6.5,6.3,6.5,6.25,2.21
2-Jun-16,6.46,6.32,6.52,6.31,2.45
3-Jun-16,6.43,6.46,6.47,6.35,1.49
6-Jun-16,6.56,6.56,6.6,6.47,2.18
7-Jun-16,6.69,6.6,6.7,6.59,2.22
8-Jun-16,6.84,6.77,6.85,6.72,3
9-Jun-16,6.73,6.69,6.77,6.68,2.05
10-Jun-16,6.46,6.58,6.62,6.44,2.14
13-Jun-16,6.38,6.34,6.5,6.34,1.67
14-Jun-16,6.35,6.35,6.4,6.31,1.44
15-Jun-16,6.18,6.25,6.39,6.15,2.53
16-Jun-16,5.95,6.14,6.14,5.92,4.07
17-Jun-16,6.3,6.17,6.31,6.13,2.29
20-Jun-16,6.47,6.42,6.5,6.37,2.5
21-Jun-16,6.47,6.39,6.5,6.33,1.9
22-Jun-16,6.38,6.54,6.57,6.25,2.24
23-Jun-16,6.52,6.49,6.54,6.39,1.75
24-Jun-16,6.16,6.12,6.26,6.1,4.25
27-Jun-16,6,6.03,6.04,5.85,2.65
28-Jun-16,6.2,6.16,6.2,6.03,2.89
29-Jun-16,6.41,6.26,6.53,6.24,3.08
30-Jun-16,6.25,6.33,6.41,6.22,2.15
1-Jul-16,6.38,6.21,6.39,6.2,1.88
5-Jul-16,6.04,6.11,6.13,5.95,3.58
6-Jul-16,6.13,5.94,6.19,5.91,2.93
7-Jul-16,5.87,6.24,6.25,5.81,5.8
8-Jul-16,5.86,5.96,5.97,5.8,3.2
11-Jul-16,5.77,5.92,5.95,5.76,2.38
12-Jul-16,6.04,6,6.09,5.88,3.61
13-Jul-16,5.84,5.96,6.02,5.77,3.44
14-Jul-16,5.89,5.9,5.95,5.83,1.4
15-Jul-16,5.93,5.95,6,5.87,1.51
18-Jul-16,5.85,5.8,5.88,5.78,2.08
19-Jul-16,5.79,5.85,5.87,5.78,1.55
20-Jul-16,5.79,5.71,5.88,5.67,2.44
21-Jul-16,5.67,5.77,5.83,5.66,1.69
22-Jul-16,5.65,5.66,5.67,5.54,3.45
25-Jul-16,5.46,5.48,5.51,5.41,2.79
26-Jul-16,5.38,5.4,5.46,5.37,3.07
27-Jul-16,5.31,5.4,5.44,5.22,3.81
28-Jul-16,5.15,5.27,5.3,5.14,2.53
29-Jul-16,5.23,5.1,5.25,5.07,3.38
1-Aug-16,4.97,5.12,5.13,4.97,5.06
2-Aug-16,4.96,5.08,5.11,4.88,4.5
3-Aug-16,5.13,4.98,5.17,4.88,6.36
4-Aug-16,5.26,5.1,5.31,5.06,3.22
5-Aug-16,5.3,5.26,5.3,5.15,2.06
8-Aug-16,5.43,5.42,5.52,5.4,2.7
9-Aug-16,5.41,5.5,5.53,5.37,1.87
10-Aug-16,5.21,5.43,5.49,5.2,3.07
11-Aug-16,5.46,5.28,5.54,5.25,3.92
12-Aug-16,5.62,5.54,5.63,5.5,3.22
15-Aug-16,5.79,5.71,5.8,5.67,2.64
16-Aug-16,5.85,5.79,5.86,5.73,3.07
17-Aug-16,5.88,5.83,5.9,5.72,3.18
18-Aug-16,6.08,5.94,6.11,5.94,4.11
19-Aug-16,6.08,6.09,6.11,6.02,2.84
22-Aug-16,5.88,5.93,5.97,5.87,2.67
23-Aug-16,5.94,5.78,6,5.75,2.68
24-Aug-16,5.78,5.85,5.9,5.73,2.76
25-Aug-16,5.85,5.76,5.89,5.75,1.35
26-Aug-16,5.86,5.85,6.03,5.79,1.68
29-Aug-16,5.82,5.78,5.87,5.77,897.8
30-Aug-16,5.75,5.86,5.89,5.7,1.63
31-Aug-16,5.53,5.66,5.69,5.48,2.92
1-Sep-16,5.36,5.41,5.46,5.28,3.64
2-Sep-16,5.45,5.44,5.53,5.4,1.81
6-Sep-16,5.53,5.45,5.57,5.41,1.58
7-Sep-16,5.63,5.57,5.65,5.5,1.5
8-Sep-16,5.9,5.78,5.95,5.67,4.65
9-Sep-16,5.66,5.79,5.81,5.64,3.18
12-Sep-16,5.69,5.52,5.75,5.5,1.59
13-Sep-16,5.52,5.59,5.63,5.49,3.49
14-Sep-16,5.38,5.45,5.55,5.33,4.63
15-Sep-16,5.42,5.41,5.5,5.33,3.53
16-Sep-16,5.32,5.3,5.42,5.28,3.52
19-Sep-16,5.33,5.34,5.47,5.32,2.6
20-Sep-16,5.39,5.27,5.43,5.24,3.26
21-Sep-16,5.57,5.49,5.59,5.47,3.55
22-Sep-16,5.64,5.68,5.71,5.62,2.98
23-Sep-16,5.44,5.64,5.68,5.36,3.64
26-Sep-16,5.54,5.52,5.63,5.5,2.74
27-Sep-16,5.4,5.42,5.48,5.33,3.31
28-Sep-16,5.67,5.49,5.79,5.36,5.68
29-Sep-16,5.76,5.75,5.88,5.7,3.9
30-Sep-16,5.83,5.85,5.87,5.78,3.38
3-Oct-16,5.95,5.87,5.99,5.83,2.83
4-Oct-16,5.92,5.99,6,5.9,2.83
5-Oct-16,6.1,6.07,6.12,6.01,4.45
6-Oct-16,6.22,6.17,6.22,6.12,3.54
7-Oct-16,6.06,6.19,6.2,6.04,2.88
10-Oct-16,6.29,6.2,6.37,6.2,4.04
11-Oct-16,6.23,6.31,6.35,6.17,4.41
12-Oct-16,6.16,6.15,6.18,6.1,1.69
13-Oct-16,6.18,6.13,6.2,6.02,3.32
14-Oct-16,6.18,6.19,6.2,6.1,1.7
17-Oct-16,6.13,6.14,6.17,6.05,917.42
18-Oct-16,6.18,6.2,6.2,6.09,958.23
19-Oct-16,6.31,6.25,6.41,6.25,3.23
20-Oct-16,6.18,6.19,6.25,6.15,3.07
21-Oct-16,6.23,6.18,6.23,6.12,876.66
24-Oct-16,6.19,6.11,6.19,6.03,1.45
25-Oct-16,6.06,6.13,6.17,6.04,1.82
26-Oct-16,5.96,5.95,6.11,5.9,2.6
27-Oct-16,6.03,6.03,6.08,5.99,998.76
28-Oct-16,5.9,5.96,6.03,5.85,1.71
31-Oct-16,5.6,5.8,5.82,5.6,4.14
1-Nov-16,5.63,5.68,5.7,5.54,1.63
2-Nov-16,5.45,5.51,5.55,5.37,3.24
3-Nov-16,5.31,5.45,5.46,5.3,4.48
4-Nov-16,5.29,5.3,5.38,5.22,3.6
7-Nov-16,5.41,5.37,5.41,5.29,1.9
8-Nov-16,5.41,5.37,5.48,5.35,2.16
9-Nov-16,5.52,5.42,5.58,5.37,2.76
10-Nov-16,5.37,5.39,5.47,5.36,1.99
11-Nov-16,5.22,5.27,5.28,5.2,3.62
14-Nov-16,5.26,5.22,5.29,5.1,4.14
15-Nov-16,5.55,5.41,5.58,5.4,3.52
16-Nov-16,5.47,5.49,5.63,5.43,2.5
17-Nov-16,5.39,5.57,5.62,5.38,2.91
18-Nov-16,5.54,5.47,5.57,5.41,3
21-Nov-16,5.79,5.74,5.85,5.72,3.16
22-Nov-16,5.71,5.78,5.83,5.62,2.01
23-Nov-16,5.72,5.66,5.82,5.65,3.4
25-Nov-16,5.56,5.63,5.64,5.5,1.38
28-Nov-16,5.55,5.6,5.69,5.53,2.28
29-Nov-16,5.39,5.37,5.45,5.33,3.09
30-Nov-16,5.82,5.72,5.94,5.71,8.28
1-Dec-16,6.08,6.08,6.22,6.04,7.83
2-Dec-16,6.19,6.15,6.2,6.09,3.5
5-Dec-16,6.11,6.28,6.29,6.08,3.5
6-Dec-16,6.06,6.02,6.1,5.98,3.57
7-Dec-16,5.95,5.98,6.03,5.92,2.14
8-Dec-16,6.07,5.99,6.1,5.92,3.59
9-Dec-16,6.17,6.17,6.18,6.13,2.57
12-Dec-16,6.27,6.47,6.49,6.24,7.48
13-Dec-16,6.34,6.39,6.41,6.28,2.68
14-Dec-16,6.07,6.26,6.35,6.06,3.58
15-Dec-16,6.12,6,6.18,5.98,2.2
16-Dec-16,6.23,6.16,6.25,6.14,2.18
19-Dec-16,6.22,6.2,6.29,6.19,1.67
20-Dec-16,6.28,6.32,6.36,6.26,1.77
21-Dec-16,6.15,6.32,6.32,6.13,1.47
22-Dec-16,6.16,6.19,6.26,6.16,1.12
23-Dec-16,6.22,6.16,6.24,6.16,1.1
27-Dec-16,6.35,6.3,6.38,6.29,1.98
28-Dec-16,6.36,6.38,6.43,6.35,2.13
29-Dec-16,6.33,6.36,6.39,6.32,1.53
30-Dec-16,6.33,6.29,6.34,6.29,1.33
3-Jan-17,6.15,6.52,6.53,6.1,4.97
4-Jan-17,6.25,6.14,6.28,6.1,1.92
5-Jan-17,6.33,6.32,6.39,6.19,1.98
6-Jan-17,6.32,6.36,6.41,6.28,1.18
9-Jan-17,6.06,6.22,6.22,6.05,3.13
10-Jan-17,5.94,6.1,6.11,5.93,3.31
11-Jan-17,6.14,6.04,6.21,5.94,3.38
12-Jan-17,6.22,6.29,6.3,6.2,2.35
13-Jan-17,6.15,6.16,6.22,6.12,1.31
17-Jan-17,6.13,6.27,6.28,6.13,1.81
18-Jan-17,6.01,5.99,6.12,5.95,3.97
19-Jan-17,6.01,6.06,6.09,5.96,2.24
20-Jan-17,6.12,6.17,6.2,6.12,2.82
23-Jan-17,6.08,6,6.12,6,1.38
24-Jan-17,6.11,6.11,6.19,6.1,2.61
25-Jan-17,6.09,6.04,6.17,6.04,2
26-Jan-17,6.22,6.16,6.25,6.15,3.86
27-Jan-17,6.14,6.15,6.16,6.05,2.19
30-Jan-17,6.09,6.1,6.1,6.04,2.22
31-Jan-17,6.06,6.13,6.19,6.06,2.83
1-Feb-17,6.18,6.14,6.21,6.08,3.83
2-Feb-17,6.2,6.24,6.25,6.14,2.63
3-Feb-17,6.21,6.16,6.26,6.16,2.31
6-Feb-17,6.11,6.19,6.21,6.08,2.2
7-Feb-17,6.03,6,6.04,5.98,5.35
8-Feb-17,6.03,5.97,6.08,5.92,2.2
9-Feb-17,6.1,6.12,6.13,6.05,2.2
10-Feb-17,6.19,6.21,6.23,6.17,4.98
13-Feb-17,6.09,6.11,6.12,6.06,2.65
14-Feb-17,6.12,6.17,6.18,6.09,2.35
15-Feb-17,6.1,6.07,6.15,6.07,2.17
16-Feb-17,6.14,6.14,6.15,6.04,2.28
17-Feb-17,6.12,6.07,6.13,6.06,1.33
21-Feb-17,6.2,6.27,6.28,6.19,4.79
22-Feb-17,6.1,6.1,6.11,6.07,2.78
23-Feb-17,6.2,6.24,6.27,6.18,3.21
24-Feb-17,6.15,6.14,6.19,6.13,933.43
27-Feb-17,6.16,6.21,6.22,6.14,1.63
28-Feb-17,6.14,6.08,6.15,6.04,3.89
1-Mar-17,6.1,6.18,6.2,6.1,2.42
2-Mar-17,5.98,6,6.05,5.96,5.62
3-Mar-17,6.05,5.99,6.06,5.98,1.48
6-Mar-17,6.05,6.07,6.09,6.02,1.25
7-Mar-17,6.02,6.1,6.11,6.02,947.63
8-Mar-17,5.61,5.93,5.99,5.58,7.13
9-Mar-17,5.52,5.53,5.56,5.37,6.35
10-Mar-17,5.35,5.52,5.52,5.33,3.42
13-Mar-17,5.34,5.33,5.38,5.3,2.11
14-Mar-17,5.27,5.23,5.29,5.16,3.59
15-Mar-17,5.39,5.36,5.42,5.31,2.31
16-Mar-17,5.39,5.41,5.41,5.31,4.45
17-Mar-17,5.37,5.43,5.43,5.35,843.32
20-Mar-17,5.32,5.3,5.38,5.28,1.02
21-Mar-17,5.22,5.34,5.36,5.18,1.89
22-Mar-17,5.22,5.16,5.23,5.06,3
23-Mar-17,5.14,5.17,5.18,5.12,1.37
24-Mar-17,5.2,5.16,5.2,5.12,1.14
27-Mar-17,5.16,5.09,5.16,5.05,1.67
28-Mar-17,5.21,5.22,5.3,5.2,2.29
29-Mar-17,5.39,5.24,5.4,5.24,2.57
30-Mar-17,5.54,5.45,5.56,5.43,3.99
31-Mar-17,5.58,5.49,5.6,5.49,1.21
3-Apr-17,5.52,5.57,5.57,5.49,844.45
4-Apr-17,5.62,5.56,5.65,5.54,1.51
5-Apr-17,5.6,5.71,5.75,5.58,2.22
6-Apr-17,5.72,5.69,5.73,5.68,2.28
7-Apr-17,5.79,5.73,5.8,5.73,1.56
10-Apr-17,5.91,5.87,5.92,5.85,2.07
11-Apr-17,5.93,5.91,5.96,5.85,2.77
12-Apr-17,5.89,5.98,6,5.87,1.52
13-Apr-17,5.92,5.94,5.96,5.89,1.79
17-Apr-17,5.85,5.91,5.92,5.84,1.03
18-Apr-17,5.85,5.81,5.88,5.77,1.54
19-Apr-17,5.55,5.84,5.85,5.48,3.04
20-Apr-17,5.48,5.52,5.58,5.47,1.73
21-Apr-17,5.33,5.48,5.49,5.28,2.52
24-Apr-17,5.28,5.31,5.32,5.26,1.32
25-Apr-17,5.37,5.27,5.38,5.24,1.91
26-Apr-17,5.31,5.28,5.43,5.26,1.89
27-Apr-17,5.3,5.21,5.3,5.14,3.24
28-Apr-17,5.29,5.31,5.35,5.24,2.16
1-May-17,5.23,5.26,5.27,5.21,1.12
2-May-17,5.07,5.23,5.24,5.04,3.38
3-May-17,5.1,5.09,5.14,5.03,2.44
4-May-17,4.82,4.97,4.98,4.77,10.79
5-May-17,4.94,4.81,4.97,4.81,3.95
8-May-17,4.95,4.95,5,4.86,2.12
9-May-17,4.92,4.93,4.97,4.85,2.43
10-May-17,5.11,5,5.15,4.98,3.85
11-May-17,5.17,5.19,5.22,5.13,3.01
12-May-17,5.18,5.19,5.2,5.11,1.04
15-May-17,5.28,5.38,5.38,5.25,2.25
16-May-17,5.24,5.32,5.34,5.23,1.28
17-May-17,5.26,5.3,5.36,5.22,2.94
18-May-17,5.28,5.21,5.34,5.2,6.56
19-May-17,5.46,5.39,5.46,5.38,3.07
22-May-17,5.49,5.5,5.54,5.47,1.92
23-May-17,5.56,5.52,5.57,5.49,1.77
24-May-17,5.54,5.55,5.61,5.5,2.67
25-May-17,5.16,5.47,5.52,5.12,6.58
26-May-17,5.3,5.21,5.32,5.19,2.15
30-May-17,5.27,5.25,5.32,5.21,1.77
31-May-17,5.1,5.11,5.16,5.03,2.25
1-Jun-17,5.06,5.11,5.22,5.06,2.92
2-Jun-17,5.04,5,5.08,4.94,2.79
5-Jun-17,5,4.94,5.01,4.92,3.41
6-Jun-17,5.12,4.97,5.13,4.96,3.07
7-Jun-17,4.82,5.03,5.05,4.81,11.47
8-Jun-17,4.83,4.79,4.88,4.77,4.5
9-Jun-17,4.86,4.84,4.9,4.82,2.16
12-Jun-17,4.87,4.93,4.97,4.87,2.74
13-Jun-17,4.92,4.87,4.93,4.8,2.93
14-Jun-17,4.73,4.88,4.92,4.68,6.22
15-Jun-17,4.7,4.7,4.72,4.68,2.73
16-Jun-17,4.76,4.74,4.76,4.71,2.84
19-Jun-17,4.69,4.77,4.79,4.67,3.02
20-Jun-17,4.67,4.58,4.67,4.54,4.53
21-Jun-17,4.53,4.68,4.76,4.48,5.2
22-Jun-17,4.47,4.57,4.62,4.46,5.45
23-Jun-17,4.5,4.48,4.54,4.45,2.62
26-Jun-17,4.56,4.52,4.57,4.46,2.53
27-Jun-17,4.67,4.58,4.68,4.57,2.52
28-Jun-17,4.71,4.65,4.73,4.6,2.36
29-Jun-17,4.71,4.75,4.8,4.69,5.22
30-Jun-17,4.86,4.77,4.86,4.74,2.29
3-Jul-17,4.9,4.89,4.93,4.88,1.98
5-Jul-17,4.71,4.89,4.89,4.68,6.44
6-Jul-17,4.67,4.81,4.88,4.66,6.68
7-Jul-17,4.59,4.6,4.61,4.5,4.31
10-Jul-17,4.61,4.54,4.65,4.53,1.55
11-Jul-17,4.68,4.58,4.71,4.57,2.09
12-Jul-17,4.7,4.83,4.85,4.67,4.39
13-Jul-17,4.79,4.73,4.83,4.73,2.22
14-Jul-17,4.88,4.83,4.89,4.82,2.26
17-Jul-17,4.77,4.85,4.89,4.77,1.52
18-Jul-17,4.84,4.87,4.88,4.78,1.47
19-Jul-17,4.92,4.84,4.94,4.84,2.49
20-Jul-17,4.92,4.97,4.99,4.87,4.59
21-Jul-17,4.75,4.89,4.89,4.73,1.94
24-Jul-17,4.82,4.83,4.85,4.81,1.01
25-Jul-17,4.99,4.94,5,4.9,3.75
26-Jul-17,5.08,5.05,5.12,4.98,6.61
27-Jul-17,5.15,5.12,5.18,5.07,4.42
28-Jul-17,5.23,5.18,5.26,5.17,4.17
31-Jul-17,5.33,5.22,5.34,5.17,3.78
1-Aug-17,5.17,5.25,5.27,5.06,2.6
2-Aug-17,5.22,5.17,5.25,5.1,1.64
3-Aug-17,5.13,5.26,5.28,5.12,3.49
4-Aug-17,5.2,5.14,5.24,5.1,1.94
7-Aug-17,5.2,5.14,5.21,5.08,1.89
8-Aug-17,5.17,5.14,5.24,5.13,1.54
9-Aug-17,5.23,5.21,5.23,5.15,1.87
10-Aug-17,5.09,5.29,5.3,5.08,3.59
11-Aug-17,5.13,5.05,5.15,5.01,1.3
14-Aug-17,4.94,5.11,5.17,4.94,2.24
15-Aug-17,4.97,4.9,4.98,4.88,1.29
16-Aug-17,4.86,4.99,5.02,4.85,2.24
17-Aug-17,4.85,4.84,4.91,4.82,4.22
18-Aug-17,5.09,4.87,5.1,4.83,2.41
21-Aug-17,4.93,5.03,5.05,4.88,1.78
22-Aug-17,4.96,4.96,5.01,4.92,1.46
23-Aug-17,5.03,4.94,5.04,4.93,1.65
24-Aug-17,4.94,4.96,4.97,4.85,2.41
25-Aug-17,4.96,4.92,4.97,4.9,1.25
28-Aug-17,4.83,4.91,4.92,4.74,4.43
29-Aug-17,4.79,4.79,4.81,4.7,3.09
30-Aug-17,4.72,4.75,4.82,4.71,2.56
31-Aug-17,4.86,4.8,4.91,4.79,3.7
1-Sep-17,4.9,4.86,4.9,4.8,1.3
5-Sep-17,5.07,5.06,5.12,5.04,4.11
6-Sep-17,5.14,5.14,5.18,5.09,2.08
7-Sep-17,5.16,5.11,5.17,5.09,3.17
8-Sep-17,4.93,5.14,5.14,4.89,2.19
11-Sep-17,4.99,4.9,5.03,4.87,1.8
12-Sep-17,5.03,5.01,5.05,4.99,961.14
13-Sep-17,5.17,5.07,5.17,5.06,3.47
14-Sep-17,5.21,5.24,5.31,5.2,6.44
15-Sep-17,5.26,5.25,5.27,5.22,2.19
18-Sep-17,5.24,5.21,5.26,5.14,1.83
19-Sep-17,5.18,5.26,5.28,5.15,1.38
20-Sep-17,5.28,5.24,5.34,5.22,4.09
21-Sep-17,5.29,5.24,5.29,5.2,1.23
22-Sep-17,5.28,5.26,5.28,5.23,892.53
25-Sep-17,5.5,5.34,5.5,5.34,4.96
26-Sep-17,5.44,5.42,5.46,5.38,1.84
27-Sep-17,5.47,5.47,5.49,5.4,4.98
28-Sep-17,5.39,5.53,5.55,5.34,4.54
29-Sep-17,5.38,5.37,5.42,5.35,740.59
2-Oct-17,5.24,5.22,5.27,5.18,2.07
3-Oct-17,5.23,5.24,5.28,5.21,653.45
4-Oct-17,5.16,5.23,5.27,5.14,1.81
5-Oct-17,5.28,5.19,5.34,5.19,2.26
6-Oct-17,5.08,5.12,5.12,5.05,3.92
9-Oct-17,5.11,5.12,5.14,5.08,1.06
10-Oct-17,5.3,5.25,5.32,5.23,2.82
11-Oct-17,5.34,5.31,5.36,5.25,1.65
12-Oct-17,5.26,5.22,5.29,5.2,2.73
13-Oct-17,5.35,5.36,5.38,5.3,2.24
16-Oct-17,5.42,5.46,5.47,5.39,2.07
17-Oct-17,5.43,5.43,5.47,5.33,2.32
18-Oct-17,5.42,5.46,5.48,5.39,1.57
19-Oct-17,5.35,5.34,5.39,5.33,1.6
20-Oct-17,5.39,5.29,5.4,5.29,873.33
23-Oct-17,5.39,5.42,5.44,5.36,1.25
24-Oct-17,5.46,5.43,5.48,5.37,1.53
25-Oct-17,5.43,5.44,5.46,5.38,1.45
26-Oct-17,5.5,5.41,5.5,5.39,2.98
27-Oct-17,5.69,5.5,5.69,5.48,4.78
30-Oct-17,5.71,5.73,5.75,5.66,3.36
31-Oct-17,5.74,5.69,5.77,5.68,1.64
1-Nov-17,5.72,5.82,5.84,5.68,2.13
2-Nov-17,5.8,5.73,5.81,5.71,2.81
3-Nov-17,5.92,5.8,5.94,5.75,4.85
6-Nov-17,6.18,5.94,6.21,5.93,5.77
7-Nov-17,6.15,6.15,6.19,6.11,2.37
8-Nov-17,6.09,6.12,6.25,6.04,3.83
9-Nov-17,6.13,6.11,6.2,6.09,3.28
10-Nov-17,6.11,6.15,6.18,6.07,2.5
13-Nov-17,6.09,6.11,6.14,6.03,2.6
14-Nov-17,5.9,6.06,6.06,5.86,3.41
15-Nov-17,5.86,5.85,5.92,5.82,1.88
16-Nov-17,5.86,5.85,5.92,5.82,2.1
17-Nov-17,6.05,5.95,6.06,5.95,1.65
20-Nov-17,6,5.99,6.01,5.92,1.04
21-Nov-17,6.08,6.01,6.12,6.01,1.45
22-Nov-17,6.23,6.2,6.25,6.14,3.11
24-Nov-17,6.36,6.33,6.37,6.3,1.33
27-Nov-17,6.22,6.27,6.28,6.17,1.3
28-Nov-17,6.22,6.2,6.25,6.19,1.05
29-Nov-17,6.15,6.21,6.28,6.06,1.81
30-Nov-17,6.13,6.2,6.22,6.07,2.43
1-Dec-17,6.27,6.27,6.37,6.24,1.79
4-Dec-17,6.16,6.2,6.22,6.14,920.87
5-Dec-17,6.18,6.14,6.22,6.13,790.24
6-Dec-17,5.94,6.1,6.1,5.94,2.15
7-Dec-17,6.03,6,6.06,5.99,836.27
8-Dec-17,6.14,6.17,6.2,6.09,2.46
11-Dec-17,6.23,6.18,6.24,6.15,1.31
12-Dec-17,6.12,6.25,6.26,6.07,1.24
13-Dec-17,6.03,6.13,6.14,6.02,1.26
14-Dec-17,6.1,5.96,6.12,5.95,1.46
15-Dec-17,6.14,6.14,6.15,6.09,800.41
18-Dec-17,6.12,6.17,6.18,6.07,1.19
19-Dec-17,6.16,6.14,6.17,6.13,693.26
20-Dec-17,6.23,6.19,6.25,6.16,1.74
21-Dec-17,6.27,6.18,6.28,6.17,2.46
22-Dec-17,6.28,6.22,6.3,6.21,1.76
26-Dec-17,6.49,6.33,6.52,6.32,2.98
27-Dec-17,6.46,6.47,6.49,6.43,1.3
28-Dec-17,6.5,6.46,6.51,6.44,1.7
29-Dec-17,6.54,6.53,6.59,6.51,1.59
2-Jan-18,6.58,6.58,6.6,6.54,1.5
3-Jan-18,6.77,6.65,6.78,6.65,2.32
4-Jan-18,6.8,6.77,6.83,6.75,2.03
5-Jan-18,6.75,6.72,6.77,6.68,1.12
8-Jan-18,6.79,6.75,6.8,6.72,1.24
9-Jan-18,6.94,6.83,6.99,6.8,2.6
10-Jan-18,7.02,7.01,7.05,6.97,2.85
11-Jan-18,7.05,7.08,7.21,7.04,5.02
12-Jan-18,7.15,7.02,7.17,7,2.34
16-Jan-18,7.08,7.11,7.15,7.02,2.59
17-Jan-18,7.09,7.06,7.13,7.04,2.01
18-Jan-18,7.08,7.07,7.13,7.03,1.49
19-Jan-18,7.05,7.02,7.07,6.97,1.84
22-Jan-18,7.08,7.02,7.14,6.99,2.19
23-Jan-18,7.22,7.14,7.25,7.13,2.82
24-Jan-18,7.42,7.21,7.42,7.19,2.83
25-Jan-18,7.29,7.45,7.48,7.28,2.23
26-Jan-18,7.44,7.34,7.46,7.34,1.72
29-Jan-18,7.34,7.35,7.37,7.26,1.35
30-Jan-18,7.17,7.21,7.22,7.14,1.29
31-Jan-18,7.24,7.18,7.26,7.1,1.62
1-Feb-18,7.42,7.32,7.45,7.28,1.83
2-Feb-18,7.29,7.33,7.38,7.19,1.75
5-Feb-18,7.09,7.28,7.3,7.05,2.82
6-Feb-18,7.05,7.02,7.17,7.01,1.96
7-Feb-18,6.79,7.05,7.11,6.73,2.08
8-Feb-18,6.58,6.83,6.85,6.58,1.81
9-Feb-18,6.43,6.6,6.62,6.27,2.65
12-Feb-18,6.44,6.52,6.59,6.43,1.94
13-Feb-18,6.44,6.38,6.48,6.32,1.8
14-Feb-18,6.65,6.32,6.69,6.3,1.94
15-Feb-18,6.77,6.59,6.79,6.53,2
16-Feb-18,6.8,6.72,6.85,6.7,1.48
20-Feb-18,6.81,6.82,6.93,6.79,1.1
21-Feb-18,6.73,6.77,6.84,6.73,1.75
22-Feb-18,6.95,6.85,7.02,6.8,1.79
23-Feb-18,7.09,6.97,7.12,6.96,2.17
26-Feb-18,7.16,7.05,7.19,7.03,1.59
27-Feb-18,7,7.14,7.15,6.98,1.86
28-Feb-18,6.79,7.04,7.08,6.78,1.45
1-Mar-18,6.79,6.72,6.8,6.61,1.65
2-Mar-18,6.8,6.68,6.8,6.6,905
5-Mar-18,6.95,6.77,6.99,6.76,1.75
6-Mar-18,6.93,6.97,6.99,6.9,811.47
7-Mar-18,6.79,6.88,6.96,6.68,1.1
8-Mar-18,6.63,6.76,6.77,6.58,983.11
9-Mar-18,6.88,6.72,6.9,6.71,1.04
12-Mar-18,6.78,6.83,6.85,6.69,726.61
13-Mar-18,6.69,6.75,6.88,6.63,634.39
14-Mar-18,6.72,6.72,6.77,6.62,1.1
15-Mar-18,6.78,6.78,6.82,6.73,1.13
16-Mar-18,6.92,6.78,6.96,6.76,1.5
19-Mar-18,6.92,6.93,6.94,6.81,1.35
20-Mar-18,7.11,7.07,7.17,7.04,2.01
21-Mar-18,7.37,7.22,7.4,7.19,2.62
22-Mar-18,7.2,7.25,7.28,7.19,1.24
23-Mar-18,7.46,7.31,7.47,7.31,2.85
26-Mar-18,7.4,7.41,7.45,7.33,1.44
27-Mar-18,7.3,7.46,7.46,7.26,1.67
28-Mar-18,7.27,7.26,7.34,7.14,1.21
29-Mar-18,7.31,7.24,7.36,7.21,1.33
2-Apr-18,7.05,7.22,7.22,7.02,1.09
3-Apr-18,7.12,7.09,7.15,7.05,710.35
4-Apr-18,7.11,6.92,7.12,6.9,1.4
5-Apr-18,7.12,7.1,7.2,7.06,2.3
6-Apr-18,6.89,7.09,7.13,6.86,1.09
9-Apr-18,7.08,7.03,7.12,7.01,1.97
10-Apr-18,7.43,7.26,7.45,7.26,2.56
11-Apr-18,7.57,7.47,7.68,7.43,3.87
12-Apr-18,7.61,7.53,7.64,7.47,1.89
13-Apr-18,7.65,7.67,7.72,7.6,1.13
16-Apr-18,7.52,7.54,7.61,7.5,473.98
17-Apr-18,7.54,7.42,7.58,7.42,1.64
18-Apr-18,7.87,7.75,7.89,7.64,1.31
19-Apr-18,7.81,7.93,7.96,7.78,373.19
20-Apr-18,7.79,7.72,7.85,7.7,529.25
23-Apr-18,7.92,7.65,7.93,7.65,269.15
24-Apr-18,7.75,7.86,7.97,7.71,476.58
25-Apr-18,7.76,7.68,7.8,7.66,359.37
26-Apr-18,7.8,7.79,7.84,7.74,512.18
27-Apr-18,7.78,7.72,7.83,7.72,301.92
30-Apr-18,7.83,7.64,7.98,7.64,353.32
1-May-18,7.69,7.73,7.76,7.63,214.37
2-May-18,7.76,7.64,7.79,7.64,273.62
3-May-18,7.84,7.72,7.87,7.67,219.98
4-May-18,8.03,7.84,8.06,7.84,607.31
7-May-18,8.03,8.03,8.18,8,480.58
8-May-18,8.02,8.1,8.25,7.76,389
9-May-18,8.24,8.09,8.27,8.09,436.33
10-May-18,8.28,8.23,8.3,8.17,230.17
11-May-18,8.17,8.24,8.28,8.15,222.1
14-May-18,8.25,8.2,8.26,8.19,265.91
15-May-18,8.26,8.23,8.29,8.16,646.8
16-May-18,8.31,8.23,8.32,8.2,307.01
17-May-18,8.33,8.37,8.42,8.28,335.49
18-May-18,8.31,8.29,8.33,8.26,128.5
21-May-18,8.46,8.15,8.47,8.15,250.12
22-May-18,8.41,8.47,8.51,8.38,347.91
23-May-18,8.34,8.36,8.41,8.27,250.34
24-May-18,8.2,8.19,8.26,8.18,195.78
25-May-18,7.76,7.92,7.92,7.72,427.63
29-May-18,7.61,7.66,7.67,7.5,711.14
30-May-18,7.85,7.66,7.86,7.66,219.13
31-May-18,7.65,7.66,7.81,7.6,108.43
1-Jun-18,7.45,7.56,7.62,7.43,185.96
4-Jun-18,7.33,7.48,7.49,7.3,164.41
5-Jun-18,7.42,7.27,7.44,7.26,124.2
6-Jun-18,7.36,7.38,7.42,7.26,117.36
7-Jun-18,7.5,7.4,7.51,7.4,255.35
8-Jun-18,7.45,7.5,7.53,7.4,106.94
11-Jun-18,7.51,7.37,7.55,7.36,160.83
12-Jun-18,7.54,7.5,7.6,7.5,111.99
13-Jun-18,7.6,7.5,7.63,7.49,53.05
14-Jun-18,7.63,7.59,7.66,7.56,203.29
15-Jun-18,7.29,7.57,7.57,7.29,137.8
18-Jun-18,7.46,7.38,7.49,7.34,235.3
19-Jun-18,7.36,7.35,7.39,7.27,85.36
20-Jun-18,7.45,7.48,7.57,7.38,221.81
21-Jun-18,7.48,7.35,7.52,7.35,120.13
22-Jun-18,7.99,7.74,7.99,7.71,550.96
25-Jun-18,7.83,8,8,7.78,291.43
26-Jun-18,8.18,7.9,8.2,7.87,320
27-Jun-18,8.45,8.35,8.55,8.35,992.86
28-Jun-18,8.61,8.49,8.69,8.48,514.86
29-Jun-18,8.73,8.65,8.75,8.65,495.09
2-Jul-18,8.67,8.69,8.74,8.62,252.22
3-Jul-18,8.65,8.8,8.88,8.52,321.35
5-Jul-18,8.55,8.7,8.71,8.53,221.18
6-Jul-18,8.68,8.48,8.69,8.47,275.82
9-Jul-18,8.71,8.67,8.72,8.58,374.08
10-Jul-18,8.72,8.76,8.81,8.66,320.32
11-Jul-18,8.2,8.62,8.68,8.14,171.47
12-Jul-18,8.2,8.24,8.25,8.07,90.47
13-Jul-18,8.28,8.21,8.39,8.21,33.18
16-Jul-18,7.91,8.14,8.14,7.83,217.38
17-Jul-18,7.89,7.8,7.96,7.8,84.97
18-Jul-18,7.99,7.81,8,7.8,92.72
19-Jul-18,8.02,7.85,8.12,7.85,110.25
20-Jul-18,8.02,8.05,8.09,8,50.11
23-Jul-18,8,8.15,8.2,7.96,91.56
24-Jul-18,8.09,8,8.16,8,101.49
25-Jul-18,8.22,8.12,8.26,8.07,139.41
26-Jul-18,8.26,8.17,8.3,8.17,126.96
27-Jul-18,8.15,8.23,8.28,8.08,74.02
30-Jul-18,8.32,8.34,8.4,8.32,237.54
31-Jul-18,8.13,8.2,8.2,8.11,131.34
1-Aug-18,7.99,8.01,8.08,7.95,76.03
2-Aug-18,8.19,7.94,8.22,7.92,252.06
3-Aug-18,8.13,8.11,8.17,8.02,66.02
6-Aug-18,8.16,8.21,8.21,8.16,137.04
7-Aug-18,8.18,8.23,8.27,8.18,43.1
8-Aug-18,7.88,8.03,8.07,7.8,171.78
9-Aug-18,7.84,7.9,7.95,7.83,103.64
10-Aug-18,7.99,7.92,8.03,7.92,79.77
13-Aug-18,7.94,7.93,7.96,7.71,130.92
14-Aug-18,7.92,8.08,8.08,7.87,101.29
15-Aug-18,7.6,7.76,7.82,7.54,141.08
16-Aug-18,7.67,7.61,7.68,7.6,39.07
17-Aug-18,7.71,7.79,7.79,7.65,60.87
20-Aug-18,7.76,7.69,7.78,7.68,92.35
21-Aug-18,7.81,7.88,7.91,7.79,58.71
22-Aug-18,8.14,8.03,8.15,7.99,233.52
23-Aug-18,8.13,8.07,8.15,8.06,70.92
24-Aug-18,8.23,8.3,8.34,8.22,209.24
27-Aug-18,8.29,8.27,8.29,8.24,146.88
28-Aug-18,8.24,8.28,8.28,8.2,90.99
29-Aug-18,8.42,8.31,8.42,8.28,302.95
30-Aug-18,8.46,8.43,8.52,8.39,359.64
31-Aug-18,8.43,8.44,8.48,8.4,90.41
4-Sep-18,8.34,8.49,8.56,8.33,119.36
5-Sep-18,8.28,8.34,8.38,8.26,111.23
6-Sep-18,8.13,8.28,8.29,8.01,57.84
7-Sep-18,8.13,8.02,8.13,8,80.55
10-Sep-18,8.07,8.17,8.22,8.05,109.56
11-Sep-18,8.36,8.1,8.38,8.1,210.83
12-Sep-18,8.49,8.48,8.62,8.47,172.59
13-Sep-18,8.26,8.36,8.42,8.21,112.86
14-Sep-18,8.28,8.27,8.42,8.18,50.37
17-Sep-18,8.24,8.44,8.44,8.23,68.68
18-Sep-18,8.41,8.42,8.5,8.36,118.79
19-Sep-18,8.6,8.49,8.62,8.46,260.65
20-Sep-18,8.51,8.66,8.67,8.5,182.38
21-Sep-18,8.62,8.64,8.76,8.51,321.51
24-Sep-18,8.83,8.81,8.9,8.78,684.64
25-Sep-18,8.84,8.88,8.9,8.8,127.66
26-Sep-18,8.74,8.77,8.81,8.73,194.94
27-Sep-18,8.83,8.85,8.85,8.77,106.59
28-Sep-18,9.03,8.84,9.05,8.83,480.72
1-Oct-18,9.33,9,9.37,8.99,378.67
2-Oct-18,9.28,9.33,9.34,9.26,175.46
3-Oct-18,9.43,9.26,9.54,9.21,367.67
4-Oct-18,9.19,9.39,9.4,9.1,334.43
5-Oct-18,9.16,9.15,9.27,9.1,127.49
8-Oct-18,9.16,9.06,9.17,9.05,174.85
9-Oct-18,9.24,9.22,9.3,9.12,278.6
10-Oct-18,8.92,9.2,9.2,8.92,124.71
11-Oct-18,8.63,8.81,8.84,8.59,320.23
12-Oct-18,8.77,8.75,8.77,8.62,213.11
15-Oct-18,8.74,8.76,8.78,8.64,112.6
16-Oct-18,8.78,8.75,8.85,8.62,173.48
17-Oct-18,8.54,8.7,8.7,8.45,131.14
18-Oct-18,8.33,8.36,8.49,8.3,89.03
19-Oct-18,8.44,8.33,8.5,8.33,38.74
22-Oct-18,8.45,8.34,8.46,8.3,61.13
23-Oct-18,7.94,8.2,8.21,7.89,241.15
24-Oct-18,7.96,7.95,8.18,7.95,204.38
25-Oct-18,8.07,8.05,8.17,8.04,96.9
26-Oct-18,8.17,8,8.2,7.97,93.95
29-Oct-18,7.98,8.13,8.13,7.95,91.63
30-Oct-18,7.94,7.9,8.03,7.83,69.7
31-Oct-18,7.77,7.9,8.02,7.76,229.55
1-Nov-18,7.53,7.79,7.81,7.49,140.79
2-Nov-18,7.44,7.52,7.56,7.42,157.44
5-Nov-18,7.44,7.42,7.62,7.42,51.79
6-Nov-18,7.32,7.42,7.49,7.21,353.61
7-Nov-18,7.23,7.32,7.41,7.18,258.01
8-Nov-18,7.08,7.2,7.22,7.07,220.73
9-Nov-18,6.99,7,7.06,6.89,249.75
12-Nov-18,6.82,7.03,7.17,6.8,110.48
13-Nov-18,6.28,6.78,6.8,6.22,373.43
14-Nov-18,6.43,6.5,6.59,6.4,213.11
15-Nov-18,6.48,6.53,6.57,6.44,151.94
16-Nov-18,6.51,6.68,6.69,6.41,72.57
19-Nov-18,6.59,6.51,6.6,6.27,140.38
20-Nov-18,5.96,6.4,6.4,5.87,405.17
21-Nov-18,6.1,6.11,6.3,6.06,161.86
23-Nov-18,5.68,5.78,5.78,5.55,219.01
26-Nov-18,5.72,5.73,5.8,5.68,146.38
27-Nov-18,5.72,5.71,5.79,5.51,108.89
28-Nov-18,5.56,5.63,5.78,5.5,168.58
29-Nov-18,5.66,5.65,5.78,5.62,327.82
30-Nov-18,5.59,5.49,5.7,5.4,342.89
3-Dec-18,5.94,5.95,5.97,5.78,97.32
4-Dec-18,5.93,5.97,6,5.9,330.44
6-Dec-18,5.72,5.79,5.79,5.51,109.11
7-Dec-18,5.83,6,6.07,5.83,108.63
10-Dec-18,5.64,5.75,5.81,5.57,233.56
11-Dec-18,5.72,5.77,5.83,5.67,62.71
12-Dec-18,5.61,5.83,5.87,5.61,73.04
13-Dec-18,5.92,5.57,5.95,5.55,122.05
14-Dec-18,5.66,5.89,5.89,5.61,109.23
17-Dec-18,5.4,5.63,5.68,5.37,238.85
18-Dec-18,4.95,5.35,5.36,4.9,413.75
19-Dec-18,5.04,4.96,5.2,4.96,366.06
20-Dec-18,4.83,5,5.03,4.8,214.79
21-Dec-18,4.74,4.84,4.94,4.74,380.07
24-Dec-18,4.69,4.64,4.84,4.64,46.29
26-Dec-18,4.95,4.49,4.96,4.46,367.51
27-Dec-18,4.79,4.94,4.95,4.64,341.65
28-Dec-18,4.76,4.72,4.81,4.58,319.55
31-Dec-18,4.79,4.75,4.85,4.73,203.2
2-Jan-19,4.93,4.75,5.1,4.65,142.29
3-Jan-19,4.98,5,5.1,4.85,99.44
4-Jan-19,5.18,5.15,5.33,5.1,226.38
7-Jan-19,5.34,5.31,5.43,5.19,199.9
8-Jan-19,5.38,5.37,5.44,5.31,69.15
9-Jan-19,5.79,5.62,5.83,5.56,178.62
10-Jan-19,5.82,5.8,5.85,5.71,44.54
11-Jan-19,5.67,5.81,5.83,5.65,86.97
14-Jan-19,5.56,5.63,5.7,5.56,47.74
15-Jan-19,5.74,5.54,5.76,5.53,56.01
16-Jan-19,5.8,5.77,5.8,5.67,45.91
17-Jan-19,5.77,5.8,5.85,5.62,52.71
18-Jan-19,5.99,5.83,6.01,5.79,123.61
22-Jan-19,5.83,5.78,5.92,5.72,125.22
23-Jan-19,5.81,5.83,5.95,5.68,101.96
24-Jan-19,5.88,5.77,5.92,5.77,45.2
25-Jan-19,5.99,5.9,5.99,5.9,30.58
28-Jan-19,5.72,5.82,5.82,5.65,188.57
29-Jan-19,5.86,5.72,5.96,5.72,287.36
30-Jan-19,6.02,5.97,6.12,5.96,120.38
31-Jan-19,6.03,6.1,6.22,5.96,116.69
1-Feb-19,6.2,6,6.24,6,34.85
4-Feb-19,6.1,6.22,6.25,5.95,93.95
5-Feb-19,5.96,5.98,6.09,5.94,35.29
6-Feb-19,6,5.92,6.02,5.86,70.2
7-Feb-19,5.8,5.88,5.95,5.71,142.19
8-Feb-19,5.83,5.82,5.83,5.8,18.63
11-Feb-19,5.75,5.78,5.78,5.61,80.9
12-Feb-19,5.89,5.9,6,5.89,76.13
13-Feb-19,6,5.83,6.09,5.83,73.41
14-Feb-19,6.1,5.92,6.1,5.92,40.34
15-Feb-19,6.26,6.2,6.28,6.16,164.22
19-Feb-19,6.3,6.25,6.33,6.24,106.03
20-Feb-19,6.42,6.26,6.48,6.26,83.71
21-Feb-19,6.37,6.4,6.45,6.35,163.31
22-Feb-19,6.46,6.45,6.53,6.42,76.65
25-Feb-19,6.13,6.28,6.32,6.13,164.49
26-Feb-19,6.21,6.13,6.23,6.13,51.82
27-Feb-19,6.39,6.2,6.45,6.2,97.77
28-Feb-19,6.43,6.32,6.44,6.32,25.68
1-Mar-19,6.22,6.41,6.48,6.21,43.64
4-Mar-19,6.3,6.22,6.38,6.22,61.7
5-Mar-19,6.32,6.3,6.4,6.3,65.43
6-Mar-19,6.26,6.24,6.3,6.18,196.43
7-Mar-19,6.3,6.29,6.34,6.27,230.19
8-Mar-19,6.24,6.12,6.25,6.03,138.26
11-Mar-19,6.33,6.27,6.37,6.27,66.45
12-Mar-19,6.36,6.32,6.46,6.32,94.89
13-Mar-19,6.59,6.35,6.64,6.35,244.1
14-Mar-19,6.6,6.59,6.67,6.58,246.45
15-Mar-19,6.59,6.48,6.62,6.48,170.76
18-Mar-19,6.66,6.58,6.72,6.58,205.27
19-Mar-19,6.65,6.62,6.75,6.62,92.62
20-Mar-19,6.81,6.58,6.83,6.58,177.64
21-Mar-19,6.77,6.58,6.86,6.48,157.47
22-Mar-19,6.63,6.52,6.69,6.52,219.3
25-Mar-19,6.62,6.57,6.7,6.52,226.01
26-Mar-19,6.81,6.7,6.86,6.69,197.65
27-Mar-19,6.69,6.75,6.83,6.66,92.5
28-Mar-19,6.7,6.6,6.7,6.6,138.61
29-Mar-19,6.81,6.79,6.86,6.74,126.92
1-Apr-19,7.05,6.81,7.05,6.81,232.53
2-Apr-19,7.18,7.03,7.22,7.03,241.88
3-Apr-19,7.17,7.18,7.22,7.11,181.32
4-Apr-19,7.11,7.17,7.21,7.1,198.92
5-Apr-19,7.29,7.17,7.3,7.16,80.94
8-Apr-19,7.47,7.33,7.47,7.33,267.05
9-Apr-19,7.42,7.4,7.45,7.4,163.76
10-Apr-19,7.51,7.41,7.53,7.41,54.37
11-Apr-19,7.37,7.49,7.49,7.32,36.85
12-Apr-19,7.41,7.37,7.49,7.37,73.08
15-Apr-19,7.35,7.4,7.4,7.3,79.47
16-Apr-19,7.48,7.35,7.49,7.3,128.56
17-Apr-19,7.38,7.48,7.49,7.37,39.33
18-Apr-19,7.41,7.38,7.43,7.36,21.76
22-Apr-19,7.67,7.45,7.72,7.45,217.1
23-Apr-19,7.78,7.65,7.8,7.65,131.52
24-Apr-19,7.66,7.78,7.8,7.66,77.87
25-Apr-19,7.56,7.66,7.7,7.56,64.56
26-Apr-19,7.24,7.5,7.5,7.14,108.2
29-Apr-19,7.34,7.24,7.39,7.23,96.63
30-Apr-19,7.41,7.34,7.43,7.34,76.5
1-May-19,7.34,7.38,7.38,7.24,83.79
2-May-19,7.1,7.08,7.17,7,137.02
3-May-19,7.11,7.08,7.17,7.08,67.75
6-May-19,7.23,6.96,7.23,6.96,97.15
7-May-19,6.98,7.01,7.08,6.98,44.07
8-May-19,7.11,6.97,7.15,6.97,39.51
9-May-19,7.03,7.11,7.11,6.96,50.42
10-May-19,7.06,7.02,7.11,7.02,45.06
13-May-19,6.97,7.06,7.35,6.91,61.97
14-May-19,7.08,6.95,7.12,6.95,92.48
15-May-19,7.17,7.01,7.17,6.75,26.43
16-May-19,7.28,7.18,7.33,7.18,33.87
17-May-19,7.21,7.27,7.35,7.21,47.87
20-May-19,7.3,7.28,7.34,7.21,30.42
21-May-19,7.25,7.24,7.29,7.21,26.43
22-May-19,6.99,7.1,7.27,6.99,39.92
23-May-19,6.53,6.9,6.96,6.41,143.5
24-May-19,6.6,6.52,6.6,6.44,71.38
28-May-19,6.61,6.6,6.7,6.58,69.84
29-May-19,6.61,6.59,6.61,6.31,82.49
30-May-19,6.33,6.65,6.7,6.24,38.31
31-May-19,5.85,6.29,6.29,5.75,118.6
3-Jun-19,5.75,5.78,6,5.74,233.17
4-Jun-19,5.9,5.78,6,5.78,172.25
5-Jun-19,5.58,5.8,5.9,5.42,263.42
6-Jun-19,5.85,5.57,5.87,5.56,345.45
7-Jun-19,5.97,5.76,5.97,5.76,53.36
10-Jun-19,5.8,5.86,6.05,5.8,45.1
11-Jun-19,5.89,5.81,5.99,5.81,264.89
12-Jun-19,5.56,5.65,5.8,5.54,250.99
13-Jun-19,5.76,5.66,5.95,5.57,229.12
14-Jun-19,5.71,5.74,5.85,5.7,50.65
17-Jun-19,5.67,5.7,5.82,5.63,160.25
18-Jun-19,6,5.65,6.02,5.65,158.11
19-Jun-19,5.95,5.99,5.99,5.84,68.93
20-Jun-19,6.32,6.15,6.38,6.13,93.14
21-Jun-19,6.41,6.36,6.43,6.34,57.42
24-Jun-19,6.4,6.41,6.5,6.35,42.67
25-Jun-19,6.47,6.45,6.55,6.42,55.66
26-Jun-19,6.64,6.45,6.75,6.45,122.35
27-Jun-19,6.65,6.67,6.72,6.63,149.94
28-Jun-19,6.45,6.63,6.69,6.43,194.7
1-Jul-19,6.61,6.43,6.69,6.43,187.58
2-Jul-19,6.27,6.52,6.56,6.18,32.3
3-Jul-19,6.33,6.23,6.33,6.18,21.16
5-Jul-19,6.3,6.28,6.43,6.18,47.5
8-Jul-19,6.36,6.41,6.53,6.36,70.94
9-Jul-19,6.47,6.3,6.47,6.3,68.38
10-Jul-19,6.8,6.51,6.85,6.5,184.09
11-Jul-19,6.81,6.82,6.88,6.67,103.56
12-Jul-19,6.78,6.74,6.85,6.65,257.08
15-Jul-19,6.65,6.84,6.86,6.65,197.76
16-Jul-19,6.45,6.62,6.74,6.32,261.11
17-Jul-19,6.26,6.45,6.49,6.25,170.43
18-Jul-19,6.08,6.25,6.3,6.03,59.42
19-Jul-19,6.2,6.17,6.22,6.03,62.38
22-Jul-19,6.24,6.2,6.27,6.09,77.43
23-Jul-19,6.34,6.17,6.34,6.17,97.46
24-Jul-19,6.2,6.26,6.42,6.14,98.34
