date,us13wopen,us13whigh,us13wlow,us13wclose,us13wadjclose
10/1/2010,0.155,0.155,0.145,0.15,0.15
10/4/2010,0.15,0.15,0.145,0.145,0.145
10/5/2010,0.12,0.12,0.11,0.115,0.115
10/6/2010,0.11,0.12,0.11,0.115,0.115
10/7/2010,0.115,0.12,0.115,0.115,0.115
10/8/2010,0.115,0.115,0.115,0.115,0.115
10/11/2010,0.115,0.115,0.115,0.115,0.115
10/12/2010,0.115,0.12,0.11,0.115,0.115
10/13/2010,0.13,0.13,0.13,0.13,0.13
10/14/2010,0.125,0.14,0.125,0.135,0.135
10/15/2010,0.13,0.135,0.13,0.135,0.135
10/18/2010,0.135,0.14,0.135,0.135,0.135
10/19/2010,0.135,0.14,0.135,0.135,0.135
10/20/2010,0.135,0.135,0.135,0.135,0.135
10/21/2010,0.13,0.13,0.12,0.12,0.12
10/22/2010,0.12,0.125,0.12,0.12,0.12
10/25/2010,0.12,0.12,0.11,0.115,0.115
10/26/2010,0.13,0.13,0.13,0.13,0.13
10/27/2010,0.13,0.135,0.13,0.13,0.13
10/28/2010,0.125,0.13,0.125,0.125,0.125
10/29/2010,0.125,0.125,0.11,0.11,0.11
11/1/2010,0.11,0.11,0.1,0.105,0.105
11/2/2010,0.125,0.13,0.125,0.125,0.125
11/3/2010,0.11,0.125,0.1,0.12,0.12
11/4/2010,0.115,0.12,0.115,0.115,0.115
11/5/2010,0.115,0.12,0.11,0.12,0.12
11/8/2010,0.12,0.12,0.11,0.11,0.11
11/9/2010,0.125,0.125,0.12,0.125,0.125
11/10/2010,0.12,0.125,0.12,0.125,0.125
11/11/2010,0.125,0.125,0.125,0.125,0.125
11/12/2010,0.125,0.125,0.125,0.125,0.125
11/15/2010,0.125,0.13,0.125,0.13,0.13
11/16/2010,0.135,0.14,0.135,0.135,0.135
11/17/2010,0.135,0.14,0.13,0.135,0.135
11/18/2010,0.135,0.135,0.135,0.135,0.135
11/19/2010,0.13,0.13,0.13,0.13,0.13
11/22/2010,0.13,0.13,0.115,0.125,0.125
11/23/2010,0.135,0.145,0.125,0.14,0.14
11/24/2010,0.145,0.16,0.14,0.15,0.15
11/26/2010,0.145,0.155,0.145,0.155,0.155
11/29/2010,0.15,0.16,0.15,0.155,0.155
11/30/2010,0.165,0.165,0.16,0.16,0.16
12/1/2010,0.16,0.16,0.155,0.155,0.155
12/2/2010,0.155,0.155,0.145,0.145,0.145
12/3/2010,0.145,0.145,0.13,0.13,0.13
12/6/2010,0.135,0.135,0.125,0.125,0.125
12/7/2010,0.14,0.145,0.125,0.14,0.14
12/8/2010,0.14,0.14,0.13,0.135,0.135
12/9/2010,0.135,0.14,0.13,0.135,0.135
12/10/2010,0.135,0.135,0.115,0.115,0.115
12/13/2010,0.12,0.125,0.11,0.12,0.12
12/14/2010,0.14,0.14,0.12,0.135,0.135
12/15/2010,0.14,0.14,0.13,0.135,0.135
12/16/2010,0.135,0.14,0.12,0.125,0.125
12/17/2010,0.12,0.12,0.1,0.105,0.105
12/20/2010,0.095,0.105,0.09,0.1,0.1
12/21/2010,0.125,0.135,0.125,0.13,0.13
12/22/2010,0.135,0.135,0.13,0.13,0.13
12/23/2010,0.13,0.135,0.13,0.13,0.13
12/27/2010,0.135,0.15,0.12,0.12,0.12
12/28/2010,0.16,0.16,0.115,0.14,0.14
12/29/2010,0.135,0.135,0.125,0.125,0.125
12/30/2010,0.135,0.135,0.1,0.11,0.11
12/31/2010,0.12,0.125,0.115,0.115,0.115
1/3/2011,0.135,0.135,0.11,0.12,0.12
1/4/2011,0.135,0.14,0.13,0.135,0.135
1/5/2011,0.13,0.14,0.13,0.135,0.135
1/6/2011,0.135,0.145,0.135,0.14,0.14
1/7/2011,0.14,0.14,0.135,0.135,0.135
1/10/2011,0.135,0.135,0.135,0.135,0.135
1/11/2011,0.145,0.145,0.145,0.145,0.145
1/12/2011,0.145,0.145,0.145,0.145,0.145
1/13/2011,0.14,0.145,0.14,0.14,0.14
1/14/2011,0.14,0.145,0.14,0.145,0.145
1/18/2011,0.145,0.15,0.145,0.145,0.145
1/19/2011,0.15,0.155,0.145,0.155,0.155
1/20/2011,0.155,0.155,0.155,0.155,0.155
1/21/2011,0.15,0.155,0.15,0.15,0.15
1/24/2011,0.15,0.15,0.15,0.15,0.15
1/25/2011,0.15,0.15,0.15,0.15,0.15
1/26/2011,0.15,0.16,0.15,0.155,0.155
1/27/2011,0.155,0.155,0.135,0.14,0.14
1/28/2011,0.14,0.14,0.13,0.135,0.135
1/31/2011,0.135,0.15,0.135,0.145,0.145
2/1/2011,0.15,0.155,0.15,0.15,0.15
2/2/2011,0.15,0.155,0.15,0.15,0.15
2/3/2011,0.15,0.15,0.145,0.145,0.145
2/4/2011,0.14,0.145,0.14,0.145,0.145
2/7/2011,0.145,0.15,0.14,0.14,0.14
2/8/2011,0.145,0.145,0.14,0.145,0.145
2/9/2011,0.14,0.14,0.13,0.13,0.13
2/10/2011,0.13,0.13,0.1,0.11,0.11
2/11/2011,0.11,0.11,0.11,0.11,0.11
2/14/2011,0.11,0.115,0.11,0.11,0.11
2/15/2011,0.125,0.125,0.105,0.125,0.125
2/16/2011,0.115,0.125,0.11,0.11,0.11
2/17/2011,0.105,0.11,0.075,0.09,0.09
2/18/2011,0.09,0.095,0.085,0.09,0.09
2/22/2011,0.09,0.105,0.09,0.1,0.1
2/23/2011,0.12,0.125,0.105,0.115,0.115
2/24/2011,0.115,0.12,0.115,0.12,0.12
2/25/2011,0.12,0.14,0.12,0.125,0.125
2/28/2011,0.125,0.135,0.125,0.135,0.135
3/1/2011,0.14,0.14,0.13,0.13,0.13
3/2/2011,0.13,0.13,0.12,0.12,0.12
3/3/2011,0.12,0.125,0.12,0.125,0.125
3/4/2011,0.12,0.125,0.11,0.11,0.11
3/7/2011,0.11,0.115,0.1,0.1,0.1
3/8/2011,0.105,0.105,0.105,0.105,0.105
3/9/2011,0.1,0.105,0.09,0.095,0.095
3/10/2011,0.08,0.085,0.06,0.065,0.065
3/11/2011,0.07,0.075,0.065,0.07,0.07
3/14/2011,0.07,0.08,0.065,0.075,0.075
3/15/2011,0.085,0.1,0.06,0.095,0.095
3/16/2011,0.09,0.095,0.085,0.085,0.085
3/17/2011,0.085,0.09,0.065,0.07,0.07
3/18/2011,0.075,0.075,0.06,0.065,0.065
3/21/2011,0.07,0.07,0.06,0.07,0.07
3/22/2011,0.09,0.09,0.09,0.09,0.09
3/23/2011,0.09,0.09,0.085,0.085,0.085
3/24/2011,0.09,0.09,0.07,0.08,0.08
3/25/2011,0.08,0.085,0.07,0.08,0.08
3/28/2011,0.085,0.09,0.08,0.08,0.08
3/29/2011,0.095,0.095,0.08,0.095,0.095
3/30/2011,0.095,0.105,0.095,0.095,0.095
3/31/2011,0.085,0.09,0.085,0.09,0.09
4/1/2011,0.045,0.09,0.04,0.055,0.055
4/4/2011,0.04,0.05,0.025,0.035,0.035
4/5/2011,0.05,0.07,0.03,0.065,0.065
4/6/2011,0.06,0.065,0.05,0.05,0.05
4/7/2011,0.05,0.05,0.035,0.035,0.035
4/8/2011,0.035,0.04,0.025,0.035,0.035
4/11/2011,0.03,0.04,0.03,0.035,0.035
4/12/2011,0.045,0.05,0.045,0.045,0.045
4/13/2011,0.045,0.06,0.045,0.05,0.05
4/14/2011,0.05,0.065,0.045,0.065,0.065
4/15/2011,0.065,0.07,0.06,0.06,0.06
4/18/2011,0.06,0.065,0.035,0.055,0.055
4/19/2011,0.06,0.06,0.055,0.055,0.055
4/20/2011,0.06,0.06,0.055,0.055,0.055
4/21/2011,0.055,0.06,0.045,0.045,0.045
4/25/2011,0.05,0.05,0.045,0.045,0.045
4/26/2011,0.06,0.06,0.055,0.055,0.055
4/27/2011,0.055,0.055,0.05,0.05,0.05
4/28/2011,0.045,0.05,0.015,0.035,0.035
4/29/2011,0.035,0.04,0.035,0.04,0.04
5/2/2011,0.04,0.04,0.025,0.03,0.03
5/3/2011,0.025,0.03,0.005,0.025,0.025
5/4/2011,0.025,0.035,0.02,0.02,0.02
5/5/2011,0.015,0.02,0.005,0.01,0.01
5/6/2011,0.005,0.015,0.005,0.005,0.005
5/9/2011,0.005,0.01,0.005,0.005,0.005
5/10/2011,0.03,0.035,0.005,0.025,0.025
5/11/2011,0.025,0.03,0.015,0.02,0.02
5/12/2011,0.02,0.025,0.015,0.02,0.02
5/13/2011,0.02,0.02,0.02,0.02,0.02
5/16/2011,0.02,0.025,0.02,0.02,0.02
5/17/2011,0.03,0.04,0.03,0.035,0.035
5/18/2011,0.035,0.05,0.035,0.04,0.04
5/19/2011,0.045,0.055,0.04,0.04,0.04
5/20/2011,0.04,0.045,0.04,0.04,0.04
5/23/2011,0.04,0.045,0.04,0.045,0.045
5/24/2011,0.05,0.05,0.05,0.05,0.05
5/25/2011,0.05,0.05,0.045,0.045,0.045
5/26/2011,0.045,0.05,0.045,0.045,0.045
5/27/2011,0.045,0.05,0.035,0.035,0.035
5/31/2011,0.045,0.05,0.04,0.04,0.04
6/1/2011,0.055,0.055,0.04,0.04,0.04
6/2/2011,0.035,0.04,0.03,0.035,0.035
6/3/2011,0.035,0.035,0.025,0.03,0.03
6/6/2011,0.03,0.03,0.03,0.03,0.03
6/7/2011,0.04,0.04,0.025,0.04,0.04
6/8/2011,0.035,0.04,0.035,0.035,0.035
6/9/2011,0.035,0.04,0.035,0.04,0.04
6/10/2011,0.035,0.035,0.035,0.035,0.035
6/13/2011,0.035,0.04,0.035,0.04,0.04
6/14/2011,0.045,0.055,0.045,0.05,0.05
6/15/2011,0.05,0.055,0.045,0.045,0.045
6/16/2011,0.04,0.045,0.035,0.035,0.035
6/17/2011,0.035,0.035,0.02,0.025,0.025
6/20/2011,0.025,0.025,0.015,0.015,0.015
6/21/2011,0.02,0.025,0.02,0.02,0.02
6/22/2011,0.02,0.02,0.01,0.01,0.01
6/23/2011,0.005,0.005,0.005,0.005,0.005
6/24/2011,0.01,0.01,0.01,0.01,0.01
6/27/2011,0.015,0.02,0.01,0.015,0.015
6/28/2011,0.025,0.03,0.01,0.025,0.025
6/29/2011,0.03,0.03,0.005,0.02,0.02
6/30/2011,0.025,0.025,0.01,0.015,0.015
7/1/2011,0.025,0.025,0.01,0.01,0.01
7/5/2011,0.015,0.015,0.005,0.01,0.01
7/6/2011,0.005,0.01,0.005,0.005,0.005
7/7/2011,0.01,0.035,0.01,0.02,0.02
7/8/2011,0.02,0.02,0.015,0.02,0.02
7/11/2011,0.02,0.02,0.015,0.015,0.015
7/12/2011,0.03,0.03,0.03,0.03,0.03
7/13/2011,0.025,0.025,0.005,0.005,0.005
7/14/2011,0.025,0.025,0.005,0.005,0.005
7/15/2011,0.005,0.005,0.005,0.005,0.005
7/18/2011,0.015,0.015,0.005,0.005,0.005
7/19/2011,0.015,0.03,0.01,0.025,0.025
7/20/2011,0.02,0.025,0.015,0.02,0.02
7/21/2011,0.02,0.04,0.02,0.035,0.035
7/22/2011,0.035,0.035,0.03,0.03,0.03
7/25/2011,0.04,0.04,0.025,0.035,0.035
7/26/2011,0.06,0.07,0.035,0.065,0.065
7/27/2011,0.07,0.075,0.065,0.07,0.07
7/28/2011,0.07,0.08,0.065,0.065,0.065
7/29/2011,0.065,0.095,0.065,0.09,0.09
8/1/2011,0.075,0.09,0.065,0.075,0.075
8/2/2011,0.085,0.09,0.045,0.05,0.05
8/3/2011,0.045,0.045,0.005,0.01,0.01
8/4/2011,0.005,0.01,0.005,0.01,0.01
8/5/2011,0.01,0.01,0.005,0.01,0.01
8/8/2011,0.015,0.02,0.005,0.015,0.015
8/9/2011,0.05,0.05,0.02,0.03,0.03
8/10/2011,0.025,0.025,0.01,0.015,0.015
8/11/2011,0.015,0.025,0.01,0.01,0.01
8/12/2011,0.005,0.005,0.005,0.005,0.005
8/15/2011,0.005,0.015,0.005,0.005,0.005
8/16/2011,0.02,0.02,0.015,0.02,0.02
8/17/2011,0.015,0.015,0.005,0.005,0.005
8/18/2011,0.01,0.01,0.005,0.01,0.01
8/19/2011,0.01,0.01,0.01,0.01,0.01
8/22/2011,0.01,0.01,0.005,0.005,0.005
8/23/2011,0.005,0.01,0.005,0.005,0.005
8/24/2011,0.005,0.01,0.005,0.01,0.01
8/25/2011,0.01,0.01,0.01,0.01,0.01
8/26/2011,0.01,0.01,0.01,0.01,0.01
8/29/2011,0.01,0.01,0.005,0.005,0.005
8/30/2011,0.01,0.015,0.005,0.015,0.015
8/31/2011,0.01,0.02,0.005,0.015,0.015
9/1/2011,0.01,0.01,0.005,0.01,0.01
9/2/2011,0.01,0.02,0.01,0.015,0.015
9/6/2011,0.02,0.025,0.01,0.015,0.015
9/7/2011,0.025,0.025,0.015,0.015,0.015
9/8/2011,0.015,0.015,0.01,0.01,0.01
9/9/2011,0.01,0.01,0.005,0.005,0.005
9/12/2011,0.005,0.005,0.005,0.005,0.005
9/13/2011,0.005,0.005,0.005,0.005,0.005
9/14/2011,0.005,0.005,0.005,0.005,0.005
9/15/2011,0.01,0.01,0.005,0.005,0.005
9/16/2011,0.005,0.005,0.005,0.005,0.005
9/19/2011,0.005,0.005,0.005,0.005,0.005
9/20/2011,0.005,0.01,0.005,0.005,0.005
9/21/2011,0.005,0.01,0.005,0.005,0.005
9/22/2011,0.005,0.005,0.005,0.005,0.005
9/23/2011,0.005,0.005,0.005,0.005,0.005
9/26/2011,0.005,0.005,0.005,0.005,0.005
9/27/2011,0.01,0.01,0.005,0.01,0.01
9/28/2011,0.005,0.01,0.005,0.01,0.01
9/29/2011,0.005,0.01,0.005,0.01,0.01
9/30/2011,0.01,0.025,0.01,0.01,0.01
10/3/2011,0.015,0.02,0.005,0.02,0.02
10/4/2011,0.005,0.005,0.005,0.005,0.005
10/5/2011,0.005,0.005,0.005,0.005,0.005
10/6/2011,0.005,0.005,0.005,0.005,0.005
10/7/2011,0.005,0.005,0.005,0.005,0.005
10/10/2011,0.005,0.005,0.005,0.005,0.005
10/11/2011,0.01,0.01,0.005,0.005,0.005
10/12/2011,0.01,0.02,0.01,0.015,0.015
10/13/2011,0.01,0.02,0.01,0.015,0.015
10/14/2011,0.015,0.02,0.01,0.015,0.015
10/17/2011,0.015,0.02,0.015,0.02,0.02
10/18/2011,0.025,0.03,0.025,0.025,0.025
10/19/2011,0.025,0.025,0.02,0.02,0.02
10/20/2011,0.015,0.02,0.015,0.015,0.015
10/21/2011,0.01,0.015,0.01,0.015,0.015
10/24/2011,0.015,0.015,0.005,0.005,0.005
10/25/2011,0.01,0.015,0.01,0.015,0.015
10/26/2011,0.01,0.015,0.01,0.015,0.015
10/27/2011,0.015,0.015,0.01,0.01,0.01
10/28/2011,0.01,0.01,0.005,0.01,0.01
10/31/2011,0.005,0.005,0.005,0.005,0.005
11/1/2011,0.005,0.005,0.005,0.005,0.005
11/2/2011,0.005,0.02,0.005,0.005,0.005
11/3/2011,0.005,0.005,0.005,0.005,0.005
11/4/2011,0.005,0.005,0.005,0.005,0.005
11/7/2011,0.005,0.005,0.005,0.005,0.005
11/8/2011,0.005,0.01,0.005,0.005,0.005
11/9/2011,0.005,0.005,0.005,0.005,0.005
11/10/2011,0.005,0.005,0.005,0.005,0.005
11/11/2011,0.005,0.005,0.005,0.005,0.005
11/14/2011,0.005,0.01,0.005,0.005,0.005
11/15/2011,0.005,0.015,0.005,0.01,0.01
11/16/2011,0.01,0.015,0.005,0.005,0.005
11/17/2011,0.005,0.005,0.005,0.005,0.005
11/18/2011,0.005,0.005,0.005,0.005,0.005
11/21/2011,0.005,0.005,0.005,0.005,0.005
11/22/2011,0.015,0.02,0.015,0.015,0.015
11/23/2011,0.015,0.02,0.015,0.015,0.015
11/25/2011,0.015,0.015,0.005,0.005,0.005
11/28/2011,0.02,0.02,0.005,0.01,0.01
11/29/2011,0.02,0.02,0.015,0.015,0.015
11/30/2011,0.01,0.015,0.005,0.015,0.015
12/1/2011,0.015,0.015,0.015,0.015,0.015
12/2/2011,0.015,0.015,0.015,0.015,0.015
12/5/2011,0.015,0.015,0.015,0.015,0.015
12/6/2011,0.005,0.015,0.005,0.005,0.005
12/7/2011,0.005,0.005,0.005,0.005,0.005
12/8/2011,0.005,0.01,0.005,0.005,0.005
12/9/2011,0.005,0.005,0.005,0.005,0.005
12/12/2011,0.005,0.005,0.005,0.005,0.005
12/13/2011,0.005,0.005,0.005,0.005,0.005
12/14/2011,0.005,0.005,0.005,0.005,0.005
12/15/2011,0.005,0.005,0.005,0.005,0.005
12/16/2011,0.005,0.005,0.005,0.005,0.005
12/19/2011,0.005,0.005,0.005,0.005,0.005
12/20/2011,0.005,0.01,0.005,0.005,0.005
12/21/2011,0.005,0.005,0.005,0.005,0.005
12/22/2011,0.005,0.005,0.005,0.005,0.005
12/23/2011,0.005,0.005,0.005,0.005,0.005
12/27/2011,0.005,0.01,0.005,0.005,0.005
12/28/2011,0.015,0.015,0.005,0.005,0.005
12/29/2011,0.005,0.005,0.005,0.005,0.005
12/30/2011,0.005,0.015,0.005,0.005,0.005
1/3/2012,0.015,0.015,0.005,0.005,0.005
1/4/2012,0.01,0.015,0.01,0.01,0.01
1/5/2012,0.01,0.01,0.01,0.01,0.01
1/6/2012,0.01,0.02,0.01,0.015,0.015
1/9/2012,0.01,0.01,0.005,0.005,0.005
1/10/2012,0.005,0.015,0.005,0.01,0.01
1/11/2012,0.01,0.015,0.01,0.015,0.015
1/12/2012,0.02,0.025,0.015,0.02,0.02
1/13/2012,0.02,0.025,0.02,0.02,0.02
1/17/2012,0.02,0.025,0.02,0.02,0.02
1/18/2012,0.025,0.025,0.025,0.025,0.025
1/19/2012,0.03,0.04,0.025,0.04,0.04
1/20/2012,0.045,0.045,0.04,0.04,0.04
1/23/2012,0.04,0.04,0.035,0.035,0.035
1/24/2012,0.035,0.035,0.035,0.035,0.035
1/25/2012,0.035,0.035,0.035,0.035,0.035
1/26/2012,0.035,0.05,0.035,0.045,0.045
1/27/2012,0.045,0.055,0.045,0.05,0.05
1/30/2012,0.045,0.05,0.035,0.045,0.045
1/31/2012,0.055,0.055,0.05,0.055,0.055
2/1/2012,0.055,0.065,0.055,0.055,0.055
2/2/2012,0.055,0.075,0.055,0.075,0.075
2/3/2012,0.075,0.08,0.065,0.07,0.07
2/6/2012,0.07,0.07,0.06,0.065,0.065
2/7/2012,0.075,0.08,0.075,0.08,0.08
2/8/2012,0.075,0.08,0.075,0.075,0.075
2/9/2012,0.075,0.09,0.075,0.085,0.085
2/10/2012,0.085,0.085,0.08,0.08,0.08
2/13/2012,0.085,0.1,0.085,0.095,0.095
2/14/2012,0.105,0.12,0.095,0.11,0.11
2/15/2012,0.11,0.11,0.095,0.105,0.105
2/16/2012,0.095,0.095,0.085,0.095,0.095
2/17/2012,0.08,0.085,0.055,0.075,0.075
2/21/2012,0.07,0.07,0.06,0.07,0.07
2/22/2012,0.08,0.085,0.08,0.08,0.08
2/23/2012,0.08,0.095,0.08,0.085,0.085
2/24/2012,0.085,0.09,0.085,0.09,0.09
2/27/2012,0.095,0.1,0.09,0.1,0.1
2/28/2012,0.105,0.105,0.095,0.095,0.095
2/29/2012,0.085,0.085,0.075,0.075,0.075
3/1/2012,0.07,0.07,0.065,0.07,0.07
3/2/2012,0.07,0.07,0.06,0.06,0.06
3/5/2012,0.06,0.06,0.055,0.06,0.06
3/6/2012,0.08,0.08,0.07,0.07,0.07
3/7/2012,0.07,0.075,0.065,0.075,0.075
3/8/2012,0.075,0.075,0.07,0.075,0.075
3/9/2012,0.075,0.08,0.075,0.08,0.08
3/12/2012,0.08,0.095,0.075,0.075,0.075
3/13/2012,0.08,0.08,0.075,0.08,0.08
3/14/2012,0.08,0.08,0.08,0.08,0.08
3/15/2012,0.075,0.08,0.075,0.075,0.075
3/16/2012,0.075,0.08,0.075,0.08,0.08
3/19/2012,0.08,0.08,0.075,0.075,0.075
3/20/2012,0.09,0.095,0.09,0.095,0.095
3/21/2012,0.09,0.095,0.085,0.085,0.085
3/22/2012,0.08,0.085,0.065,0.07,0.07
3/23/2012,0.065,0.075,0.065,0.07,0.07
3/26/2012,0.07,0.075,0.07,0.07,0.07
3/27/2012,0.08,0.08,0.075,0.08,0.08
3/28/2012,0.08,0.08,0.075,0.075,0.075
3/29/2012,0.07,0.07,0.055,0.055,0.055
3/30/2012,0.06,0.065,0.06,0.065,0.065
4/2/2012,0.065,0.065,0.055,0.06,0.06
4/3/2012,0.065,0.075,0.065,0.075,0.075
4/4/2012,0.07,0.075,0.065,0.07,0.07
4/5/2012,0.065,0.07,0.065,0.07,0.07
4/9/2012,0.065,0.075,0.065,0.075,0.075
4/10/2012,0.08,0.085,0.08,0.085,0.085
4/11/2012,0.08,0.085,0.08,0.085,0.085
4/12/2012,0.08,0.085,0.08,0.085,0.085
4/13/2012,0.08,0.085,0.08,0.08,0.08
4/16/2012,0.075,0.08,0.075,0.075,0.075
4/17/2012,0.075,0.075,0.075,0.075,0.075
4/18/2012,0.075,0.075,0.065,0.065,0.065
4/19/2012,0.065,0.065,0.06,0.065,0.065
4/20/2012,0.065,0.07,0.065,0.065,0.065
4/23/2012,0.065,0.075,0.065,0.07,0.07
4/24/2012,0.075,0.085,0.075,0.08,0.08
4/25/2012,0.085,0.09,0.08,0.085,0.085
4/26/2012,0.08,0.09,0.08,0.085,0.085
4/27/2012,0.085,0.09,0.085,0.085,0.085
4/30/2012,0.09,0.095,0.09,0.09,0.09
5/1/2012,0.095,0.1,0.085,0.085,0.085
5/2/2012,0.085,0.085,0.08,0.08,0.08
5/3/2012,0.075,0.08,0.07,0.075,0.075
5/4/2012,0.075,0.075,0.065,0.07,0.07
5/7/2012,0.075,0.085,0.075,0.075,0.075
5/8/2012,0.085,0.09,0.085,0.09,0.09
5/9/2012,0.085,0.09,0.085,0.09,0.09
5/10/2012,0.09,0.095,0.09,0.09,0.09
5/11/2012,0.085,0.095,0.085,0.09,0.09
5/14/2012,0.09,0.09,0.085,0.085,0.085
5/15/2012,0.09,0.095,0.09,0.09,0.09
5/16/2012,0.095,0.095,0.09,0.095,0.095
5/17/2012,0.09,0.095,0.09,0.09,0.09
5/18/2012,0.09,0.09,0.075,0.075,0.075
5/21/2012,0.055,0.07,0.055,0.06,0.06
5/22/2012,0.08,0.085,0.08,0.085,0.085
5/23/2012,0.085,0.085,0.08,0.08,0.08
5/24/2012,0.085,0.09,0.085,0.09,0.09
5/25/2012,0.09,0.09,0.08,0.08,0.08
5/29/2012,0.08,0.085,0.075,0.075,0.075
5/30/2012,0.075,0.075,0.06,0.065,0.065
5/31/2012,0.065,0.07,0.05,0.06,0.06
6/1/2012,0.055,0.065,0.055,0.065,0.065
6/4/2012,0.065,0.07,0.06,0.065,0.065
6/5/2012,0.075,0.085,0.075,0.08,0.08
6/6/2012,0.08,0.085,0.08,0.08,0.08
6/7/2012,0.08,0.085,0.075,0.08,0.08
6/8/2012,0.075,0.085,0.075,0.08,0.08
6/11/2012,0.08,0.08,0.075,0.075,0.075
6/12/2012,0.085,0.1,0.085,0.09,0.09
6/13/2012,0.09,0.1,0.09,0.09,0.09
6/14/2012,0.09,0.095,0.09,0.095,0.095
6/15/2012,0.095,0.095,0.08,0.085,0.085
6/18/2012,0.085,0.09,0.075,0.075,0.075
6/19/2012,0.085,0.09,0.085,0.09,0.09
6/20/2012,0.085,0.09,0.08,0.08,0.08
6/21/2012,0.08,0.08,0.075,0.075,0.075
6/22/2012,0.075,0.075,0.07,0.075,0.075
6/25/2012,0.075,0.08,0.075,0.075,0.075
6/26/2012,0.085,0.095,0.085,0.095,0.095
6/27/2012,0.095,0.1,0.08,0.08,0.08
6/28/2012,0.08,0.085,0.075,0.075,0.075
6/29/2012,0.08,0.085,0.075,0.08,0.08
7/2/2012,0.085,0.085,0.06,0.07,0.07
7/3/2012,0.08,0.085,0.075,0.075,0.075
7/5/2012,0.075,0.075,0.06,0.075,0.075
7/6/2012,0.07,0.07,0.065,0.07,0.07
7/9/2012,0.075,0.075,0.07,0.07,0.07
7/10/2012,0.085,0.09,0.085,0.09,0.09
7/11/2012,0.09,0.095,0.09,0.09,0.09
7/12/2012,0.095,0.1,0.09,0.095,0.095
7/13/2012,0.095,0.095,0.09,0.09,0.09
7/16/2012,0.085,0.085,0.085,0.085,0.085
7/17/2012,0.09,0.095,0.09,0.095,0.095
7/18/2012,0.09,0.09,0.085,0.085,0.085
7/19/2012,0.08,0.085,0.075,0.08,0.08
7/20/2012,0.075,0.09,0.075,0.085,0.085
7/23/2012,0.085,0.095,0.085,0.09,0.09
7/24/2012,0.095,0.1,0.095,0.095,0.095
7/25/2012,0.095,0.1,0.095,0.095,0.095
7/26/2012,0.095,0.105,0.095,0.1,0.1
7/27/2012,0.1,0.1,0.1,0.1,0.1
7/30/2012,0.1,0.1,0.09,0.09,0.09
7/31/2012,0.105,0.105,0.095,0.1,0.1
8/1/2012,0.09,0.095,0.085,0.09,0.09
8/2/2012,0.085,0.09,0.08,0.085,0.085
8/3/2012,0.08,0.08,0.075,0.075,0.075
8/6/2012,0.08,0.085,0.07,0.075,0.075
8/7/2012,0.095,0.1,0.09,0.1,0.1
8/8/2012,0.1,0.11,0.1,0.105,0.105
8/9/2012,0.105,0.115,0.105,0.11,0.11
8/10/2012,0.105,0.11,0.09,0.095,0.095
8/13/2012,0.1,0.1,0.095,0.095,0.095
8/14/2012,0.105,0.105,0.105,0.105,0.105
8/15/2012,0.105,0.105,0.08,0.08,0.08
8/16/2012,0.08,0.085,0.07,0.075,0.075
8/17/2012,0.08,0.085,0.075,0.08,0.08
8/20/2012,0.085,0.09,0.085,0.085,0.085
8/21/2012,0.105,0.105,0.1,0.105,0.105
8/22/2012,0.1,0.105,0.1,0.1,0.1
8/23/2012,0.1,0.105,0.09,0.095,0.095
8/24/2012,0.09,0.095,0.09,0.09,0.09
8/27/2012,0.095,0.095,0.095,0.095,0.095
8/28/2012,0.1,0.1,0.095,0.1,0.1
8/29/2012,0.1,0.1,0.095,0.095,0.095
8/30/2012,0.095,0.095,0.09,0.09,0.09
8/31/2012,0.085,0.085,0.08,0.085,0.085
9/4/2012,0.095,0.095,0.09,0.09,0.09
9/5/2012,0.1,0.105,0.1,0.1,0.1
9/6/2012,0.1,0.105,0.1,0.1,0.1
9/7/2012,0.1,0.105,0.1,0.1,0.1
9/10/2012,0.1,0.1,0.095,0.095,0.095
9/11/2012,0.095,0.1,0.095,0.1,0.1
9/12/2012,0.095,0.1,0.095,0.095,0.095
9/13/2012,0.09,0.1,0.09,0.095,0.095
9/14/2012,0.09,0.1,0.09,0.095,0.095
9/17/2012,0.095,0.1,0.085,0.09,0.09
9/18/2012,0.1,0.105,0.1,0.1,0.1
9/19/2012,0.105,0.11,0.1,0.105,0.105
9/20/2012,0.1,0.105,0.1,0.105,0.105
9/21/2012,0.1,0.105,0.1,0.1,0.1
9/24/2012,0.1,0.1,0.095,0.095,0.095
9/25/2012,0.105,0.11,0.105,0.105,0.105
9/26/2012,0.105,0.105,0.1,0.1,0.1
9/27/2012,0.09,0.1,0.08,0.085,0.085
9/28/2012,0.095,0.095,0.085,0.09,0.09
10/1/2012,0.09,0.09,0.08,0.08,0.08
10/2/2012,0.08,0.09,0.08,0.09,0.09
10/3/2012,0.085,0.085,0.085,0.085,0.085
10/4/2012,0.085,0.1,0.085,0.095,0.095
10/5/2012,0.09,0.1,0.09,0.1,0.1
10/8/2012,0.095,0.095,0.095,0.095,0.095
10/9/2012,0.105,0.105,0.09,0.095,0.095
10/10/2012,0.095,0.1,0.095,0.095,0.095
10/11/2012,0.09,0.1,0.09,0.095,0.095
10/12/2012,0.095,0.1,0.095,0.1,0.1
10/15/2012,0.1,0.1,0.095,0.095,0.095
10/16/2012,0.105,0.105,0.1,0.1,0.1
10/17/2012,0.1,0.105,0.1,0.105,0.105
10/18/2012,0.1,0.105,0.095,0.095,0.095
10/19/2012,0.095,0.095,0.09,0.09,0.09
10/22/2012,0.09,0.095,0.09,0.09,0.09
10/23/2012,0.1,0.1,0.1,0.1,0.1
10/24/2012,0.1,0.105,0.1,0.105,0.105
10/25/2012,0.105,0.11,0.105,0.11,0.11
10/26/2012,0.105,0.11,0.105,0.105,0.105
10/31/2012,0.115,0.115,0.105,0.105,0.105
11/1/2012,0.1,0.105,0.085,0.09,0.09
11/2/2012,0.095,0.095,0.09,0.09,0.09
11/5/2012,0.085,0.095,0.075,0.09,0.09
11/6/2012,0.105,0.105,0.1,0.1,0.1
11/7/2012,0.1,0.1,0.09,0.09,0.09
11/8/2012,0.09,0.095,0.08,0.085,0.085
11/9/2012,0.08,0.09,0.08,0.09,0.09
11/12/2012,0.087,0.087,0.087,0.087,0.087
11/13/2012,0.085,0.09,0.085,0.085,0.085
11/14/2012,0.105,0.105,0.085,0.095,0.095
11/15/2012,0.09,0.09,0.065,0.075,0.075
11/16/2012,0.075,0.075,0.075,0.075,0.075
11/19/2012,0.075,0.075,0.07,0.075,0.075
11/20/2012,0.085,0.095,0.075,0.085,0.085
11/21/2012,0.09,0.095,0.09,0.09,0.09
11/23/2012,0.085,0.09,0.085,0.09,0.09
11/26/2012,0.09,0.095,0.09,0.09,0.09
11/27/2012,0.095,0.095,0.095,0.095,0.095
11/28/2012,0.095,0.095,0.092,0.092,0.092
11/29/2012,0.09,0.09,0.08,0.08,0.08
11/30/2012,0.075,0.075,0.068,0.075,0.075
12/3/2012,0.08,0.08,0.075,0.077,0.077
12/4/2012,0.09,0.09,0.09,0.09,0.09
12/5/2012,0.09,0.092,0.087,0.09,0.09
12/6/2012,0.087,0.09,0.085,0.09,0.09
12/7/2012,0.08,0.083,0.08,0.08,0.08
12/10/2012,0.08,0.08,0.075,0.075,0.075
12/11/2012,0.077,0.085,0.075,0.075,0.075
12/12/2012,0.077,0.077,0.06,0.06,0.06
12/13/2012,0.06,0.06,0.05,0.052,0.052
12/14/2012,0.048,0.048,0.018,0.025,0.025
12/17/2012,0.028,0.03,0.01,0.022,0.022
12/18/2012,0.04,0.055,0.037,0.055,0.055
12/19/2012,0.045,0.05,0.045,0.045,0.045
12/20/2012,0.045,0.052,0.045,0.05,0.05
12/21/2012,0.045,0.05,0.043,0.05,0.05
12/24/2012,0.052,0.055,0.05,0.05,0.05
12/26/2012,0.052,0.065,0.052,0.055,0.055
12/27/2012,0.075,0.077,0.068,0.07,0.07
12/28/2012,0.065,0.065,0.005,0.01,0.01
12/31/2012,0.013,0.04,0.01,0.035,0.035
1/2/2013,0.052,0.06,0.05,0.055,0.055
1/3/2013,0.065,0.065,0.063,0.065,0.065
1/4/2013,0.07,0.07,0.06,0.065,0.065
1/7/2013,0.065,0.065,0.055,0.058,0.058
1/8/2013,0.065,0.065,0.06,0.06,0.06
1/9/2013,0.063,0.063,0.055,0.055,0.055
1/10/2013,0.05,0.058,0.048,0.055,0.055
1/11/2013,0.058,0.065,0.058,0.063,0.063
1/14/2013,0.065,0.065,0.058,0.06,0.06
1/15/2013,0.075,0.083,0.072,0.08,0.08
1/16/2013,0.08,0.08,0.072,0.072,0.072
1/17/2013,0.07,0.072,0.07,0.07,0.07
1/18/2013,0.07,0.072,0.07,0.07,0.07
1/22/2013,0.07,0.07,0.06,0.06,0.06
1/23/2013,0.06,0.075,0.06,0.07,0.07
1/24/2013,0.07,0.077,0.07,0.075,0.075
1/25/2013,0.075,0.075,0.065,0.07,0.07
1/28/2013,0.07,0.072,0.06,0.06,0.06
1/29/2013,0.063,0.065,0.06,0.063,0.063
1/30/2013,0.065,0.065,0.06,0.06,0.06
1/31/2013,0.063,0.065,0.058,0.065,0.065
2/1/2013,0.065,0.065,0.06,0.06,0.06
2/4/2013,0.06,0.063,0.055,0.055,0.055
2/5/2013,0.07,0.07,0.068,0.07,0.07
2/6/2013,0.068,0.07,0.065,0.065,0.065
2/7/2013,0.065,0.065,0.065,0.065,0.065
2/8/2013,0.065,0.07,0.065,0.065,0.065
2/11/2013,0.068,0.077,0.065,0.065,0.065
2/12/2013,0.08,0.083,0.08,0.083,0.083
2/13/2013,0.083,0.085,0.083,0.085,0.085
2/14/2013,0.09,0.098,0.09,0.095,0.095
2/15/2013,0.095,0.098,0.095,0.095,0.095
2/19/2013,0.095,0.1,0.092,0.1,0.1
2/20/2013,0.113,0.12,0.113,0.115,0.115
2/21/2013,0.115,0.12,0.113,0.12,0.12
2/22/2013,0.12,0.12,0.117,0.12,0.12
2/25/2013,0.117,0.12,0.115,0.115,0.115
2/26/2013,0.113,0.113,0.11,0.11,0.11
2/27/2013,0.105,0.105,0.1,0.1,0.1
2/28/2013,0.1,0.102,0.1,0.1,0.1
3/1/2013,0.1,0.102,0.1,0.1,0.1
3/4/2013,0.1,0.1,0.085,0.085,0.085
3/5/2013,0.085,0.085,0.085,0.085,0.085
3/6/2013,0.09,0.092,0.09,0.092,0.092
3/7/2013,0.09,0.092,0.09,0.09,0.09
3/8/2013,0.09,0.09,0.087,0.087,0.087
3/11/2013,0.087,0.09,0.085,0.087,0.087
3/12/2013,0.09,0.095,0.09,0.092,0.092
3/13/2013,0.09,0.092,0.085,0.085,0.085
3/14/2013,0.083,0.09,0.083,0.09,0.09
3/15/2013,0.085,0.085,0.08,0.083,0.083
3/18/2013,0.08,0.08,0.072,0.072,0.072
3/19/2013,0.077,0.077,0.07,0.07,0.07
3/20/2013,0.072,0.072,0.058,0.063,0.063
3/21/2013,0.06,0.063,0.055,0.06,0.06
3/22/2013,0.063,0.065,0.063,0.065,0.065
3/25/2013,0.06,0.063,0.058,0.058,0.058
3/26/2013,0.072,0.072,0.07,0.072,0.072
3/27/2013,0.07,0.08,0.07,0.08,0.08
3/28/2013,0.08,0.08,0.06,0.065,0.065
4/1/2013,0.07,0.07,0.065,0.065,0.065
4/2/2013,0.065,0.07,0.065,0.068,0.068
4/3/2013,0.068,0.068,0.055,0.055,0.055
4/4/2013,0.055,0.068,0.055,0.065,0.065
4/5/2013,0.063,0.063,0.055,0.06,0.06
4/8/2013,0.06,0.06,0.052,0.055,0.055
4/9/2013,0.06,0.063,0.058,0.063,0.063
4/10/2013,0.063,0.065,0.063,0.065,0.065
4/11/2013,0.065,0.065,0.055,0.063,0.063
4/12/2013,0.055,0.058,0.055,0.055,0.055
4/15/2013,0.05,0.055,0.05,0.055,0.055
4/16/2013,0.052,0.055,0.05,0.052,0.052
4/17/2013,0.05,0.05,0.048,0.05,0.05
4/18/2013,0.045,0.05,0.043,0.05,0.05
4/19/2013,0.045,0.048,0.045,0.045,0.045
4/22/2013,0.048,0.048,0.045,0.045,0.045
4/23/2013,0.045,0.045,0.045,0.045,0.045
4/24/2013,0.045,0.052,0.045,0.048,0.048
4/25/2013,0.05,0.05,0.045,0.05,0.05
4/26/2013,0.045,0.048,0.045,0.045,0.045
4/29/2013,0.05,0.05,0.045,0.045,0.045
4/30/2013,0.045,0.045,0.045,0.045,0.045
5/1/2013,0.048,0.05,0.045,0.05,0.05
5/2/2013,0.05,0.05,0.048,0.05,0.05
5/3/2013,0.045,0.048,0.045,0.045,0.045
5/6/2013,0.045,0.048,0.03,0.03,0.03
5/7/2013,0.035,0.035,0.035,0.035,0.035
5/8/2013,0.035,0.04,0.035,0.035,0.035
5/9/2013,0.035,0.037,0.035,0.035,0.035
5/10/2013,0.035,0.035,0.033,0.035,0.035
5/13/2013,0.035,0.035,0.033,0.035,0.035
5/14/2013,0.04,0.04,0.04,0.04,0.04
5/15/2013,0.04,0.04,0.037,0.037,0.037
5/16/2013,0.025,0.028,0.022,0.025,0.025
5/17/2013,0.025,0.03,0.025,0.03,0.03
5/20/2013,0.03,0.037,0.028,0.035,0.035
5/21/2013,0.037,0.04,0.037,0.04,0.04
5/22/2013,0.035,0.035,0.035,0.035,0.035
5/23/2013,0.035,0.04,0.035,0.04,0.04
5/24/2013,0.04,0.04,0.035,0.037,0.037
5/28/2013,0.035,0.04,0.035,0.035,0.035
5/29/2013,0.04,0.04,0.04,0.04,0.04
5/30/2013,0.03,0.03,0.022,0.025,0.025
5/31/2013,0.025,0.033,0.025,0.03,0.03
6/3/2013,0.03,0.03,0.03,0.03,0.03
6/4/2013,0.043,0.043,0.04,0.04,0.04
6/5/2013,0.043,0.045,0.04,0.045,0.045
6/6/2013,0.045,0.045,0.043,0.045,0.045
6/7/2013,0.045,0.045,0.04,0.04,0.04
6/10/2013,0.04,0.04,0.04,0.04,0.04
6/11/2013,0.043,0.045,0.043,0.045,0.045
6/12/2013,0.045,0.045,0.04,0.04,0.04
6/13/2013,0.043,0.045,0.04,0.043,0.043
6/14/2013,0.04,0.043,0.037,0.04,0.04
6/17/2013,0.04,0.043,0.037,0.04,0.04
6/18/2013,0.043,0.045,0.043,0.045,0.045
6/19/2013,0.043,0.045,0.04,0.04,0.04
6/20/2013,0.045,0.045,0.04,0.04,0.04
6/21/2013,0.04,0.043,0.04,0.04,0.04
6/24/2013,0.045,0.045,0.04,0.04,0.04
6/25/2013,0.055,0.058,0.055,0.058,0.058
6/26/2013,0.055,0.055,0.055,0.055,0.055
6/27/2013,0.05,0.052,0.045,0.045,0.045
6/28/2013,0.05,0.05,0.025,0.03,0.03
7/1/2013,0.035,0.035,0.01,0.01,0.01
7/2/2013,0.03,0.037,0.015,0.035,0.035
7/3/2013,0.033,0.035,0.03,0.035,0.035
7/5/2013,0.037,0.045,0.035,0.035,0.035
7/8/2013,0.04,0.04,0.033,0.035,0.035
7/9/2013,0.04,0.04,0.035,0.035,0.035
7/10/2013,0.035,0.035,0.03,0.03,0.03
7/11/2013,0.03,0.03,0.028,0.03,0.03
7/12/2013,0.028,0.03,0.028,0.03,0.03
7/15/2013,0.03,0.03,0.02,0.02,0.02
7/16/2013,0.033,0.035,0.033,0.035,0.035
7/17/2013,0.033,0.035,0.025,0.025,0.025
7/18/2013,0.025,0.025,0.022,0.022,0.022
7/19/2013,0.02,0.022,0.015,0.02,0.02
7/22/2013,0.022,0.022,0.005,0.005,0.005
7/23/2013,0.022,0.025,0.02,0.02,0.02
7/24/2013,0.02,0.025,0.02,0.02,0.02
7/25/2013,0.015,0.02,0.013,0.015,0.015
7/26/2013,0.015,0.015,0.013,0.015,0.015
7/29/2013,0.015,0.02,0.015,0.02,0.02
7/30/2013,0.03,0.033,0.025,0.03,0.03
7/31/2013,0.028,0.033,0.028,0.03,0.03
8/1/2013,0.03,0.035,0.03,0.035,0.035
8/2/2013,0.035,0.035,0.028,0.03,0.03
8/5/2013,0.03,0.035,0.03,0.035,0.035
8/6/2013,0.037,0.043,0.037,0.04,0.04
8/7/2013,0.043,0.043,0.037,0.04,0.04
8/8/2013,0.045,0.045,0.04,0.045,0.045
8/9/2013,0.045,0.048,0.045,0.048,0.048
8/12/2013,0.045,0.05,0.045,0.048,0.048
8/13/2013,0.05,0.052,0.05,0.052,0.052
8/14/2013,0.05,0.05,0.045,0.05,0.05
8/15/2013,0.045,0.048,0.045,0.045,0.045
8/16/2013,0.045,0.045,0.037,0.04,0.04
8/19/2013,0.04,0.04,0.04,0.04,0.04
8/20/2013,0.048,0.048,0.043,0.045,0.045
8/21/2013,0.04,0.04,0.03,0.033,0.033
8/22/2013,0.03,0.03,0.02,0.02,0.02
8/23/2013,0.02,0.025,0.02,0.022,0.022
8/26/2013,0.025,0.03,0.013,0.013,0.013
8/27/2013,0.033,0.033,0.033,0.033,0.033
8/28/2013,0.03,0.033,0.03,0.03,0.03
8/29/2013,0.028,0.028,0.018,0.02,0.02
8/30/2013,0.02,0.02,0.018,0.02,0.02
9/3/2013,0.02,0.022,0.015,0.015,0.015
9/4/2013,0.018,0.018,0.015,0.015,0.015
9/5/2013,0.013,0.018,0.013,0.015,0.015
9/6/2013,0.015,0.018,0.015,0.015,0.015
9/9/2013,0.015,0.015,0.005,0.01,0.01
9/10/2013,0.015,0.018,0.015,0.015,0.015
9/11/2013,0.018,0.018,0.015,0.015,0.015
9/12/2013,0.015,0.015,0.01,0.01,0.01
9/13/2013,0.01,0.013,0.01,0.01,0.01
9/16/2013,0.01,0.01,0.003,0.003,0.003
9/17/2013,0.007,0.007,0.005,0.005,0.005
9/18/2013,0.005,0.007,0.005,0.005,0.005
9/19/2013,0.005,0.005,0.003,0.005,0.005
9/20/2013,0.003,0.03,0.003,0.005,0.005
9/23/2013,0.005,0.01,0.005,0.005,0.005
9/24/2013,0.015,0.015,0.013,0.015,0.015
9/25/2013,0.02,0.02,0.013,0.015,0.015
9/26/2013,0.02,0.02,0.003,0.003,0.003
9/27/2013,0.005,0.015,0.003,0.005,0.005
9/30/2013,0.005,0.01,0.003,0.005,0.005
10/1/2013,0.01,0.015,0.01,0.013,0.013
10/2/2013,0.013,0.013,0.005,0.01,0.01
10/3/2013,0.007,0.025,0.007,0.02,0.02
10/4/2013,0.02,0.022,0.018,0.018,0.018
10/7/2013,0.02,0.025,0.013,0.018,0.018
10/8/2013,0.033,0.052,0.03,0.045,0.045
10/9/2013,0.048,0.048,0.035,0.037,0.037
10/10/2013,0.035,0.043,0.033,0.04,0.04
10/11/2013,0.04,0.072,0.04,0.063,0.063
10/14/2013,0.058,0.058,0.058,0.058,0.058
10/15/2013,0.05,0.095,0.05,0.092,0.092
10/16/2013,0.135,0.135,0.08,0.092,0.092
10/17/2013,0.043,0.05,0.035,0.037,0.037
10/18/2013,0.04,0.04,0.022,0.025,0.025
10/21/2013,0.025,0.025,0.022,0.025,0.025
10/22/2013,0.033,0.035,0.028,0.033,0.033
10/23/2013,0.03,0.03,0.03,0.03,0.03
10/24/2013,0.03,0.035,0.03,0.03,0.03
10/25/2013,0.03,0.03,0.03,0.03,0.03
10/28/2013,0.03,0.035,0.02,0.02,0.02
10/29/2013,0.035,0.043,0.033,0.04,0.04
10/30/2013,0.035,0.037,0.035,0.035,0.035
10/31/2013,0.033,0.033,0.028,0.033,0.033
11/1/2013,0.033,0.035,0.03,0.033,0.033
11/4/2013,0.035,0.035,0.033,0.033,0.033
11/5/2013,0.045,0.045,0.045,0.045,0.045
11/6/2013,0.045,0.048,0.045,0.045,0.045
11/7/2013,0.045,0.048,0.045,0.048,0.048
11/8/2013,0.05,0.055,0.05,0.052,0.052
11/11/2013,0.052,0.052,0.052,0.052,0.052
11/12/2013,0.052,0.058,0.052,0.058,0.058
11/13/2013,0.07,0.07,0.07,0.07,0.07
11/14/2013,0.068,0.068,0.065,0.068,0.068
11/15/2013,0.068,0.07,0.068,0.07,0.07
11/18/2013,0.068,0.07,0.065,0.065,0.065
11/19/2013,0.077,0.08,0.075,0.08,0.08
11/20/2013,0.083,0.083,0.075,0.077,0.077
11/21/2013,0.072,0.075,0.068,0.07,0.07
11/22/2013,0.07,0.07,0.065,0.065,0.065
11/25/2013,0.07,0.07,0.06,0.06,0.06
11/26/2013,0.065,0.068,0.065,0.068,0.068
11/27/2013,0.068,0.068,0.063,0.063,0.063
11/29/2013,0.058,0.058,0.055,0.055,0.055
12/2/2013,0.055,0.055,0.05,0.05,0.05
12/3/2013,0.05,0.05,0.035,0.035,0.035
12/4/2013,0.055,0.058,0.052,0.052,0.052
12/5/2013,0.045,0.05,0.045,0.048,0.048
12/6/2013,0.05,0.055,0.05,0.052,0.052
12/9/2013,0.052,0.055,0.052,0.052,0.052
12/10/2013,0.065,0.07,0.065,0.07,0.07
12/11/2013,0.068,0.068,0.065,0.068,0.068
12/12/2013,0.065,0.065,0.063,0.063,0.063
12/13/2013,0.06,0.06,0.058,0.06,0.06
12/16/2013,0.06,0.06,0.058,0.058,0.058
12/17/2013,0.063,0.063,0.063,0.063,0.063
12/18/2013,0.06,0.065,0.06,0.06,0.06
12/19/2013,0.058,0.06,0.058,0.058,0.058
12/20/2013,0.058,0.06,0.055,0.055,0.055
12/23/2013,0.055,0.058,0.052,0.058,0.058
12/24/2013,0.068,0.07,0.065,0.068,0.068
12/26/2013,0.065,0.068,0.058,0.06,0.06
12/27/2013,0.06,0.06,0.058,0.058,0.058
12/30/2013,0.052,0.055,0.052,0.055,0.055
12/31/2013,0.06,0.065,0.055,0.063,0.063
1/2/2014,0.06,0.06,0.055,0.058,0.058
1/3/2014,0.06,0.06,0.058,0.058,0.058
1/6/2014,0.055,0.055,0.045,0.045,0.045
1/7/2014,0.048,0.048,0.04,0.043,0.043
1/8/2014,0.037,0.043,0.035,0.04,0.04
1/9/2014,0.035,0.035,0.03,0.033,0.033
1/10/2014,0.035,0.035,0.033,0.033,0.033
1/13/2014,0.035,0.035,0.028,0.03,0.03
1/14/2014,0.033,0.035,0.033,0.033,0.033
1/15/2014,0.035,0.043,0.035,0.035,0.035
1/16/2014,0.03,0.03,0.03,0.03,0.03
1/17/2014,0.03,0.033,0.03,0.03,0.03
1/21/2014,0.033,0.033,0.025,0.028,0.028
1/22/2014,0.033,0.035,0.03,0.03,0.03
1/23/2014,0.03,0.033,0.03,0.03,0.03
1/24/2014,0.03,0.048,0.03,0.033,0.033
1/27/2014,0.048,0.052,0.045,0.048,0.048
1/28/2014,0.045,0.048,0.043,0.045,0.045
1/29/2014,0.045,0.045,0.037,0.04,0.04
1/30/2014,0.03,0.03,0.013,0.015,0.015
1/31/2014,0.015,0.015,0.007,0.01,0.01
2/3/2014,0.013,0.02,0.013,0.02,0.02
2/4/2014,0.052,0.058,0.05,0.055,0.055
2/5/2014,0.052,0.055,0.05,0.055,0.055
2/6/2014,0.052,0.075,0.048,0.06,0.06
2/7/2014,0.063,0.075,0.06,0.072,0.072
2/10/2014,0.077,0.083,0.055,0.055,0.055
2/11/2014,0.045,0.05,0.043,0.045,0.045
2/12/2014,0.048,0.048,0.043,0.043,0.043
2/13/2014,0.025,0.028,0.01,0.025,0.025
2/14/2014,0.02,0.025,0.007,0.01,0.01
2/18/2014,0.015,0.022,0.015,0.015,0.015
2/19/2014,0.045,0.045,0.045,0.045,0.045
2/20/2014,0.045,0.045,0.04,0.04,0.04
2/21/2014,0.04,0.04,0.035,0.035,0.035
2/24/2014,0.035,0.035,0.033,0.033,0.033
2/25/2014,0.033,0.043,0.033,0.04,0.04
2/26/2014,0.04,0.04,0.04,0.04,0.04
2/27/2014,0.037,0.037,0.035,0.035,0.035
2/28/2014,0.035,0.043,0.035,0.043,0.043
3/3/2014,0.04,0.045,0.04,0.043,0.043
3/4/2014,0.045,0.048,0.045,0.048,0.048
3/5/2014,0.05,0.05,0.05,0.05,0.05
3/6/2014,0.045,0.045,0.045,0.045,0.045
3/7/2014,0.045,0.045,0.045,0.045,0.045
3/10/2014,0.045,0.045,0.04,0.04,0.04
3/11/2014,0.045,0.045,0.045,0.045,0.045
3/12/2014,0.045,0.045,0.04,0.04,0.04
3/13/2014,0.04,0.04,0.037,0.04,0.04
3/14/2014,0.04,0.04,0.04,0.04,0.04
3/17/2014,0.043,0.043,0.043,0.043,0.043
3/18/2014,0.05,0.05,0.05,0.05,0.05
3/19/2014,0.05,0.052,0.048,0.05,0.05
3/20/2014,0.048,0.052,0.048,0.052,0.052
3/21/2014,0.05,0.05,0.045,0.045,0.045
3/24/2014,0.048,0.048,0.043,0.043,0.043
3/25/2014,0.045,0.045,0.04,0.045,0.045
3/26/2014,0.04,0.04,0.035,0.037,0.037
3/27/2014,0.035,0.035,0.033,0.033,0.033
3/28/2014,0.028,0.033,0.028,0.033,0.033
3/31/2014,0.033,0.035,0.028,0.028,0.028
4/1/2014,0.04,0.04,0.03,0.03,0.03
4/2/2014,0.028,0.028,0.018,0.018,0.018
4/3/2014,0.01,0.015,0.01,0.015,0.015
4/4/2014,0.015,0.022,0.015,0.02,0.02
4/7/2014,0.02,0.02,0.02,0.02,0.02
4/8/2014,0.028,0.028,0.025,0.025,0.025
4/9/2014,0.025,0.03,0.025,0.028,0.028
4/10/2014,0.025,0.028,0.025,0.028,0.028
4/11/2014,0.03,0.03,0.028,0.03,0.03
4/14/2014,0.03,0.03,0.03,0.03,0.03
4/15/2014,0.028,0.03,0.028,0.03,0.03
4/16/2014,0.03,0.03,0.025,0.025,0.025
4/17/2014,0.025,0.025,0.022,0.025,0.025
4/21/2014,0.025,0.025,0.025,0.025,0.025
4/22/2014,0.025,0.025,0.025,0.025,0.025
4/23/2014,0.025,0.025,0.015,0.015,0.015
4/24/2014,0.015,0.015,0.003,0.007,0.007
4/25/2014,0.01,0.01,0.007,0.007,0.007
4/28/2014,0.005,0.005,0.003,0.003,0.003
4/29/2014,0.015,0.02,0.015,0.015,0.015
4/30/2014,0.015,0.02,0.015,0.02,0.02
5/1/2014,0.02,0.02,0.018,0.018,0.018
5/2/2014,0.02,0.022,0.015,0.015,0.015
5/5/2014,0.015,0.018,0.015,0.015,0.015
5/6/2014,0.02,0.022,0.02,0.02,0.02
5/7/2014,0.02,0.02,0.02,0.02,0.02
5/8/2014,0.02,0.022,0.02,0.022,0.022
5/9/2014,0.022,0.022,0.02,0.022,0.022
5/12/2014,0.02,0.022,0.02,0.02,0.02
5/13/2014,0.02,0.02,0.02,0.02,0.02
5/14/2014,0.02,0.02,0.02,0.02,0.02
5/15/2014,0.02,0.02,0.018,0.018,0.018
5/16/2014,0.015,0.018,0.015,0.015,0.015
5/19/2014,0.015,0.02,0.015,0.018,0.018
5/20/2014,0.025,0.025,0.022,0.025,0.025
5/21/2014,0.025,0.025,0.025,0.025,0.025
5/22/2014,0.028,0.028,0.025,0.028,0.028
5/23/2014,0.028,0.028,0.028,0.028,0.028
5/27/2014,0.025,0.028,0.025,0.028,0.028
5/28/2014,0.03,0.03,0.028,0.028,0.028
5/29/2014,0.03,0.03,0.03,0.03,0.03
5/30/2014,0.03,0.03,0.03,0.03,0.03
6/2/2014,0.03,0.03,0.025,0.025,0.025
6/3/2014,0.03,0.03,0.03,0.03,0.03
6/4/2014,0.03,0.03,0.028,0.03,0.03
6/5/2014,0.03,0.03,0.028,0.03,0.03
6/6/2014,0.03,0.03,0.028,0.028,0.028
6/9/2014,0.03,0.03,0.03,0.03,0.03
6/10/2014,0.03,0.035,0.03,0.035,0.035
6/11/2014,0.033,0.035,0.03,0.033,0.033
6/12/2014,0.033,0.035,0.033,0.033,0.033
6/13/2014,0.035,0.035,0.03,0.03,0.03
6/16/2014,0.03,0.03,0.022,0.025,0.025
6/17/2014,0.035,0.035,0.033,0.033,0.033
6/18/2014,0.035,0.035,0.018,0.018,0.018
6/19/2014,0.018,0.018,0.01,0.01,0.01
6/20/2014,0.013,0.013,0.01,0.01,0.01
6/23/2014,0.013,0.013,0.005,0.005,0.005
6/24/2014,0.02,0.025,0.02,0.022,0.022
6/25/2014,0.02,0.022,0.018,0.02,0.02
6/26/2014,0.018,0.025,0.018,0.025,0.025
6/27/2014,0.02,0.022,0.018,0.018,0.018
6/30/2014,0.02,0.022,0.02,0.02,0.02
7/1/2014,0.033,0.033,0.022,0.025,0.025
7/2/2014,0.02,0.02,0.005,0.007,0.007
7/3/2014,0.005,0.007,0.003,0.003,0.003
7/7/2014,0.005,0.01,0.005,0.007,0.007
7/8/2014,0.025,0.025,0.025,0.025,0.025
7/9/2014,0.025,0.025,0.015,0.015,0.015
7/10/2014,0.015,0.018,0.013,0.015,0.015
7/11/2014,0.015,0.015,0.015,0.015,0.015
7/14/2014,0.015,0.015,0.015,0.015,0.015
7/15/2014,0.02,0.02,0.018,0.02,0.02
7/16/2014,0.02,0.022,0.018,0.018,0.018
7/17/2014,0.015,0.015,0.007,0.007,0.007
7/18/2014,0.01,0.013,0.01,0.01,0.01
7/21/2014,0.01,0.015,0.01,0.013,0.013
7/22/2014,0.02,0.02,0.02,0.02,0.02
7/23/2014,0.02,0.025,0.02,0.02,0.02
7/24/2014,0.02,0.02,0.02,0.02,0.02
7/25/2014,0.02,0.02,0.02,0.02,0.02
7/28/2014,0.022,0.025,0.022,0.025,0.025
7/29/2014,0.03,0.03,0.028,0.028,0.028
7/30/2014,0.03,0.03,0.028,0.028,0.028
7/31/2014,0.02,0.02,0.018,0.018,0.018
8/1/2014,0.02,0.02,0.015,0.018,0.018
8/4/2014,0.015,0.015,0.015,0.015,0.015
8/5/2014,0.025,0.025,0.022,0.025,0.025
8/6/2014,0.022,0.022,0.02,0.02,0.02
8/7/2014,0.02,0.02,0.018,0.02,0.02
8/8/2014,0.02,0.02,0.02,0.02,0.02
8/11/2014,0.02,0.025,0.02,0.025,0.025
8/12/2014,0.025,0.03,0.025,0.025,0.025
8/13/2014,0.028,0.03,0.025,0.03,0.03
8/14/2014,0.03,0.03,0.028,0.028,0.028
8/15/2014,0.028,0.028,0.022,0.022,0.022
8/18/2014,0.022,0.025,0.022,0.022,0.022
8/19/2014,0.025,0.025,0.025,0.025,0.025
8/20/2014,0.025,0.025,0.025,0.025,0.025
8/21/2014,0.02,0.02,0.01,0.015,0.015
8/22/2014,0.013,0.015,0.01,0.015,0.015
8/25/2014,0.015,0.015,0.01,0.015,0.015
8/26/2014,0.025,0.025,0.022,0.025,0.025
8/27/2014,0.025,0.025,0.025,0.025,0.025
8/28/2014,0.025,0.025,0.022,0.022,0.022
8/29/2014,0.02,0.02,0.018,0.018,0.018
9/2/2014,0.025,0.025,0.018,0.02,0.02
9/3/2014,0.02,0.02,0.02,0.02,0.02
9/4/2014,0.018,0.022,0.018,0.02,0.02
9/5/2014,0.022,0.022,0.018,0.02,0.02
9/8/2014,0.022,0.022,0.018,0.02,0.02
9/9/2014,0.018,0.018,0.013,0.015,0.015
9/10/2014,0.015,0.015,0.013,0.015,0.015
9/11/2014,0.01,0.01,0.007,0.01,0.01
9/12/2014,0.01,0.01,0.01,0.01,0.01
9/15/2014,0.01,0.01,0.01,0.01,0.01
9/16/2014,0.013,0.015,0.013,0.015,0.015
9/17/2014,0.015,0.015,0.013,0.013,0.013
9/18/2014,0.013,0.013,0.007,0.01,0.01
9/19/2014,0.01,0.01,0.005,0.007,0.007
9/22/2014,0.007,0.01,0.003,0.003,0.003
9/23/2014,0.005,0.007,0.005,0.007,0.007
9/24/2014,0.005,0.01,0.005,0.007,0.007
9/25/2014,0.007,0.007,0.003,0.005,0.005
9/26/2014,0.003,0.007,0.003,0.005,0.005
9/29/2014,0.003,0.005,0.003,0.005,0.005
9/30/2014,0.01,0.022,0.01,0.013,0.013
10/1/2014,0.015,0.015,0.01,0.013,0.013
10/2/2014,0.01,0.01,0.007,0.01,0.01
10/3/2014,0.01,0.015,0.007,0.01,0.01
10/6/2014,0.01,0.01,0.007,0.01,0.01
10/7/2014,0.01,0.01,0.007,0.01,0.01
10/8/2014,0.007,0.01,0.003,0.005,0.005
10/9/2014,0.003,0.01,0.003,0.005,0.005
10/10/2014,0.005,0.005,0.003,0.005,0.005
10/13/2014,0.005,0.005,0.005,0.005,0.005
10/14/2014,0.003,0.005,0.003,0.005,0.005
10/15/2014,0.01,0.01,0.007,0.01,0.01
10/16/2014,0.013,0.02,0.013,0.02,0.02
10/17/2014,0.02,0.022,0.02,0.022,0.022
10/20/2014,0.02,0.02,0.018,0.02,0.02
10/21/2014,0.018,0.018,0.018,0.018,0.018
10/22/2014,0.02,0.02,0.015,0.015,0.015
10/23/2014,0.015,0.015,0.003,0.015,0.015
10/24/2014,0.015,0.015,0.003,0.005,0.005
10/27/2014,0.005,0.007,0.005,0.005,0.005
10/28/2014,0.015,0.015,0.015,0.015,0.015
10/29/2014,0.015,0.015,0.01,0.015,0.015
10/30/2014,0.005,0.005,0.003,0.003,0.003
10/31/2014,0.003,0.003,0.003,0.003,0.003
11/3/2014,0.003,0.003,0.003,0.003,0.003
11/4/2014,0.013,0.022,0.013,0.022,0.022
11/5/2014,0.022,0.025,0.02,0.02,0.02
11/6/2014,0.02,0.02,0.015,0.018,0.018
11/7/2014,0.018,0.02,0.015,0.018,0.018
11/10/2014,0.02,0.02,0.013,0.015,0.015
11/11/2014,0.015,0.015,0.015,0.015,0.015
11/12/2014,0.015,0.015,0.01,0.013,0.013
11/13/2014,0.013,0.013,0.003,0.005,0.005
11/14/2014,0.007,0.013,0.003,0.003,0.003
11/17/2014,0.01,0.01,0.003,0.01,0.01
11/18/2014,0.02,0.02,0.013,0.015,0.015
11/19/2014,0.015,0.015,0.003,0.015,0.015
11/20/2014,0.015,0.015,0.003,0.015,0.015
11/21/2014,0.003,0.003,0.003,0.003,0.003
11/24/2014,0.015,0.015,0.003,0.005,0.005
11/25/2014,0.015,0.02,0.015,0.018,0.018
11/26/2014,0.018,0.018,0.007,0.01,0.01
11/28/2014,0.005,0.005,0.005,0.005,0.005
12/1/2014,0.005,0.013,0.005,0.007,0.007
12/2/2014,0.02,0.02,0.015,0.015,0.015
12/3/2014,0.013,0.015,0.003,0.005,0.005
12/4/2014,0.005,0.015,0.003,0.013,0.013
12/5/2014,0.015,0.015,0.01,0.01,0.01
12/8/2014,0.01,0.01,0.003,0.005,0.005
12/9/2014,0.02,0.028,0.02,0.028,0.028
12/10/2014,0.028,0.028,0.022,0.025,0.025
12/11/2014,0.02,0.025,0.02,0.022,0.022
12/12/2014,0.025,0.025,0.015,0.015,0.015
12/15/2014,0.015,0.015,0.01,0.01,0.01
12/16/2014,0.025,0.03,0.025,0.03,0.03
12/17/2014,0.03,0.03,0.018,0.02,0.02
12/18/2014,0.02,0.035,0.018,0.033,0.033
12/19/2014,0.03,0.03,0.025,0.025,0.025
12/22/2014,0.025,0.025,0.015,0.015,0.015
12/23/2014,0.04,0.04,0.02,0.02,0.02
12/24/2014,0.018,0.023,0.003,0.02,0.02
12/26/2014,0.003,0.01,0.003,0.01,0.01
12/29/2014,0.003,0.005,0.003,0.003,0.003
12/30/2014,0.02,0.02,0.02,0.02,0.02
12/31/2014,0.022,0.037,0.01,0.037,0.037
1/2/2015,0.03,0.03,0.015,0.015,0.015
1/5/2015,0.008,0.018,0.003,0.003,0.003
1/6/2015,0.023,0.023,0.018,0.02,0.02
1/7/2015,0.023,0.025,0.02,0.02,0.02
1/8/2015,0.02,0.02,0.015,0.018,0.018
1/9/2015,0.015,0.018,0.015,0.015,0.015
1/12/2015,0.015,0.015,0.01,0.013,0.013
1/13/2015,0.02,0.023,0.02,0.023,0.023
1/14/2015,0.025,0.025,0.023,0.025,0.025
1/15/2015,0.023,0.025,0.02,0.023,0.023
1/16/2015,0.02,0.023,0.015,0.018,0.018
1/20/2015,0.015,0.015,0.008,0.008,0.008
1/21/2015,0.02,0.023,0.015,0.02,0.02
1/22/2015,0.02,0.02,0.013,0.015,0.015
1/23/2015,0.015,0.015,0.01,0.013,0.013
1/26/2015,0.013,0.015,0.003,0.005,0.005
1/27/2015,0.005,0.018,0.005,0.018,0.018
1/28/2015,0.015,0.018,0.015,0.015,0.015
1/29/2015,0.015,0.015,0.005,0.01,0.01
1/30/2015,0.005,0.008,0.003,0.005,0.005
2/2/2015,0.005,0.008,0.003,0.005,0.005
2/3/2015,0.013,0.018,0.013,0.015,0.015
2/4/2015,0.013,0.013,0.005,0.005,0.005
2/5/2015,0.005,0.01,0.005,0.008,0.008
2/6/2015,0.008,0.02,0.008,0.015,0.015
2/9/2015,0.015,0.015,0.003,0.003,0.003
2/10/2015,0.005,0.005,0.005,0.005,0.005
2/11/2015,0.005,0.01,0.005,0.005,0.005
2/12/2015,0.008,0.01,0.008,0.008,0.008
2/13/2015,0.005,0.005,0.003,0.005,0.005
2/17/2015,0.003,0.008,0.003,0.008,0.008
2/18/2015,0.01,0.013,0.01,0.013,0.013
2/19/2015,0.01,0.013,0.01,0.013,0.013
2/20/2015,0.015,0.015,0.01,0.01,0.01
2/23/2015,0.01,0.015,0.01,0.015,0.015
2/24/2015,0.015,0.018,0.013,0.018,0.018
2/25/2015,0.015,0.018,0.015,0.015,0.015
2/26/2015,0.013,0.013,0.01,0.013,0.013
2/27/2015,0.01,0.013,0.005,0.008,0.008
3/2/2015,0.01,0.01,0.005,0.005,0.005
3/3/2015,0.013,0.013,0.013,0.013,0.013
3/4/2015,0.013,0.015,0.01,0.01,0.01
3/5/2015,0.005,0.005,0.003,0.003,0.003
3/6/2015,0.005,0.01,0.003,0.005,0.005
3/9/2015,0.005,0.005,0.003,0.005,0.005
3/10/2015,0.01,0.01,0.01,0.01,0.01
3/11/2015,0.013,0.013,0.01,0.013,0.013
3/12/2015,0.015,0.018,0.015,0.018,0.018
3/13/2015,0.02,0.023,0.018,0.023,0.023
3/16/2015,0.025,0.03,0.023,0.03,0.03
3/17/2015,0.035,0.05,0.035,0.048,0.048
3/18/2015,0.048,0.048,0.035,0.038,0.038
3/19/2015,0.01,0.013,0.008,0.01,0.01
3/20/2015,0.005,0.005,0.003,0.003,0.003
3/23/2015,0.003,0.005,0.003,0.003,0.003
3/24/2015,0.013,0.015,0.013,0.015,0.015
3/25/2015,0.015,0.018,0.015,0.018,0.018
3/26/2015,0.023,0.03,0.023,0.028,0.028
3/27/2015,0.025,0.03,0.02,0.03,0.03
3/30/2015,0.028,0.03,0.023,0.023,0.023
3/31/2015,0.03,0.035,0.025,0.025,0.025
4/1/2015,0.028,0.033,0.025,0.033,0.033
4/2/2015,0.015,0.018,0.01,0.01,0.01
4/6/2015,0.01,0.01,0.003,0.003,0.003
4/7/2015,0.015,0.015,0.015,0.015,0.015
4/8/2015,0.015,0.018,0.015,0.018,0.018
4/9/2015,0.02,0.02,0.02,0.02,0.02
4/10/2015,0.02,0.02,0.013,0.015,0.015
4/13/2015,0.015,0.015,0.005,0.005,0.005
4/14/2015,0.01,0.01,0.008,0.01,0.01
4/15/2015,0.015,0.015,0.015,0.015,0.015
4/16/2015,0.01,0.015,0.01,0.01,0.01
4/17/2015,0.013,0.013,0.01,0.013,0.013
4/20/2015,0.015,0.015,0.013,0.013,0.013
4/21/2015,0.02,0.02,0.02,0.02,0.02
4/22/2015,0.02,0.02,0.02,0.02,0.02
4/23/2015,0.02,0.02,0.015,0.02,0.02
4/24/2015,0.015,0.018,0.015,0.015,0.015
4/27/2015,0.015,0.018,0.013,0.013,0.013
4/28/2015,0.015,0.015,0.013,0.013,0.013
4/29/2015,0.008,0.008,0.003,0.003,0.003
4/30/2015,0.003,0.005,0.003,0.005,0.005
5/1/2015,0.003,0.003,0.003,0.003,0.003
5/4/2015,0.005,0.005,0.003,0.003,0.003
5/5/2015,0.013,0.013,0.005,0.008,0.008
5/6/2015,0.005,0.01,0.005,0.01,0.01
5/7/2015,0.01,0.01,0.003,0.005,0.005
5/8/2015,0.005,0.005,0.003,0.003,0.003
5/11/2015,0.005,0.008,0.005,0.005,0.005
5/12/2015,0.013,0.015,0.013,0.013,0.013
5/13/2015,0.015,0.015,0.01,0.01,0.01
5/14/2015,0.013,0.013,0.01,0.01,0.01
5/15/2015,0.01,0.01,0.008,0.01,0.01
5/18/2015,0.008,0.008,0.008,0.008,0.008
5/19/2015,0.01,0.01,0.01,0.01,0.01
5/20/2015,0.013,0.013,0.01,0.013,0.013
5/21/2015,0.015,0.015,0.013,0.013,0.013
5/22/2015,0.01,0.013,0.01,0.01,0.01
5/26/2015,0.01,0.01,0.01,0.01,0.01
5/27/2015,0.01,0.013,0.01,0.013,0.013
5/28/2015,0.005,0.005,0.003,0.003,0.003
5/29/2015,0.003,0.003,0.003,0.003,0.003
6/1/2015,0.008,0.008,0.008,0.008,0.008
6/2/2015,0.01,0.01,0.01,0.01,0.01
6/3/2015,0.01,0.01,0.01,0.01,0.01
6/4/2015,0.005,0.005,0.005,0.005,0.005
6/5/2015,0.008,0.01,0.005,0.01,0.01
6/8/2015,0.013,0.013,0.01,0.01,0.01
6/9/2015,0.015,0.015,0.01,0.013,0.013
6/10/2015,0.015,0.015,0.013,0.013,0.013
6/11/2015,0.013,0.013,0.008,0.008,0.008
6/12/2015,0.008,0.008,0.005,0.005,0.005
6/15/2015,0.005,0.005,0.003,0.003,0.003
6/16/2015,0.008,0.008,0.008,0.008,0.008
6/17/2015,0.01,0.01,0.003,0.003,0.003
6/18/2015,0.003,0.003,0.003,0.003,0.003
6/19/2015,0.003,0.003,0.003,0.003,0.003
6/22/2015,0.003,0.003,0.003,0.003,0.003
6/23/2015,0.005,0.008,0.005,0.008,0.008
6/24/2015,0.005,0.005,0.003,0.005,0.005
6/25/2015,0.003,0.005,0.003,0.005,0.005
6/26/2015,0.003,0.005,0.003,0.005,0.005
6/29/2015,0.005,0.005,0.005,0.005,0.005
6/30/2015,0.008,0.01,0.005,0.01,0.01
7/1/2015,0.008,0.008,0.003,0.003,0.003
7/2/2015,0.013,0.013,0.003,0.003,0.003
7/6/2015,0.005,0.008,0.005,0.005,0.005
7/7/2015,0.008,0.01,0.008,0.01,0.01
7/8/2015,0.01,0.01,0.01,0.01,0.01
7/9/2015,0.008,0.008,0.008,0.008,0.008
7/10/2015,0.01,0.01,0.008,0.008,0.008
7/13/2015,0.01,0.01,0.003,0.008,0.008
7/14/2015,0.01,0.01,0.01,0.01,0.01
7/15/2015,0.013,0.013,0.01,0.013,0.013
7/16/2015,0.01,0.01,0.01,0.01,0.01
7/17/2015,0.01,0.013,0.01,0.013,0.013
7/20/2015,0.01,0.023,0.01,0.023,0.023
7/21/2015,0.03,0.03,0.028,0.03,0.03
7/22/2015,0.028,0.03,0.028,0.03,0.03
7/23/2015,0.03,0.03,0.03,0.03,0.03
7/24/2015,0.03,0.03,0.03,0.03,0.03
7/27/2015,0.033,0.033,0.025,0.028,0.028
7/28/2015,0.043,0.048,0.043,0.043,0.043
7/29/2015,0.048,0.048,0.043,0.045,0.045
7/30/2015,0.05,0.06,0.05,0.06,0.06
7/31/2015,0.058,0.058,0.055,0.058,0.058
8/3/2015,0.058,0.063,0.058,0.063,0.063
8/4/2015,0.073,0.075,0.073,0.075,0.075
8/5/2015,0.075,0.078,0.073,0.075,0.075
8/6/2015,0.06,0.06,0.015,0.028,0.028
8/7/2015,0.028,0.06,0.028,0.055,0.055
8/10/2015,0.055,0.068,0.055,0.065,0.065
8/11/2015,0.098,0.103,0.098,0.098,0.098
8/12/2015,0.095,0.095,0.088,0.09,0.09
8/13/2015,0.095,0.098,0.078,0.083,0.083
8/14/2015,0.08,0.09,0.08,0.08,0.08
8/17/2015,0.08,0.08,0.06,0.06,0.06
8/18/2015,0.088,0.088,0.085,0.085,0.085
8/19/2015,0.083,0.083,0.04,0.04,0.04
8/20/2015,0.015,0.02,0.01,0.015,0.015
8/21/2015,0.005,0.02,0.005,0.02,0.02
8/24/2015,0.01,0.02,0.005,0.015,0.015
8/25/2015,0.053,0.053,0.05,0.053,0.053
8/26/2015,0.053,0.055,0.05,0.055,0.055
8/27/2015,0.048,0.053,0.048,0.05,0.05
8/28/2015,0.05,0.053,0.045,0.05,0.05
8/31/2015,0.045,0.048,0.003,0.003,0.003
9/1/2015,0.063,0.063,0.038,0.038,0.038
9/2/2015,0.043,0.043,0.025,0.025,0.025
9/3/2015,0.005,0.015,0.005,0.015,0.015
9/4/2015,0.015,0.028,0.015,0.025,0.025
9/8/2015,0.033,0.04,0.025,0.025,0.025
9/9/2015,0.05,0.05,0.035,0.035,0.035
9/10/2015,0.018,0.02,0.015,0.015,0.015
9/11/2015,0.015,0.025,0.015,0.023,0.023
9/14/2015,0.023,0.033,0.023,0.025,0.025
9/15/2015,0.053,0.058,0.053,0.058,0.058
9/16/2015,0.058,0.058,0.053,0.053,0.053
9/17/2015,0.043,0.045,0.003,0.003,0.003
9/18/2015,0.005,0.013,0.003,0.01,0.01
9/21/2015,0.015,0.015,0.01,0.013,0.013
9/22/2015,0.003,0.003,0.003,0.003,0.003
9/23/2015,0.003,0.008,0.003,0.003,0.003
9/24/2015,0.003,0.005,0.003,0.005,0.005
9/25/2015,0.01,0.023,0.003,0.02,0.02
9/28/2015,0.025,0.025,0.01,0.013,0.013
9/29/2015,0.005,0.005,0.003,0.003,0.003
9/30/2015,0.005,0.005,0.003,0.005,0.005
10/1/2015,0.003,0.02,0.003,0.018,0.018
10/2/2015,0.018,0.018,0.005,0.008,0.008
10/5/2015,0.01,0.01,0.008,0.008,0.008
10/6/2015,0.005,0.005,0.005,0.005,0.005
10/7/2015,0.005,0.005,0.005,0.005,0.005
10/8/2015,0.005,0.008,0.003,0.003,0.003
10/9/2015,0.005,0.005,0.003,0.003,0.003
10/12/2015,0.01,0.01,0.01,0.01,0.01
10/13/2015,0.005,0.005,0.003,0.005,0.005
10/14/2015,0.008,0.01,0.008,0.01,0.01
10/15/2015,0.008,0.008,0.005,0.005,0.005
10/16/2015,0.005,0.005,0.003,0.005,0.005
10/19/2015,0.003,0.005,0.003,0.005,0.005
10/20/2015,0.013,0.013,0.01,0.01,0.01
10/21/2015,0.01,0.013,0.003,0.005,0.005
10/22/2015,0.005,0.008,0.003,0.005,0.005
10/23/2015,0.003,0.005,0.003,0.003,0.003
10/26/2015,0.003,0.008,0.003,0.008,0.008
10/27/2015,0.01,0.02,0.01,0.01,0.01
10/28/2015,0.03,0.035,0.02,0.035,0.035
10/29/2015,0.028,0.06,0.028,0.053,0.053
10/30/2015,0.053,0.068,0.053,0.068,0.068
11/2/2015,0.073,0.098,0.053,0.053,0.053
11/3/2015,0.06,0.063,0.058,0.058,0.058
11/4/2015,0.063,0.065,0.055,0.055,0.055
11/5/2015,0.035,0.043,0.033,0.04,0.04
11/6/2015,0.038,0.095,0.035,0.073,0.073
11/9/2015,0.073,0.09,0.073,0.075,0.075
11/10/2015,0.128,0.128,0.125,0.125,0.125
11/11/2015,0.123,0.123,0.123,0.123,0.123
11/12/2015,0.125,0.125,0.118,0.123,0.123
11/13/2015,0.12,0.12,0.113,0.113,0.113
11/16/2015,0.113,0.115,0.098,0.098,0.098
11/17/2015,0.135,0.135,0.135,0.135,0.135
11/18/2015,0.138,0.138,0.12,0.123,0.123
11/19/2015,0.098,0.1,0.088,0.088,0.088
11/20/2015,0.09,0.093,0.09,0.093,0.093
11/23/2015,0.095,0.11,0.095,0.105,0.105
11/24/2015,0.135,0.153,0.133,0.153,0.153
11/25/2015,0.15,0.175,0.15,0.175,0.175
11/27/2015,0.163,0.17,0.16,0.16,0.16
11/30/2015,0.168,0.173,0.163,0.17,0.17
12/1/2015,0.21,0.213,0.203,0.203,0.203
12/2/2015,0.2,0.215,0.198,0.2,0.2
12/3/2015,0.205,0.205,0.195,0.198,0.198
12/4/2015,0.2,0.21,0.198,0.205,0.205
12/7/2015,0.208,0.24,0.208,0.235,0.235
12/8/2015,0.265,0.27,0.265,0.268,0.268
12/9/2015,0.26,0.263,0.233,0.245,0.245
12/10/2015,0.235,0.235,0.23,0.23,0.23
12/11/2015,0.223,0.223,0.21,0.213,0.213
12/14/2015,0.22,0.223,0.193,0.198,0.198
12/15/2015,0.25,0.25,0.25,0.25,0.25
12/16/2015,0.255,0.258,0.23,0.235,0.235
12/17/2015,0.235,0.235,0.21,0.213,0.213
12/18/2015,0.21,0.21,0.173,0.175,0.175
12/21/2015,0.178,0.18,0.153,0.153,0.153
12/22/2015,0.225,0.225,0.193,0.193,0.193
12/23/2015,0.195,0.228,0.18,0.19,0.19
12/24/2015,0.185,0.185,0.178,0.183,0.183
12/28/2015,0.203,0.22,0.188,0.19,0.19
12/29/2015,0.215,0.218,0.208,0.215,0.215
12/30/2015,0.2,0.22,0.193,0.195,0.195
12/31/2015,0.14,0.165,0.135,0.148,0.148
1/4/2016,0.165,0.17,0.153,0.155,0.155
1/5/2016,0.205,0.205,0.205,0.205,0.205
1/6/2016,0.205,0.205,0.198,0.205,0.205
1/7/2016,0.19,0.195,0.185,0.19,0.19
1/8/2016,0.19,0.195,0.188,0.19,0.19
1/11/2016,0.188,0.188,0.168,0.175,0.175
1/12/2016,0.208,0.21,0.208,0.21,0.21
1/13/2016,0.208,0.215,0.205,0.215,0.215
1/14/2016,0.21,0.24,0.21,0.24,0.24
1/15/2016,0.228,0.23,0.215,0.223,0.223
1/19/2016,0.228,0.23,0.228,0.23,0.23
1/20/2016,0.25,0.253,0.25,0.253,0.253
1/21/2016,0.25,0.275,0.25,0.273,0.273
1/22/2016,0.275,0.288,0.275,0.288,0.288
1/25/2016,0.285,0.285,0.265,0.275,0.275
1/26/2016,0.298,0.303,0.298,0.3,0.3
1/27/2016,0.3,0.303,0.3,0.3,0.3
1/28/2016,0.303,0.32,0.298,0.318,0.318
1/29/2016,0.305,0.305,0.3,0.3,0.3
2/1/2016,0.3,0.3,0.295,0.295,0.295
2/2/2016,0.343,0.343,0.33,0.33,0.33
2/3/2016,0.333,0.34,0.33,0.333,0.333
2/4/2016,0.318,0.318,0.283,0.283,0.283
2/5/2016,0.285,0.288,0.268,0.278,0.278
2/8/2016,0.26,0.265,0.255,0.26,0.26
2/9/2016,0.31,0.31,0.3,0.3,0.3
2/10/2016,0.3,0.303,0.298,0.298,0.298
2/11/2016,0.268,0.273,0.263,0.273,0.273
2/12/2016,0.273,0.273,0.265,0.27,0.27
2/16/2016,0.278,0.278,0.273,0.273,0.273
2/17/2016,0.293,0.295,0.293,0.293,0.293
2/18/2016,0.293,0.293,0.285,0.288,0.288
2/19/2016,0.283,0.283,0.28,0.283,0.283
2/22/2016,0.288,0.293,0.285,0.293,0.293
2/23/2016,0.318,0.318,0.315,0.318,0.318
2/24/2016,0.315,0.318,0.315,0.315,0.315
2/25/2016,0.32,0.32,0.31,0.31,0.31
2/26/2016,0.31,0.31,0.303,0.303,0.303
2/29/2016,0.303,0.308,0.295,0.308,0.308
3/1/2016,0.318,0.32,0.315,0.32,0.32
3/2/2016,0.32,0.32,0.303,0.303,0.303
3/3/2016,0.278,0.28,0.255,0.263,0.263
3/4/2016,0.273,0.278,0.265,0.265,0.265
3/7/2016,0.268,0.27,0.263,0.265,0.265
3/8/2016,0.308,0.308,0.305,0.305,0.305
3/9/2016,0.3,0.303,0.288,0.288,0.288
3/10/2016,0.288,0.303,0.288,0.303,0.303
3/11/2016,0.305,0.308,0.305,0.308,0.308
3/14/2016,0.31,0.313,0.308,0.308,0.308
3/15/2016,0.325,0.328,0.325,0.325,0.325
3/16/2016,0.325,0.328,0.278,0.3,0.3
3/17/2016,0.273,0.275,0.268,0.275,0.275
3/18/2016,0.265,0.28,0.265,0.28,0.28
3/21/2016,0.28,0.288,0.28,0.288,0.288
3/22/2016,0.298,0.298,0.293,0.295,0.295
3/23/2016,0.293,0.293,0.293,0.293,0.293
3/24/2016,0.29,0.29,0.273,0.275,0.275
3/28/2016,0.278,0.28,0.255,0.255,0.255
3/29/2016,0.278,0.278,0.223,0.225,0.225
3/30/2016,0.21,0.21,0.185,0.185,0.185
3/31/2016,0.168,0.193,0.15,0.193,0.193
4/1/2016,0.193,0.223,0.193,0.218,0.218
4/4/2016,0.213,0.213,0.183,0.183,0.183
4/5/2016,0.213,0.218,0.21,0.218,0.218
4/6/2016,0.22,0.223,0.215,0.22,0.22
4/7/2016,0.213,0.22,0.213,0.22,0.22
4/8/2016,0.22,0.22,0.215,0.218,0.218
4/11/2016,0.218,0.223,0.21,0.21,0.21
4/12/2016,0.225,0.23,0.225,0.23,0.23
4/13/2016,0.23,0.23,0.22,0.223,0.223
4/14/2016,0.22,0.22,0.215,0.215,0.215
4/15/2016,0.215,0.215,0.208,0.21,0.21
4/18/2016,0.21,0.21,0.198,0.198,0.198
4/19/2016,0.215,0.215,0.215,0.215,0.215
4/20/2016,0.215,0.22,0.215,0.218,0.218
4/21/2016,0.223,0.225,0.223,0.225,0.225
4/22/2016,0.225,0.225,0.223,0.225,0.225
4/25/2016,0.223,0.243,0.223,0.238,0.238
4/26/2016,0.245,0.248,0.243,0.245,0.245
4/27/2016,0.245,0.245,0.24,0.245,0.245
4/28/2016,0.228,0.228,0.21,0.21,0.21
4/29/2016,0.193,0.195,0.19,0.193,0.193
5/2/2016,0.193,0.193,0.183,0.185,0.185
5/3/2016,0.205,0.205,0.203,0.203,0.203
5/4/2016,0.203,0.203,0.195,0.198,0.198
5/5/2016,0.185,0.188,0.18,0.183,0.183
5/6/2016,0.188,0.188,0.18,0.18,0.18
5/9/2016,0.185,0.203,0.185,0.203,0.203
5/10/2016,0.235,0.243,0.235,0.243,0.243
5/11/2016,0.245,0.248,0.24,0.248,0.248
5/12/2016,0.25,0.263,0.248,0.258,0.258
5/13/2016,0.258,0.263,0.258,0.258,0.258
5/16/2016,0.26,0.265,0.255,0.258,0.258
5/17/2016,0.268,0.273,0.263,0.268,0.268
5/18/2016,0.27,0.27,0.248,0.27,0.27
5/19/2016,0.285,0.293,0.285,0.29,0.29
5/20/2016,0.29,0.305,0.288,0.298,0.298
5/23/2016,0.308,0.315,0.305,0.313,0.313
5/24/2016,0.345,0.348,0.343,0.343,0.343
5/25/2016,0.345,0.345,0.315,0.315,0.315
5/26/2016,0.275,0.28,0.273,0.275,0.275
5/27/2016,0.285,0.298,0.28,0.298,0.298
5/31/2016,0.303,0.303,0.283,0.283,0.283
6/1/2016,0.33,0.333,0.295,0.295,0.295
6/2/2016,0.28,0.283,0.265,0.27,0.27
6/3/2016,0.268,0.27,0.255,0.27,0.27
6/6/2016,0.27,0.27,0.25,0.25,0.25
6/7/2016,0.268,0.27,0.26,0.265,0.265
6/8/2016,0.268,0.27,0.23,0.235,0.235
6/9/2016,0.228,0.24,0.228,0.24,0.24
6/10/2016,0.245,0.245,0.24,0.24,0.24
6/13/2016,0.235,0.245,0.235,0.245,0.245
6/14/2016,0.26,0.263,0.26,0.263,0.263
6/15/2016,0.263,0.263,0.255,0.255,0.255
6/16/2016,0.243,0.245,0.228,0.245,0.245
6/17/2016,0.245,0.248,0.245,0.248,0.248
6/20/2016,0.253,0.253,0.248,0.248,0.248
6/21/2016,0.265,0.273,0.265,0.265,0.265
6/22/2016,0.268,0.268,0.265,0.268,0.268
6/23/2016,0.263,0.275,0.263,0.275,0.275
6/24/2016,0.228,0.253,0.228,0.238,0.238
6/27/2016,0.228,0.235,0.225,0.235,0.235
6/28/2016,0.258,0.26,0.255,0.26,0.26
6/29/2016,0.253,0.258,0.248,0.255,0.255
6/30/2016,0.245,0.248,0.238,0.248,0.248
7/1/2016,0.243,0.245,0.243,0.243,0.243
7/5/2016,0.24,0.24,0.238,0.238,0.238
7/6/2016,0.26,0.263,0.26,0.263,0.263
7/7/2016,0.263,0.273,0.26,0.27,0.27
7/8/2016,0.273,0.273,0.265,0.273,0.273
7/11/2016,0.273,0.283,0.27,0.275,0.275
7/12/2016,0.295,0.298,0.295,0.295,0.295
7/13/2016,0.293,0.298,0.29,0.298,0.298
7/14/2016,0.298,0.308,0.295,0.303,0.303
7/15/2016,0.295,0.298,0.293,0.298,0.298
7/18/2016,0.298,0.298,0.288,0.288,0.288
7/19/2016,0.313,0.315,0.31,0.31,0.31
7/20/2016,0.31,0.315,0.31,0.315,0.315
7/21/2016,0.308,0.308,0.303,0.303,0.303
7/22/2016,0.303,0.305,0.303,0.303,0.303
7/25/2016,0.303,0.303,0.298,0.298,0.298
7/26/2016,0.313,0.315,0.308,0.308,0.308
7/27/2016,0.305,0.308,0.275,0.283,0.283
7/28/2016,0.27,0.27,0.22,0.22,0.22
7/29/2016,0.22,0.24,0.215,0.24,0.24
8/1/2016,0.258,0.258,0.235,0.238,0.238
8/2/2016,0.275,0.28,0.273,0.28,0.28
8/3/2016,0.275,0.275,0.268,0.268,0.268
8/4/2016,0.263,0.263,0.245,0.248,0.248
8/5/2016,0.245,0.253,0.243,0.25,0.25
8/8/2016,0.253,0.26,0.243,0.25,0.25
8/9/2016,0.293,0.295,0.29,0.293,0.293
8/10/2016,0.295,0.295,0.27,0.273,0.273
8/11/2016,0.268,0.275,0.255,0.275,0.275
8/12/2016,0.27,0.27,0.263,0.263,0.263
8/15/2016,0.265,0.275,0.263,0.275,0.275
8/16/2016,0.285,0.29,0.285,0.288,0.288
8/17/2016,0.288,0.29,0.288,0.288,0.288
8/18/2016,0.283,0.285,0.283,0.285,0.285
8/19/2016,0.283,0.293,0.283,0.293,0.293
8/22/2016,0.295,0.295,0.278,0.28,0.28
8/23/2016,0.305,0.308,0.303,0.305,0.305
8/24/2016,0.305,0.308,0.305,0.305,0.305
8/25/2016,0.3,0.31,0.3,0.305,0.305
8/26/2016,0.3,0.31,0.3,0.305,0.305
8/29/2016,0.31,0.313,0.303,0.305,0.305
8/30/2016,0.325,0.328,0.323,0.325,0.325
8/31/2016,0.325,0.328,0.32,0.32,0.32
9/1/2016,0.32,0.32,0.315,0.315,0.315
9/2/2016,0.308,0.315,0.29,0.303,0.303
9/6/2016,0.31,0.31,0.303,0.303,0.303
9/7/2016,0.328,0.33,0.328,0.33,0.33
9/8/2016,0.328,0.335,0.325,0.333,0.333
9/9/2016,0.33,0.335,0.33,0.333,0.333
9/12/2016,0.333,0.358,0.33,0.35,0.35
9/13/2016,0.36,0.36,0.345,0.345,0.345
9/14/2016,0.34,0.343,0.315,0.315,0.315
9/15/2016,0.295,0.295,0.278,0.278,0.278
9/16/2016,0.27,0.278,0.27,0.273,0.273
9/19/2016,0.268,0.268,0.238,0.238,0.238
9/20/2016,0.285,0.293,0.285,0.288,0.288
9/21/2016,0.29,0.29,0.215,0.223,0.223
9/22/2016,0.183,0.188,0.158,0.16,0.16
9/23/2016,0.165,0.165,0.16,0.165,0.165
9/26/2016,0.163,0.185,0.163,0.173,0.173
9/27/2016,0.243,0.258,0.24,0.255,0.255
9/28/2016,0.265,0.273,0.263,0.263,0.263
9/29/2016,0.25,0.25,0.223,0.235,0.235
9/30/2016,0.23,0.26,0.23,0.26,0.26
10/3/2016,0.273,0.288,0.273,0.288,0.288
10/4/2016,0.308,0.32,0.308,0.315,0.315
10/5/2016,0.32,0.32,0.313,0.313,0.313
10/6/2016,0.308,0.315,0.308,0.31,0.31
10/7/2016,0.315,0.315,0.303,0.31,0.31
10/10/2016,0.308,0.308,0.308,0.308,0.308
10/11/2016,0.325,0.325,0.32,0.32,0.32
10/12/2016,0.348,0.348,0.34,0.34,0.34
10/13/2016,0.318,0.318,0.275,0.275,0.275
10/14/2016,0.27,0.29,0.268,0.29,0.29
10/17/2016,0.29,0.295,0.288,0.295,0.295
10/18/2016,0.33,0.333,0.33,0.333,0.333
10/19/2016,0.328,0.328,0.318,0.323,0.323
10/20/2016,0.323,0.323,0.32,0.32,0.32
10/21/2016,0.318,0.318,0.315,0.315,0.315
10/24/2016,0.318,0.32,0.313,0.313,0.313
10/25/2016,0.34,0.34,0.325,0.325,0.325
10/26/2016,0.325,0.328,0.313,0.313,0.313
10/27/2016,0.31,0.31,0.273,0.275,0.275
10/28/2016,0.275,0.278,0.27,0.273,0.273
10/31/2016,0.275,0.295,0.275,0.295,0.295
11/1/2016,0.343,0.348,0.343,0.345,0.345
11/2/2016,0.345,0.348,0.345,0.345,0.345
11/3/2016,0.345,0.358,0.345,0.358,0.358
11/4/2016,0.35,0.358,0.35,0.358,0.358
11/7/2016,0.358,0.39,0.358,0.39,0.39
11/8/2016,0.415,0.423,0.415,0.42,0.42
11/9/2016,0.408,0.42,0.398,0.418,0.418
11/10/2016,0.425,0.458,0.425,0.458,0.458
11/11/2016,null,null,null,null,null
11/14/2016,0.47,0.503,0.47,0.503,0.503
11/15/2016,0.508,0.51,0.485,0.488,0.488
11/16/2016,0.48,0.48,0.448,0.453,0.453
11/17/2016,0.448,0.45,0.415,0.42,0.42
11/18/2016,0.413,0.418,0.413,0.418,0.418
11/21/2016,0.418,0.43,0.418,0.42,0.42
11/22/2016,0.473,0.475,0.473,0.475,0.475
11/23/2016,0.475,0.488,0.473,0.485,0.485
11/25/2016,0.48,0.485,0.48,0.48,0.48
11/28/2016,0.48,0.483,0.45,0.45,0.45
11/29/2016,0.478,0.478,0.468,0.468,0.468
11/30/2016,0.465,0.468,0.465,0.468,0.468
12/1/2016,0.47,0.47,0.458,0.458,0.458
12/2/2016,0.458,0.458,0.455,0.455,0.455
12/5/2016,0.455,0.46,0.45,0.453,0.453
12/6/2016,0.483,0.488,0.483,0.485,0.485
12/7/2016,0.483,0.488,0.48,0.488,0.488
12/8/2016,0.48,0.49,0.48,0.49,0.49
12/9/2016,0.49,0.52,0.49,0.52,0.52
12/12/2016,0.518,0.518,0.498,0.5,0.5
12/13/2016,0.515,0.523,0.515,0.523,0.523
12/14/2016,0.52,0.523,0.51,0.523,0.523
12/15/2016,0.503,0.503,0.483,0.488,0.488
12/16/2016,0.488,0.493,0.483,0.485,0.485
12/19/2016,0.48,0.48,0.473,0.478,0.478
12/20/2016,0.51,0.513,0.51,0.513,0.513
12/21/2016,0.51,0.51,0.503,0.503,0.503
12/22/2016,0.485,0.495,0.483,0.493,0.493
12/23/2016,0.485,0.5,0.485,0.5,0.5
12/27/2016,0.505,0.528,0.495,0.495,0.495
12/28/2016,0.518,0.525,0.495,0.495,0.495
12/29/2016,0.483,0.483,0.42,0.44,0.44
12/30/2016,0.445,0.488,0.445,0.48,0.48
1/3/2017,0.488,0.49,0.475,0.475,0.475
1/4/2017,0.518,0.52,0.518,0.518,0.518
1/5/2017,0.51,0.51,0.503,0.508,0.508
1/6/2017,0.503,0.508,0.5,0.503,0.503
1/9/2017,0.5,0.5,0.483,0.485,0.485
1/10/2017,0.5,0.505,0.5,0.503,0.503
1/11/2017,0.498,0.503,0.495,0.498,0.498
1/12/2017,0.493,0.503,0.493,0.503,0.503
1/13/2017,0.503,0.513,0.503,0.513,0.513
1/17/2017,0.508,0.518,0.505,0.513,0.513
1/18/2017,0.528,0.535,0.513,0.515,0.515
1/19/2017,0.508,0.508,0.498,0.503,0.503
1/20/2017,0.48,0.488,0.478,0.48,0.48
1/23/2017,0.485,0.485,0.473,0.473,0.473
1/24/2017,0.5,0.5,0.493,0.493,0.493
1/25/2017,0.493,0.493,0.48,0.483,0.483
1/26/2017,0.483,0.49,0.483,0.488,0.488
1/27/2017,0.488,0.498,0.488,0.498,0.498
1/30/2017,0.498,0.505,0.495,0.495,0.495
1/31/2017,0.508,0.508,0.5,0.5,0.5
2/1/2017,0.505,0.51,0.498,0.5,0.5
2/2/2017,0.493,0.493,0.48,0.488,0.488
2/3/2017,0.485,0.488,0.483,0.488,0.488
2/6/2017,0.488,0.508,0.488,0.503,0.503
2/7/2017,0.518,0.525,0.518,0.525,0.525
2/8/2017,0.523,0.525,0.52,0.525,0.525
2/9/2017,0.523,0.528,0.523,0.528,0.528
2/10/2017,0.523,0.528,0.52,0.523,0.523
2/13/2017,0.52,0.523,0.515,0.523,0.523
2/14/2017,0.533,0.538,0.528,0.535,0.535
2/15/2017,0.525,0.53,0.52,0.52,0.52
2/16/2017,0.518,0.518,0.503,0.508,0.508
2/17/2017,0.5,0.508,0.5,0.508,0.508
2/21/2017,0.505,0.508,0.505,0.505,0.505
2/22/2017,0.528,0.528,0.51,0.51,0.51
2/23/2017,0.5,0.5,0.495,0.498,0.498
2/24/2017,0.495,0.498,0.49,0.498,0.498
2/27/2017,0.495,0.498,0.488,0.49,0.49
2/28/2017,0.513,0.523,0.51,0.523,0.523
3/1/2017,0.625,0.643,0.608,0.615,0.615
3/2/2017,0.655,0.69,0.625,0.645,0.645
3/3/2017,0.633,0.69,0.633,0.683,0.683
3/6/2017,0.683,0.718,0.68,0.705,0.705
3/7/2017,0.728,0.743,0.725,0.735,0.735
3/8/2017,0.753,0.755,0.708,0.708,0.708
3/9/2017,0.703,0.713,0.698,0.713,0.713
3/10/2017,0.71,0.733,0.708,0.725,0.725
3/13/2017,0.725,0.743,0.72,0.728,0.728
3/14/2017,0.765,0.765,0.753,0.753,0.753
3/15/2017,0.75,0.753,0.715,0.715,0.715
3/16/2017,0.7,0.723,0.7,0.708,0.708
3/17/2017,0.71,0.718,0.705,0.708,0.708
3/20/2017,0.708,0.713,0.708,0.71,0.71
3/21/2017,0.758,0.758,0.753,0.753,0.753
3/22/2017,0.753,0.755,0.748,0.748,0.748
3/23/2017,0.745,0.75,0.745,0.748,0.748
3/24/2017,0.748,0.755,0.748,0.748,0.748
3/27/2017,0.748,0.76,0.748,0.758,0.758
3/28/2017,0.773,0.775,0.773,0.773,0.773
3/29/2017,0.77,0.77,0.755,0.755,0.755
3/30/2017,0.753,0.758,0.75,0.758,0.758
3/31/2017,0.74,0.74,0.738,0.738,0.738
4/3/2017,0.74,0.745,0.738,0.74,0.74
4/4/2017,0.778,0.78,0.778,0.78,0.78
4/5/2017,0.78,0.785,0.78,0.78,0.78
4/6/2017,0.778,0.79,0.778,0.788,0.788
4/7/2017,0.785,0.798,0.783,0.798,0.798
4/10/2017,0.795,0.798,0.785,0.788,0.788
4/11/2017,0.805,0.805,0.8,0.8,0.8
4/12/2017,0.795,0.8,0.79,0.793,0.793
4/13/2017,0.788,0.793,0.788,0.79,0.79
4/17/2017,0.79,0.8,0.79,0.79,0.79
4/18/2017,0.805,0.81,0.8,0.805,0.805
4/19/2017,0.81,0.81,0.785,0.785,0.785
4/20/2017,0.78,0.785,0.77,0.77,0.77
4/21/2017,0.768,0.77,0.76,0.763,0.763
4/24/2017,0.778,0.778,0.768,0.77,0.77
4/25/2017,0.808,0.81,0.803,0.808,0.808
4/26/2017,0.805,0.81,0.798,0.803,0.803
4/27/2017,0.793,0.795,0.785,0.785,0.785
4/28/2017,0.778,0.783,0.778,0.78,0.78
5/1/2017,0.78,0.795,0.778,0.785,0.785
5/2/2017,0.84,0.845,0.84,0.843,0.843
5/3/2017,0.845,0.855,0.843,0.848,0.848
5/4/2017,0.848,0.855,0.848,0.855,0.855
5/5/2017,0.858,0.87,0.853,0.868,0.868
5/8/2017,0.87,0.883,0.87,0.87,0.87
5/9/2017,0.89,0.89,0.89,0.89,0.89
5/10/2017,0.888,0.888,0.875,0.875,0.875
5/11/2017,0.87,0.873,0.858,0.86,0.86
5/12/2017,0.86,0.86,0.85,0.855,0.855
5/15/2017,0.86,0.87,0.86,0.863,0.863
5/16/2017,0.89,0.893,0.89,0.89,0.89
5/17/2017,0.88,0.883,0.875,0.875,0.875
5/18/2017,0.868,0.893,0.868,0.893,0.893
5/19/2017,0.89,0.895,0.888,0.888,0.888
5/22/2017,0.893,0.895,0.878,0.878,0.878
5/23/2017,0.905,0.915,0.903,0.913,0.913
5/24/2017,0.905,0.91,0.905,0.905,0.905
5/25/2017,0.9,0.908,0.9,0.908,0.908
5/26/2017,0.905,0.91,0.903,0.91,0.91
5/30/2017,0.91,0.92,0.91,0.91,0.91
5/31/2017,0.95,0.955,0.95,0.95,0.95
6/1/2017,0.953,0.953,0.948,0.948,0.948
6/2/2017,0.948,0.955,0.943,0.953,0.953
6/5/2017,0.955,0.963,0.945,0.948,0.948
6/6/2017,0.96,0.96,0.958,0.958,0.958
6/7/2017,0.96,0.975,0.96,0.973,0.973
6/8/2017,0.965,0.975,0.965,0.973,0.973
6/9/2017,0.975,0.985,0.975,0.98,0.98
6/12/2017,0.98,0.985,0.973,0.973,0.973
6/13/2017,0.983,0.985,0.983,0.983,0.983
6/14/2017,0.983,0.995,0.975,0.983,0.983
6/15/2017,0.983,0.993,0.978,0.993,0.993
6/16/2017,0.988,0.988,0.983,0.985,0.985
6/19/2017,0.988,0.995,0.985,0.985,0.985
6/20/2017,1.003,1.003,0.993,0.993,0.993
6/21/2017,0.99,0.99,0.963,0.968,0.968
6/22/2017,0.958,0.958,0.93,0.933,0.933
6/23/2017,0.928,0.938,0.928,0.933,0.933
6/26/2017,0.94,0.943,0.928,0.933,0.933
6/27/2017,0.99,0.995,0.99,0.99,0.99
6/28/2017,0.99,0.99,0.985,0.985,0.985
6/29/2017,0.988,1.01,0.985,1.003,1.003
6/30/2017,0.995,1,0.993,0.993,0.993
7/3/2017,1,1.005,0.998,1,1
7/5/2017,1.03,1.03,1.02,1.02,1.02
7/6/2017,1.02,1.02,1.005,1.008,1.008
7/7/2017,1.01,1.015,1.008,1.008,1.008
7/10/2017,1.01,1.013,1.008,1.013,1.013
7/11/2017,1.033,1.035,1.033,1.033,1.033
7/12/2017,1.03,1.03,1.023,1.023,1.023
7/13/2017,1.023,1.023,1.013,1.013,1.013
7/14/2017,1.013,1.013,1.008,1.008,1.008
7/17/2017,1.005,1.02,1.005,1.02,1.02
7/18/2017,1.038,1.043,1.038,1.04,1.04
7/19/2017,1.04,1.095,1.04,1.085,1.085
7/20/2017,1.095,1.14,1.093,1.113,1.113
7/21/2017,1.12,1.138,1.12,1.138,1.138
7/24/2017,1.14,1.158,1.138,1.15,1.15
7/25/2017,1.17,1.173,1.135,1.143,1.143
7/26/2017,1.14,1.14,1.095,1.095,1.095
7/27/2017,1.09,1.09,1.075,1.078,1.078
7/28/2017,1.078,1.078,1.05,1.053,1.053
7/31/2017,1.05,1.053,1.035,1.053,1.053
8/1/2017,1.058,1.07,1.055,1.058,1.058
8/2/2017,1.06,1.06,1.048,1.05,1.05
8/3/2017,1.045,1.058,1.045,1.058,1.058
8/4/2017,1.055,1.058,1.053,1.053,1.053
8/7/2017,1.053,1.053,1.02,1.033,1.033
8/8/2017,1.02,1.03,1.02,1.03,1.03
8/9/2017,1.025,1.025,1.025,1.025,1.025
8/10/2017,1.025,1.025,1.018,1.018,1.018
8/11/2017,1.013,1.015,1.01,1.013,1.013
8/14/2017,1.015,1.018,1.003,1.003,1.003
8/15/2017,1.003,1.008,1.003,1.008,1.008
8/16/2017,1.005,1.01,0.985,0.985,0.985
8/17/2017,0.985,0.985,0.973,0.978,0.978
8/18/2017,0.975,0.99,0.973,0.988,0.988
8/21/2017,0.985,0.985,0.965,0.965,0.965
8/22/2017,0.995,0.995,0.993,0.995,0.995
8/23/2017,0.993,0.995,0.98,0.98,0.98
8/24/2017,0.983,0.998,0.983,0.998,0.998
8/25/2017,0.993,0.998,0.993,0.995,0.995
8/28/2017,0.995,1.005,0.99,1.005,1.005
8/29/2017,1.013,1.013,1.005,1.01,1.01
8/30/2017,1.01,1.01,0.995,0.998,0.998
8/31/2017,0.983,0.988,0.97,0.978,0.978
9/1/2017,0.98,0.993,0.973,0.985,0.985
9/5/2017,0.98,0.985,0.97,0.983,0.983
9/6/2017,1.018,1.04,1.015,1.038,1.038
9/7/2017,1.028,1.028,1.018,1.023,1.023
9/8/2017,1.018,1.023,1.018,1.02,1.02
9/11/2017,1.02,1.028,1.018,1.02,1.02
9/12/2017,1.023,1.023,1.018,1.018,1.018
9/13/2017,1.02,1.025,1.013,1.018,1.018
9/14/2017,1.018,1.028,1.018,1.028,1.028
9/15/2017,1.025,1.025,1.01,1.01,1.01
9/18/2017,1.013,1.015,1,1,1
9/19/2017,1.028,1.028,1.018,1.018,1.018
9/20/2017,1.015,1.023,1.01,1.02,1.02
9/21/2017,1.005,1.02,1.005,1.008,1.008
9/22/2017,1.005,1.008,1,1.003,1.003
9/25/2017,1,1.003,0.998,0.998,0.998
9/26/2017,1.04,1.045,1.04,1.043,1.043
9/27/2017,1.043,1.053,1.038,1.038,1.038
9/28/2017,1.033,1.035,1.03,1.03,1.03
9/29/2017,1.028,1.033,1.025,1.028,1.028
10/2/2017,1.033,1.033,1.013,1.013,1.013
10/3/2017,1.035,1.035,1.035,1.035,1.035
10/4/2017,1.04,1.045,1.04,1.043,1.043
10/5/2017,1.043,1.043,1.04,1.043,1.043
10/6/2017,1.048,1.05,1.043,1.043,1.043
10/9/2017,1.045,1.045,1.045,1.045,1.045
10/10/2017,1.048,1.06,1.048,1.055,1.055
10/11/2017,1.075,1.075,1.068,1.068,1.068
10/12/2017,1.063,1.063,1.053,1.053,1.053
10/13/2017,1.053,1.053,1.05,1.05,1.05
10/16/2017,1.05,1.058,1.05,1.055,1.055
10/17/2017,1.08,1.083,1.073,1.073,1.073
10/18/2017,1.075,1.075,1.068,1.068,1.068
10/19/2017,1.058,1.065,1.058,1.065,1.065
10/20/2017,1.065,1.075,1.065,1.075,1.075
10/23/2017,1.08,1.08,1.07,1.07,1.07
10/24/2017,1.098,1.098,1.098,1.098,1.098
10/25/2017,1.095,1.098,1.08,1.083,1.083
10/26/2017,1.08,1.083,1.075,1.08,1.08
10/27/2017,1.075,1.075,1.073,1.073,1.073
10/30/2017,1.073,1.08,1.073,1.075,1.075
10/31/2017,1.12,1.123,1.118,1.123,1.123
11/1/2017,1.123,1.138,1.123,1.138,1.138
11/2/2017,1.133,1.143,1.133,1.138,1.138
11/3/2017,1.135,1.148,1.135,1.148,1.148
11/6/2017,1.158,1.16,1.153,1.158,1.158
11/7/2017,1.185,1.208,1.185,1.188,1.188
11/8/2017,1.188,1.2,1.188,1.195,1.195
11/9/2017,1.205,1.228,1.203,1.203,1.203
11/10/2017,1.205,1.205,1.2,1.2,1.2
11/13/2017,1.2,1.2,1.18,1.185,1.185
11/14/2017,1.228,1.24,1.228,1.24,1.24
11/15/2017,1.233,1.245,1.23,1.23,1.23
11/16/2017,1.223,1.235,1.223,1.23,1.23
11/17/2017,1.23,1.24,1.23,1.24,1.24
11/20/2017,1.24,1.245,1.235,1.24,1.24
11/21/2017,1.283,1.29,1.275,1.278,1.278
11/22/2017,1.275,1.278,1.255,1.265,1.265
11/24/2017,1.263,1.263,1.235,1.24,1.24
11/27/2017,1.243,1.243,1.223,1.223,1.223
11/28/2017,1.27,1.27,1.265,1.265,1.265
11/29/2017,1.265,1.265,1.25,1.258,1.258
11/30/2017,1.263,1.263,1.238,1.238,1.238
12/1/2017,1.238,1.255,1.23,1.235,1.235
12/4/2017,1.238,1.25,1.238,1.245,1.245
12/5/2017,1.263,1.283,1.26,1.283,1.283
12/6/2017,1.285,1.29,1.263,1.263,1.263
12/7/2017,1.26,1.27,1.25,1.26,1.26
12/8/2017,1.263,1.263,1.253,1.253,1.253
12/11/2017,1.25,1.265,1.25,1.263,1.263
12/12/2017,1.313,1.313,1.31,1.31,1.31
12/13/2017,1.31,1.315,1.27,1.273,1.273
12/14/2017,1.278,1.293,1.278,1.283,1.283
12/15/2017,1.28,1.29,1.28,1.285,1.285
12/18/2017,1.29,1.32,1.29,1.315,1.315
12/19/2017,1.348,1.353,1.343,1.353,1.353
12/20/2017,1.353,1.37,1.35,1.35,1.35
12/21/2017,1.35,1.35,1.32,1.32,1.32
12/22/2017,1.32,1.32,1.295,1.298,1.298
12/26/2017,1.313,1.315,1.293,1.303,1.303
12/27/2017,1.433,1.435,1.408,1.408,1.408
12/28/2017,1.393,1.413,1.37,1.37,1.37
12/29/2017,1.365,1.38,1.35,1.355,1.355
1/2/2018,1.388,1.4,1.375,1.378,1.378
1/3/2018,1.388,1.39,1.368,1.37,1.37
1/4/2018,1.37,1.375,1.37,1.37,1.37
1/5/2018,1.37,1.37,1.37,1.37,1.37
1/8/2018,1.37,1.38,1.37,1.38,1.38
1/9/2018,1.418,1.42,1.413,1.415,1.415
1/10/2018,1.42,1.423,1.395,1.395,1.395
1/11/2018,1.39,1.405,1.39,1.403,1.403
1/12/2018,1.398,1.415,1.395,1.41,1.41
1/16/2018,1.415,1.425,1.395,1.395,1.395
1/17/2018,1.413,1.415,1.408,1.415,1.415
1/18/2018,1.41,1.418,1.405,1.405,1.405
1/19/2018,1.4,1.403,1.398,1.403,1.403
1/22/2018,1.4,1.4,1.39,1.39,1.39
1/23/2018,1.418,1.418,1.41,1.413,1.413
1/24/2018,1.413,1.415,1.403,1.41,1.41
1/25/2018,1.398,1.4,1.39,1.393,1.393
1/26/2018,1.388,1.388,1.38,1.388,1.388
1/29/2018,1.395,1.395,1.375,1.375,1.375
1/30/2018,1.413,1.428,1.413,1.425,1.425
1/31/2018,1.428,1.443,1.42,1.43,1.43
2/1/2018,1.425,1.455,1.42,1.453,1.453
2/2/2018,1.445,1.455,1.445,1.45,1.45
2/5/2018,1.445,1.463,1.445,1.458,1.458
2/6/2018,1.498,1.498,1.478,1.488,1.488
2/7/2018,1.5,1.533,1.495,1.515,1.515
2/8/2018,1.513,1.533,1.51,1.515,1.515
2/9/2018,1.513,1.525,1.513,1.525,1.525
2/12/2018,1.535,1.558,1.533,1.535,1.535
2/13/2018,1.563,1.58,1.553,1.57,1.57
2/14/2018,1.563,1.575,1.538,1.55,1.55
2/15/2018,1.538,1.56,1.538,1.56,1.56
2/16/2018,1.56,1.57,1.56,1.57,1.57
2/20/2018,1.583,1.585,1.57,1.573,1.573
2/21/2018,1.61,1.613,1.603,1.608,1.608
2/22/2018,1.613,1.613,1.605,1.605,1.605
2/23/2018,1.603,1.605,1.603,1.605,1.605
2/26/2018,1.6,1.613,1.6,1.608,1.608
2/27/2018,1.64,1.64,1.635,1.635,1.635
2/28/2018,1.63,1.63,1.618,1.618,1.618
3/1/2018,1.61,1.618,1.59,1.59,1.59
3/2/2018,1.588,1.605,1.588,1.605,1.605
3/5/2018,1.61,1.63,1.61,1.625,1.625
3/6/2018,1.638,1.653,1.638,1.643,1.643
3/7/2018,1.643,1.65,1.64,1.65,1.65
3/8/2018,1.645,1.645,1.635,1.635,1.635
3/9/2018,1.63,1.64,1.63,1.635,1.635
3/12/2018,1.635,1.645,1.635,1.643,1.643
3/13/2018,1.665,1.69,1.665,1.69,1.69
3/14/2018,1.71,1.718,1.7,1.718,1.718
3/15/2018,1.723,1.735,1.723,1.733,1.733
3/16/2018,1.728,1.74,1.728,1.738,1.738
3/19/2018,1.758,1.76,1.728,1.728,1.728
3/20/2018,1.76,1.76,1.758,1.758,1.758
3/21/2018,1.755,1.76,1.695,1.71,1.71
3/22/2018,1.683,1.693,1.67,1.683,1.683
3/23/2018,1.688,1.695,1.685,1.688,1.688
3/26/2018,1.705,1.713,1.698,1.705,1.705
3/27/2018,1.753,1.755,1.733,1.733,1.733
3/28/2018,1.71,1.72,1.693,1.695,1.695
3/29/2018,1.695,1.705,1.67,1.67,1.67
4/2/2018,1.683,1.688,1.683,1.683,1.683
4/3/2018,1.738,1.74,1.713,1.713,1.713
4/4/2018,1.705,1.705,1.668,1.668,1.668
4/5/2018,1.66,1.678,1.66,1.675,1.675
4/6/2018,1.675,1.68,1.675,1.68,1.68
4/9/2018,1.68,1.68,1.675,1.675,1.675
4/10/2018,1.71,1.715,1.693,1.695,1.695
4/11/2018,1.693,1.695,1.688,1.693,1.693
4/12/2018,1.69,1.705,1.69,1.705,1.705
4/13/2018,1.71,1.718,1.71,1.718,1.718
4/16/2018,1.718,1.733,1.713,1.713,1.713
4/17/2018,1.74,1.755,1.74,1.755,1.755
4/18/2018,1.75,1.783,1.75,1.77,1.77
4/19/2018,1.768,1.79,1.768,1.783,1.783
4/20/2018,1.77,1.783,1.765,1.765,1.765
4/23/2018,1.77,1.783,1.77,1.783,1.783
4/24/2018,1.833,1.835,1.823,1.823,1.823
4/25/2018,1.815,1.818,1.813,1.815,1.815
4/26/2018,1.785,1.8,1.785,1.785,1.785
4/27/2018,1.78,1.785,1.768,1.77,1.77
4/30/2018,1.773,1.788,1.763,1.763,1.763
5/1/2018,1.823,1.823,1.808,1.81,1.81
5/2/2018,1.815,1.82,1.785,1.785,1.785
5/3/2018,1.79,1.79,1.78,1.788,1.788
5/4/2018,1.785,1.798,1.785,1.793,1.793
5/7/2018,1.79,1.8,1.79,1.793,1.793
5/8/2018,1.84,1.845,1.835,1.835,1.835
5/9/2018,1.835,1.845,1.835,1.845,1.845
5/10/2018,1.84,1.85,1.84,1.845,1.845
5/11/2018,1.85,1.86,1.85,1.86,1.86
5/14/2018,1.863,1.868,1.855,1.855,1.855
5/15/2018,1.875,1.875,1.87,1.875,1.875
5/16/2018,1.87,1.883,1.865,1.865,1.865
5/17/2018,1.863,1.875,1.863,1.863,1.863
5/18/2018,1.863,1.863,1.853,1.855,1.855
5/21/2018,1.858,1.868,1.858,1.863,1.863
5/22/2018,1.89,1.893,1.89,1.893,1.893
5/23/2018,1.888,1.89,1.873,1.873,1.873
5/24/2018,1.86,1.865,1.858,1.86,1.86
5/25/2018,1.855,1.858,1.84,1.853,1.853
5/29/2018,1.85,1.858,1.84,1.84,1.84
5/30/2018,1.893,1.893,1.875,1.878,1.878
5/31/2018,1.88,1.88,1.87,1.87,1.87
6/1/2018,1.868,1.878,1.865,1.868,1.868
6/4/2018,1.865,1.88,1.86,1.865,1.865
6/5/2018,1.905,1.91,1.9,1.903,1.903
6/6/2018,1.913,1.915,1.9,1.9,1.9
6/7/2018,1.9,1.9,1.883,1.885,1.885
6/8/2018,1.885,1.885,1.88,1.88,1.88
6/11/2018,1.878,1.878,1.86,1.868,1.868
6/12/2018,1.905,1.905,1.888,1.888,1.888
6/13/2018,1.885,1.898,1.883,1.895,1.895
6/14/2018,1.883,1.883,1.873,1.883,1.883
6/15/2018,1.88,1.888,1.88,1.888,1.888
6/18/2018,1.885,1.893,1.883,1.883,1.883
6/19/2018,1.89,1.898,1.89,1.898,1.898
6/20/2018,1.888,1.89,1.88,1.888,1.888
6/21/2018,1.888,1.89,1.885,1.89,1.89
6/22/2018,1.888,1.888,1.868,1.87,1.87
6/25/2018,1.865,1.87,1.853,1.853,1.853
6/26/2018,1.893,1.898,1.89,1.893,1.893
6/27/2018,1.883,1.89,1.88,1.88,1.88
6/28/2018,1.878,1.893,1.878,1.88,1.88
6/29/2018,1.878,1.885,1.875,1.88,1.88
7/2/2018,1.875,1.895,1.875,1.895,1.895
7/3/2018,1.935,1.935,1.933,1.933,1.933
7/5/2018,1.915,1.915,1.91,1.91,1.91
7/6/2018,1.905,1.908,1.905,1.905,1.905
7/9/2018,1.91,1.92,1.91,1.915,1.915
7/10/2018,1.938,1.94,1.935,1.935,1.935
7/11/2018,1.928,1.933,1.918,1.92,1.92
7/12/2018,1.92,1.928,1.905,1.928,1.928
7/13/2018,1.92,1.928,1.92,1.928,1.928
7/16/2018,1.935,1.945,1.935,1.938,1.938
7/17/2018,1.968,1.978,1.968,1.975,1.975
7/18/2018,1.97,1.97,1.958,1.96,1.96
7/19/2018,1.95,1.953,1.943,1.948,1.948
7/20/2018,1.945,1.945,1.933,1.933,1.933
7/23/2018,1.925,1.93,1.92,1.92,1.92
7/24/2018,1.96,1.963,1.96,1.96,1.96
7/25/2018,1.965,1.965,1.953,1.953,1.953
7/26/2018,1.948,1.95,1.945,1.945,1.945
7/27/2018,1.943,1.945,1.943,1.945,1.945
7/30/2018,1.95,1.958,1.945,1.945,1.945
7/31/2018,1.99,1.995,1.983,1.985,1.985
8/1/2018,1.98,1.988,1.978,1.978,1.978
8/2/2018,1.973,1.973,1.955,1.965,1.965
8/3/2018,1.96,1.965,1.96,1.96,1.96
8/6/2018,1.97,1.973,1.965,1.968,1.968
8/7/2018,2.01,2.013,2.005,2.008,2.008
8/8/2018,2.008,2.013,2.005,2.008,2.008
8/9/2018,2.01,2.01,2.003,2.005,2.005
8/10/2018,2,2,1.995,2,2
8/13/2018,2,2.005,1.995,1.995,1.995
8/14/2018,2.025,2.033,2.023,2.033,2.033
8/15/2018,2.035,2.038,2.02,2.02,2.02
8/16/2018,2.02,2.02,2.013,2.015,2.015
8/17/2018,2.003,2.005,1.993,1.995,1.995
8/20/2018,1.995,1.995,1.993,1.993,1.993
8/21/2018,2.03,2.035,2.03,2.035,2.035
8/22/2018,2.035,2.035,2.035,2.035,2.035
8/23/2018,2.028,2.033,2.025,2.033,2.033
8/24/2018,2.035,2.048,2.035,2.048,2.048
8/27/2018,2.05,2.06,2.05,2.06,2.06
8/28/2018,2.075,2.078,2.075,2.078,2.078
8/29/2018,2.075,2.08,2.075,2.08,2.08
8/30/2018,2.073,2.073,2.055,2.058,2.058
8/31/2018,2.055,2.06,2.055,2.055,2.055
9/4/2018,2.058,2.078,2.058,2.068,2.068
9/5/2018,2.09,2.09,2.09,2.09,2.09
9/6/2018,2.08,2.083,2.078,2.08,2.08
9/7/2018,2.083,2.093,2.083,2.088,2.088
9/10/2018,2.085,2.093,2.083,2.083,2.083
9/11/2018,2.105,2.108,2.105,2.108,2.108
9/12/2018,2.105,2.105,2.105,2.105,2.105
9/13/2018,2.093,2.093,2.09,2.093,2.093
9/14/2018,2.095,2.103,2.095,2.103,2.103
9/17/2018,2.11,2.11,2.105,2.108,2.108
9/18/2018,2.118,2.133,2.118,2.125,2.125
9/19/2018,2.125,2.138,2.12,2.12,2.12
9/20/2018,2.118,2.125,2.118,2.118,2.118
9/21/2018,2.12,2.125,2.12,2.123,2.123
9/24/2018,2.128,2.133,2.123,2.123,2.123
9/25/2018,2.17,2.17,2.165,2.168,2.168
9/26/2018,2.16,2.17,2.15,2.16,2.16
9/27/2018,2.14,2.153,2.135,2.14,2.14
9/28/2018,2.145,2.158,2.145,2.15,2.15
10/1/2018,2.158,2.163,2.153,2.155,2.155
10/2/2018,2.173,2.178,2.168,2.175,2.175
10/3/2018,2.175,2.175,2.17,2.17,2.17
10/4/2018,2.17,2.173,2.168,2.17,2.17
10/5/2018,2.165,2.168,2.163,2.165,2.165
10/8/2018,2.165,2.165,2.165,2.165,2.165
10/9/2018,2.17,2.195,2.17,2.185,2.185
10/10/2018,2.22,2.225,2.22,2.22,2.22
10/11/2018,2.218,2.22,2.215,2.215,2.215
10/12/2018,2.218,2.218,2.218,2.218,2.218
10/15/2018,2.225,2.235,2.223,2.23,2.23
10/16/2018,2.265,2.265,2.255,2.26,2.26
10/17/2018,2.26,2.27,2.26,2.26,2.26
10/18/2018,2.258,2.26,2.255,2.255,2.255
10/19/2018,2.255,2.26,2.255,2.26,2.26
10/22/2018,2.258,2.26,2.258,2.258,2.258
10/23/2018,2.285,2.29,2.285,2.29,2.29
10/24/2018,2.29,2.29,2.285,2.285,2.285
10/25/2018,2.28,2.285,2.28,2.28,2.28
10/26/2018,2.27,2.275,2.27,2.273,2.273
10/29/2018,2.28,2.283,2.26,2.26,2.26
10/30/2018,2.29,2.29,2.283,2.283,2.283
10/31/2018,2.285,2.288,2.275,2.278,2.278
11/1/2018,2.278,2.278,2.27,2.27,2.27
11/2/2018,2.278,2.28,2.27,2.273,2.273
11/5/2018,2.27,2.273,2.268,2.268,2.268
11/6/2018,2.313,2.315,2.308,2.31,2.31
11/7/2018,2.315,2.315,2.305,2.31,2.31
11/8/2018,2.3,2.303,2.298,2.303,2.303
11/9/2018,2.3,2.3,2.3,2.3,2.3
11/12/2018,2.3,2.3,2.3,2.3,2.3
11/13/2018,2.295,2.295,2.295,2.295,2.295
11/14/2018,2.325,2.33,2.325,2.325,2.325
11/15/2018,2.32,2.32,2.31,2.31,2.31
11/16/2018,2.308,2.308,2.298,2.3,2.3
11/19/2018,2.305,2.31,2.3,2.3,2.3
11/20/2018,2.333,2.338,2.333,2.335,2.335
11/21/2018,2.35,2.358,2.348,2.35,2.35
11/23/2018,2.353,2.353,2.348,2.348,2.348
11/26/2018,2.353,2.358,2.343,2.343,2.343
11/27/2018,2.355,2.355,2.353,2.353,2.353
11/28/2018,2.355,2.355,2.33,2.335,2.335
11/29/2018,2.325,2.33,2.303,2.31,2.31
11/30/2018,2.308,2.318,2.308,2.308,2.308
12/3/2018,2.31,2.313,2.288,2.288,2.288
12/4/2018,2.363,2.368,2.36,2.365,2.365
12/6/2018,2.365,2.365,2.35,2.353,2.353
12/7/2018,2.355,2.355,2.338,2.34,2.34
12/10/2018,2.34,2.34,2.32,2.33,2.33
12/11/2018,2.37,2.373,2.368,2.37,2.37
12/12/2018,2.358,2.378,2.358,2.375,2.375
12/13/2018,2.373,2.373,2.358,2.363,2.363
12/14/2018,2.355,2.368,2.355,2.368,2.368
12/17/2018,2.36,2.365,2.34,2.34,2.34
12/18/2018,2.353,2.353,2.328,2.328,2.328
12/19/2018,2.328,2.343,2.328,2.338,2.338
12/20/2018,2.34,2.345,2.335,2.335,2.335
12/21/2018,2.32,2.338,2.318,2.33,2.33
12/24/2018,2.33,2.343,2.33,2.333,2.333
12/26/2018,2.385,2.39,2.373,2.38,2.38
12/27/2018,2.373,2.373,2.348,2.348,2.348
12/28/2018,2.355,2.358,2.318,2.328,2.328
12/31/2018,2.345,2.4,2.3,2.3,2.3
1/2/2019,2.395,2.4,2.36,2.365,2.365
1/3/2019,2.363,2.368,2.355,2.355,2.355
1/4/2019,2.358,2.373,2.358,2.358,2.358
1/7/2019,2.355,2.37,2.353,2.353,2.353
1/8/2019,2.395,2.403,2.388,2.4,2.4
1/9/2019,2.4,2.403,2.39,2.39,2.39
1/10/2019,2.38,2.388,2.375,2.375,2.375
1/11/2019,2.37,2.373,2.365,2.37,2.37
1/14/2019,2.365,2.37,2.358,2.36,2.36
1/15/2019,2.385,2.385,2.383,2.383,2.383
1/16/2019,2.378,2.378,2.363,2.363,2.363
1/17/2019,2.36,2.365,2.353,2.355,2.355
1/18/2019,2.355,2.355,2.345,2.348,2.348
1/22/2019,2.35,2.355,2.343,2.345,2.345
1/23/2019,2.373,2.373,2.353,2.353,2.353
1/24/2019,2.345,2.35,2.305,2.305,2.305
1/25/2019,2.315,2.333,2.315,2.328,2.328
1/28/2019,2.333,2.338,2.33,2.333,2.333
1/29/2019,2.365,2.365,2.363,2.365,2.365
1/30/2019,2.365,2.375,2.365,2.365,2.365
1/31/2019,2.355,2.36,2.34,2.34,2.34
2/1/2019,2.34,2.345,2.34,2.34,2.34
2/4/2019,2.34,2.34,2.335,2.335,2.335
2/5/2019,2.368,2.37,2.363,2.365,2.365
2/6/2019,2.36,2.365,2.358,2.365,2.365
2/7/2019,2.348,2.363,2.348,2.355,2.355
2/8/2019,2.355,2.368,2.355,2.365,2.365
2/11/2019,2.368,2.383,2.368,2.375,2.375
2/12/2019,2.388,2.388,2.378,2.378,2.378
2/13/2019,2.375,2.378,2.373,2.373,2.373
2/14/2019,2.373,2.375,2.37,2.373,2.373
2/15/2019,2.37,2.373,2.37,2.37,2.37
2/19/2019,2.373,2.373,2.365,2.373,2.373
2/20/2019,2.38,2.383,2.38,2.383,2.383
2/21/2019,2.383,2.395,2.383,2.395,2.395
2/22/2019,2.393,2.395,2.388,2.393,2.393
2/25/2019,2.393,2.398,2.388,2.393,2.393
2/26/2019,2.398,2.4,2.398,2.4,2.4
2/27/2019,2.398,2.4,2.393,2.393,2.393
2/28/2019,2.388,2.39,2.38,2.383,2.383
3/1/2019,2.385,2.388,2.378,2.378,2.378
3/4/2019,2.378,2.385,2.375,2.375,2.375
3/5/2019,2.4,2.405,2.4,2.4,2.4
3/6/2019,2.405,2.405,2.403,2.405,2.405
3/7/2019,2.395,2.4,2.395,2.395,2.395
3/8/2019,2.395,2.395,2.39,2.393,2.393
3/11/2019,2.393,2.393,2.38,2.38,2.38
3/12/2019,2.395,2.395,2.393,2.395,2.395
3/13/2019,2.393,2.395,2.388,2.388,2.388
3/14/2019,2.388,2.393,2.385,2.388,2.388
3/15/2019,2.388,2.39,2.385,2.388,2.388
3/18/2019,2.388,2.39,2.385,2.385,2.385
3/19/2019,2.398,2.405,2.398,2.405,2.405
3/20/2019,2.405,2.415,2.398,2.408,2.408
3/21/2019,2.403,2.418,2.403,2.408,2.408
3/22/2019,2.405,2.408,2.395,2.398,2.398
3/25/2019,2.4,2.4,2.39,2.39,2.39
3/26/2019,2.403,2.405,2.403,2.405,2.405
3/27/2019,2.398,2.403,2.375,2.378,2.378
3/28/2019,2.373,2.378,2.368,2.37,2.37
3/29/2019,2.363,2.363,2.328,2.328,2.328
4/1/2019,2.343,2.345,2.32,2.323,2.323
4/2/2019,2.363,2.373,2.363,2.37,2.37
4/3/2019,2.375,2.378,2.37,2.373,2.373
4/4/2019,2.37,2.378,2.37,2.37,2.37
4/5/2019,2.37,2.375,2.37,2.37,2.37
4/8/2019,2.37,2.37,2.365,2.365,2.365
4/9/2019,2.365,2.365,2.365,2.365,2.365
4/10/2019,2.365,2.365,2.36,2.363,2.363
4/11/2019,2.36,2.365,2.36,2.365,2.365
4/12/2019,2.365,2.375,2.365,2.375,2.375
4/15/2019,2.373,2.375,2.36,2.36,2.36
4/16/2019,2.373,2.38,2.373,2.378,2.378
4/17/2019,2.38,2.39,2.38,2.38,2.38
4/18/2019,2.37,2.373,2.365,2.365,2.365
4/22/2019,2.368,2.378,2.368,2.375,2.375
4/23/2019,2.388,2.39,2.385,2.39,2.39
4/24/2019,2.38,2.38,2.375,2.375,2.375
4/25/2019,2.365,2.365,2.36,2.365,2.365
4/26/2019,2.363,2.363,2.358,2.36,2.36
4/29/2019,2.36,2.365,2.36,2.36,2.36
4/30/2019,2.375,2.375,2.368,2.368,2.368
5/1/2019,2.37,2.373,2.345,2.363,2.363
5/2/2019,2.36,2.373,2.36,2.373,2.373
5/3/2019,2.37,2.37,2.365,2.368,2.368
5/6/2019,2.36,2.365,2.36,2.363,2.363
5/7/2019,2.37,2.373,2.368,2.368,2.368
5/8/2019,2.368,2.37,2.368,2.37,2.37
5/9/2019,2.368,2.37,2.365,2.37,2.37
5/10/2019,2.368,2.37,2.365,2.37,2.37
5/13/2019,2.36,2.36,2.35,2.35,2.35
5/14/2019,2.35,2.355,2.35,2.353,2.353
5/15/2019,2.348,2.355,2.348,2.35,2.35
5/16/2019,2.345,2.345,2.338,2.338,2.338
5/17/2019,2.335,2.335,2.328,2.33,2.33
5/20/2019,2.328,2.328,2.32,2.32,2.32
5/21/2019,2.33,2.333,2.33,2.33,2.33
5/22/2019,2.33,2.33,2.32,2.32,2.32
5/23/2019,2.31,2.31,2.303,2.303,2.303
5/24/2019,2.303,2.305,2.288,2.288,2.288
5/28/2019,2.29,2.303,2.29,2.298,2.298
5/29/2019,2.298,2.3,2.295,2.298,2.298
5/30/2019,2.3,2.31,2.3,2.31,2.31
5/31/2019,2.293,2.295,2.29,2.293,2.293
6/3/2019,2.28,2.283,2.275,2.28,2.28
6/4/2019,2.295,2.3,2.293,2.295,2.295
6/5/2019,2.283,2.285,2.278,2.285,2.285
6/6/2019,2.278,2.278,2.248,2.255,2.255
6/7/2019,2.253,2.253,2.203,2.215,2.215
6/10/2019,2.228,2.228,2.22,2.22,2.22
6/11/2019,2.225,2.228,2.213,2.213,2.213
6/12/2019,2.203,2.205,2.16,2.165,2.165
6/13/2019,2.163,2.163,2.138,2.14,2.14
6/14/2019,2.13,2.143,2.12,2.125,2.125
6/17/2019,2.125,2.138,2.125,2.138,2.138
6/18/2019,2.163,2.17,2.163,2.168,2.168
6/19/2019,2.165,2.168,2.12,2.125,2.125
6/20/2019,2.09,2.105,2.07,2.078,2.078
6/21/2019,2.07,2.07,2.055,2.055,2.055
6/24/2019,2.058,2.065,2.058,2.058,2.058
6/25/2019,2.073,2.085,2.07,2.083,2.083
6/26/2019,2.085,2.098,2.085,2.093,2.093
6/27/2019,2.088,2.095,2.083,2.085,2.085
6/28/2019,2.075,2.075,2.035,2.035,2.035
7/1/2019,2.055,2.07,2.053,2.065,2.065
7/2/2019,2.143,2.148,2.125,2.148,2.148
7/3/2019,2.14,2.15,2.14,2.15,2.15
7/5/2019,2.143,2.175,2.143,2.163,2.163
7/8/2019,2.16,2.18,2.158,2.178,2.178
7/9/2019,2.2,2.208,2.195,2.195,2.195
7/10/2019,2.203,2.203,2.125,2.13,2.13
7/11/2019,2.098,2.118,2.093,2.098,2.098
7/12/2019,2.09,2.095,2.088,2.09,2.09
7/15/2019,2.088,2.093,2.085,2.085,2.085
7/16/2019,2.103,2.105,2.1,2.103,2.103
7/17/2019,2.098,2.098,2.073,2.073,2.073
7/18/2019,2.065,2.065,2.013,2.013,2.013
7/19/2019,2.003,2.02,1.993,2.013,2.013
7/22/2019,2.033,2.033,2.015,2.025,2.025
7/23/2019,2.033,2.038,2.028,2.033,2.033
7/24/2019,2.033,2.043,2.03,2.04,2.04
