date,us30yprice,us30yopen,us30yhigh,us30ylow
1-Oct-10,3.717,3.717,3.717,3.717
4-Oct-10,3.709,3.709,3.709,3.709
5-Oct-10,3.744,3.744,3.744,3.744
6-Oct-10,3.67,3.67,3.67,3.67
7-Oct-10,3.715,3.715,3.715,3.715
8-Oct-10,3.747,3.747,3.747,3.747
12-Oct-10,3.819,3.819,3.819,3.819
13-Oct-10,3.818,3.818,3.818,3.818
14-Oct-10,3.913,3.913,3.913,3.913
15-Oct-10,3.986,3.986,3.986,3.986
18-Oct-10,3.955,3.955,3.955,3.955
19-Oct-10,3.915,3.915,3.915,3.915
20-Oct-10,3.893,3.893,3.893,3.893
21-Oct-10,3.957,3.957,3.957,3.957
22-Oct-10,3.934,3.934,3.934,3.934
25-Oct-10,3.916,3.916,3.916,3.916
26-Oct-10,4.002,4.002,4.002,4.002
27-Oct-10,4.06,4.06,4.06,4.06
28-Oct-10,4.056,4.056,4.056,4.056
29-Oct-10,3.984,3.984,3.984,3.984
1-Nov-10,4.007,4.007,4.007,4.007
2-Nov-10,3.933,3.933,3.933,3.933
3-Nov-10,4.051,4.051,4.051,4.051
4-Nov-10,4.063,4.063,4.063,4.063
5-Nov-10,4.123,4.123,4.123,4.123
8-Nov-10,4.126,4.126,4.126,4.126
9-Nov-10,4.252,4.252,4.252,4.252
10-Nov-10,4.24,4.24,4.24,4.24
12-Nov-10,4.291,4.291,4.291,4.291
15-Nov-10,4.415,4.415,4.415,4.415
16-Nov-10,4.272,4.272,4.272,4.272
17-Nov-10,4.289,4.289,4.289,4.289
18-Nov-10,4.284,4.284,4.284,4.284
19-Nov-10,4.248,4.248,4.248,4.248
22-Nov-10,4.208,4.208,4.208,4.208
23-Nov-10,4.197,4.197,4.197,4.197
24-Nov-10,4.28,4.28,4.28,4.28
26-Nov-10,4.213,4.213,4.213,4.213
29-Nov-10,4.143,4.143,4.143,4.143
30-Nov-10,4.112,4.112,4.112,4.112
1-Dec-10,4.242,4.242,4.242,4.242
2-Dec-10,4.262,4.262,4.262,4.262
3-Dec-10,4.317,4.317,4.317,4.317
6-Dec-10,4.239,4.239,4.239,4.239
7-Dec-10,4.374,4.374,4.374,4.374
8-Dec-10,4.458,4.458,4.458,4.458
9-Dec-10,4.404,4.404,4.404,4.404
10-Dec-10,4.432,4.432,4.432,4.432
13-Dec-10,4.414,4.414,4.414,4.414
14-Dec-10,4.522,4.522,4.522,4.522
15-Dec-10,4.603,4.603,4.603,4.603
16-Dec-10,4.543,4.543,4.543,4.543
17-Dec-10,4.44,4.44,4.44,4.44
20-Dec-10,4.444,4.444,4.444,4.444
21-Dec-10,4.417,4.417,4.417,4.417
22-Dec-10,4.444,4.444,4.444,4.444
23-Dec-10,4.473,4.473,4.473,4.473
27-Dec-10,4.398,4.398,4.398,4.398
28-Dec-10,4.534,4.534,4.534,4.534
29-Dec-10,4.436,4.436,4.436,4.436
30-Dec-10,4.426,4.426,4.426,4.426
31-Dec-10,4.336,4.336,4.336,4.336
3-Jan-11,4.401,4.401,4.401,4.401
4-Jan-11,4.422,4.422,4.422,4.422
5-Jan-11,4.541,4.541,4.541,4.541
6-Jan-11,4.515,4.515,4.515,4.515
7-Jan-11,4.486,4.486,4.486,4.486
10-Jan-11,4.462,4.462,4.462,4.462
11-Jan-11,4.487,4.487,4.487,4.487
12-Jan-11,4.532,4.532,4.532,4.532
13-Jan-11,4.502,4.502,4.502,4.502
14-Jan-11,4.534,4.498,4.537,4.459
18-Jan-11,4.566,4.509,4.611,4.479
19-Jan-11,4.525,4.566,4.578,4.52
20-Jan-11,4.611,4.532,4.639,4.496
21-Jan-11,4.567,4.606,4.631,4.559
24-Jan-11,4.56,4.574,4.594,4.532
25-Jan-11,4.494,4.567,4.574,4.466
26-Jan-11,4.591,4.506,4.609,4.497
27-Jan-11,4.568,4.587,4.633,4.556
28-Jan-11,4.536,4.578,4.645,4.514
31-Jan-11,4.573,4.526,4.599,4.526
1-Feb-11,4.609,4.576,4.643,4.575
2-Feb-11,4.621,4.625,4.659,4.585
3-Feb-11,4.667,4.63,4.675,4.605
4-Feb-11,4.732,4.67,4.743,4.65
7-Feb-11,4.705,4.74,4.768,4.694
8-Feb-11,4.767,4.713,4.774,4.687
9-Feb-11,4.713,4.776,4.791,4.681
10-Feb-11,4.767,4.721,4.787,4.699
11-Feb-11,4.691,4.759,4.774,4.681
14-Feb-11,4.673,4.711,4.717,4.652
15-Feb-11,4.66,4.677,4.7,4.653
16-Feb-11,4.681,4.673,4.697,4.626
17-Feb-11,4.671,4.688,4.688,4.638
18-Feb-11,4.691,4.677,4.721,4.662
22-Feb-11,4.605,4.668,4.674,4.588
23-Feb-11,4.582,4.618,4.625,4.55
24-Feb-11,4.545,4.589,4.593,4.516
25-Feb-11,4.498,4.544,4.572,4.497
28-Feb-11,4.491,4.507,4.516,4.483
1-Mar-11,4.485,4.513,4.549,4.473
2-Mar-11,4.571,4.491,4.574,4.463
3-Mar-11,4.62,4.568,4.643,4.558
4-Mar-11,4.599,4.627,4.666,4.582
7-Mar-11,4.624,4.62,4.656,4.583
8-Mar-11,4.659,4.633,4.668,4.609
9-Mar-11,4.609,4.673,4.678,4.588
10-Mar-11,4.5,4.615,4.62,4.5
11-Mar-11,4.548,4.516,4.557,4.476
14-Mar-11,4.542,4.556,4.586,4.517
15-Mar-11,4.452,4.535,4.541,4.414
16-Mar-11,4.375,4.46,4.503,4.318
17-Mar-11,4.437,4.354,4.463,4.352
18-Mar-11,4.418,4.451,4.497,4.416
21-Mar-11,4.45,4.439,4.51,4.428
22-Mar-11,4.437,4.462,4.475,4.429
23-Mar-11,4.442,4.439,4.457,4.387
24-Mar-11,4.483,4.443,4.488,4.431
25-Mar-11,4.499,4.486,4.516,4.448
28-Mar-11,4.498,4.527,4.536,4.475
29-Mar-11,4.538,4.494,4.55,4.477
30-Mar-11,4.511,4.545,4.555,4.501
31-Mar-11,4.51,4.51,4.551,4.467
1-Apr-11,4.488,4.509,4.551,4.483
4-Apr-11,4.481,4.492,4.522,4.462
5-Apr-11,4.508,4.501,4.524,4.455
6-Apr-11,4.599,4.508,4.601,4.501
7-Apr-11,4.615,4.602,4.634,4.585
8-Apr-11,4.644,4.629,4.672,4.62
11-Apr-11,4.656,4.67,4.678,4.624
12-Apr-11,4.575,4.652,4.655,4.556
13-Apr-11,4.546,4.587,4.623,4.542
14-Apr-11,4.547,4.557,4.563,4.518
15-Apr-11,4.471,4.548,4.549,4.46
18-Apr-11,4.458,4.467,4.549,4.431
19-Apr-11,4.431,4.466,4.491,4.425
20-Apr-11,4.467,4.44,4.469,4.425
21-Apr-11,4.466,4.469,4.477,4.426
25-Apr-11,4.456,4.475,4.479,4.443
26-Apr-11,4.39,4.462,4.475,4.387
27-Apr-11,4.454,4.396,4.465,4.396
28-Apr-11,4.417,4.457,4.48,4.41
29-Apr-11,4.398,4.417,4.432,4.389
2-May-11,4.382,4.405,4.425,4.38
3-May-11,4.35,4.387,4.39,4.348
4-May-11,4.324,4.355,4.359,4.317
5-May-11,4.258,4.326,4.329,4.256
6-May-11,4.289,4.267,4.353,4.264
9-May-11,4.311,4.304,4.327,4.286
10-May-11,4.351,4.315,4.352,4.302
11-May-11,4.302,4.352,4.363,4.294
12-May-11,4.351,4.303,4.374,4.285
13-May-11,4.306,4.379,4.379,4.281
16-May-11,4.272,4.308,4.332,4.266
17-May-11,4.224,4.271,4.293,4.214
18-May-11,4.297,4.236,4.302,4.202
19-May-11,4.3,4.299,4.356,4.292
20-May-11,4.3,4.304,4.34,4.279
23-May-11,4.267,4.29,4.291,4.243
24-May-11,4.249,4.26,4.291,4.243
25-May-11,4.279,4.258,4.287,4.23
26-May-11,4.223,4.294,4.316,4.218
27-May-11,4.242,4.225,4.269,4.221
31-May-11,4.221,4.236,4.269,4.212
1-Jun-11,4.14,4.231,4.243,4.131
2-Jun-11,4.247,4.151,4.256,4.149
3-Jun-11,4.226,4.238,4.272,4.201
6-Jun-11,4.258,4.234,4.295,4.231
7-Jun-11,4.253,4.265,4.303,4.242
8-Jun-11,4.188,4.266,4.273,4.186
9-Jun-11,4.215,4.201,4.251,4.156
10-Jun-11,4.184,4.212,4.216,4.16
13-Jun-11,4.2,4.186,4.223,4.167
14-Jun-11,4.301,4.207,4.311,4.2
15-Jun-11,4.202,4.292,4.301,4.191
16-Jun-11,4.169,4.204,4.222,4.14
17-Jun-11,4.205,4.189,4.218,4.155
20-Jun-11,4.199,4.209,4.221,4.155
21-Jun-11,4.219,4.21,4.24,4.19
22-Jun-11,4.217,4.22,4.231,4.188
23-Jun-11,4.167,4.208,4.213,4.15
24-Jun-11,4.189,4.183,4.2,4.152
27-Jun-11,4.293,4.185,4.299,4.172
28-Jun-11,4.326,4.292,4.345,4.252
29-Jun-11,4.384,4.333,4.39,4.309
30-Jun-11,4.377,4.373,4.451,4.344
1-Jul-11,4.394,4.374,4.416,4.354
5-Jul-11,4.37,4.41,4.412,4.365
6-Jul-11,4.365,4.382,4.4,4.346
7-Jul-11,4.367,4.377,4.407,4.361
8-Jul-11,4.287,4.371,4.403,4.273
11-Jul-11,4.21,4.291,4.305,4.199
12-Jul-11,4.17,4.219,4.223,4.128
13-Jul-11,4.174,4.172,4.245,4.161
14-Jul-11,4.255,4.21,4.258,4.178
15-Jul-11,4.248,4.255,4.315,4.243
18-Jul-11,4.306,4.253,4.314,4.222
19-Jul-11,4.188,4.306,4.341,4.176
20-Jul-11,4.25,4.205,4.268,4.2
21-Jul-11,4.312,4.284,4.332,4.253
22-Jul-11,4.259,4.306,4.311,4.254
25-Jul-11,4.318,4.302,4.345,4.261
26-Jul-11,4.282,4.315,4.345,4.269
27-Jul-11,4.289,4.29,4.322,4.267
28-Jul-11,4.261,4.269,4.291,4.239
29-Jul-11,4.124,4.265,4.267,4.104
1-Aug-11,4.089,4.14,4.204,4.061
2-Aug-11,3.911,4.095,4.097,3.899
3-Aug-11,3.896,3.909,3.938,3.791
4-Aug-11,3.673,3.911,3.932,3.664
5-Aug-11,3.847,3.673,3.859,3.623
8-Aug-11,3.66,3.882,3.909,3.653
9-Aug-11,3.647,3.626,3.753,3.456
10-Aug-11,3.505,3.648,3.702,3.469
11-Aug-11,3.767,3.527,3.816,3.514
12-Aug-11,3.727,3.792,3.8,3.697
15-Aug-11,3.773,3.718,3.776,3.703
16-Aug-11,3.672,3.784,3.789,3.641
17-Aug-11,3.565,3.676,3.7,3.559
18-Aug-11,3.424,3.57,3.579,3.341
19-Aug-11,3.397,3.407,3.475,3.343
22-Aug-11,3.425,3.37,3.44,3.355
23-Aug-11,3.49,3.422,3.496,3.391
24-Aug-11,3.652,3.503,3.663,3.442
25-Aug-11,3.606,3.641,3.669,3.567
26-Aug-11,3.539,3.603,3.63,3.495
29-Aug-11,3.601,3.547,3.649,3.537
30-Aug-11,3.524,3.576,3.59,3.503
31-Aug-11,3.611,3.519,3.621,3.49
1-Sep-11,3.499,3.605,3.654,3.494
2-Sep-11,3.302,3.504,3.529,3.288
6-Sep-11,3.271,3.25,3.305,3.187
7-Sep-11,3.359,3.285,3.375,3.284
8-Sep-11,3.305,3.367,3.37,3.285
9-Sep-11,3.245,3.332,3.364,3.225
12-Sep-11,3.252,3.242,3.282,3.206
13-Sep-11,3.327,3.25,3.335,3.225
14-Sep-11,3.277,3.333,3.378,3.266
15-Sep-11,3.361,3.283,3.375,3.266
16-Sep-11,3.318,3.352,3.381,3.312
19-Sep-11,3.225,3.318,3.318,3.176
20-Sep-11,3.2,3.221,3.268,3.189
21-Sep-11,2.998,3.214,3.252,2.992
22-Sep-11,2.798,2.994,2.995,2.765
23-Sep-11,2.898,2.794,2.902,2.739
26-Sep-11,2.993,2.911,3.006,2.84
27-Sep-11,3.077,2.99,3.12,2.977
28-Sep-11,3.075,3.077,3.147,3.024
29-Sep-11,3.06,3.066,3.09,2.995
30-Sep-11,2.914,3.052,3.055,2.896
3-Oct-11,2.723,2.921,2.943,2.72
4-Oct-11,2.799,2.74,2.826,2.694
5-Oct-11,2.855,2.812,2.894,2.799
6-Oct-11,2.957,2.856,2.965,2.841
7-Oct-11,3.017,2.937,3.082,2.929
11-Oct-11,3.109,3.087,3.127,3.042
12-Oct-11,3.197,3.106,3.252,3.085
13-Oct-11,3.152,3.202,3.203,3.096
14-Oct-11,3.238,3.142,3.249,3.127
17-Oct-11,3.128,3.232,3.293,3.127
18-Oct-11,3.17,3.136,3.216,3.054
19-Oct-11,3.175,3.171,3.23,3.145
20-Oct-11,3.215,3.195,3.232,3.129
21-Oct-11,3.262,3.225,3.278,3.189
24-Oct-11,3.272,3.241,3.289,3.208
25-Oct-11,3.135,3.268,3.311,3.122
26-Oct-11,3.222,3.141,3.233,3.124
27-Oct-11,3.445,3.221,3.461,3.204
28-Oct-11,3.379,3.45,3.489,3.345
31-Oct-11,3.131,3.366,3.379,3.128
1-Nov-11,3.003,3.148,3.176,2.946
2-Nov-11,3.009,2.989,3.107,2.989
3-Nov-11,3.122,3.009,3.128,2.964
4-Nov-11,3.095,3.138,3.193,3.075
7-Nov-11,3.08,3.134,3.148,3.01
8-Nov-11,3.138,3.093,3.153,3.052
9-Nov-11,3.025,3.156,3.166,2.975
10-Nov-11,3.109,3.037,3.175,3.007
14-Nov-11,3.087,3.179,3.201,3.076
15-Nov-11,3.083,3.111,3.125,3.033
16-Nov-11,3.029,3.08,3.1,3.023
17-Nov-11,2.985,3.026,3.07,2.95
18-Nov-11,2.993,2.986,3.051,2.97
21-Nov-11,2.949,2.986,2.986,2.925
22-Nov-11,2.886,2.958,2.984,2.881
23-Nov-11,2.842,2.886,2.908,2.816
25-Nov-11,2.922,2.881,2.942,2.852
28-Nov-11,2.93,2.998,3.047,2.907
29-Nov-11,2.956,2.944,3.007,2.919
30-Nov-11,3.055,2.954,3.097,2.944
1-Dec-11,3.086,3.069,3.155,3.037
2-Dec-11,3.025,3.094,3.161,3.017
5-Dec-11,3.02,3.059,3.103,3.01
6-Dec-11,3.098,3.055,3.111,3.023
7-Dec-11,3.064,3.109,3.148,3.039
8-Dec-11,2.995,3.101,3.133,2.988
9-Dec-11,3.109,3.01,3.12,2.988
12-Dec-11,3.057,3.108,3.143,3.031
13-Dec-11,3.006,3.064,3.101,2.979
14-Dec-11,2.907,3.02,3.038,2.895
15-Dec-11,2.919,2.923,2.948,2.856
16-Dec-11,2.849,2.92,2.945,2.838
19-Dec-11,2.788,2.865,2.873,2.778
20-Dec-11,2.925,2.797,2.937,2.795
21-Dec-11,3.004,2.933,3.01,2.904
22-Dec-11,2.984,3.004,3.01,2.947
23-Dec-11,3.052,2.984,3.078,2.984
27-Dec-11,3.029,3.07,3.118,3.026
28-Dec-11,2.919,3.05,3.05,2.898
29-Dec-11,2.9,2.923,2.946,2.896
30-Dec-11,2.891,2.916,2.927,2.864
3-Jan-12,2.987,2.891,3.003,2.891
4-Jan-12,3.032,2.994,3.063,2.96
5-Jan-12,3.064,3.031,3.07,2.989
6-Jan-12,3.016,3.064,3.118,3.003
9-Jan-12,3.022,3.016,3.048,2.975
10-Jan-12,3.018,3.039,3.082,3.009
11-Jan-12,2.965,3.03,3.036,2.953
12-Jan-12,2.973,2.972,2.994,2.943
13-Jan-12,2.915,2.973,2.987,2.88
17-Jan-12,2.901,2.902,2.954,2.882
18-Jan-12,2.957,2.9,2.963,2.879
19-Jan-12,3.043,2.958,3.063,2.938
20-Jan-12,3.102,3.039,3.11,3.027
23-Jan-12,3.135,3.089,3.182,3.072
24-Jan-12,3.149,3.134,3.172,3.107
25-Jan-12,3.152,3.154,3.169,3.035
26-Jan-12,3.094,3.141,3.157,3.084
27-Jan-12,3.057,3.101,3.148,3.053
30-Jan-12,2.997,3.065,3.065,2.955
31-Jan-12,2.938,2.996,3.03,2.934
1-Feb-12,2.996,2.941,3.023,2.939
2-Feb-12,3.007,3.012,3.03,2.983
3-Feb-12,3.123,3.008,3.164,3
6-Feb-12,3.093,3.123,3.145,3.073
7-Feb-12,3.149,3.107,3.176,3.078
8-Feb-12,3.149,3.139,3.179,3.126
9-Feb-12,3.182,3.144,3.234,3.131
10-Feb-12,3.136,3.192,3.197,3.106
13-Feb-12,3.122,3.15,3.179,3.105
14-Feb-12,3.087,3.105,3.13,3.061
15-Feb-12,3.091,3.091,3.107,3.061
16-Feb-12,3.142,3.095,3.165,3.065
17-Feb-12,3.146,3.144,3.185,3.139
21-Feb-12,3.209,3.174,3.225,3.161
22-Feb-12,3.144,3.213,3.227,3.136
23-Feb-12,3.135,3.154,3.185,3.111
24-Feb-12,3.099,3.145,3.152,3.094
27-Feb-12,3.045,3.101,3.102,3.033
28-Feb-12,3.074,3.054,3.077,3.019
29-Feb-12,3.082,3.074,3.121,3.037
1-Mar-12,3.151,3.094,3.185,3.089
2-Mar-12,3.106,3.149,3.157,3.089
5-Mar-12,3.144,3.116,3.157,3.087
6-Mar-12,3.08,3.156,3.159,3.059
7-Mar-12,3.12,3.08,3.126,3.076
8-Mar-12,3.175,3.127,3.184,3.117
9-Mar-12,3.18,3.177,3.222,3.164
12-Mar-12,3.174,3.19,3.19,3.136
13-Mar-12,3.268,3.173,3.271,3.169
14-Mar-12,3.406,3.273,3.425,3.264
15-Mar-12,3.41,3.406,3.49,3.385
16-Mar-12,3.408,3.419,3.481,3.399
19-Mar-12,3.479,3.415,3.492,3.375
20-Mar-12,3.45,3.479,3.487,3.431
21-Mar-12,3.384,3.441,3.473,3.372
22-Mar-12,3.366,3.391,3.402,3.34
23-Mar-12,3.308,3.37,3.383,3.298
26-Mar-12,3.344,3.318,3.38,3.315
27-Mar-12,3.3,3.347,3.356,3.285
28-Mar-12,3.308,3.307,3.344,3.275
29-Mar-12,3.272,3.323,3.323,3.261
30-Mar-12,3.343,3.273,3.367,3.251
2-Apr-12,3.322,3.363,3.379,3.295
3-Apr-12,3.43,3.337,3.444,3.29
4-Apr-12,3.357,3.44,3.445,3.356
5-Apr-12,3.327,3.372,3.374,3.273
6-Apr-12,3.208,3.333,3.415,3.203
9-Apr-12,3.197,3.25,3.25,3.175
10-Apr-12,3.13,3.193,3.217,3.105
11-Apr-12,3.197,3.135,3.203,3.134
12-Apr-12,3.213,3.2,3.231,3.176
13-Apr-12,3.135,3.203,3.207,3.126
16-Apr-12,3.129,3.134,3.151,3.093
17-Apr-12,3.142,3.133,3.162,3.116
18-Apr-12,3.125,3.148,3.16,3.118
19-Apr-12,3.124,3.131,3.157,3.102
20-Apr-12,3.118,3.126,3.158,3.114
23-Apr-12,3.089,3.124,3.129,3.057
24-Apr-12,3.128,3.087,3.135,3.069
25-Apr-12,3.152,3.133,3.192,3.114
26-Apr-12,3.125,3.152,3.164,3.093
27-Apr-12,3.12,3.108,3.142,3.06
30-Apr-12,3.114,3.118,3.139,3.094
1-May-12,3.148,3.118,3.168,3.091
2-May-12,3.117,3.156,3.169,3.101
3-May-12,3.122,3.118,3.146,3.104
4-May-12,3.072,3.12,3.144,3.066
7-May-12,3.059,3.047,3.072,3.023
8-May-12,3.037,3.061,3.071,3.002
9-May-12,3.029,3.037,3.054,2.985
10-May-12,3.042,3.026,3.107,3.019
11-May-12,3.014,3.043,3.049,3.011
14-May-12,2.926,3.006,3.019,2.92
15-May-12,2.921,2.932,2.969,2.913
16-May-12,2.898,2.922,2.96,2.89
17-May-12,2.782,2.915,2.934,2.781
18-May-12,2.802,2.796,2.847,2.785
21-May-12,2.808,2.816,2.86,2.785
22-May-12,2.872,2.816,2.897,2.816
23-May-12,2.816,2.874,2.875,2.783
24-May-12,2.877,2.822,2.878,2.786
25-May-12,2.849,2.875,2.884,2.831
29-May-12,2.854,2.86,2.872,2.819
30-May-12,2.713,2.849,2.849,2.699
31-May-12,2.641,2.719,2.746,2.585
1-Jun-12,2.528,2.654,2.658,2.51
4-Jun-12,2.564,2.524,2.587,2.519
5-Jun-12,2.641,2.605,2.649,2.55
6-Jun-12,2.736,2.644,2.751,2.616
7-Jun-12,2.743,2.746,2.779,2.693
8-Jun-12,2.743,2.745,2.773,2.652
11-Jun-12,2.706,2.832,2.854,2.7
12-Jun-12,2.77,2.704,2.776,2.704
13-Jun-12,2.716,2.766,2.822,2.696
14-Jun-12,2.74,2.724,2.746,2.697
15-Jun-12,2.693,2.736,2.738,2.673
18-Jun-12,2.661,2.755,2.783,2.651
19-Jun-12,2.734,2.662,2.741,2.645
20-Jun-12,2.726,2.736,2.798,2.689
21-Jun-12,2.688,2.73,2.747,2.661
22-Jun-12,2.761,2.693,2.764,2.681
25-Jun-12,2.676,2.754,2.755,2.674
26-Jun-12,2.7,2.688,2.72,2.677
27-Jun-12,2.693,2.703,2.718,2.683
28-Jun-12,2.682,2.703,2.704,2.653
29-Jun-12,2.754,2.664,2.78,2.663
2-Jul-12,2.694,2.759,2.761,2.654
3-Jul-12,2.74,2.695,2.746,2.693
5-Jul-12,2.718,2.714,2.749,2.695
6-Jul-12,2.663,2.721,2.724,2.656
9-Jul-12,2.622,2.662,2.664,2.614
10-Jul-12,2.602,2.626,2.643,2.594
11-Jul-12,2.611,2.61,2.628,2.562
12-Jul-12,2.562,2.615,2.617,2.559
13-Jul-12,2.578,2.561,2.603,2.551
16-Jul-12,2.556,2.578,2.578,2.517
17-Jul-12,2.604,2.577,2.606,2.553
18-Jul-12,2.596,2.606,2.608,2.568
19-Jul-12,2.611,2.597,2.631,2.586
20-Jul-12,2.546,2.614,2.615,2.533
23-Jul-12,2.51,2.538,2.541,2.477
24-Jul-12,2.458,2.501,2.54,2.454
25-Jul-12,2.453,2.454,2.502,2.447
26-Jul-12,2.503,2.463,2.508,2.443
27-Jul-12,2.621,2.507,2.678,2.494
30-Jul-12,2.579,2.628,2.645,2.569
31-Jul-12,2.55,2.586,2.61,2.546
1-Aug-12,2.597,2.55,2.618,2.548
2-Aug-12,2.553,2.609,2.653,2.508
3-Aug-12,2.649,2.557,2.681,2.548
6-Aug-12,2.652,2.655,2.662,2.619
7-Aug-12,2.721,2.652,2.739,2.645
8-Aug-12,2.753,2.72,2.759,2.695
9-Aug-12,2.76,2.747,2.81,2.742
10-Aug-12,2.748,2.774,2.774,2.712
13-Aug-12,2.755,2.739,2.755,2.713
14-Aug-12,2.831,2.756,2.839,2.744
15-Aug-12,2.921,2.83,2.922,2.823
16-Aug-12,2.956,2.924,2.984,2.892
17-Aug-12,2.931,2.948,2.96,2.91
20-Aug-12,2.925,2.95,2.983,2.909
21-Aug-12,2.901,2.921,2.982,2.898
22-Aug-12,2.808,2.897,2.899,2.803
23-Aug-12,2.786,2.811,2.824,2.775
24-Aug-12,2.8,2.803,2.806,2.745
27-Aug-12,2.761,2.806,2.806,2.748
28-Aug-12,2.749,2.765,2.772,2.723
29-Aug-12,2.766,2.752,2.789,2.737
30-Aug-12,2.748,2.773,2.774,2.722
31-Aug-12,2.668,2.747,2.779,2.666
4-Sep-12,2.683,2.695,2.713,2.654
5-Sep-12,2.709,2.68,2.712,2.659
6-Sep-12,2.797,2.71,2.799,2.703
7-Sep-12,2.821,2.808,2.867,2.728
10-Sep-12,2.806,2.822,2.865,2.797
11-Sep-12,2.853,2.812,2.861,2.802
12-Sep-12,2.919,2.85,2.935,2.848
13-Sep-12,2.928,2.921,3.001,2.876
14-Sep-12,3.092,2.941,3.109,2.94
17-Sep-12,3.036,3.092,3.121,3.023
18-Sep-12,3.009,3.035,3.036,2.975
19-Sep-12,2.96,3.008,3.031,2.953
20-Sep-12,2.944,2.966,2.971,2.909
21-Sep-12,2.947,2.948,2.987,2.941
24-Sep-12,2.901,2.94,2.96,2.894
25-Sep-12,2.851,2.905,2.921,2.845
26-Sep-12,2.782,2.842,2.857,2.779
27-Sep-12,2.842,2.79,2.847,2.786
28-Sep-12,2.823,2.838,2.845,2.78
1-Oct-12,2.813,2.814,2.853,2.803
2-Oct-12,2.815,2.814,2.843,2.803
3-Oct-12,2.818,2.822,2.844,2.796
4-Oct-12,2.888,2.823,2.894,2.823
5-Oct-12,2.97,2.887,2.978,2.871
9-Oct-12,2.925,2.931,2.956,2.914
10-Oct-12,2.885,2.927,2.962,2.88
11-Oct-12,2.848,2.88,2.931,2.847
12-Oct-12,2.831,2.855,2.878,2.8
15-Oct-12,2.848,2.836,2.869,2.822
16-Oct-12,2.918,2.849,2.927,2.844
17-Oct-12,3.004,2.943,3.005,2.919
18-Oct-12,3.011,2.999,3.023,2.947
19-Oct-12,2.935,3.019,3.021,2.933
22-Oct-12,2.972,2.935,2.979,2.93
23-Oct-12,2.904,2.971,2.975,2.893
24-Oct-12,2.954,2.907,2.956,2.904
25-Oct-12,2.962,2.953,3.012,2.948
26-Oct-12,2.912,2.985,2.985,2.899
29-Oct-12,2.882,2.891,2.911,2.865
31-Oct-12,2.86,2.903,2.928,2.851
1-Nov-12,2.907,2.864,2.914,2.864
2-Nov-12,2.906,2.903,2.963,2.893
5-Nov-12,2.869,2.912,2.917,2.86
6-Nov-12,2.922,2.888,2.928,2.876
7-Nov-12,2.829,2.922,2.924,2.806
8-Nov-12,2.752,2.841,2.855,2.746
9-Nov-12,2.747,2.761,2.782,2.712
13-Nov-12,2.723,2.743,2.751,2.705
14-Nov-12,2.726,2.729,2.768,2.712
15-Nov-12,2.732,2.726,2.756,2.702
16-Nov-12,2.734,2.731,2.741,2.695
19-Nov-12,2.761,2.75,2.782,2.741
20-Nov-12,2.821,2.75,2.823,2.75
21-Nov-12,2.82,2.818,2.84,2.796
23-Nov-12,2.829,2.82,2.837,2.8
26-Nov-12,2.803,2.836,2.836,2.773
27-Nov-12,2.787,2.803,2.819,2.779
28-Nov-12,2.803,2.782,2.805,2.746
29-Nov-12,2.797,2.799,2.819,2.781
30-Nov-12,2.81,2.796,2.813,2.769
3-Dec-12,2.798,2.811,2.851,2.798
4-Dec-12,2.779,2.799,2.822,2.773
5-Dec-12,2.78,2.781,2.798,2.755
6-Dec-12,2.772,2.786,2.786,2.745
7-Dec-12,2.809,2.777,2.828,2.756
10-Dec-12,2.798,2.812,2.815,2.786
11-Dec-12,2.841,2.799,2.847,2.793
12-Dec-12,2.896,2.84,2.905,2.825
13-Dec-12,2.906,2.89,2.93,2.88
14-Dec-12,2.866,2.901,2.925,2.856
17-Dec-12,2.945,2.889,2.949,2.866
18-Dec-12,3.001,2.943,3.036,2.934
19-Dec-12,2.993,2.996,3.015,2.952
20-Dec-12,2.982,2.979,3.001,2.947
21-Dec-12,2.934,2.987,2.991,2.917
24-Dec-12,2.944,2.934,2.96,2.931
26-Dec-12,2.922,2.946,2.964,2.918
27-Dec-12,2.902,2.93,2.964,2.87
28-Dec-12,2.868,2.922,2.922,2.859
31-Dec-12,2.952,2.868,2.956,2.865
2-Jan-13,3.04,2.952,3.059,2.952
3-Jan-13,3.125,3.04,3.134,3.023
4-Jan-13,3.1,3.128,3.18,3.092
7-Jan-13,3.101,3.101,3.119,3.074
8-Jan-13,3.065,3.098,3.11,3.059
9-Jan-13,3.062,3.073,3.095,3.046
10-Jan-13,3.081,3.066,3.103,3.059
11-Jan-13,3.045,3.095,3.106,3.035
14-Jan-13,3.036,3.045,3.056,3.008
15-Jan-13,3.026,3.04,3.042,2.991
16-Jan-13,3.011,3.029,3.029,2.985
17-Jan-13,3.072,3.015,3.086,2.995
18-Jan-13,3.026,3.07,3.083,3.023
22-Jan-13,3.026,3.052,3.069,3.016
23-Jan-13,3.022,3.029,3.034,3.004
24-Jan-13,3.046,3.013,3.066,3.002
25-Jan-13,3.132,3.051,3.139,3.043
28-Jan-13,3.144,3.144,3.181,3.115
29-Jan-13,3.184,3.14,3.187,3.127
30-Jan-13,3.18,3.184,3.222,3.157
31-Jan-13,3.168,3.181,3.201,3.158
1-Feb-13,3.228,3.181,3.236,3.125
4-Feb-13,3.162,3.234,3.254,3.154
5-Feb-13,3.213,3.167,3.223,3.157
6-Feb-13,3.172,3.215,3.227,3.163
7-Feb-13,3.175,3.174,3.208,3.139
8-Feb-13,3.163,3.173,3.207,3.148
11-Feb-13,3.174,3.163,3.189,3.15
12-Feb-13,3.189,3.174,3.195,3.16
13-Feb-13,3.235,3.189,3.245,3.182
14-Feb-13,3.178,3.234,3.245,3.169
15-Feb-13,3.18,3.165,3.206,3.143
19-Feb-13,3.209,3.184,3.216,3.161
20-Feb-13,3.201,3.212,3.24,3.192
21-Feb-13,3.165,3.201,3.208,3.146
22-Feb-13,3.152,3.17,3.187,3.146
25-Feb-13,3.061,3.168,3.197,3.05
26-Feb-13,3.081,3.075,3.086,3.03
27-Feb-13,3.098,3.08,3.115,3.035
28-Feb-13,3.09,3.095,3.115,3.072
1-Mar-13,3.055,3.086,3.086,3.045
4-Mar-13,3.088,3.049,3.09,3.037
5-Mar-13,3.107,3.087,3.118,3.082
6-Mar-13,3.153,3.106,3.157,3.104
7-Mar-13,3.201,3.148,3.207,3.135
8-Mar-13,3.248,3.208,3.286,3.202
11-Mar-13,3.26,3.251,3.27,3.237
12-Mar-13,3.216,3.271,3.274,3.211
13-Mar-13,3.22,3.218,3.247,3.198
14-Mar-13,3.242,3.223,3.258,3.217
15-Mar-13,3.212,3.241,3.251,3.207
18-Mar-13,3.183,3.131,3.195,3.114
19-Mar-13,3.131,3.183,3.198,3.112
20-Mar-13,3.198,3.131,3.221,3.126
21-Mar-13,3.135,3.194,3.205,3.128
22-Mar-13,3.149,3.131,3.165,3.117
25-Mar-13,3.146,3.169,3.192,3.117
26-Mar-13,3.143,3.148,3.167,3.125
27-Mar-13,3.086,3.147,3.152,3.071
28-Mar-13,3.104,3.089,3.117,3.073
1-Apr-13,3.078,3.14,3.14,3.073
2-Apr-13,3.1,3.078,3.11,3.063
3-Apr-13,3.057,3.101,3.115,3.037
4-Apr-13,2.991,3.045,3.069,2.985
5-Apr-13,2.877,2.994,2.998,2.842
8-Apr-13,2.911,2.877,2.92,2.868
9-Apr-13,2.938,2.917,2.942,2.9
10-Apr-13,3.005,2.945,3.007,2.928
11-Apr-13,2.997,3.004,3.01,2.982
12-Apr-13,2.918,3,3,2.915
15-Apr-13,2.868,2.915,2.945,2.858
16-Apr-13,2.908,2.867,2.921,2.865
17-Apr-13,2.88,2.908,2.913,2.846
18-Apr-13,2.863,2.878,2.909,2.857
19-Apr-13,2.883,2.866,2.891,2.864
22-Apr-13,2.879,2.89,2.921,2.86
23-Apr-13,2.901,2.878,2.905,2.823
24-Apr-13,2.895,2.902,2.921,2.884
25-Apr-13,2.905,2.897,2.919,2.89
26-Apr-13,2.862,2.912,2.913,2.856
29-Apr-13,2.875,2.862,2.888,2.846
30-Apr-13,2.88,2.88,2.893,2.847
1-May-13,2.829,2.873,2.888,2.81
2-May-13,2.82,2.829,2.865,2.818
3-May-13,2.955,2.82,2.966,2.82
6-May-13,2.98,2.955,2.991,2.944
7-May-13,2.997,2.978,3.005,2.96
8-May-13,2.987,2.996,3.021,2.969
9-May-13,2.995,2.989,3.007,2.947
10-May-13,3.096,3.021,3.132,3.012
11-May-13,3.096,3.096,3.096,3.096
13-May-13,3.127,3.142,3.146,3.094
14-May-13,3.2,3.123,3.201,3.101
15-May-13,3.162,3.189,3.199,3.136
16-May-13,3.096,3.156,3.174,3.076
17-May-13,3.17,3.097,3.174,3.079
18-May-13,3.17,3.17,3.17,3.17
20-May-13,3.175,3.169,3.186,3.127
21-May-13,3.132,3.172,3.2,3.128
22-May-13,3.218,3.122,3.231,3.1
23-May-13,3.19,3.228,3.244,3.145
24-May-13,3.175,3.201,3.214,3.151
25-May-13,3.175,3.175,3.175,3.175
28-May-13,3.327,3.191,3.338,3.19
29-May-13,3.266,3.318,3.37,3.259
30-May-13,3.281,3.265,3.293,3.246
31-May-13,3.278,3.275,3.356,3.233
1-Jun-13,3.278,3.278,3.278,3.278
3-Jun-13,3.267,3.306,3.33,3.226
4-Jun-13,3.314,3.273,3.318,3.255
5-Jun-13,3.245,3.317,3.318,3.237
6-Jun-13,3.24,3.247,3.286,3.169
7-Jun-13,3.343,3.238,3.344,3.204
8-Jun-13,3.343,3.343,3.343,3.343
10-Jun-13,3.371,3.341,3.382,3.313
11-Jun-13,3.318,3.371,3.433,3.3
12-Jun-13,3.372,3.319,3.385,3.304
13-Jun-13,3.313,3.373,3.374,3.295
14-Jun-13,3.304,3.326,3.333,3.272
15-Jun-13,3.304,3.304,3.304,3.304
16-Jun-13,3.304,3.304,3.304,3.304
17-Jun-13,3.35,3.319,3.358,3.286
18-Jun-13,3.341,3.349,3.377,3.325
19-Jun-13,3.424,3.343,3.429,3.316
20-Jun-13,3.518,3.421,3.548,3.401
21-Jun-13,3.595,3.502,3.601,3.467
22-Jun-13,3.595,3.595,3.595,3.595
23-Jun-13,3.595,3.595,3.595,3.595
24-Jun-13,3.557,3.587,3.652,3.543
25-Jun-13,3.629,3.545,3.631,3.508
26-Jun-13,3.583,3.633,3.638,3.556
27-Jun-13,3.534,3.575,3.601,3.516
28-Jun-13,3.499,3.543,3.58,3.488
29-Jun-13,3.499,3.499,3.499,3.499
1-Jul-13,3.477,3.507,3.559,3.474
2-Jul-13,3.475,3.483,3.489,3.451
3-Jul-13,3.493,3.48,3.499,3.418
4-Jul-13,3.493,3.493,3.493,3.493
5-Jul-13,3.708,3.511,3.717,3.494
6-Jul-13,3.708,3.708,3.708,3.708
8-Jul-13,3.636,3.708,3.722,3.631
9-Jul-13,3.651,3.636,3.659,3.628
10-Jul-13,3.683,3.651,3.793,3.632
11-Jul-13,3.626,3.6,3.673,3.593
12-Jul-13,3.635,3.623,3.653,3.588
13-Jul-13,3.635,3.635,3.635,3.635
15-Jul-13,3.595,3.635,3.685,3.59
16-Jul-13,3.582,3.598,3.611,3.57
17-Jul-13,3.577,3.589,3.621,3.544
18-Jul-13,3.636,3.577,3.645,3.562
19-Jul-13,3.559,3.632,3.64,3.556
20-Jul-13,3.559,3.559,3.559,3.559
22-Jul-13,3.549,3.565,3.565,3.532
23-Jul-13,3.58,3.557,3.605,3.54
24-Jul-13,3.645,3.581,3.688,3.581
25-Jul-13,3.646,3.648,3.688,3.633
26-Jul-13,3.622,3.648,3.653,3.609
27-Jul-13,3.622,3.622,3.622,3.622
29-Jul-13,3.671,3.621,3.676,3.609
30-Jul-13,3.674,3.675,3.684,3.639
31-Jul-13,3.646,3.679,3.742,3.629
1-Aug-13,3.754,3.65,3.774,3.645
2-Aug-13,3.688,3.76,3.781,3.685
3-Aug-13,3.688,3.688,3.688,3.688
5-Aug-13,3.732,3.686,3.749,3.685
6-Aug-13,3.729,3.731,3.759,3.718
7-Aug-13,3.685,3.725,3.729,3.675
8-Aug-13,3.675,3.686,3.691,3.64
9-Aug-13,3.636,3.656,3.674,3.631
10-Aug-13,3.636,3.636,3.636,3.636
11-Aug-13,3.63,3.636,3.636,3.63
12-Aug-13,3.683,3.635,3.688,3.602
13-Aug-13,3.759,3.693,3.767,3.691
14-Aug-13,3.747,3.759,3.763,3.735
15-Aug-13,3.806,3.743,3.838,3.737
16-Aug-13,3.847,3.807,3.885,3.8
18-Aug-13,3.866,3.864,3.866,3.859
19-Aug-13,3.901,3.864,3.914,3.854
20-Aug-13,3.854,3.895,3.901,3.841
21-Aug-13,3.921,3.858,3.924,3.847
22-Aug-13,3.875,3.922,3.94,3.86
23-Aug-13,3.798,3.877,3.897,3.791
25-Aug-13,3.801,3.804,3.804,3.801
26-Aug-13,3.767,3.804,3.846,3.767
27-Aug-13,3.692,3.778,3.792,3.689
28-Aug-13,3.736,3.699,3.767,3.684
29-Aug-13,3.713,3.746,3.783,3.691
30-Aug-13,3.716,3.719,3.742,3.673
1-Sep-13,3.716,3.716,3.716,3.716
2-Sep-13,3.736,3.741,3.742,3.728
3-Sep-13,3.793,3.741,3.831,3.728
4-Sep-13,3.796,3.792,3.813,3.77
5-Sep-13,3.886,3.796,3.894,3.784
6-Sep-13,3.867,3.883,3.905,3.81
7-Sep-13,3.867,3.867,3.867,3.867
8-Sep-13,3.877,3.867,3.922,3.867
9-Sep-13,3.852,3.922,3.922,3.816
10-Sep-13,3.894,3.856,3.901,3.845
11-Sep-13,3.851,3.901,3.913,3.847
12-Sep-13,3.849,3.857,3.859,3.807
13-Sep-13,3.838,3.856,3.882,3.817
15-Sep-13,3.839,3.839,3.839,3.839
16-Sep-13,3.863,3.839,3.879,3.783
17-Sep-13,3.831,3.871,3.875,3.824
18-Sep-13,3.747,3.827,3.881,3.731
19-Sep-13,3.799,3.776,3.81,3.747
20-Sep-13,3.764,3.805,3.818,3.754
22-Sep-13,3.764,3.764,3.764,3.764
23-Sep-13,3.728,3.764,3.779,3.724
24-Sep-13,3.669,3.729,3.733,3.665
25-Sep-13,3.666,3.671,3.693,3.642
26-Sep-13,3.698,3.676,3.701,3.665
27-Sep-13,3.686,3.698,3.718,3.668
29-Sep-13,3.671,3.685,3.685,3.67
30-Sep-13,3.692,3.68,3.704,3.656
1-Oct-13,3.716,3.688,3.733,3.685
2-Oct-13,3.702,3.722,3.726,3.673
3-Oct-13,3.706,3.704,3.733,3.679
4-Oct-13,3.719,3.73,3.74,3.71
6-Oct-13,3.72,3.718,3.72,3.718
7-Oct-13,3.695,3.719,3.721,3.685
8-Oct-13,3.694,3.695,3.726,3.678
9-Oct-13,3.736,3.692,3.744,3.685
10-Oct-13,3.733,3.744,3.787,3.73
11-Oct-13,3.745,3.734,3.749,3.697
14-Oct-13,3.796,3.795,3.796,3.794
15-Oct-13,3.783,3.796,3.797,3.749
16-Oct-13,3.722,3.799,3.804,3.715
17-Oct-13,3.661,3.73,3.73,3.65
18-Oct-13,3.649,3.666,3.672,3.617
20-Oct-13,3.653,3.654,3.654,3.652
21-Oct-13,3.672,3.654,3.689,3.647
22-Oct-13,3.611,3.675,3.682,3.601
23-Oct-13,3.59,3.608,3.613,3.567
24-Oct-13,3.613,3.591,3.615,3.565
25-Oct-13,3.601,3.614,3.614,3.585
27-Oct-13,3.602,3.601,3.602,3.601
28-Oct-13,3.618,3.601,3.621,3.59
29-Oct-13,3.613,3.615,3.634,3.601
30-Oct-13,3.642,3.617,3.656,3.59
31-Oct-13,3.639,3.645,3.659,3.61
1-Nov-13,3.694,3.643,3.702,3.637
3-Nov-13,3.694,3.694,3.694,3.694
4-Nov-13,3.694,3.695,3.705,3.672
5-Nov-13,3.771,3.696,3.773,3.687
6-Nov-13,3.776,3.771,3.787,3.752
7-Nov-13,3.707,3.778,3.783,3.704
8-Nov-13,3.848,3.713,3.855,3.705
11-Nov-13,3.872,3.869,3.874,3.869
12-Nov-13,3.857,3.872,3.887,3.848
13-Nov-13,3.826,3.859,3.861,3.812
14-Nov-13,3.789,3.818,3.825,3.763
15-Nov-13,3.796,3.794,3.82,3.787
17-Nov-13,3.804,3.796,3.807,3.796
18-Nov-13,3.757,3.804,3.809,3.751
19-Nov-13,3.804,3.757,3.808,3.749
20-Nov-13,3.916,3.803,3.917,3.784
21-Nov-13,3.889,3.927,3.938,3.879
22-Nov-13,3.833,3.887,3.899,3.828
24-Nov-13,3.835,3.833,3.837,3.833
25-Nov-13,3.82,3.835,3.854,3.812
26-Nov-13,3.8,3.806,3.822,3.784
27-Nov-13,3.817,3.806,3.842,3.795
28-Nov-13,3.823,3.815,3.823,3.815
29-Nov-13,3.817,3.821,3.842,3.804
1-Dec-13,3.824,3.817,3.827,3.817
2-Dec-13,3.858,3.825,3.869,3.824
3-Dec-13,3.846,3.861,3.867,3.828
4-Dec-13,3.903,3.851,3.916,3.843
5-Dec-13,3.916,3.901,3.925,3.883
6-Dec-13,3.89,3.919,3.98,3.882
8-Dec-13,3.897,3.903,3.903,3.897
9-Dec-13,3.872,3.897,3.899,3.869
10-Dec-13,3.84,3.875,3.878,3.827
11-Dec-13,3.887,3.852,3.888,3.836
12-Dec-13,3.895,3.886,3.905,3.863
13-Dec-13,3.875,3.893,3.91,3.866
15-Dec-13,3.876,3.875,3.877,3.873
16-Dec-13,3.896,3.874,3.901,3.842
17-Dec-13,3.867,3.889,3.917,3.867
18-Dec-13,3.907,3.872,3.953,3.847
19-Dec-13,3.911,3.898,3.918,3.883
20-Dec-13,3.827,3.922,3.922,3.814
22-Dec-13,3.827,3.827,3.827,3.827
23-Dec-13,3.851,3.812,3.853,3.779
24-Dec-13,3.897,3.851,3.902,3.834
25-Dec-13,3.91,3.897,3.91,3.897
26-Dec-13,3.926,3.912,3.931,3.89
27-Dec-13,3.94,3.925,3.95,3.908
29-Dec-13,4.004,3.94,4.004,3.94
30-Dec-13,3.903,4.001,4.001,3.895
31-Dec-13,3.964,3.908,3.974,3.898
1-Jan-14,3.964,3.964,3.964,3.964
2-Jan-14,3.923,3.965,3.983,3.909
3-Jan-14,3.926,3.917,3.951,3.908
5-Jan-14,3.94,3.931,3.943,3.931
6-Jan-14,3.902,3.941,3.942,3.879
7-Jan-14,3.886,3.902,3.907,3.88
8-Jan-14,3.894,3.888,3.932,3.884
9-Jan-14,3.88,3.889,3.908,3.866
10-Jan-14,3.802,3.883,3.891,3.795
12-Jan-14,3.801,3.801,3.801,3.801
13-Jan-14,3.775,3.798,3.809,3.763
14-Jan-14,3.804,3.784,3.806,3.773
15-Jan-14,3.824,3.806,3.835,3.797
16-Jan-14,3.773,3.822,3.824,3.769
17-Jan-14,3.751,3.772,3.788,3.746
20-Jan-14,3.75,3.751,3.751,3.75
21-Jan-14,3.75,3.75,3.778,3.734
22-Jan-14,3.762,3.743,3.766,3.734
23-Jan-14,3.684,3.766,3.766,3.661
24-Jan-14,3.635,3.682,3.693,3.633
26-Jan-14,3.634,3.637,3.637,3.631
27-Jan-14,3.667,3.632,3.684,3.628
28-Jan-14,3.674,3.668,3.701,3.665
29-Jan-14,3.618,3.694,3.71,3.608
30-Jan-14,3.637,3.627,3.665,3.617
31-Jan-14,3.599,3.64,3.649,3.594
2-Feb-14,3.615,3.602,3.615,3.602
3-Feb-14,3.532,3.614,3.632,3.525
4-Feb-14,3.602,3.537,3.607,3.526
5-Feb-14,3.649,3.599,3.657,3.58
6-Feb-14,3.669,3.647,3.684,3.639
7-Feb-14,3.674,3.667,3.702,3.623
9-Feb-14,3.672,3.679,3.679,3.67
10-Feb-14,3.653,3.672,3.687,3.65
11-Feb-14,3.69,3.662,3.706,3.661
12-Feb-14,3.722,3.687,3.737,3.683
13-Feb-14,3.684,3.717,3.717,3.676
14-Feb-14,3.698,3.696,3.709,3.673
17-Feb-14,3.7,3.699,3.701,3.699
18-Feb-14,3.679,3.7,3.714,3.66
19-Feb-14,3.713,3.678,3.715,3.652
20-Feb-14,3.724,3.708,3.743,3.679
21-Feb-14,3.695,3.724,3.743,3.692
23-Feb-14,3.696,3.699,3.699,3.696
24-Feb-14,3.7,3.697,3.72,3.684
25-Feb-14,3.66,3.701,3.703,3.655
26-Feb-14,3.627,3.662,3.675,3.625
27-Feb-14,3.592,3.63,3.637,3.592
28-Feb-14,3.584,3.599,3.637,3.58
2-Mar-14,3.558,3.586,3.586,3.557
3-Mar-14,3.555,3.558,3.575,3.536
4-Mar-14,3.649,3.56,3.652,3.556
5-Mar-14,3.648,3.644,3.659,3.623
6-Mar-14,3.692,3.648,3.694,3.64
7-Mar-14,3.721,3.695,3.752,3.671
9-Mar-14,3.724,3.724,3.727,3.723
10-Mar-14,3.723,3.721,3.737,3.701
11-Mar-14,3.71,3.721,3.733,3.704
12-Mar-14,3.674,3.711,3.714,3.653
13-Mar-14,3.591,3.674,3.687,3.587
14-Mar-14,3.6,3.592,3.603,3.556
16-Mar-14,3.583,3.597,3.597,3.582
17-Mar-14,3.631,3.584,3.634,3.584
18-Mar-14,3.615,3.628,3.639,3.603
19-Mar-14,3.659,3.615,3.684,3.606
20-Mar-14,3.665,3.654,3.672,3.612
21-Mar-14,3.609,3.652,3.664,3.602
23-Mar-14,3.617,3.609,3.699,3.609
24-Mar-14,3.562,3.652,3.664,3.559
25-Mar-14,3.592,3.566,3.612,3.559
26-Mar-14,3.542,3.594,3.608,3.538
27-Mar-14,3.528,3.542,3.557,3.493
28-Mar-14,3.548,3.527,3.568,3.513
30-Mar-14,3.549,3.547,3.549,3.547
31-Mar-14,3.56,3.549,3.606,3.547
1-Apr-14,3.607,3.563,3.615,3.563
2-Apr-14,3.649,3.606,3.654,3.606
3-Apr-14,3.631,3.647,3.649,3.612
4-Apr-14,3.587,3.627,3.648,3.575
6-Apr-14,3.58,3.587,3.587,3.58
7-Apr-14,3.557,3.58,3.602,3.545
8-Apr-14,3.541,3.563,3.576,3.535
9-Apr-14,3.574,3.543,3.582,3.543
10-Apr-14,3.514,3.581,3.587,3.5
11-Apr-14,3.489,3.507,3.524,3.472
13-Apr-14,3.466,3.489,3.489,3.466
14-Apr-14,3.491,3.467,3.501,3.466
15-Apr-14,3.464,3.489,3.501,3.435
16-Apr-14,3.449,3.459,3.496,3.444
17-Apr-14,3.517,3.449,3.524,3.439
20-Apr-14,3.517,3.513,3.518,3.513
21-Apr-14,3.519,3.517,3.526,3.484
22-Apr-14,3.493,3.524,3.54,3.49
23-Apr-14,3.474,3.498,3.508,3.464
24-Apr-14,3.456,3.485,3.509,3.453
25-Apr-14,3.444,3.456,3.458,3.418
27-Apr-14,3.449,3.448,3.449,3.448
28-Apr-14,3.494,3.449,3.497,3.445
29-Apr-14,3.494,3.495,3.523,3.483
30-Apr-14,3.457,3.487,3.516,3.456
1-May-14,3.408,3.471,3.479,3.399
2-May-14,3.365,3.412,3.475,3.349
4-May-14,3.365,3.365,3.365,3.365
5-May-14,3.402,3.357,3.411,3.355
6-May-14,3.385,3.405,3.421,3.371
7-May-14,3.402,3.389,3.411,3.368
8-May-14,3.43,3.407,3.438,3.37
9-May-14,3.465,3.445,3.48,3.416
11-May-14,3.468,3.465,3.47,3.465
12-May-14,3.496,3.468,3.503,3.468
13-May-14,3.444,3.494,3.495,3.441
14-May-14,3.377,3.449,3.457,3.364
15-May-14,3.332,3.373,3.392,3.303
16-May-14,3.346,3.333,3.355,3.323
18-May-14,3.343,3.343,3.344,3.343
19-May-14,3.388,3.343,3.396,3.324
20-May-14,3.388,3.385,3.403,3.352
21-May-14,3.414,3.382,3.437,3.382
22-May-14,3.427,3.423,3.451,3.405
23-May-14,3.398,3.423,3.425,3.383
25-May-14,3.398,3.398,3.398,3.398
26-May-14,3.401,3.402,3.403,3.4
27-May-14,3.365,3.4,3.41,3.36
28-May-14,3.293,3.362,3.362,3.286
29-May-14,3.329,3.298,3.33,3.266
30-May-14,3.327,3.324,3.34,3.305
1-Jun-14,3.333,3.327,3.333,3.327
2-Jun-14,3.368,3.333,3.39,3.324
3-Jun-14,3.439,3.37,3.444,3.36
4-Jun-14,3.444,3.437,3.454,3.408
5-Jun-14,3.436,3.435,3.493,3.42
6-Jun-14,3.44,3.434,3.49,3.392
8-Jun-14,3.437,3.439,3.439,3.437
9-Jun-14,3.445,3.438,3.462,3.429
10-Jun-14,3.474,3.44,3.481,3.424
11-Jun-14,3.468,3.484,3.487,3.445
12-Jun-14,3.415,3.468,3.486,3.403
13-Jun-14,3.417,3.413,3.449,3.387
15-Jun-14,3.408,3.412,3.412,3.408
16-Jun-14,3.395,3.408,3.416,3.352
17-Jun-14,3.443,3.4,3.447,3.387
18-Jun-14,3.404,3.448,3.457,3.383
19-Jun-14,3.466,3.405,3.492,3.396
20-Jun-14,3.434,3.468,3.499,3.433
22-Jun-14,3.44,3.434,3.44,3.434
23-Jun-14,3.453,3.441,3.457,3.414
24-Jun-14,3.397,3.451,3.451,3.394
25-Jun-14,3.383,3.398,3.412,3.358
26-Jun-14,3.357,3.384,3.387,3.335
27-Jun-14,3.368,3.353,3.372,3.336
29-Jun-14,3.365,3.368,3.368,3.363
30-Jun-14,3.361,3.365,3.372,3.337
1-Jul-14,3.399,3.362,3.402,3.348
2-Jul-14,3.463,3.401,3.468,3.382
3-Jul-14,3.47,3.459,3.516,3.45
6-Jul-14,3.478,3.47,3.478,3.47
7-Jul-14,3.438,3.477,3.484,3.427
8-Jul-14,3.377,3.438,3.441,3.373
9-Jul-14,3.378,3.373,3.397,3.358
10-Jul-14,3.371,3.382,3.383,3.323
11-Jul-14,3.337,3.367,3.375,3.334
12-Jul-14,3.337,3.337,3.337,3.337
13-Jul-14,3.343,3.342,3.344,3.342
14-Jul-14,3.372,3.344,3.373,3.334
15-Jul-14,3.372,3.373,3.395,3.346
16-Jul-14,3.34,3.365,3.382,3.338
17-Jul-14,3.264,3.337,3.337,3.26
18-Jul-14,3.288,3.274,3.315,3.269
20-Jul-14,3.288,3.288,3.288,3.288
21-Jul-14,3.258,3.286,3.292,3.239
22-Jul-14,3.253,3.262,3.292,3.247
23-Jul-14,3.265,3.254,3.266,3.24
24-Jul-14,3.293,3.268,3.309,3.256
25-Jul-14,3.239,3.294,3.304,3.237
27-Jul-14,3.242,3.239,3.243,3.239
28-Jul-14,3.255,3.242,3.266,3.229
29-Jul-14,3.227,3.256,3.262,3.217
30-Jul-14,3.313,3.221,3.314,3.221
31-Jul-14,3.319,3.314,3.373,3.294
1-Aug-14,3.282,3.32,3.37,3.268
2-Aug-14,3.282,3.282,3.282,3.282
3-Aug-14,3.286,3.282,3.286,3.282
4-Aug-14,3.291,3.286,3.299,3.27
5-Aug-14,3.286,3.294,3.328,3.273
6-Aug-14,3.268,3.284,3.287,3.225
7-Aug-14,3.221,3.271,3.281,3.219
8-Aug-14,3.23,3.23,3.242,3.178
10-Aug-14,3.24,3.23,3.24,3.23
11-Aug-14,3.242,3.239,3.247,3.22
12-Aug-14,3.276,3.245,3.277,3.233
13-Aug-14,3.246,3.283,3.292,3.237
14-Aug-14,3.193,3.247,3.256,3.188
15-Aug-14,3.13,3.204,3.209,3.106
17-Aug-14,3.147,3.148,3.148,3.146
18-Aug-14,3.198,3.147,3.202,3.138
19-Aug-14,3.216,3.2,3.223,3.164
20-Aug-14,3.218,3.212,3.243,3.204
21-Aug-14,3.19,3.227,3.241,3.184
22-Aug-14,3.159,3.192,3.211,3.152
24-Aug-14,3.168,3.17,3.17,3.167
25-Aug-14,3.133,3.168,3.169,3.128
26-Aug-14,3.163,3.132,3.164,3.121
27-Aug-14,3.105,3.161,3.161,3.1
28-Aug-14,3.075,3.102,3.109,3.059
29-Aug-14,3.084,3.078,3.094,3.059
31-Aug-14,3.084,3.084,3.084,3.084
1-Sep-14,3.092,3.094,3.094,3.092
2-Sep-14,3.177,3.092,3.178,3.089
3-Sep-14,3.143,3.174,3.216,3.141
4-Sep-14,3.21,3.148,3.216,3.135
5-Sep-14,3.227,3.227,3.241,3.17
7-Sep-14,3.223,3.222,3.226,3.222
8-Sep-14,3.223,3.223,3.241,3.183
9-Sep-14,3.231,3.232,3.254,3.219
10-Sep-14,3.272,3.231,3.275,3.219
11-Sep-14,3.276,3.269,3.283,3.236
12-Sep-14,3.343,3.272,3.354,3.271
13-Sep-14,3.343,3.343,3.343,3.343
14-Sep-14,3.351,3.351,3.351,3.351
15-Sep-14,3.345,3.345,3.352,3.31
16-Sep-14,3.361,3.35,3.365,3.308
17-Sep-14,3.368,3.357,3.391,3.323
18-Sep-14,3.349,3.371,3.373,3.33
19-Sep-14,3.287,3.358,3.382,3.284
21-Sep-14,3.279,3.286,3.286,3.278
22-Sep-14,3.287,3.279,3.295,3.261
23-Sep-14,3.245,3.276,3.28,3.241
24-Sep-14,3.28,3.249,3.287,3.242
25-Sep-14,3.212,3.284,3.289,3.209
26-Sep-14,3.215,3.217,3.256,3.195
27-Sep-14,3.215,3.215,3.215,3.215
28-Sep-14,3.203,3.207,3.207,3.202
29-Sep-14,3.168,3.203,3.217,3.159
30-Sep-14,3.202,3.166,3.216,3.164
1-Oct-14,3.097,3.21,3.221,3.09
2-Oct-14,3.148,3.089,3.155,3.089
3-Oct-14,3.125,3.15,3.276,3.123
5-Oct-14,3.13,3.125,3.132,3.125
6-Oct-14,3.127,3.13,3.145,3.105
7-Oct-14,3.046,3.128,3.135,3.045
8-Oct-14,3.055,3.053,3.091,3.039
9-Oct-14,3.063,3.064,3.085,3.029
10-Oct-14,3.014,3.053,3.07,3.011
13-Oct-14,2.994,2.992,2.997,2.992
14-Oct-14,2.952,2.995,3.009,2.929
15-Oct-14,2.909,2.962,2.975,2.673
16-Oct-14,2.935,2.907,2.958,2.776
17-Oct-14,2.973,2.934,3.005,2.914
19-Oct-14,2.989,2.998,2.998,2.989
20-Oct-14,2.969,2.989,2.995,2.935
21-Oct-14,3,2.955,3.004,2.924
22-Oct-14,2.994,2.989,3.018,2.949
23-Oct-14,3.049,2.992,3.073,2.976
24-Oct-14,3.041,3.046,3.055,3.002
26-Oct-14,3.058,3.061,3.061,3.058
27-Oct-14,3.037,3.058,3.065,3.018
28-Oct-14,3.073,3.037,3.073,3.024
29-Oct-14,3.053,3.069,3.125,3.038
30-Oct-14,3.048,3.038,3.059,3.008
31-Oct-14,3.066,3.047,3.096,3.04
2-Nov-14,3.066,3.066,3.066,3.066
3-Nov-14,3.067,3.041,3.101,3.034
4-Nov-14,3.049,3.063,3.068,3.02
5-Nov-14,3.062,3.049,3.083,3.037
6-Nov-14,3.101,3.062,3.107,3.048
7-Nov-14,3.033,3.105,3.133,3.029
9-Nov-14,3.037,3.037,3.038,3.037
10-Nov-14,3.092,3.035,3.096,3.015
11-Nov-14,3.09,3.091,3.091,3.089
12-Nov-14,3.105,3.09,3.108,3.044
13-Nov-14,3.073,3.105,3.11,3.065
14-Nov-14,3.043,3.071,3.089,3.042
16-Nov-14,3.039,3.043,3.048,3.038
17-Nov-14,3.064,3.037,3.075,3.01
18-Nov-14,3.04,3.059,3.066,3.032
19-Nov-14,3.077,3.041,3.082,3.031
20-Nov-14,3.054,3.078,3.078,3.018
21-Nov-14,3.019,3.057,3.06,3.013
23-Nov-14,3.019,3.019,3.019,3.019
24-Nov-14,3.018,3.016,3.045,3.01
25-Nov-14,2.964,3.016,3.022,2.961
26-Nov-14,2.954,2.964,2.969,2.937
27-Nov-14,2.924,2.921,2.926,2.921
28-Nov-14,2.893,2.924,2.933,2.889
30-Nov-14,2.897,2.893,2.898,2.89
1-Dec-14,2.963,2.897,2.972,2.876
2-Dec-14,3.013,2.965,3.016,2.947
3-Dec-14,2.987,3.012,3.017,2.985
4-Dec-14,2.935,2.987,2.998,2.935
5-Dec-14,2.965,2.942,3.001,2.94
7-Dec-14,2.969,2.977,2.977,2.969
8-Dec-14,2.905,2.967,2.998,2.891
9-Dec-14,2.869,2.907,2.914,2.841
10-Dec-14,2.838,2.875,2.882,2.821
11-Dec-14,2.811,2.835,2.873,2.805
12-Dec-14,2.741,2.811,2.815,2.736
14-Dec-14,2.737,2.741,2.742,2.737
15-Dec-14,2.742,2.737,2.783,2.722
16-Dec-14,2.69,2.748,2.75,2.67
17-Dec-14,2.73,2.694,2.77,2.682
18-Dec-14,2.818,2.733,2.83,2.707
19-Dec-14,2.754,2.825,2.853,2.75
21-Dec-14,2.757,2.761,2.761,2.757
22-Dec-14,2.741,2.757,2.787,2.74
23-Dec-14,2.858,2.741,2.865,2.741
24-Dec-14,2.834,2.852,2.882,2.822
25-Dec-14,2.825,2.826,2.829,2.825
26-Dec-14,2.817,2.825,2.833,2.795
28-Dec-14,2.816,2.817,2.818,2.816
29-Dec-14,2.773,2.816,2.817,2.759
30-Dec-14,2.759,2.769,2.779,2.736
31-Dec-14,2.749,2.757,2.762,2.739
2-Jan-15,2.689,2.776,2.786,2.677
4-Jan-15,2.678,2.68,2.685,2.678
5-Jan-15,2.603,2.679,2.702,2.592
6-Jan-15,2.499,2.608,2.608,2.471
7-Jan-15,2.532,2.507,2.572,2.495
8-Jan-15,2.599,2.537,2.605,2.528
9-Jan-15,2.532,2.598,2.622,2.528
11-Jan-15,2.532,2.532,2.532,2.532
12-Jan-15,2.495,2.545,2.566,2.483
13-Jan-15,2.502,2.499,2.531,2.461
14-Jan-15,2.466,2.503,2.503,2.395
15-Jan-15,2.367,2.472,2.501,2.354
16-Jan-15,2.446,2.374,2.457,2.35
19-Jan-15,2.426,2.436,2.438,2.424
20-Jan-15,2.379,2.426,2.448,2.37
21-Jan-15,2.466,2.386,2.467,2.35
22-Jan-15,2.444,2.462,2.552,2.403
23-Jan-15,2.365,2.451,2.455,2.361
25-Jan-15,2.355,2.354,2.373,2.351
26-Jan-15,2.398,2.355,2.412,2.336
27-Jan-15,2.399,2.403,2.409,2.328
28-Jan-15,2.288,2.397,2.408,2.273
29-Jan-15,2.319,2.299,2.347,2.282
30-Jan-15,2.223,2.324,2.327,2.221
1-Feb-15,2.231,2.223,2.24,2.223
2-Feb-15,2.257,2.231,2.291,2.23
3-Feb-15,2.387,2.259,2.394,2.251
4-Feb-15,2.341,2.376,2.44,2.336
5-Feb-15,2.429,2.341,2.435,2.322
6-Feb-15,2.531,2.433,2.54,2.409
8-Feb-15,2.515,2.531,2.533,2.512
9-Feb-15,2.55,2.513,2.563,2.464
10-Feb-15,2.582,2.549,2.596,2.541
11-Feb-15,2.588,2.572,2.609,2.553
12-Feb-15,2.578,2.576,2.628,2.52
13-Feb-15,2.647,2.576,2.655,2.564
16-Feb-15,2.639,2.638,2.642,2.635
17-Feb-15,2.733,2.638,2.747,2.61
18-Feb-15,2.716,2.727,2.746,2.671
19-Feb-15,2.741,2.711,2.744,2.677
20-Feb-15,2.718,2.744,2.747,2.658
22-Feb-15,2.718,2.718,2.728,2.717
23-Feb-15,2.658,2.717,2.745,2.649
24-Feb-15,2.584,2.67,2.695,2.58
25-Feb-15,2.572,2.599,2.61,2.555
26-Feb-15,2.632,2.574,2.639,2.533
27-Feb-15,2.593,2.622,2.649,2.59
1-Mar-15,2.602,2.593,2.62,2.593
2-Mar-15,2.686,2.6,2.701,2.593
3-Mar-15,2.717,2.683,2.724,2.676
4-Mar-15,2.72,2.717,2.736,2.689
5-Mar-15,2.726,2.713,2.749,2.699
6-Mar-15,2.845,2.732,2.87,2.707
8-Mar-15,2.849,2.845,2.851,2.845
9-Mar-15,2.796,2.849,2.859,2.787
10-Mar-15,2.708,2.805,2.809,2.706
11-Mar-15,2.685,2.718,2.745,2.674
12-Mar-15,2.694,2.678,2.708,2.634
13-Mar-15,2.7,2.697,2.731,2.672
15-Mar-15,2.69,2.691,2.692,2.688
16-Mar-15,2.646,2.689,2.69,2.644
17-Mar-15,2.607,2.652,2.654,2.6
18-Mar-15,2.509,2.607,2.634,2.5
19-Mar-15,2.528,2.506,2.555,2.496
20-Mar-15,2.507,2.525,2.537,2.497
22-Mar-15,2.502,2.504,2.504,2.502
23-Mar-15,2.509,2.501,2.526,2.495
24-Mar-15,2.466,2.518,2.522,2.458
25-Mar-15,2.507,2.468,2.514,2.444
26-Mar-15,2.587,2.509,2.604,2.474
27-Mar-15,2.535,2.59,2.593,2.523
29-Mar-15,2.536,2.536,2.538,2.534
30-Mar-15,2.552,2.535,2.567,2.528
31-Mar-15,2.54,2.553,2.574,2.529
1-Apr-15,2.466,2.542,2.559,2.457
2-Apr-15,2.535,2.464,2.537,2.441
3-Apr-15,2.488,2.528,2.569,2.445
5-Apr-15,2.489,2.491,2.505,2.488
6-Apr-15,2.557,2.528,2.575,2.445
7-Apr-15,2.52,2.556,2.572,2.516
8-Apr-15,2.53,2.519,2.564,2.506
9-Apr-15,2.598,2.527,2.607,2.504
10-Apr-15,2.584,2.598,2.603,2.551
12-Apr-15,2.584,2.584,2.586,2.582
13-Apr-15,2.575,2.584,2.621,2.565
14-Apr-15,2.543,2.575,2.578,2.493
15-Apr-15,2.54,2.537,2.571,2.518
16-Apr-15,2.578,2.543,2.597,2.522
17-Apr-15,2.518,2.576,2.594,2.501
19-Apr-15,2.526,2.546,2.546,2.524
20-Apr-15,2.556,2.526,2.577,2.509
21-Apr-15,2.584,2.56,2.592,2.535
22-Apr-15,2.665,2.578,2.679,2.56
23-Apr-15,2.648,2.661,2.676,2.621
24-Apr-15,2.614,2.65,2.666,2.598
26-Apr-15,2.608,2.614,2.614,2.608
27-Apr-15,2.617,2.608,2.643,2.595
28-Apr-15,2.704,2.615,2.709,2.604
29-Apr-15,2.76,2.688,2.792,2.684
30-Apr-15,2.744,2.747,2.813,2.733
1-May-15,2.826,2.751,2.84,2.747
3-May-15,2.826,2.826,2.826,2.826
4-May-15,2.878,2.838,2.885,2.804
5-May-15,2.908,2.878,2.934,2.848
6-May-15,3.006,2.912,3.009,2.908
7-May-15,2.907,2.99,3.038,2.893
8-May-15,2.896,2.901,2.932,2.853
10-May-15,2.89,2.897,2.905,2.889
11-May-15,3.051,2.889,3.054,2.878
12-May-15,3.01,3.039,3.128,2.988
13-May-15,3.085,3.022,3.092,2.958
14-May-15,3.056,3.082,3.1,3.031
15-May-15,2.935,3.033,3.033,2.914
17-May-15,2.943,2.955,2.955,2.942
18-May-15,3.03,2.943,3.035,2.929
19-May-15,3.074,3.027,3.092,2.976
20-May-15,3.058,3.066,3.088,3.03
21-May-15,2.991,3.045,3.054,2.973
22-May-15,2.986,2.991,3.011,2.953
25-May-15,2.972,2.986,2.986,2.97
26-May-15,2.902,2.971,2.975,2.883
27-May-15,2.868,2.908,2.928,2.864
28-May-15,2.886,2.876,2.9,2.856
29-May-15,2.883,2.888,2.891,2.842
30-May-15,2.883,2.883,2.883,2.883
31-May-15,2.888,2.92,2.92,2.887
1-Jun-15,2.935,2.888,2.959,2.864
2-Jun-15,3.016,2.944,3.032,2.928
3-Jun-15,3.1,3.011,3.128,3.006
4-Jun-15,3.043,3.098,3.159,3.027
5-Jun-15,3.115,3.044,3.136,3.043
7-Jun-15,3.118,3.115,3.123,3.115
8-Jun-15,3.114,3.119,3.122,3.083
9-Jun-15,3.173,3.114,3.183,3.084
10-Jun-15,3.216,3.161,3.227,3.161
11-Jun-15,3.096,3.211,3.227,3.095
12-Jun-15,3.102,3.101,3.119,3.045
14-Jun-15,3.062,3.07,3.07,3.062
15-Jun-15,3.088,3.062,3.11,3.038
16-Jun-15,3.041,3.086,3.099,3.04
17-Jun-15,3.096,3.045,3.14,3.035
18-Jun-15,3.13,3.081,3.16,3.04
19-Jun-15,3.049,3.121,3.124,3.046
21-Jun-15,3.074,3.049,3.083,3.049
22-Jun-15,3.162,3.073,3.171,3.066
23-Jun-15,3.205,3.163,3.221,3.148
24-Jun-15,3.152,3.188,3.192,3.143
25-Jun-15,3.177,3.142,3.19,3.142
26-Jun-15,3.242,3.166,3.256,3.16
28-Jun-15,3.094,3.096,3.104,3.094
29-Jun-15,3.101,3.093,3.178,3.074
30-Jun-15,3.119,3.097,3.138,3.072
1-Jul-15,3.207,3.134,3.217,3.114
2-Jul-15,3.19,3.209,3.25,3.162
5-Jul-15,3.087,3.19,3.19,3.082
6-Jul-15,3.087,3.088,3.142,3.068
7-Jul-15,3.035,3.088,3.108,2.982
8-Jul-15,2.979,3.036,3.036,2.962
9-Jul-15,3.116,2.981,3.123,2.962
10-Jul-15,3.192,3.152,3.211,3.133
12-Jul-15,3.181,3.178,3.182,3.178
13-Jul-15,3.227,3.18,3.25,3.165
14-Jul-15,3.192,3.228,3.231,3.187
15-Jul-15,3.142,3.188,3.218,3.129
16-Jul-15,3.114,3.152,3.172,3.102
17-Jul-15,3.08,3.114,3.121,3.071
18-Jul-15,3.08,3.08,3.08,3.08
19-Jul-15,3.08,3.08,3.08,3.08
20-Jul-15,3.106,3.09,3.12,3.066
21-Jul-15,3.067,3.096,3.139,3.063
22-Jul-15,3.045,3.066,3.076,3.026
23-Jul-15,2.969,3.04,3.052,2.967
24-Jul-15,2.96,2.974,2.984,2.95
26-Jul-15,2.959,2.962,2.962,2.959
27-Jul-15,2.928,2.959,2.965,2.913
28-Jul-15,2.963,2.94,2.984,2.934
29-Jul-15,3.001,2.967,3.03,2.961
30-Jul-15,2.943,3.004,3.028,2.937
31-Jul-15,2.909,2.939,2.963,2.895
2-Aug-15,2.918,2.916,2.92,2.916
3-Aug-15,2.854,2.919,2.924,2.845
4-Aug-15,2.898,2.847,2.905,2.846
5-Aug-15,2.942,2.904,2.963,2.894
6-Aug-15,2.898,2.944,2.958,2.888
7-Aug-15,2.822,2.897,2.931,2.818
9-Aug-15,2.828,2.822,2.828,2.822
10-Aug-15,2.897,2.828,2.909,2.828
11-Aug-15,2.81,2.898,2.899,2.789
12-Aug-15,2.838,2.817,2.841,2.725
13-Aug-15,2.857,2.837,2.88,2.818
14-Aug-15,2.845,2.855,2.877,2.821
16-Aug-15,2.837,2.835,2.837,2.834
17-Aug-15,2.82,2.838,2.842,2.792
18-Aug-15,2.856,2.818,2.87,2.795
19-Aug-15,2.816,2.858,2.892,2.8
20-Aug-15,2.745,2.818,2.822,2.743
21-Aug-15,2.736,2.749,2.773,2.72
23-Aug-15,2.726,2.73,2.732,2.724
24-Aug-15,2.733,2.726,2.76,2.624
25-Aug-15,2.808,2.741,2.859,2.735
26-Aug-15,2.935,2.793,2.96,2.788
27-Aug-15,2.929,2.927,2.951,2.877
28-Aug-15,2.91,2.932,2.936,2.865
30-Aug-15,2.908,2.91,2.912,2.906
31-Aug-15,2.96,2.907,2.965,2.861
1-Sep-15,2.919,2.955,2.964,2.893
2-Sep-15,2.954,2.922,2.969,2.901
3-Sep-15,2.937,2.951,2.978,2.925
4-Sep-15,2.892,2.941,2.943,2.878
7-Sep-15,2.906,2.901,2.908,2.901
8-Sep-15,2.959,2.908,2.98,2.887
9-Sep-15,2.954,2.957,3.038,2.936
10-Sep-15,2.989,2.951,2.997,2.944
11-Sep-15,2.952,2.985,2.989,2.922
13-Sep-15,2.961,2.956,2.962,2.955
14-Sep-15,2.955,2.96,2.964,2.923
15-Sep-15,3.071,2.956,3.072,2.932
16-Sep-15,3.085,3.058,3.092,3.035
17-Sep-15,3.009,3.082,3.085,3.005
18-Sep-15,2.934,3.009,3.01,2.927
20-Sep-15,2.934,2.934,2.934,2.934
21-Sep-15,3.016,2.946,3.04,2.944
22-Sep-15,2.943,3.013,3.014,2.919
23-Sep-15,2.945,2.935,2.984,2.932
24-Sep-15,2.917,2.939,2.951,2.865
25-Sep-15,2.96,2.92,2.978,2.908
27-Sep-15,2.95,2.96,2.96,2.948
28-Sep-15,2.877,2.95,2.963,2.864
29-Sep-15,2.858,2.879,2.906,2.841
30-Sep-15,2.854,2.86,2.906,2.852
1-Oct-15,2.853,2.855,2.887,2.819
2-Oct-15,2.824,2.857,2.871,2.749
3-Oct-15,2.824,2.824,2.824,2.824
4-Oct-15,2.822,2.824,2.824,2.82
5-Oct-15,2.899,2.82,2.906,2.813
6-Oct-15,2.872,2.893,2.921,2.868
7-Oct-15,2.893,2.873,2.923,2.872
8-Oct-15,2.937,2.901,2.964,2.864
9-Oct-15,2.922,2.934,2.97,2.915
12-Oct-15,2.895,2.894,2.897,2.893
13-Oct-15,2.881,2.895,2.914,2.865
14-Oct-15,2.834,2.886,2.891,2.833
15-Oct-15,2.865,2.836,2.875,2.834
16-Oct-15,2.884,2.876,2.886,2.848
18-Oct-15,2.876,2.884,2.885,2.875
19-Oct-15,2.88,2.876,2.914,2.866
20-Oct-15,2.913,2.883,2.93,2.871
21-Oct-15,2.868,2.908,2.988,2.859
22-Oct-15,2.863,2.862,2.898,2.834
23-Oct-15,2.899,2.867,2.929,2.851
25-Oct-15,2.897,2.898,2.92,2.896
26-Oct-15,2.868,2.897,2.898,2.855
27-Oct-15,2.858,2.865,2.866,2.828
28-Oct-15,2.878,2.865,2.902,2.85
29-Oct-15,2.963,2.872,2.97,2.858
30-Oct-15,2.925,2.957,2.969,2.922
1-Nov-15,2.914,2.916,2.946,2.912
2-Nov-15,2.946,2.915,2.964,2.909
3-Nov-15,2.998,2.941,3.007,2.933
4-Nov-15,2.992,2.993,3.011,2.971
5-Nov-15,3.002,2.992,3.029,2.984
6-Nov-15,3.086,3.003,3.099,2.983
8-Nov-15,3.089,3.089,3.091,3.087
9-Nov-15,3.114,3.089,3.139,3.082
10-Nov-15,3.109,3.108,3.122,3.081
11-Nov-15,3.12,3.12,3.121,3.12
12-Nov-15,3.093,3.12,3.133,3.076
13-Nov-15,3.057,3.089,3.089,3.045
15-Nov-15,3.038,3.037,3.044,3.036
16-Nov-15,3.064,3.036,3.08,3.03
17-Nov-15,3.054,3.066,3.104,3.033
18-Nov-15,3.043,3.058,3.077,3.033
19-Nov-15,3.007,3.045,3.046,2.988
20-Nov-15,3.022,3.015,3.026,2.994
22-Nov-15,3.022,3.022,3.022,3.022
23-Nov-15,2.999,3.02,3.048,2.991
24-Nov-15,3.005,2.998,3.016,2.969
25-Nov-15,2.994,3.011,3.011,2.979
26-Nov-15,2.993,2.994,2.994,2.987
27-Nov-15,2.998,2.994,3.003,2.971
29-Nov-15,2.997,2.998,3.001,2.992
30-Nov-15,2.974,2.994,3.014,2.971
1-Dec-15,2.903,2.979,3.005,2.902
2-Dec-15,2.907,2.913,2.938,2.901
3-Dec-15,3.061,2.909,3.084,2.906
4-Dec-15,3.012,3.044,3.114,2.998
6-Dec-15,3.02,3.012,3.02,3.012
7-Dec-15,2.965,3.021,3.037,2.931
8-Dec-15,2.958,2.965,2.978,2.928
9-Dec-15,2.964,2.961,3.021,2.947
10-Dec-15,2.971,2.97,2.983,2.955
11-Dec-15,2.876,2.97,2.971,2.866
13-Dec-15,2.884,2.876,2.892,2.876
14-Dec-15,2.956,2.889,2.974,2.876
15-Dec-15,2.992,2.952,3.019,2.936
16-Dec-15,3.006,2.99,3.036,2.96
17-Dec-15,2.929,2.993,2.994,2.928
18-Dec-15,2.92,2.932,2.938,2.897
20-Dec-15,2.924,2.925,2.926,2.923
21-Dec-15,2.914,2.924,3.051,2.889
22-Dec-15,2.956,2.913,2.968,2.904
23-Dec-15,2.99,2.959,3.015,2.954
24-Dec-15,2.964,2.992,2.993,2.96
27-Dec-15,2.975,2.964,2.978,2.964
28-Dec-15,2.946,2.969,2.978,2.925
29-Dec-15,3.038,2.944,3.048,2.931
30-Dec-15,3.038,3.035,3.062,3.017
31-Dec-15,3.015,3.045,3.05,3.009
3-Jan-16,3.037,3.037,3.038,3.036
4-Jan-16,2.986,3.037,3.038,2.939
5-Jan-16,2.999,2.984,3.022,2.97
6-Jan-16,2.937,2.995,3.007,2.934
7-Jan-16,2.929,2.945,2.972,2.885
8-Jan-16,2.909,2.931,2.981,2.902
10-Jan-16,2.909,2.909,2.909,2.909
11-Jan-16,2.969,2.926,2.974,2.925
12-Jan-16,2.881,2.97,2.99,2.865
13-Jan-16,2.878,2.901,2.92,2.817
14-Jan-16,2.89,2.868,2.913,2.835
15-Jan-16,2.818,2.895,2.896,2.798
18-Jan-16,2.828,2.825,2.829,2.825
19-Jan-16,2.829,2.827,2.862,2.79
20-Jan-16,2.758,2.825,2.825,2.711
21-Jan-16,2.809,2.766,2.815,2.734
22-Jan-16,2.828,2.81,2.861,2.792
24-Jan-16,2.827,2.828,2.848,2.825
25-Jan-16,2.79,2.825,2.828,2.784
26-Jan-16,2.788,2.787,2.809,2.749
27-Jan-16,2.801,2.78,2.837,2.771
28-Jan-16,2.788,2.796,2.83,2.767
29-Jan-16,2.747,2.791,2.798,2.721
31-Jan-16,2.756,2.761,2.761,2.753
1-Feb-16,2.764,2.757,2.781,2.733
2-Feb-16,2.661,2.757,2.763,2.657
3-Feb-16,2.71,2.661,2.715,2.623
4-Feb-16,2.679,2.708,2.738,2.676
5-Feb-16,2.673,2.683,2.729,2.666
7-Feb-16,2.685,2.684,2.687,2.683
8-Feb-16,2.576,2.684,2.701,2.556
9-Feb-16,2.553,2.571,2.602,2.514
10-Feb-16,2.492,2.558,2.596,2.487
11-Feb-16,2.51,2.493,2.512,2.38
12-Feb-16,2.603,2.519,2.616,2.505
14-Feb-16,2.602,2.602,2.602,2.602
15-Feb-16,2.628,2.602,2.632,2.602
16-Feb-16,2.649,2.626,2.669,2.605
17-Feb-16,2.682,2.644,2.713,2.606
18-Feb-16,2.612,2.683,2.695,2.606
19-Feb-16,2.606,2.61,2.646,2.58
21-Feb-16,2.611,2.606,2.617,2.606
22-Feb-16,2.606,2.612,2.636,2.604
23-Feb-16,2.569,2.606,2.671,2.566
24-Feb-16,2.609,2.575,2.617,2.513
25-Feb-16,2.596,2.612,2.619,2.55
26-Feb-16,2.64,2.599,2.655,2.59
28-Feb-16,2.63,2.631,2.632,2.629
29-Feb-16,2.616,2.63,2.638,2.602
1-Mar-16,2.695,2.622,2.709,2.586
2-Mar-16,2.678,2.688,2.725,2.676
3-Mar-16,2.658,2.683,2.702,2.642
4-Mar-16,2.696,2.653,2.733,2.637
6-Mar-16,2.698,2.702,2.702,2.697
7-Mar-16,2.707,2.699,2.729,2.694
8-Mar-16,2.635,2.71,2.711,2.598
9-Mar-16,2.666,2.638,2.698,2.632
10-Mar-16,2.699,2.661,2.729,2.643
11-Mar-16,2.748,2.697,2.757,2.679
13-Mar-16,2.749,2.744,2.749,2.744
14-Mar-16,2.732,2.749,2.759,2.707
15-Mar-16,2.73,2.732,2.744,2.689
16-Mar-16,2.711,2.727,2.751,2.703
17-Mar-16,2.688,2.71,2.726,2.657
18-Mar-16,2.68,2.692,2.699,2.647
20-Mar-16,2.68,2.68,2.68,2.68
21-Mar-16,2.718,2.696,2.737,2.669
22-Mar-16,2.723,2.721,2.73,2.681
23-Mar-16,2.657,2.729,2.735,2.647
24-Mar-16,2.672,2.661,2.675,2.613
27-Mar-16,2.679,2.674,2.679,2.674
28-Mar-16,2.651,2.679,2.686,2.635
29-Mar-16,2.6,2.654,2.668,2.597
30-Mar-16,2.656,2.604,2.685,2.601
31-Mar-16,2.612,2.645,2.66,2.608
1-Apr-16,2.601,2.623,2.64,2.584
3-Apr-16,2.596,2.601,2.601,2.594
4-Apr-16,2.596,2.596,2.622,2.584
5-Apr-16,2.543,2.598,2.598,2.537
6-Apr-16,2.586,2.557,2.603,2.55
7-Apr-16,2.513,2.587,2.595,2.511
8-Apr-16,2.55,2.525,2.568,2.525
10-Apr-16,2.565,2.57,2.57,2.565
11-Apr-16,2.556,2.565,2.589,2.531
12-Apr-16,2.598,2.562,2.614,2.56
13-Apr-16,2.584,2.601,2.617,2.572
14-Apr-16,2.603,2.59,2.627,2.57
15-Apr-16,2.561,2.594,2.606,2.548
17-Apr-16,2.539,2.561,2.561,2.535
18-Apr-16,2.581,2.539,2.607,2.534
19-Apr-16,2.596,2.591,2.624,2.581
20-Apr-16,2.655,2.588,2.666,2.56
21-Apr-16,2.685,2.649,2.709,2.646
22-Apr-16,2.71,2.692,2.714,2.672
24-Apr-16,2.709,2.711,2.711,2.709
25-Apr-16,2.737,2.709,2.737,2.688
26-Apr-16,2.754,2.732,2.764,2.713
27-Apr-16,2.701,2.749,2.752,2.693
28-Apr-16,2.682,2.704,2.725,2.663
29-Apr-16,2.68,2.697,2.733,2.658
1-May-16,2.674,2.68,2.68,2.673
2-May-16,2.724,2.677,2.728,2.659
3-May-16,2.655,2.714,2.715,2.639
4-May-16,2.633,2.67,2.677,2.629
5-May-16,2.598,2.649,2.662,2.595
6-May-16,2.628,2.611,2.634,2.568
8-May-16,2.641,2.64,2.641,2.635
9-May-16,2.611,2.64,2.644,2.601
10-May-16,2.606,2.612,2.631,2.6
11-May-16,2.577,2.613,2.617,2.563
12-May-16,2.594,2.578,2.623,2.573
13-May-16,2.549,2.594,2.596,2.546
15-May-16,2.551,2.549,2.552,2.546
16-May-16,2.598,2.552,2.602,2.552
17-May-16,2.6,2.596,2.609,2.566
18-May-16,2.665,2.599,2.688,2.589
19-May-16,2.637,2.653,2.681,2.627
20-May-16,2.631,2.642,2.664,2.626
22-May-16,2.629,2.632,2.633,2.628
23-May-16,2.625,2.629,2.645,2.606
24-May-16,2.646,2.631,2.674,2.615
25-May-16,2.668,2.644,2.671,2.632
26-May-16,2.641,2.656,2.669,2.623
27-May-16,2.65,2.642,2.654,2.628
30-May-16,2.649,2.658,2.658,2.649
31-May-16,2.651,2.649,2.688,2.627
1-Jun-16,2.618,2.647,2.658,2.587
2-Jun-16,2.578,2.616,2.619,2.571
3-Jun-16,2.513,2.586,2.59,2.508
5-Jun-16,2.512,2.507,2.513,2.506
6-Jun-16,2.558,2.511,2.562,2.51
7-Jun-16,2.539,2.556,2.563,2.523
8-Jun-16,2.51,2.541,2.541,2.505
9-Jun-16,2.478,2.512,2.518,2.46
10-Jun-16,2.455,2.483,2.485,2.429
12-Jun-16,2.439,2.441,2.442,2.439
13-Jun-16,2.426,2.439,2.455,2.425
14-Jun-16,2.423,2.426,2.436,2.386
15-Jun-16,2.41,2.426,2.445,2.396
16-Jun-16,2.396,2.407,2.407,2.345
17-Jun-16,2.421,2.405,2.437,2.397
19-Jun-16,2.463,2.461,2.464,2.459
20-Jun-16,2.487,2.462,2.498,2.451
21-Jun-16,2.513,2.484,2.516,2.465
22-Jun-16,2.501,2.506,2.519,2.489
23-Jun-16,2.555,2.515,2.563,2.505
24-Jun-16,2.412,2.507,2.522,2.28
26-Jun-16,2.368,2.412,2.412,2.365
27-Jun-16,2.274,2.369,2.392,2.264
28-Jun-16,2.272,2.27,2.298,2.253
29-Jun-16,2.32,2.271,2.322,2.247
30-Jun-16,2.289,2.319,2.358,2.254
1-Jul-16,2.241,2.285,2.285,2.189
4-Jul-16,2.218,2.218,2.22,2.216
5-Jul-16,2.155,2.217,2.218,2.131
6-Jul-16,2.141,2.15,2.161,2.098
7-Jul-16,2.135,2.139,2.176,2.116
8-Jul-16,2.098,2.132,2.175,2.094
10-Jul-16,2.102,2.102,2.104,2.101
11-Jul-16,2.141,2.104,2.151,2.089
12-Jul-16,2.227,2.135,2.252,2.129
13-Jul-16,2.171,2.226,2.226,2.169
14-Jul-16,2.254,2.169,2.27,2.163
15-Jul-16,2.265,2.233,2.31,2.229
17-Jul-16,2.266,2.266,2.266,2.266
18-Jul-16,2.294,2.282,2.323,2.268
19-Jul-16,2.272,2.287,2.296,2.259
20-Jul-16,2.297,2.274,2.316,2.263
21-Jul-16,2.29,2.296,2.36,2.287
22-Jul-16,2.284,2.284,2.33,2.267
24-Jul-16,2.288,2.291,2.292,2.288
25-Jul-16,2.291,2.288,2.306,2.269
26-Jul-16,2.285,2.288,2.301,2.248
27-Jul-16,2.216,2.282,2.312,2.211
28-Jul-16,2.234,2.216,2.256,2.212
29-Jul-16,2.176,2.231,2.291,2.177
31-Jul-16,2.19,2.177,2.19,2.177
1-Aug-16,2.264,2.19,2.272,2.188
2-Aug-16,2.306,2.263,2.332,2.254
3-Aug-16,2.298,2.307,2.317,2.274
4-Aug-16,2.253,2.297,2.31,2.233
5-Aug-16,2.317,2.256,2.321,2.233
6-Aug-16,2.317,2.317,2.317,2.317
7-Aug-16,2.325,2.317,2.325,2.317
8-Aug-16,2.306,2.325,2.34,2.292
9-Aug-16,2.264,2.307,2.314,2.246
10-Aug-16,2.232,2.26,2.262,2.218
11-Aug-16,2.275,2.232,2.291,2.232
12-Aug-16,2.23,2.276,2.28,2.204
13-Aug-16,2.23,2.23,2.23,2.23
14-Aug-16,2.234,2.23,2.235,2.23
15-Aug-16,2.282,2.233,2.285,2.22
16-Aug-16,2.295,2.281,2.304,2.248
17-Aug-16,2.259,2.288,2.304,2.255
18-Aug-16,2.258,2.249,2.283,2.246
19-Aug-16,2.287,2.27,2.308,2.257
21-Aug-16,2.299,2.297,2.3,2.296
22-Aug-16,2.239,2.298,2.298,2.229
23-Aug-16,2.229,2.244,2.264,2.213
24-Aug-16,2.252,2.237,2.257,2.225
25-Aug-16,2.267,2.251,2.271,2.233
26-Aug-16,2.287,2.263,2.296,2.209
28-Aug-16,2.288,2.287,2.293,2.285
29-Aug-16,2.216,2.286,2.286,2.21
30-Aug-16,2.232,2.221,2.24,2.213
31-Aug-16,2.231,2.233,2.254,2.221
1-Sep-16,2.232,2.233,2.272,2.214
2-Sep-16,2.282,2.232,2.29,2.216
5-Sep-16,2.288,2.289,2.289,2.286
6-Sep-16,2.228,2.288,2.296,2.222
7-Sep-16,2.234,2.228,2.243,2.206
8-Sep-16,2.307,2.237,2.328,2.218
9-Sep-16,2.393,2.305,2.4,2.293
11-Sep-16,2.39,2.392,2.393,2.389
12-Sep-16,2.392,2.392,2.414,2.365
13-Sep-16,2.463,2.383,2.488,2.361
14-Sep-16,2.449,2.462,2.482,2.428
15-Sep-16,2.47,2.45,2.5,2.435
16-Sep-16,2.445,2.463,2.468,2.425
17-Sep-16,2.445,2.445,2.445,2.445
18-Sep-16,2.445,2.445,2.445,2.445
19-Sep-16,2.453,2.438,2.458,2.425
20-Sep-16,2.435,2.452,2.453,2.399
21-Sep-16,2.378,2.429,2.494,2.374
22-Sep-16,2.337,2.37,2.373,2.329
23-Sep-16,2.345,2.342,2.354,2.322
24-Sep-16,2.345,2.345,2.345,2.345
25-Sep-16,2.342,2.345,2.345,2.34
26-Sep-16,2.32,2.342,2.349,2.308
27-Sep-16,2.28,2.329,2.34,2.272
28-Sep-16,2.289,2.277,2.301,2.26
29-Sep-16,2.277,2.308,2.328,2.263
30-Sep-16,2.318,2.277,2.349,2.261
2-Oct-16,2.32,2.318,2.326,2.318
3-Oct-16,2.345,2.318,2.346,2.305
4-Oct-16,2.414,2.348,2.415,2.325
5-Oct-16,2.425,2.41,2.451,2.387
6-Oct-16,2.456,2.428,2.469,2.409
7-Oct-16,2.455,2.447,2.494,2.439
10-Oct-16,2.497,2.455,2.497,2.455
11-Oct-16,2.504,2.497,2.516,2.478
12-Oct-16,2.498,2.504,2.532,2.498
13-Oct-16,2.481,2.494,2.498,2.455
14-Oct-16,2.563,2.485,2.565,2.484
15-Oct-16,2.563,2.563,2.563,2.563
16-Oct-16,2.549,2.563,2.563,2.549
17-Oct-16,2.525,2.548,2.586,2.512
18-Oct-16,2.505,2.531,2.554,2.504
19-Oct-16,2.508,2.509,2.533,2.491
20-Oct-16,2.505,2.516,2.533,2.474
21-Oct-16,2.486,2.51,2.51,2.475
23-Oct-16,2.495,2.486,2.495,2.486
24-Oct-16,2.519,2.495,2.533,2.47
25-Oct-16,2.501,2.515,2.541,2.484
26-Oct-16,2.54,2.499,2.546,2.479
27-Oct-16,2.611,2.542,2.631,2.536
28-Oct-16,2.616,2.612,2.639,2.598
30-Oct-16,2.615,2.613,2.615,2.613
31-Oct-16,2.58,2.615,2.627,2.578
1-Nov-16,2.577,2.592,2.631,2.563
2-Nov-16,2.565,2.578,2.585,2.531
3-Nov-16,2.597,2.57,2.611,2.552
4-Nov-16,2.562,2.6,2.607,2.556
6-Nov-16,2.599,2.601,2.613,2.599
7-Nov-16,2.601,2.601,2.609,2.582
8-Nov-16,2.617,2.596,2.64,2.573
9-Nov-16,2.857,2.622,2.89,2.522
10-Nov-16,2.945,2.851,2.958,2.796
13-Nov-16,2.97,2.914,3.08,2.914
14-Nov-16,3.001,2.974,3.067,2.941
15-Nov-16,2.966,2.997,3.012,2.923
16-Nov-16,2.915,2.956,3.014,2.911
17-Nov-16,3.006,2.916,3.013,2.908
18-Nov-16,3.026,3.033,3.051,2.965
20-Nov-16,3.026,3.026,3.033,3.025
21-Nov-16,2.99,3.025,3.031,2.986
22-Nov-16,2.999,2.98,3.013,2.958
23-Nov-16,3.024,3,3.091,2.986
24-Nov-16,3.047,3.056,3.059,3.047
25-Nov-16,3.008,3.046,3.066,2.994
27-Nov-16,2.998,3.008,3.008,2.991
28-Nov-16,2.975,2.998,3.009,2.972
29-Nov-16,2.947,2.976,3,2.941
30-Nov-16,3.044,2.95,3.087,2.943
1-Dec-16,3.111,3.048,3.156,3.035
2-Dec-16,3.071,3.096,3.104,3.036
4-Dec-16,3.048,3.071,3.071,3.039
5-Dec-16,3.071,3.046,3.119,3.008
6-Dec-16,3.078,3.068,3.089,3.046
7-Dec-16,3.026,3.082,3.086,3.016
8-Dec-16,3.104,3.033,3.122,3.022
9-Dec-16,3.155,3.108,3.171,3.098
11-Dec-16,3.167,3.175,3.175,3.165
12-Dec-16,3.155,3.168,3.215,3.154
13-Dec-16,3.132,3.148,3.173,3.116
14-Dec-16,3.179,3.134,3.198,3.086
15-Dec-16,3.165,3.179,3.208,3.123
16-Dec-16,3.182,3.16,3.198,3.105
18-Dec-16,3.169,3.173,3.173,3.168
19-Dec-16,3.125,3.171,3.186,3.11
20-Dec-16,3.14,3.119,3.167,3.119
21-Dec-16,3.112,3.149,3.165,3.108
22-Dec-16,3.127,3.11,3.147,3.102
23-Dec-16,3.116,3.13,3.14,3.103
26-Dec-16,3.116,3.116,3.116,3.116
27-Dec-16,3.135,3.13,3.154,3.118
28-Dec-16,3.094,3.135,3.137,3.078
29-Dec-16,3.079,3.097,3.1,3.059
30-Dec-16,3.063,3.086,3.096,3.049
2-Jan-17,3.063,3.063,3.063,3.063
3-Jan-17,3.051,3.054,3.131,3.035
4-Jan-17,3.041,3.051,3.072,3.028
5-Jan-17,2.944,3.038,3.054,2.939
6-Jan-17,3.008,2.946,3.01,2.936
8-Jan-17,3.008,3.008,3.008,3.008
9-Jan-17,2.963,3.023,3.023,2.954
10-Jan-17,2.968,2.964,2.988,2.955
11-Jan-17,2.952,2.973,2.984,2.926
12-Jan-17,2.962,2.946,2.964,2.902
13-Jan-17,2.99,2.96,3.02,2.937
16-Jan-17,2.974,2.99,2.99,2.973
17-Jan-17,2.929,2.973,2.973,2.908
18-Jan-17,3.02,2.938,3.015,2.932
19-Jan-17,3.045,3.009,3.07,2.991
20-Jan-17,3.049,3.042,3.086,3.028
22-Jan-17,3.027,3.033,3.033,3.024
23-Jan-17,2.989,3.028,3.054,2.966
24-Jan-17,3.05,2.996,3.059,2.979
25-Jan-17,3.101,3.042,3.118,3.034
26-Jan-17,3.089,3.098,3.131,3.083
27-Jan-17,3.061,3.088,3.107,3.057
29-Jan-17,3.059,3.061,3.061,3.056
30-Jan-17,3.078,3.06,3.095,3.049
31-Jan-17,3.07,3.079,3.098,3.034
1-Feb-17,3.084,3.065,3.109,3.063
2-Feb-17,3.087,3.083,3.095,3.04
3-Feb-17,3.094,3.094,3.127,3.06
5-Feb-17,3.095,3.093,3.114,3.093
6-Feb-17,3.058,3.094,3.097,3.045
7-Feb-17,3.022,3.051,3.085,3.004
8-Feb-17,2.948,3.018,3.024,2.945
9-Feb-17,3.009,2.953,3.022,2.948
10-Feb-17,3.006,3.016,3.046,3.001
12-Feb-17,3.021,3.006,3.023,3.006
13-Feb-17,3.031,3.021,3.049,3.01
14-Feb-17,3.059,3.031,3.096,3.025
15-Feb-17,3.08,3.067,3.109,3.062
16-Feb-17,3.048,3.081,3.086,3.03
17-Feb-17,3.026,3.058,3.066,3.003
20-Feb-17,3.042,3.041,3.043,3.041
21-Feb-17,3.041,3.042,3.065,3.017
22-Feb-17,3.034,3.049,3.064,2.999
23-Feb-17,3.015,3.036,3.042,3.012
24-Feb-17,2.953,3.015,3.023,2.948
26-Feb-17,2.961,2.953,2.961,2.953
27-Feb-17,2.984,2.961,2.99,2.953
28-Feb-17,2.998,2.986,2.999,2.949
1-Mar-17,3.062,3.007,3.083,2.998
2-Mar-17,3.075,3.07,3.101,3.055
3-Mar-17,3.075,3.075,3.106,3.063
5-Mar-17,3.07,3.071,3.074,3.07
6-Mar-17,3.1,3.069,3.109,3.053
7-Mar-17,3.118,3.1,3.123,3.091
8-Mar-17,3.151,3.121,3.175,3.106
9-Mar-17,3.192,3.151,3.195,3.146
10-Mar-17,3.162,3.195,3.2,3.161
12-Mar-17,3.165,3.164,3.167,3.164
13-Mar-17,3.212,3.165,3.213,3.144
14-Mar-17,3.179,3.203,3.215,3.165
15-Mar-17,3.112,3.173,3.177,3.094
16-Mar-17,3.147,3.109,3.156,3.096
17-Mar-17,3.11,3.149,3.152,3.103
18-Mar-17,3.11,3.11,3.11,3.11
19-Mar-17,3.11,3.11,3.11,3.11
20-Mar-17,3.077,3.111,3.124,3.075
21-Mar-17,3.033,3.081,3.111,3.032
22-Mar-17,3.017,3.033,3.037,2.992
23-Mar-17,3.03,3.019,3.045,3.001
24-Mar-17,3.017,3.03,3.047,2.998
26-Mar-17,2.985,3.017,3.017,2.982
27-Mar-17,2.983,2.985,2.993,2.96
28-Mar-17,3.026,2.987,3.029,2.964
29-Mar-17,2.987,3.029,3.031,2.984
30-Mar-17,3.034,2.993,3.037,2.978
31-Mar-17,3.012,3.027,3.048,3.01
2-Apr-17,3.014,3.016,3.017,3.013
3-Apr-17,2.954,3.015,3.035,2.952
4-Apr-17,3.003,2.961,3.003,2.956
5-Apr-17,2.988,2.997,3.027,2.974
6-Apr-17,2.986,2.983,3.02,2.981
7-Apr-17,3.009,2.993,3.013,2.939
9-Apr-17,3.008,3.009,3.021,3.008
10-Apr-17,2.99,3.009,3.018,2.972
11-Apr-17,2.93,2.981,2.983,2.925
12-Apr-17,2.89,2.931,2.944,2.886
13-Apr-17,2.888,2.891,2.916,2.87
16-Apr-17,2.87,2.871,2.871,2.868
17-Apr-17,2.906,2.871,2.918,2.867
18-Apr-17,2.838,2.912,2.915,2.824
19-Apr-17,2.874,2.848,2.883,2.841
20-Apr-17,2.884,2.866,2.908,2.851
21-Apr-17,2.904,2.889,2.905,2.861
22-Apr-17,2.904,2.904,2.904,2.904
24-Apr-17,2.926,2.952,2.964,2.912
25-Apr-17,2.987,2.923,2.997,2.923
26-Apr-17,2.961,2.986,3.003,2.958
27-Apr-17,2.97,2.97,2.987,2.952
28-Apr-17,2.958,2.964,3,2.949
30-Apr-17,2.95,2.958,2.958,2.946
1-May-17,3.004,2.951,3.021,2.949
2-May-17,2.976,3.006,3.02,2.97
3-May-17,2.969,2.976,2.99,2.939
4-May-17,2.998,2.97,3.02,2.969
5-May-17,2.99,3.004,3.027,2.977
7-May-17,2.993,2.99,2.993,2.99
8-May-17,3.024,2.993,3.026,2.962
9-May-17,3.026,3.024,3.047,3.017
10-May-17,3.036,3.021,3.046,3
11-May-17,3.03,3.037,3.059,3.022
12-May-17,2.986,3.029,3.031,2.982
14-May-17,2.988,2.986,2.989,2.986
15-May-17,3.005,2.988,3.02,2.986
16-May-17,2.992,3.005,3.025,2.968
17-May-17,2.906,2.967,2.974,2.894
18-May-17,2.9,2.921,2.934,2.874
19-May-17,2.897,2.904,2.924,2.89
21-May-17,2.903,2.897,2.903,2.897
22-May-17,2.912,2.903,2.916,2.896
23-May-17,2.943,2.897,2.953,2.889
24-May-17,2.923,2.944,2.952,2.917
25-May-17,2.92,2.924,2.942,2.915
26-May-17,2.916,2.92,2.921,2.896
29-May-17,2.906,2.905,2.906,2.904
30-May-17,2.877,2.905,2.912,2.876
31-May-17,2.866,2.884,2.898,2.856
1-Jun-17,2.864,2.868,2.893,2.863
2-Jun-17,2.81,2.866,2.872,2.799
4-Jun-17,2.81,2.806,2.811,2.806
5-Jun-17,2.839,2.811,2.845,2.805
6-Jun-17,2.811,2.837,2.837,2.793
7-Jun-17,2.84,2.817,2.842,2.808
8-Jun-17,2.851,2.845,2.866,2.834
9-Jun-17,2.856,2.839,2.883,2.831
11-Jun-17,2.864,2.866,2.866,2.862
12-Jun-17,2.869,2.865,2.873,2.836
13-Jun-17,2.865,2.872,2.886,2.859
14-Jun-17,2.769,2.864,2.866,2.765
15-Jun-17,2.787,2.77,2.799,2.766
16-Jun-17,2.775,2.791,2.799,2.773
18-Jun-17,2.781,2.778,2.781,2.777
19-Jun-17,2.784,2.78,2.793,2.762
20-Jun-17,2.736,2.79,2.792,2.733
21-Jun-17,2.73,2.742,2.754,2.721
22-Jun-17,2.716,2.727,2.739,2.713
23-Jun-17,2.715,2.718,2.739,2.71
25-Jun-17,2.717,2.715,2.718,2.715
26-Jun-17,2.696,2.718,2.73,2.682
27-Jun-17,2.75,2.701,2.765,2.687
28-Jun-17,2.779,2.748,2.807,2.745
29-Jun-17,2.814,2.779,2.842,2.771
30-Jun-17,2.834,2.817,2.849,2.813
1-Jul-17,2.834,2.834,2.834,2.834
2-Jul-17,2.849,2.834,2.849,2.834
3-Jul-17,2.864,2.849,2.873,2.823
4-Jul-17,2.856,2.858,2.858,2.855
5-Jul-17,2.849,2.857,2.87,2.845
6-Jul-17,2.902,2.855,2.923,2.847
7-Jul-17,2.926,2.904,2.943,2.902
9-Jul-17,2.93,2.931,2.933,2.93
10-Jul-17,2.925,2.931,2.937,2.909
11-Jul-17,2.923,2.93,2.946,2.909
12-Jul-17,2.886,2.923,2.927,2.878
13-Jul-17,2.919,2.888,2.938,2.866
14-Jul-17,2.92,2.922,2.927,2.868
16-Jul-17,2.92,2.92,2.92,2.92
17-Jul-17,2.902,2.92,2.923,2.881
18-Jul-17,2.849,2.902,2.902,2.846
19-Jul-17,2.851,2.853,2.864,2.84
20-Jul-17,2.824,2.851,2.855,2.809
21-Jul-17,2.809,2.831,2.835,2.796
23-Jul-17,2.804,2.804,2.804,2.803
24-Jul-17,2.835,2.803,2.837,2.802
25-Jul-17,2.913,2.838,2.919,2.83
26-Jul-17,2.896,2.918,2.931,2.885
27-Jul-17,2.932,2.891,2.944,2.878
28-Jul-17,2.894,2.912,2.941,2.89
30-Jul-17,2.89,2.895,2.895,2.89
31-Jul-17,2.901,2.888,2.917,2.88
1-Aug-17,2.855,2.905,2.93,2.851
2-Aug-17,2.854,2.861,2.882,2.833
3-Aug-17,2.794,2.853,2.857,2.793
4-Aug-17,2.842,2.797,2.864,2.794
6-Aug-17,2.849,2.842,2.849,2.842
7-Aug-17,2.837,2.849,2.856,2.834
8-Aug-17,2.844,2.835,2.874,2.831
9-Aug-17,2.825,2.84,2.841,2.79
10-Aug-17,2.776,2.828,2.832,2.774
11-Aug-17,2.787,2.773,2.82,2.769
13-Aug-17,2.797,2.793,2.798,2.793
14-Aug-17,2.813,2.797,2.818,2.793
15-Aug-17,2.847,2.813,2.871,2.812
16-Aug-17,2.807,2.847,2.866,2.803
17-Aug-17,2.773,2.81,2.828,2.772
18-Aug-17,2.779,2.779,2.793,2.754
20-Aug-17,2.789,2.789,2.79,2.788
21-Aug-17,2.765,2.789,2.789,2.758
22-Aug-17,2.789,2.765,2.793,2.765
23-Aug-17,2.747,2.789,2.793,2.745
24-Aug-17,2.769,2.751,2.774,2.747
25-Aug-17,2.749,2.768,2.776,2.743
27-Aug-17,2.754,2.754,2.755,2.753
28-Aug-17,2.756,2.755,2.775,2.747
29-Aug-17,2.739,2.728,2.752,2.687
30-Aug-17,2.74,2.742,2.758,2.735
31-Aug-17,2.727,2.745,2.758,2.723
1-Sep-17,2.775,2.731,2.782,2.716
3-Sep-17,2.775,2.775,2.775,2.775
5-Sep-17,2.681,2.751,2.77,2.68
6-Sep-17,2.724,2.677,2.73,2.674
7-Sep-17,2.662,2.718,2.718,2.651
8-Sep-17,2.671,2.66,2.694,2.636
10-Sep-17,2.702,2.702,2.703,2.7
11-Sep-17,2.748,2.703,2.752,2.7
12-Sep-17,2.772,2.741,2.788,2.737
13-Sep-17,2.79,2.769,2.797,2.76
14-Sep-17,2.768,2.786,2.812,2.765
15-Sep-17,2.769,2.761,2.784,2.758
17-Sep-17,2.769,2.769,2.769,2.769
18-Sep-17,2.803,2.777,2.814,2.772
19-Sep-17,2.815,2.795,2.818,2.786
20-Sep-17,2.811,2.815,2.836,2.793
21-Sep-17,2.805,2.817,2.821,2.782
22-Sep-17,2.785,2.8,2.803,2.775
24-Sep-17,2.791,2.785,2.792,2.785
25-Sep-17,2.761,2.792,2.796,2.752
26-Sep-17,2.774,2.765,2.788,2.752
27-Sep-17,2.863,2.775,2.87,2.773
28-Sep-17,2.869,2.858,2.904,2.855
29-Sep-17,2.866,2.87,2.884,2.851
1-Oct-17,2.863,2.865,2.865,2.862
2-Oct-17,2.871,2.865,2.891,2.842
3-Oct-17,2.863,2.871,2.902,2.861
4-Oct-17,2.865,2.867,2.894,2.847
5-Oct-17,2.888,2.873,2.901,2.859
6-Oct-17,2.896,2.89,2.933,2.886
9-Oct-17,2.898,2.896,2.9,2.896
10-Oct-17,2.888,2.898,2.908,2.852
11-Oct-17,2.886,2.89,2.899,2.863
12-Oct-17,2.851,2.883,2.885,2.847
13-Oct-17,2.806,2.851,2.862,2.805
15-Oct-17,2.817,2.806,2.82,2.806
16-Oct-17,2.821,2.817,2.832,2.806
17-Oct-17,2.804,2.818,2.842,2.801
18-Oct-17,2.851,2.805,2.863,2.803
19-Oct-17,2.837,2.853,2.855,2.805
20-Oct-17,2.894,2.838,2.913,2.833
22-Oct-17,2.902,2.895,2.904,2.895
23-Oct-17,2.886,2.902,2.911,2.874
24-Oct-17,2.936,2.885,2.942,2.882
25-Oct-17,2.945,2.931,2.98,2.928
26-Oct-17,2.972,2.942,2.974,2.917
27-Oct-17,2.925,2.967,2.98,2.918
29-Oct-17,2.92,2.925,2.925,2.917
30-Oct-17,2.883,2.919,2.929,2.878
31-Oct-17,2.875,2.877,2.894,2.87
1-Nov-17,2.856,2.879,2.899,2.836
2-Nov-17,2.827,2.855,2.866,2.822
3-Nov-17,2.812,2.824,2.839,2.809
5-Nov-17,2.825,2.824,2.826,2.822
6-Nov-17,2.797,2.824,2.836,2.791
7-Nov-17,2.779,2.794,2.81,2.765
8-Nov-17,2.791,2.769,2.793,2.766
9-Nov-17,2.814,2.789,2.821,2.781
10-Nov-17,2.883,2.815,2.89,2.812
12-Nov-17,2.88,2.881,2.881,2.88
13-Nov-17,2.874,2.881,2.881,2.843
14-Nov-17,2.832,2.869,2.877,2.825
15-Nov-17,2.768,2.828,2.83,2.763
16-Nov-17,2.824,2.765,2.828,2.765
17-Nov-17,2.779,2.823,2.827,2.777
19-Nov-17,2.774,2.779,2.779,2.77
20-Nov-17,2.782,2.775,2.801,2.76
21-Nov-17,2.76,2.779,2.781,2.739
22-Nov-17,2.741,2.755,2.789,2.739
23-Nov-17,2.741,2.741,2.745,2.739
24-Nov-17,2.761,2.741,2.779,2.741
26-Nov-17,2.762,2.761,2.764,2.761
27-Nov-17,2.769,2.762,2.778,2.738
28-Nov-17,2.756,2.768,2.782,2.745
29-Nov-17,2.824,2.763,2.837,2.749
30-Nov-17,2.832,2.82,2.869,2.817
1-Dec-17,2.758,2.828,2.833,2.716
3-Dec-17,2.818,2.758,2.818,2.758
4-Dec-17,2.762,2.818,2.818,2.761
5-Dec-17,2.732,2.77,2.787,2.726
6-Dec-17,2.727,2.735,2.744,2.695
7-Dec-17,2.759,2.73,2.776,2.7
8-Dec-17,2.767,2.769,2.79,2.758
10-Dec-17,2.771,2.767,2.772,2.767
11-Dec-17,2.777,2.771,2.778,2.739
12-Dec-17,2.775,2.772,2.808,2.764
13-Dec-17,2.73,2.775,2.797,2.726
14-Dec-17,2.706,2.731,2.758,2.704
15-Dec-17,2.686,2.711,2.725,2.678
16-Dec-17,2.686,2.686,2.686,2.686
17-Dec-17,2.698,2.686,2.699,2.686
18-Dec-17,2.74,2.699,2.752,2.692
19-Dec-17,2.814,2.744,2.832,2.73
20-Dec-17,2.877,2.814,2.884,2.804
21-Dec-17,2.84,2.874,2.882,2.829
22-Dec-17,2.833,2.842,2.848,2.832
25-Dec-17,2.85,2.833,2.858,2.833
26-Dec-17,2.822,2.85,2.859,2.803
27-Dec-17,2.748,2.825,2.825,2.74
28-Dec-17,2.758,2.758,2.78,2.751
29-Dec-17,2.739,2.758,2.779,2.738
1-Jan-18,2.739,2.739,2.739,2.739
2-Jan-18,2.809,2.744,2.827,2.744
3-Jan-18,2.782,2.815,2.825,2.779
4-Jan-18,2.785,2.796,2.816,2.78
5-Jan-18,2.808,2.787,2.82,2.778
7-Jan-18,2.808,2.808,2.808,2.808
8-Jan-18,2.81,2.807,2.827,2.79
9-Jan-18,2.893,2.812,2.898,2.807
10-Jan-18,2.899,2.895,2.946,2.884
11-Jan-18,2.867,2.897,2.915,2.856
12-Jan-18,2.852,2.875,2.903,2.848
15-Jan-18,2.855,2.855,2.855,2.852
16-Jan-18,2.831,2.855,2.859,2.822
17-Jan-18,2.854,2.825,2.858,2.808
18-Jan-18,2.901,2.853,2.907,2.848
19-Jan-18,2.933,2.904,2.936,2.891
21-Jan-18,2.935,2.933,2.938,2.933
22-Jan-18,2.917,2.935,2.944,2.899
23-Jan-18,2.897,2.916,2.92,2.877
24-Jan-18,2.931,2.892,2.956,2.891
25-Jan-18,2.891,2.931,2.94,2.878
26-Jan-18,2.911,2.886,2.927,2.885
28-Jan-18,2.908,2.911,2.92,2.908
29-Jan-18,2.949,2.91,2.971,2.905
30-Jan-18,2.975,2.951,2.994,2.932
31-Jan-18,2.941,2.971,2.983,2.936
1-Feb-18,3.017,2.947,3.032,2.938
2-Feb-18,3.087,3.026,3.099,3.019
4-Feb-18,3.096,3.098,3.1,3.094
5-Feb-18,3.003,3.095,3.136,2.976
6-Feb-18,3.067,3.028,3.077,2.965
7-Feb-18,3.109,3.065,3.133,3.028
8-Feb-18,3.13,3.104,3.168,3.101
9-Feb-18,3.165,3.128,3.172,3.11
11-Feb-18,3.165,3.165,3.165,3.165
12-Feb-18,3.144,3.199,3.199,3.098
13-Feb-18,3.117,3.147,3.148,3.112
14-Feb-18,3.172,3.115,3.184,3.092
15-Feb-18,3.162,3.162,3.189,3.12
16-Feb-18,3.131,3.164,3.164,3.103
18-Feb-18,3.131,3.131,3.131,3.131
19-Feb-18,3.136,3.134,3.142,3.133
20-Feb-18,3.155,3.137,3.174,3.136
21-Feb-18,3.228,3.157,3.233,3.14
22-Feb-18,3.204,3.217,3.22,3.18
23-Feb-18,3.155,3.21,3.225,3.151
25-Feb-18,3.161,3.155,3.165,3.155
26-Feb-18,3.156,3.161,3.163,3.123
27-Feb-18,3.163,3.155,3.199,3.133
28-Feb-18,3.127,3.163,3.172,3.124
1-Mar-18,3.092,3.129,3.146,3.079
2-Mar-18,3.142,3.097,3.147,3.074
4-Mar-18,3.129,3.142,3.142,3.128
5-Mar-18,3.153,3.131,3.172,3.096
6-Mar-18,3.153,3.152,3.173,3.123
7-Mar-18,3.15,3.122,3.158,3.117
8-Mar-18,3.123,3.151,3.163,3.111
9-Mar-18,3.161,3.134,3.178,3.128
11-Mar-18,3.166,3.161,3.172,3.161
12-Mar-18,3.128,3.166,3.174,3.124
13-Mar-18,3.099,3.131,3.146,3.093
14-Mar-18,3.059,3.098,3.101,3.046
15-Mar-18,3.058,3.056,3.07,3.042
16-Mar-18,3.077,3.058,3.089,3.035
18-Mar-18,3.088,3.077,3.129,3.077
19-Mar-18,3.088,3.088,3.111,3.067
20-Mar-18,3.132,3.086,3.136,3.083
21-Mar-18,3.111,3.128,3.157,3.099
22-Mar-18,3.058,3.116,3.122,3.032
23-Mar-18,3.062,3.046,3.101,3.04
25-Mar-18,3.072,3.062,3.073,3.062
26-Mar-18,3.086,3.07,3.101,3.052
27-Mar-18,3.027,3.088,3.093,3.021
28-Mar-18,3.021,3.035,3.048,2.999
29-Mar-18,2.972,3.022,3.029,2.968
1-Apr-18,2.991,2.972,2.991,2.972
2-Apr-18,2.967,2.991,3.01,2.956
3-Apr-18,3.014,2.973,3.025,2.967
4-Apr-18,3.043,3.009,3.044,2.987
5-Apr-18,3.074,3.042,3.078,3.037
6-Apr-18,3.019,3.06,3.074,3.014
8-Apr-18,3.031,3.019,3.032,3.019
9-Apr-18,3.014,3.03,3.052,3.004
10-Apr-18,3.02,3.017,3.042,3.006
11-Apr-18,2.994,3.024,3.027,2.97
12-Apr-18,3.046,2.994,3.05,2.989
13-Apr-18,3.027,3.032,3.05,3.018
15-Apr-18,3.044,3.027,3.046,3.027
16-Apr-18,3.025,3.043,3.072,3.025
17-Apr-18,3.017,3.027,3.044,2.997
18-Apr-18,3.061,3.015,3.063,3.009
19-Apr-18,3.102,3.058,3.127,3.048
20-Apr-18,3.147,3.106,3.151,3.096
22-Apr-18,3.152,3.147,3.153,3.147
23-Apr-18,3.144,3.152,3.18,3.139
24-Apr-18,3.183,3.148,3.185,3.125
25-Apr-18,3.212,3.175,3.219,3.172
26-Apr-18,3.163,3.208,3.217,3.161
27-Apr-18,3.127,3.168,3.169,3.123
29-Apr-18,3.127,3.127,3.127,3.127
30-Apr-18,3.124,3.137,3.139,3.095
1-May-18,3.13,3.125,3.147,3.111
2-May-18,3.151,3.129,3.16,3.12
3-May-18,3.123,3.148,3.156,3.102
4-May-18,3.123,3.125,3.139,3.089
6-May-18,3.129,3.133,3.133,3.128
7-May-18,3.123,3.128,3.129,3.106
8-May-18,3.128,3.121,3.149,3.113
9-May-18,3.163,3.132,3.168,3.129
10-May-18,3.109,3.16,3.164,3.107
11-May-18,3.102,3.115,3.123,3.093
13-May-18,3.106,3.102,3.107,3.102
14-May-18,3.132,3.106,3.136,3.095
15-May-18,3.198,3.133,3.225,3.127
16-May-18,3.223,3.197,3.224,3.182
17-May-18,3.25,3.216,3.256,3.212
18-May-18,3.202,3.251,3.264,3.198
20-May-18,3.216,3.202,3.216,3.202
21-May-18,3.201,3.217,3.219,3.194
22-May-18,3.207,3.198,3.22,3.189
23-May-18,3.152,3.201,3.211,3.148
24-May-18,3.127,3.161,3.174,3.115
25-May-18,3.09,3.125,3.143,3.08
28-May-18,3.069,3.09,3.09,3.065
29-May-18,2.976,3.069,3.078,2.954
30-May-18,3.025,2.964,3.059,2.964
31-May-18,3.025,3.019,3.047,2.984
1-Jun-18,3.051,3.025,3.07,3.023
3-Jun-18,3.055,3.049,3.055,3.049
4-Jun-18,3.085,3.054,3.093,3.046
5-Jun-18,3.082,3.085,3.087,3.053
6-Jun-18,3.123,3.086,3.137,3.079
7-Jun-18,3.073,3.126,3.152,3.043
8-Jun-18,3.091,3.081,3.092,3.043
10-Jun-18,3.092,3.089,3.094,3.086
11-Jun-18,3.093,3.092,3.111,3.089
12-Jun-18,3.095,3.098,3.118,3.087
13-Jun-18,3.092,3.093,3.122,3.079
14-Jun-18,3.055,3.086,3.089,3.046
15-Jun-18,3.047,3.058,3.058,3.013
17-Jun-18,3.045,3.045,3.045,3.045
18-Jun-18,3.044,3.046,3.063,3.029
19-Jun-18,3.031,3.028,3.036,2.991
20-Jun-18,3.074,3.029,3.079,3.016
21-Jun-18,3.043,3.075,3.089,3.035
22-Jun-18,3.037,3.048,3.073,3.036
24-Jun-18,3.034,3.031,3.034,3.031
25-Jun-18,3.027,3.035,3.043,3.016
26-Jun-18,3.024,3.028,3.045,3.016
27-Jun-18,2.969,3.029,3.032,2.967
28-Jun-18,2.967,2.972,2.985,2.964
29-Jun-18,2.99,2.971,2.998,2.954
1-Jul-18,2.991,2.992,2.994,2.991
2-Jul-18,2.993,2.991,2.997,2.966
3-Jul-18,2.96,2.993,3.008,2.958
4-Jul-18,2.967,2.969,2.969,2.967
5-Jul-18,2.947,2.969,2.989,2.941
6-Jul-18,2.931,2.946,2.959,2.924
8-Jul-18,2.936,2.937,2.937,2.935
9-Jul-18,2.966,2.938,2.97,2.938
10-Jul-18,2.966,2.966,2.974,2.955
11-Jul-18,2.942,2.942,2.962,2.933
12-Jul-18,2.947,2.952,2.966,2.945
13-Jul-18,2.933,2.953,2.957,2.93
15-Jul-18,2.933,2.933,2.933,2.933
16-Jul-18,2.961,2.929,2.985,2.928
17-Jul-18,2.969,2.964,2.976,2.951
18-Jul-18,2.989,2.973,2.997,2.957
19-Jul-18,2.958,2.994,3.006,2.951
20-Jul-18,3.031,2.965,3.033,2.956
22-Jul-18,3.027,3.029,3.03,3.026
23-Jul-18,3.095,3.028,3.104,3.019
24-Jul-18,3.076,3.096,3.106,3.073
25-Jul-18,3.1,3.077,3.106,3.053
26-Jul-18,3.104,3.099,3.105,3.072
27-Jul-18,3.085,3.098,3.11,3.073
29-Jul-18,3.087,3.088,3.089,3.087
30-Jul-18,3.107,3.087,3.116,3.086
31-Jul-18,3.081,3.105,3.109,3.057
1-Aug-18,3.131,3.081,3.148,3.078
2-Aug-18,3.119,3.13,3.136,3.1
3-Aug-18,3.089,3.124,3.127,3.089
5-Aug-18,3.096,3.097,3.097,3.096
6-Aug-18,3.093,3.097,3.101,3.065
7-Aug-18,3.122,3.093,3.127,3.085
8-Aug-18,3.113,3.12,3.132,3.105
9-Aug-18,3.072,3.114,3.118,3.067
10-Aug-18,3.032,3.077,3.09,3.012
12-Aug-18,3.023,3.026,3.029,3.023
13-Aug-18,3.046,3.023,3.055,3.011
14-Aug-18,3.067,3.046,3.07,3.037
15-Aug-18,3.031,3.066,3.067,3.014
16-Aug-18,3.027,3.03,3.053,3.024
17-Aug-18,3.018,3.026,3.033,3.003
19-Aug-18,3.023,3.022,3.024,3.022
20-Aug-18,2.983,3.022,3.026,2.98
21-Aug-18,3.002,2.988,3.018,2.985
22-Aug-18,2.982,2.989,3,2.972
23-Aug-18,2.98,2.983,2.99,2.969
24-Aug-18,2.961,2.977,3,2.96
26-Aug-18,2.968,2.969,2.97,2.967
27-Aug-18,2.994,2.969,2.998,2.961
28-Aug-18,3.034,2.999,3.039,2.994
29-Aug-18,3.023,3.033,3.042,3.014
30-Aug-18,3.007,3.021,3.03,3.001
31-Aug-18,3.019,3.008,3.03,2.978
3-Sep-18,3.029,3.03,3.03,3.029
4-Sep-18,3.062,3.03,3.071,3.02
5-Sep-18,3.076,3.061,3.083,3.05
6-Sep-18,3.054,3.075,3.092,3.046
7-Sep-18,3.101,3.051,3.11,3.049
9-Sep-18,3.105,3.102,3.105,3.101
10-Sep-18,3.084,3.105,3.109,3.082
11-Sep-18,3.123,3.084,3.128,3.083
12-Sep-18,3.107,3.119,3.12,3.1
13-Sep-18,3.112,3.105,3.123,3.083
14-Sep-18,3.133,3.109,3.143,3.104
16-Sep-18,3.133,3.107,3.133,3.106
17-Sep-18,3.133,3.128,3.159,3.12
18-Sep-18,3.202,3.124,3.204,3.121
19-Sep-18,3.212,3.198,3.248,3.189
20-Sep-18,3.199,3.211,3.243,3.195
21-Sep-18,3.203,3.199,3.222,3.188
23-Sep-18,3.203,3.203,3.203,3.203
24-Sep-18,3.224,3.209,3.228,3.196
25-Sep-18,3.227,3.226,3.249,3.224
26-Sep-18,3.182,3.227,3.228,3.179
27-Sep-18,3.185,3.186,3.206,3.16
28-Sep-18,3.208,3.176,3.21,3.161
30-Sep-18,3.209,3.211,3.211,3.208
1-Oct-18,3.237,3.21,3.244,3.206
2-Oct-18,3.214,3.238,3.239,3.196
3-Oct-18,3.336,3.217,3.342,3.206
4-Oct-18,3.348,3.357,3.392,3.333
5-Oct-18,3.405,3.352,3.424,3.347
8-Oct-18,3.42,3.423,3.423,3.418
9-Oct-18,3.366,3.42,3.446,3.362
10-Oct-18,3.362,3.376,3.418,3.349
11-Oct-18,3.317,3.354,3.374,3.299
12-Oct-18,3.338,3.329,3.356,3.309
14-Oct-18,3.328,3.327,3.329,3.327
15-Oct-18,3.335,3.327,3.346,3.318
16-Oct-18,3.335,3.338,3.358,3.324
17-Oct-18,3.375,3.338,3.376,3.313
18-Oct-18,3.363,3.372,3.386,3.344
19-Oct-18,3.379,3.363,3.393,3.354
21-Oct-18,3.373,3.373,3.373,3.373
22-Oct-18,3.391,3.373,3.392,3.358
23-Oct-18,3.37,3.386,3.386,3.312
24-Oct-18,3.336,3.369,3.369,3.324
25-Oct-18,3.349,3.331,3.365,3.326
26-Oct-18,3.312,3.331,3.341,3.3
28-Oct-18,3.319,3.32,3.32,3.319
29-Oct-18,3.334,3.32,3.355,3.294
30-Oct-18,3.359,3.331,3.371,3.329
31-Oct-18,3.396,3.366,3.405,3.365
1-Nov-18,3.376,3.402,3.427,3.374
2-Nov-18,3.462,3.382,3.467,3.382
4-Nov-18,3.452,3.452,3.452,3.452
5-Nov-18,3.428,3.452,3.456,3.421
6-Nov-18,3.446,3.438,3.448,3.417
7-Nov-18,3.442,3.435,3.465,3.385
8-Nov-18,3.436,3.442,3.448,3.409
9-Nov-18,3.388,3.429,3.432,3.383
12-Nov-18,3.352,3.355,3.355,3.352
13-Nov-18,3.361,3.352,3.385,3.348
14-Nov-18,3.366,3.362,3.395,3.334
15-Nov-18,3.358,3.363,3.378,3.332
16-Nov-18,3.318,3.358,3.37,3.317
18-Nov-18,3.311,3.311,3.311,3.311
19-Nov-18,3.322,3.312,3.359,3.311
20-Nov-18,3.314,3.322,3.325,3.289
21-Nov-18,3.316,3.314,3.338,3.31
22-Nov-18,3.316,3.316,3.316,3.316
23-Nov-18,3.306,3.317,3.326,3.278
25-Nov-18,3.306,3.306,3.306,3.306
26-Nov-18,3.317,3.306,3.327,3.302
27-Nov-18,3.319,3.315,3.329,3.302
28-Nov-18,3.348,3.319,3.352,3.306
29-Nov-18,3.327,3.34,3.343,3.288
30-Nov-18,3.294,3.323,3.327,3.291
2-Dec-18,3.324,3.324,3.324,3.324
3-Dec-18,3.252,3.324,3.335,3.25
4-Dec-18,3.17,3.253,3.256,3.129
5-Dec-18,3.172,3.168,3.172,3.168
6-Dec-18,3.158,3.172,3.178,3.106
7-Dec-18,3.147,3.162,3.188,3.131
9-Dec-18,3.119,3.118,3.119,3.118
10-Dec-18,3.132,3.122,3.148,3.103
11-Dec-18,3.124,3.125,3.153,3.1
12-Dec-18,3.147,3.129,3.154,3.125
13-Dec-18,3.166,3.15,3.171,3.133
14-Dec-18,3.15,3.165,3.166,3.131
16-Dec-18,3.146,3.146,3.146,3.146
17-Dec-18,3.114,3.146,3.151,3.106
18-Dec-18,3.075,3.117,3.117,3.068
19-Dec-18,2.989,3.072,3.077,2.982
20-Dec-18,3.044,2.989,3.053,2.957
21-Dec-18,3.03,3.04,3.044,3.005
23-Dec-18,3.03,3.03,3.03,3.03
24-Dec-18,2.999,3.041,3.045,2.995
25-Dec-18,3.006,3.004,3.006,3.004
26-Dec-18,3.065,3.006,3.071,2.977
27-Dec-18,3.058,3.058,3.075,3.003
28-Dec-18,3.02,3.048,3.065,3.02
30-Dec-18,3.02,3.02,3.02,3.02
31-Dec-18,3.02,3.047,3.053,3.005
1-Jan-19,3.02,3.02,3.02,3.02
2-Jan-19,2.963,3.016,3.059,2.953
3-Jan-19,2.903,2.967,2.974,2.897
4-Jan-19,2.981,2.906,2.996,2.888
6-Jan-19,2.981,2.982,2.982,2.981
7-Jan-19,2.993,2.98,2.997,2.935
8-Jan-19,3.005,2.984,3.011,2.977
9-Jan-19,3.006,3.011,3.034,2.998
10-Jan-19,3.064,3.008,3.066,2.986
11-Jan-19,3.033,3.051,3.061,3.017
13-Jan-19,3.033,3.033,3.033,3.033
14-Jan-19,3.057,3.056,3.064,3.007
15-Jan-19,3.077,3.052,3.08,3.033
16-Jan-19,3.074,3.076,3.106,3.059
17-Jan-19,3.075,3.069,3.085,3.048
18-Jan-19,3.1,3.071,3.109,3.069
21-Jan-19,3.096,3.095,3.096,3.095
22-Jan-19,3.062,3.095,3.1,3.046
23-Jan-19,3.068,3.062,3.101,3.052
24-Jan-19,3.033,3.062,3.07,3.025
25-Jan-19,3.066,3.039,3.068,3.036
27-Jan-19,3.062,3.061,3.062,3.061
28-Jan-19,3.067,3.061,3.072,3.04
29-Jan-19,3.04,3.064,3.076,3.037
30-Jan-19,3.033,3.045,3.072,3.031
31-Jan-19,2.997,3.035,3.038,2.989
1-Feb-19,3.025,3.006,3.037,2.987
3-Feb-19,3.03,3.03,3.03,3.03
4-Feb-19,3.057,3.031,3.074,3.024
5-Feb-19,3.035,3.051,3.073,3.018
6-Feb-19,3.035,3.035,3.043,3.008
7-Feb-19,2.996,3.032,3.032,2.991
8-Feb-19,2.976,3.001,3.005,2.971
10-Feb-19,2.976,2.976,2.976,2.976
11-Feb-19,2.99,2.978,3.006,2.976
12-Feb-19,3.024,2.994,3.031,2.992
13-Feb-19,3.036,3.03,3.045,3.018
14-Feb-19,2.999,3.028,3.039,2.986
15-Feb-19,2.994,3.002,3.024,2.984
18-Feb-19,2.998,2.998,2.998,2.998
19-Feb-19,2.979,2.998,3.004,2.969
20-Feb-19,2.998,2.981,3.013,2.97
21-Feb-19,3.05,2.994,3.054,2.99
22-Feb-19,3.017,3.049,3.049,2.999
24-Feb-19,3.024,3.023,3.024,3.023
25-Feb-19,3.031,3.024,3.047,3.018
26-Feb-19,3.008,3.024,3.035,3.004
27-Feb-19,3.066,3.007,3.077,3.005
28-Feb-19,3.082,3.061,3.101,3.042
1-Mar-19,3.127,3.083,3.137,3.079
3-Mar-19,3.134,3.137,3.137,3.134
4-Mar-19,3.092,3.133,3.135,3.086
5-Mar-19,3.083,3.093,3.111,3.08
6-Mar-19,3.071,3.083,3.089,3.054
7-Mar-19,3.027,3.068,3.072,3.025
8-Mar-19,3.013,3.031,3.045,3.004
10-Mar-19,3.011,3.013,3.013,3.011
11-Mar-19,3.028,3.013,3.046,3.008
12-Mar-19,2.989,3.042,3.064,2.983
13-Mar-19,3.018,2.991,3.019,2.991
14-Mar-19,3.044,3.016,3.049,3.01
15-Mar-19,3.013,3.042,3.052,3.004
17-Mar-19,3.015,3.013,3.015,3.013
18-Mar-19,3.017,3.014,3.033,3.007
19-Mar-19,3.029,3.014,3.052,3.005
20-Mar-19,2.97,3.026,3.029,2.964
21-Mar-19,2.965,2.97,2.975,2.953
22-Mar-19,2.875,2.967,2.967,2.857
24-Mar-19,2.883,2.884,2.884,2.882
25-Mar-19,2.866,2.884,2.914,2.83
26-Mar-19,2.876,2.871,2.906,2.86
27-Mar-19,2.821,2.875,2.883,2.811
28-Mar-19,2.819,2.81,2.83,2.791
29-Mar-19,2.817,2.817,2.846,2.809
31-Mar-19,2.832,2.829,2.832,2.829
1-Apr-19,2.892,2.833,2.898,2.831
2-Apr-19,2.876,2.885,2.897,2.865
3-Apr-19,2.935,2.878,2.937,2.875
4-Apr-19,2.921,2.929,2.938,2.913
5-Apr-19,2.905,2.921,2.952,2.902
7-Apr-19,2.909,2.908,2.909,2.908
8-Apr-19,2.926,2.909,2.93,2.896
9-Apr-19,2.913,2.922,2.934,2.895
10-Apr-19,2.892,2.913,2.923,2.886
11-Apr-19,2.929,2.897,2.94,2.895
12-Apr-19,2.974,2.93,2.978,2.918
14-Apr-19,2.973,2.974,2.974,2.973
15-Apr-19,2.969,2.974,2.982,2.96
16-Apr-19,2.995,2.967,2.998,2.963
17-Apr-19,2.994,2.992,3.011,2.979
18-Apr-19,2.959,2.99,2.991,2.959
21-Apr-19,2.964,2.965,2.965,2.964
22-Apr-19,2.99,2.964,2.997,2.963
23-Apr-19,2.982,2.99,3.001,2.976
24-Apr-19,2.936,2.983,2.985,2.935
25-Apr-19,2.944,2.938,2.958,2.931
26-Apr-19,2.924,2.938,2.955,2.916
29-Apr-19,2.955,2.919,2.97,2.904
30-Apr-19,2.93,2.948,2.974,2.929
1-May-19,2.908,2.936,2.936,2.885
2-May-19,2.934,2.92,2.948,2.903
3-May-19,2.922,2.931,2.962,2.912
5-May-19,2.922,2.922,2.922,2.922
6-May-19,2.909,2.887,2.91,2.886
7-May-19,2.858,2.894,2.91,2.857
8-May-19,2.894,2.864,2.899,2.84
9-May-19,2.869,2.89,2.894,2.851
10-May-19,2.89,2.874,2.89,2.85
12-May-19,2.859,2.861,2.862,2.859
13-May-19,2.838,2.859,2.87,2.828
14-May-19,2.851,2.837,2.86,2.833
15-May-19,2.821,2.848,2.855,2.808
16-May-19,2.833,2.821,2.847,2.801
17-May-19,2.825,2.837,2.844,2.804
19-May-19,2.831,2.828,2.831,2.828
20-May-19,2.839,2.832,2.841,2.808
21-May-19,2.845,2.836,2.854,2.826
22-May-19,2.807,2.844,2.849,2.807
23-May-19,2.756,2.81,2.811,2.731
24-May-19,2.752,2.753,2.766,2.743
27-May-19,2.735,2.736,2.737,2.735
28-May-19,2.705,2.735,2.741,2.698
29-May-19,2.693,2.705,2.706,2.655
30-May-19,2.644,2.689,2.705,2.641
31-May-19,2.571,2.625,2.631,2.567
2-Jun-19,2.566,2.569,2.569,2.566
3-Jun-19,2.538,2.566,2.579,2.522
4-Jun-19,2.603,2.549,2.616,2.545
5-Jun-19,2.644,2.611,2.649,2.584
6-Jun-19,2.615,2.635,2.645,2.579
7-Jun-19,2.575,2.621,2.627,2.559
9-Jun-19,2.594,2.597,2.597,2.592
10-Jun-19,2.627,2.593,2.632,2.587
11-Jun-19,2.618,2.622,2.656,2.613
12-Jun-19,2.618,2.611,2.632,2.593
13-Jun-19,2.6,2.616,2.621,2.596
14-Jun-19,2.588,2.594,2.605,2.57
16-Jun-19,2.591,2.587,2.591,2.587
17-Jun-19,2.58,2.591,2.613,2.573
18-Jun-19,2.55,2.578,2.585,2.513
19-Jun-19,2.54,2.55,2.578,2.533
20-Jun-19,2.538,2.542,2.544,2.48
21-Jun-19,2.586,2.533,2.593,2.51
23-Jun-19,2.59,2.587,2.59,2.587
24-Jun-19,2.546,2.591,2.596,2.543
25-Jun-19,2.523,2.544,2.552,2.516
26-Jun-19,2.572,2.527,2.573,2.525
27-Jun-19,2.531,2.567,2.582,2.521
28-Jun-19,2.533,2.535,2.549,2.521
30-Jun-19,2.557,2.552,2.557,2.552
1-Jul-19,2.554,2.558,2.575,2.528
2-Jul-19,2.504,2.541,2.552,2.502
3-Jul-19,2.47,2.501,2.502,2.465
4-Jul-19,2.464,2.461,2.464,2.461
5-Jul-19,2.544,2.461,2.572,2.456
7-Jul-19,2.543,2.543,2.543,2.543
8-Jul-19,2.532,2.542,2.543,2.507
9-Jul-19,2.546,2.521,2.552,2.516
10-Jul-19,2.574,2.541,2.598,2.537
11-Jul-19,2.662,2.569,2.672,2.551
12-Jul-19,2.648,2.653,2.677,2.632
14-Jul-19,2.648,2.648,2.648,2.648
15-Jul-19,2.61,2.658,2.666,2.606
16-Jul-19,2.614,2.611,2.653,2.602
17-Jul-19,2.556,2.617,2.621,2.555
18-Jul-19,2.564,2.565,2.6,2.554
19-Jul-19,2.581,2.568,2.588,2.562
21-Jul-19,2.582,2.583,2.583,2.582
22-Jul-19,2.573,2.582,2.586,2.542
23-Jul-19,2.616,2.573,2.62,2.568
24-Jul-19,2.578,2.62,2.62,2.573
