isharesfindate,isharesfinprice,isharesfinopen,isharesfinhigh,isharesfinlow,isharesfinvol
1-Oct-10,22.47,22.35,22.5,22.35,1.49
4-Oct-10,22.15,22.42,22.42,22.1,8.44
5-Oct-10,23.05,22.59,23.11,22.59,4.52
6-Oct-10,23.21,23.14,23.21,23.05,30.95
7-Oct-10,23.09,23.42,23.42,22.97,78.71
8-Oct-10,23.08,23.12,23.12,22.96,1.32
11-Oct-10,23.04,23.14,23.15,23,121.49
12-Oct-10,23.03,22.88,23.03,22.81,1.42
13-Oct-10,23.31,23.34,23.43,23.31,72.47
14-Oct-10,23.32,23.44,23.49,23.32,1.9
15-Oct-10,23.13,23.19,23.3,23.1,7.08
19-Oct-10,23.08,23.14,23.28,23.08,3
20-Oct-10,23.47,23.23,23.47,23.23,1.04
21-Oct-10,23.31,23.58,23.66,23.22,7.02
22-Oct-10,23.26,23.45,23.45,23.26,0.72
25-Oct-10,23.3,23.47,23.48,23.19,3.32
26-Oct-10,23.08,23.04,23.08,23.04,0.79
27-Oct-10,22.92,23.03,23.03,22.8,6.76
28-Oct-10,23.15,23.08,23.15,23.02,16.65
29-Oct-10,22.99,23.1,23.1,22.85,11.19
1-Nov-10,22.64,22.97,22.97,22.57,13.11
2-Nov-10,23.06,23.03,23.11,23.01,1.59
3-Nov-10,23.13,23.16,23.23,23.02,11.02
4-Nov-10,23.88,23.81,24,23.81,4.04
5-Nov-10,23.49,23.69,23.77,23.46,2.59
8-Nov-10,23.29,23.27,23.29,23.27,2.74
9-Nov-10,23.21,23.54,23.58,23.21,7.21
10-Nov-10,23.02,23.23,23.23,22.71,24.45
11-Nov-10,22.65,22.58,22.65,22.57,1.13
12-Nov-10,22.55,22.65,22.8,22.54,4.22
15-Nov-10,22.66,22.84,22.84,22.66,2.08
16-Nov-10,21.86,22.35,22.35,21.86,4.92
17-Nov-10,21.97,22.07,22.08,21.97,5.02
18-Nov-10,22.48,22.46,22.56,22.42,3.86
19-Nov-10,22.35,22.22,22.37,22.22,6.91
22-Nov-10,21.7,21.87,21.87,21.56,14.38
23-Nov-10,21.02,21.28,21.28,21.02,3.2
24-Nov-10,21.1,21.17,21.17,20.98,19.9
26-Nov-10,20.61,20.6,20.62,20.57,5.3
29-Nov-10,20.24,20.27,20.27,20,5.16
30-Nov-10,19.78,19.76,19.84,19.62,20.77
1-Dec-10,20.65,20.53,20.65,20.42,17.83
2-Dec-10,21.3,20.54,21.32,20.54,45.83
3-Dec-10,21.46,21.25,21.46,21.24,21.24
6-Dec-10,21.22,21.19,21.22,20.96,5.64
7-Dec-10,21.23,21.45,21.45,21.2,3.69
8-Dec-10,21.56,21.51,21.6,21.43,25.99
9-Dec-10,21.88,21.89,21.89,21.68,7.99
10-Dec-10,21.79,21.71,21.79,21.58,3.93
13-Dec-10,22,21.96,22.09,21.87,8.16
14-Dec-10,22.03,22.02,22.19,21.94,16.27
15-Dec-10,21.51,21.73,21.73,21.48,4.6
16-Dec-10,21.4,21.42,21.52,21.33,18.57
17-Dec-10,21.18,21.26,21.26,21.01,7.16
20-Dec-10,21.24,21.22,21.26,21.21,4.45
21-Dec-10,21.25,21.34,21.34,21.24,7.62
22-Dec-10,21.19,21.23,21.23,21.15,4.59
23-Dec-10,21.26,20.99,21.26,20.98,9.25
27-Dec-10,21.01,20.96,21.01,20.96,0.62
28-Dec-10,20.97,21.18,21.2,20.96,11
29-Dec-10,21.27,21.17,21.28,21.17,3.48
30-Dec-10,21.16,21.17,21.17,21.15,0.8
31-Dec-10,21.22,21.23,21.33,21.22,5.85
3-Jan-11,21.51,21.48,21.59,21.48,3.93
4-Jan-11,21.63,21.75,21.76,21.5,12.05
5-Jan-11,21.51,21.37,21.64,21.36,7.12
6-Jan-11,21.4,21.68,21.73,21.3,16.88
7-Jan-11,21.05,21.32,21.33,20.96,3.73
10-Jan-11,20.7,20.81,20.81,20.59,593.19
11-Jan-11,20.87,20.67,20.87,20.63,273.1
12-Jan-11,21.98,21.62,21.98,21.51,61.59
13-Jan-11,22.29,22.37,22.49,22.28,40.59
14-Jan-11,22.69,22.45,22.69,22.45,296.04
18-Jan-11,23.04,22.68,23.04,22.68,57.42
19-Jan-11,22.59,23.09,23.09,22.59,32.1
20-Jan-11,22.79,22.67,22.9,22.61,11.36
21-Jan-11,23.33,23.12,23.42,23.12,28.52
24-Jan-11,23.34,23.29,23.47,23.22,7.23
25-Jan-11,23.06,23.14,23.14,22.91,10.41
26-Jan-11,23.06,23.15,23.15,23.02,0.66
27-Jan-11,23.45,23.48,23.64,23.39,8.48
28-Jan-11,23.09,23.45,23.62,23.07,5.21
31-Jan-11,23.24,23.22,23.34,23.2,9.47
1-Feb-11,23.97,23.78,23.97,23.78,0.5
2-Feb-11,24,24.07,24.07,23.86,21.38
3-Feb-11,23.64,23.57,23.74,23.57,1.76
4-Feb-11,23.79,23.62,23.79,23.62,2.98
7-Feb-11,23.91,23.8,23.91,23.75,5.72
8-Feb-11,24.23,24.06,24.24,23.99,5.1
9-Feb-11,24.33,24.99,24.99,24.2,10.25
10-Feb-11,23.8,24.36,24.36,23.55,6.64
11-Feb-11,23.97,23.69,23.97,23.68,1.7
14-Feb-11,23.66,23.87,23.87,23.61,5.02
15-Feb-11,23.82,23.99,23.99,23.82,2.5
16-Feb-11,24.43,24.44,24.45,24.43,1.07
17-Feb-11,24.74,24.47,24.74,24.47,5.67
18-Feb-11,24.65,24.73,24.81,24.65,41.53
22-Feb-11,23.75,24.09,24.09,23.74,5.33
23-Feb-11,23.92,23.95,24.07,23.75,13.83
24-Feb-11,23.75,23.7,24,23.7,1.63
25-Feb-11,24.13,24.01,24.13,24.01,1.05
28-Feb-11,24.15,24.33,24.33,24.15,2.91
1-Mar-11,23.79,24.16,24.16,23.79,4.05
2-Mar-11,23.7,23.78,23.82,23.62,17.95
3-Mar-11,23.99,24.03,24.03,23.89,4.11
4-Mar-11,23.69,24.04,24.04,23.62,2.46
7-Mar-11,23.46,24.2,24.2,23.41,5.7
8-Mar-11,23.69,23.53,23.72,23.47,5.57
9-Mar-11,23.58,23.73,23.73,23.58,0.2
10-Mar-11,23.04,23.28,23.28,23.04,3.92
11-Mar-11,23.12,23.01,23.15,23,4.68
14-Mar-11,23.16,23.1,23.16,23.05,3.6
15-Mar-11,22.62,22.32,22.72,22.06,3.5
16-Mar-11,21.8,22.26,22.45,21.8,65.37
17-Mar-11,22.43,22.64,22.64,22.43,10.89
18-Mar-11,22.73,22.72,22.73,22.72,0.39
21-Mar-11,23.36,23.27,23.38,23.27,2.34
22-Mar-11,23.36,23.28,23.38,23.2,2.59
23-Mar-11,23.24,23.01,23.29,22.98,3.86
24-Mar-11,23.61,23.63,23.63,23.38,63.93
25-Mar-11,23.39,23.36,23.45,23.25,25.11
28-Mar-11,23.43,23.46,23.49,23.38,5.93
29-Mar-11,23.25,23.13,23.34,23.13,2.24
30-Mar-11,23.33,23.19,23.5,23.18,25.79
31-Mar-11,23.19,23.11,23.2,23.08,2.09
1-Apr-11,23.6,23.34,23.62,23.34,2.08
4-Apr-11,23.36,23.37,23.38,23.3,11.41
5-Apr-11,23.53,23.34,23.53,23.32,2.54
6-Apr-11,23.97,23.98,24.08,23.96,10.01
7-Apr-11,24.11,24.29,24.33,24.11,2.77
8-Apr-11,24.55,24.36,24.55,24.25,29.64
11-Apr-11,24.39,24.63,24.63,24.36,2.97
12-Apr-11,24.26,24.54,24.54,24.24,3.03
13-Apr-11,24.3,24.37,24.37,24.13,22.95
14-Apr-11,24.08,24.07,24.09,23.9,8.19
15-Apr-11,23.82,23.91,23.91,23.78,1.9
18-Apr-11,22.91,22.84,23.02,22.84,3.82
19-Apr-11,23.16,23.16,23.16,23.16,0.1
20-Apr-11,23.62,23.76,23.81,23.62,1.44
21-Apr-11,23.94,23.95,24.14,23.94,10.91
25-Apr-11,24.03,23.94,24.03,23.94,1.96
26-Apr-11,24.34,24.13,24.34,24.13,0.51
27-Apr-11,24.78,24.37,24.78,24.37,2.09
28-Apr-11,24.8,24.78,24.8,24.77,1.05
29-Apr-11,25,24.99,25,24.96,1.17
2-May-11,24.79,25.01,25.12,24.79,2.34
4-May-11,24.63,24.62,24.66,24.57,17.95
5-May-11,23.7,24.06,24.06,23.7,0.35
6-May-11,23.61,24.04,24.04,23.55,8.28
9-May-11,23.54,23.47,23.55,23.46,3.4
10-May-11,23.89,23.87,23.89,23.87,0.3
11-May-11,23.51,23.8,23.8,23.51,0.79
12-May-11,23.63,23.57,23.72,23.47,7.88
13-May-11,23.15,23.5,23.5,23.13,0.4
16-May-11,22.89,23.18,23.28,22.89,6.86
17-May-11,23.15,23.1,23.15,23.1,1.6
18-May-11,23.26,23.24,23.26,23.24,0.7
19-May-11,23.46,23.37,23.46,23.36,0.99
20-May-11,22.92,23.15,23.15,22.92,9.78
23-May-11,22.32,22.51,22.52,22.32,0.63
24-May-11,22.48,22.38,22.56,22.35,8.61
25-May-11,22.84,22.39,22.84,22.39,0.63
26-May-11,22.94,22.73,22.94,22.73,0.6
31-May-11,23.69,23.63,23.7,23.53,2.61
1-Jun-11,23.12,23.43,23.49,23.12,1.3
2-Jun-11,23.18,23.18,23.18,22.98,1.27
3-Jun-11,23.46,23.46,23.46,23.46,0.72
6-Jun-11,22.99,23.22,23.25,22.99,14.88
7-Jun-11,23.32,23.22,23.32,23.2,0.63
8-Jun-11,22.86,22.83,22.86,22.7,6.1
9-Jun-11,22.87,22.87,22.87,22.87,0.1
10-Jun-11,22.37,22.84,22.84,22.37,0.4
13-Jun-11,22.4,22.43,22.43,22.4,6.84
14-Jun-11,22.85,22.84,22.9,22.84,2.64
15-Jun-11,21.87,22.34,22.34,21.8,16.46
16-Jun-11,21.83,21.57,21.83,21.57,2.47
17-Jun-11,22.34,22.13,22.36,22.13,3.58
20-Jun-11,22.16,22.08,22.22,22.06,8.12
21-Jun-11,22.75,22.43,22.75,22.36,30.3
22-Jun-11,21.75,22.14,22.14,21.75,15.51
23-Jun-11,21.37,21.17,21.45,21.12,6.7
24-Jun-11,20.75,20.95,20.95,20.75,3.78
27-Jun-11,21.14,20.84,21.14,20.84,3.72
28-Jun-11,21.41,21.4,21.46,21.3,1.95
29-Jun-11,21.88,21.64,21.95,21.64,9.75
30-Jun-11,22.5,22.3,22.5,22.3,16.11
1-Jul-11,22.93,22.66,23.04,22.66,5.61
5-Jul-11,22.6,22.87,22.87,22.56,5.24
6-Jul-11,21.92,22.14,22.14,21.69,103.15
7-Jul-11,22.12,21.99,22.19,21.93,17.68
8-Jul-11,21.46,21.68,21.68,21.36,3.75
11-Jul-11,20.47,20.78,20.78,20.31,41.16
12-Jul-11,20.4,20.35,20.61,20.33,48.99
13-Jul-11,20.72,20.61,20.95,20.46,76.48
14-Jul-11,20.47,20.73,20.73,20.47,4.55
15-Jul-11,20.5,20.55,20.55,20.29,6.83
18-Jul-11,19.74,20.08,20.08,19.61,16.1
19-Jul-11,20.07,20,20.1,20,5.05
20-Jul-11,20.7,20.54,20.76,20.54,2.78
21-Jul-11,21.8,21.47,21.97,21.45,26.16
22-Jul-11,21.75,21.83,21.83,21.64,5.32
25-Jul-11,21.2,21.36,21.36,21.11,19.48
26-Jul-11,21.41,21.11,21.41,21.11,2.37
27-Jul-11,20.49,21.1,21.1,20.49,15.76
28-Jul-11,20.68,20.73,20.91,20.64,6.87
29-Jul-11,20.45,20.51,20.79,20.45,15.82
1-Aug-11,20.16,20.37,20.37,20.13,2.1
2-Aug-11,19.5,20,20.02,19.5,11.68
3-Aug-11,19.5,19.44,19.51,19.28,11.64
4-Aug-11,18.02,19.03,19.03,17.99,29.53
5-Aug-11,18.6,18.39,18.82,17.85,23.81
8-Aug-11,16.88,17.58,17.95,16.81,56.43
9-Aug-11,17.91,17.39,18,17.21,25.08
10-Aug-11,16.49,17.35,17.35,16.4,90.72
11-Aug-11,17.49,16.29,17.58,16.19,44.65
12-Aug-11,17.72,18.18,18.18,17.63,21.81
15-Aug-11,18.5,18,18.52,18,82.39
16-Aug-11,18.07,18.04,18.21,17.83,52.88
17-Aug-11,18.12,18.08,18.32,17.91,28.24
18-Aug-11,16.68,17.22,17.22,16.46,193.86
19-Aug-11,16.42,16.5,16.98,16.42,11.43
22-Aug-11,16.5,16.83,16.9,16.5,9.18
23-Aug-11,16.99,16.48,16.99,16.48,28.01
24-Aug-11,17.08,16.96,17.16,16.85,7.1
25-Aug-11,16.77,17.44,17.46,16.63,17.42
26-Aug-11,16.73,16.62,16.73,16.47,8.37
29-Aug-11,17.36,17.28,17.36,17.05,16.45
30-Aug-11,17.2,17.2,17.44,17.15,17.2
31-Aug-11,17.69,17.46,17.81,17.45,17.56
1-Sep-11,17.38,17.58,17.58,17.38,2.48
2-Sep-11,16.86,17,17.05,16.74,12.48
6-Sep-11,15.7,15.67,15.75,15.3,31.45
7-Sep-11,16.23,16.05,16.25,15.77,56.71
8-Sep-11,15.97,16.18,16.25,15.96,9.67
9-Sep-11,15.09,15.26,15.4,14.91,43.57
12-Sep-11,14.65,14.66,14.82,14.26,56.01
13-Sep-11,15.04,14.85,15.07,14.7,29.61
14-Sep-11,15.33,15.2,15.43,14.81,19.82
15-Sep-11,15.85,16.01,16.02,15.69,98.44
16-Sep-11,15.92,16.01,16.2,15.74,37.14
19-Sep-11,15.36,15.25,15.46,15.01,101.08
20-Sep-11,15.19,15.09,15.49,15.09,63.74
21-Sep-11,14.74,15.41,15.41,14.73,13.77
22-Sep-11,14.08,14.37,14.37,13.79,63.19
23-Sep-11,14.47,14.13,14.48,14.1,21.06
26-Sep-11,15.2,15.05,15.26,14.51,12.91
27-Sep-11,15.78,15.91,16.22,15.78,145.27
28-Sep-11,15.51,15.67,16.01,15.49,18
29-Sep-11,15.91,16.04,16.34,15.91,7.21
30-Sep-11,15.27,15.61,15.66,15.27,15.98
3-Oct-11,14.8,15.08,15.1,14.55,56.67
4-Oct-11,14.7,14.18,14.7,13.98,38.87
5-Oct-11,15.3,15.14,15.36,14.82,34.94
6-Oct-11,16.01,17.49,17.49,15.37,25.58
7-Oct-11,15.81,15.95,16.23,15.68,35.49
10-Oct-11,16.71,16.25,16.71,16.06,27.44
11-Oct-11,16.55,16.46,16.64,16.35,13.93
12-Oct-11,17.03,17.3,17.3,17.03,30.81
13-Oct-11,16.74,16.81,16.81,16.5,12.75
14-Oct-11,16.83,17.13,17.13,16.71,18.95
17-Oct-11,16.21,16.54,16.54,16.21,7.27
18-Oct-11,16.6,16.37,16.7,15.93,33.94
19-Oct-11,16.39,16.38,16.8,16.38,85.28
20-Oct-11,16.11,16.35,16.35,15.82,4.55
21-Oct-11,16.72,16.67,16.75,16.5,15.83
24-Oct-11,17.06,16.92,17.19,16.76,21.71
25-Oct-11,16.8,17.12,17.12,16.67,3.2
26-Oct-11,16.92,17,17,16.58,6.63
27-Oct-11,18.65,18.77,18.88,18.31,62.02
28-Oct-11,18.27,18.64,18.64,18.21,18.55
31-Oct-11,17.21,17.51,17.8,17.16,14.63
1-Nov-11,16.13,16.08,16.43,15.83,43.59
2-Nov-11,16.25,16.48,16.48,16.12,13.55
3-Nov-11,16.86,16.75,16.86,16.31,14.64
4-Nov-11,16.7,16.67,16.7,16.19,22.22
7-Nov-11,16.57,16.59,16.59,16.15,36.48
8-Nov-11,16.8,16.86,16.86,16.41,32.64
9-Nov-11,15.43,15.8,15.8,15.3,18.85
10-Nov-11,15.71,15.98,15.98,15.43,10.14
11-Nov-11,16.2,16.25,16.38,16.01,26.92
14-Nov-11,15.93,16.13,16.13,15.74,17.88
15-Nov-11,15.5,15.67,15.8,15.36,39.26
16-Nov-11,15.22,15.27,15.47,15.2,27.18
17-Nov-11,14.77,15.3,15.3,14.77,29.09
18-Nov-11,14.95,14.99,15.02,14.88,15.83
21-Nov-11,14.51,14.65,14.65,14.3,24.12
22-Nov-11,14.22,14.36,14.36,14.14,31.47
23-Nov-11,13.89,14.13,14.13,13.73,532.51
25-Nov-11,13.82,13.8,13.97,13.71,156.86
28-Nov-11,14.86,14.65,14.97,14.6,43.19
29-Nov-11,14.86,14.91,15.38,14.76,108.85
30-Nov-11,15.69,15.84,15.84,15.61,30.35
1-Dec-11,15.54,15.54,15.65,15.41,40.81
2-Dec-11,15.84,15.98,16.23,15.82,33.45
5-Dec-11,16.16,16.48,16.48,16.12,30.04
6-Dec-11,16.14,16,16.22,16,24.82
7-Dec-11,16.11,15.97,16.15,15.68,18.8
8-Dec-11,15.38,15.75,15.75,15.38,11.41
9-Dec-11,16.01,15.53,16.01,15.53,42.59
12-Dec-11,15.17,15.43,15.43,15.01,32.45
13-Dec-11,14.81,15.16,15.3,14.66,68.98
14-Dec-11,14.43,14.66,14.66,14.37,37.79
15-Dec-11,14.6,14.83,14.83,14.54,12.82
16-Dec-11,14.54,14.64,14.72,14.42,5.4
19-Dec-11,14.35,14.68,14.68,14.35,25.53
20-Dec-11,15,15.07,15.09,14.88,13.24
21-Dec-11,14.99,15.25,15.25,14.89,10.23
22-Dec-11,15.32,14.88,15.36,14.88,77.89
23-Dec-11,15.25,15.35,15.35,15.2,7.4
27-Dec-11,15.22,15.3,15.3,15.2,2.84
28-Dec-11,14.86,14.76,14.99,14.76,16.75
29-Dec-11,15.01,14.95,15.03,14.88,5.79
30-Dec-11,15.15,15.01,15.26,15.01,10.9
3-Jan-12,15.65,15.53,15.74,15.53,51.81
4-Jan-12,15.41,15.56,15.56,15.35,22.34
5-Jan-12,14.72,15.07,15.07,14.66,223.33
6-Jan-12,14.46,14.87,14.87,14.41,489.04
9-Jan-12,14.38,14.39,14.42,14.27,16.7
10-Jan-12,14.83,14.73,14.92,14.73,18.08
11-Jan-12,15.09,14.96,15.11,14.73,116.67
12-Jan-12,15.24,15.3,15.38,15.16,106.19
13-Jan-12,15.04,15.27,15.27,14.74,34.52
17-Jan-12,15.3,15.52,15.52,15.19,71.61
18-Jan-12,15.65,15.64,15.65,15.44,38.43
19-Jan-12,16.6,16.25,16.6,16.14,177.26
20-Jan-12,16.85,16.56,16.86,16.51,140.1
23-Jan-12,16.97,17,17.26,16.86,96.22
24-Jan-12,16.84,16.84,16.94,16.64,25.22
25-Jan-12,17.16,16.71,17.16,16.54,34.73
26-Jan-12,17.33,17.55,17.55,17.25,72.52
27-Jan-12,17.32,17.2,17.35,17.08,33.47
30-Jan-12,16.76,16.74,16.78,16.5,61.7
31-Jan-12,16.89,16.78,16.98,16.66,133.32
1-Feb-12,17.45,17.45,17.52,17.33,70.77
2-Feb-12,17.61,17.67,17.67,17.51,25.39
3-Feb-12,17.95,17.93,18.01,17.81,37.6
6-Feb-12,17.82,17.82,17.89,17.73,18.67
7-Feb-12,18.04,17.8,18.1,17.77,40.59
8-Feb-12,18.34,18.31,18.36,18.06,35.2
9-Feb-12,18.27,18.45,18.6,18.16,48.12
10-Feb-12,17.65,17.88,17.88,17.52,78.85
13-Feb-12,17.87,18.04,18.07,17.85,110.48
14-Feb-12,17.59,17.78,17.78,17.41,24.41
15-Feb-12,17.61,17.87,17.87,17.56,38.77
16-Feb-12,17.82,17.47,17.91,17.44,14.07
17-Feb-12,18.06,18.21,18.21,17.95,12.76
21-Feb-12,18.14,18.32,18.32,18.1,20.52
22-Feb-12,17.82,18.09,18.09,17.77,21.48
23-Feb-12,17.94,17.75,18.02,17.73,10.44
24-Feb-12,18.19,18.29,18.33,18.07,26.4
27-Feb-12,17.97,17.87,18.06,17.71,39.1
28-Feb-12,18.17,18.08,18.18,17.82,27.47
29-Feb-12,18,18.46,18.48,18,42.55
1-Mar-12,18.39,18.09,18.46,18.09,60.73
2-Mar-12,18.25,18.19,18.35,18.18,32.56
5-Mar-12,18.03,18.2,18.2,17.97,22.45
6-Mar-12,17.06,17.51,17.51,17.01,130.25
7-Mar-12,17.36,17.25,17.4,17.22,33.26
8-Mar-12,17.87,17.89,18.01,17.77,12.51
9-Mar-12,17.67,17.82,17.82,17.55,54
12-Mar-12,17.56,17.78,17.78,17.46,31.48
13-Mar-12,18.07,17.91,18.11,17.79,8.37
14-Mar-12,18.32,18.2,18.53,18.2,52.48
15-Mar-12,18.5,18.27,18.55,18.24,58.59
16-Mar-12,18.86,18.69,18.89,18.69,43.62
19-Mar-12,18.96,18.83,19.03,18.6,45.82
20-Mar-12,18.71,18.69,18.74,18.6,29.59
21-Mar-12,18.37,18.47,18.53,18.31,40.64
22-Mar-12,18.06,18.1,18.14,17.89,16.63
23-Mar-12,18.19,17.99,18.2,17.93,8.84
26-Mar-12,18.45,18.46,18.46,18.33,9.65
27-Mar-12,18.28,18.53,18.55,18.28,24
28-Mar-12,17.97,18.03,18.07,17.94,94.08
29-Mar-12,17.6,17.6,17.76,17.45,30.78
30-Mar-12,17.78,17.73,17.84,17.66,11.48
2-Apr-12,17.92,17.66,17.99,17.59,6.89
3-Apr-12,17.34,17.85,17.85,17.3,11.15
4-Apr-12,16.94,17,17.08,16.89,115.67
5-Apr-12,16.71,16.76,16.79,16.58,29.46
9-Apr-12,16.56,16.42,16.69,16.42,59.3
10-Apr-12,16,16.42,16.45,16,64.72
11-Apr-12,16.42,16.44,16.6,16.4,48.03
12-Apr-12,16.88,16.55,16.88,16.55,24.83
13-Apr-12,16.21,16.64,16.64,16.18,12.61
16-Apr-12,16.21,16.32,16.32,16.05,67.51
17-Apr-12,16.73,16.5,16.79,16.5,36.52
18-Apr-12,16.52,16.49,16.57,16.43,11.56
19-Apr-12,16.26,16.43,16.45,16.1,74.13
20-Apr-12,16.45,16.45,16.56,16.44,8.53
23-Apr-12,16.02,16,16.07,15.85,27.79
24-Apr-12,16.26,16.01,16.35,16.01,30
25-Apr-12,16.61,16.79,16.79,16.54,18.2
26-Apr-12,16.56,16.48,16.56,16.48,3.4
27-Apr-12,16.84,16.89,16.89,16.65,25.71
30-Apr-12,16.55,16.61,16.65,16.52,17.13
1-May-12,16.79,16.73,16.88,16.65,12.76
2-May-12,16.42,16.53,16.53,16.3,14.42
3-May-12,16.18,16.48,16.48,16.13,4.84
4-May-12,16.12,16.14,16.18,16,12.46
7-May-12,16.29,16.03,16.3,16.03,6.07
8-May-12,15.92,16.14,16.14,15.76,33.49
9-May-12,15.59,15.55,15.61,14.52,37.96
10-May-12,15.86,15.98,16.01,15.86,8.71
11-May-12,15.62,15.46,15.83,15.46,16.88
14-May-12,15.2,15.16,15.33,15.16,37.84
15-May-12,14.81,15.12,15.12,14.8,44.4
16-May-12,14.74,14.85,14.89,14.73,12.56
17-May-12,14.44,14.7,14.7,14.39,12.47
18-May-12,14.31,14.41,14.47,14.31,18.13
21-May-12,14.78,14.44,14.78,14.43,198.41
22-May-12,14.77,14.95,15.11,14.75,104.01
23-May-12,14.63,14.74,14.74,14.33,76.83
24-May-12,14.5,14.5,14.67,14.44,7.66
25-May-12,14.42,14.45,14.53,14.4,7.38
29-May-12,14.41,14.4,14.51,14.26,36.67
30-May-12,14.04,14.24,14.24,14,19.35
31-May-12,14.06,13.99,14.09,13.82,70.48
1-Jun-12,13.82,13.82,13.87,13.73,46.96
4-Jun-12,14.1,13.98,14.1,13.91,83.54
5-Jun-12,14.1,14.07,14.18,14.07,141.27
6-Jun-12,14.83,14.44,14.84,14.44,53.55
7-Jun-12,14.97,15.12,15.25,14.9,23.06
8-Jun-12,14.86,14.76,14.89,14.48,95.52
11-Jun-12,14.56,15.2,15.2,14.56,50.73
12-Jun-12,14.81,14.63,14.82,14.54,24.04
13-Jun-12,14.77,14.8,14.93,14.74,40.68
14-Jun-12,14.92,14.86,15.03,14.84,20.98
15-Jun-12,15.35,15.21,15.38,15.17,27.04
18-Jun-12,15.01,15.08,15.15,14.96,15.22
19-Jun-12,15.37,15.17,15.6,15.17,47.83
20-Jun-12,15.61,15.6,15.82,15.56,54.11
21-Jun-12,14.9,15.35,15.42,14.87,11.04
22-Jun-12,14.97,15.22,15.22,14.95,11.64
25-Jun-12,14.59,14.76,14.76,14.48,9.96
26-Jun-12,14.53,14.6,14.64,14.47,4.91
27-Jun-12,14.85,14.59,14.85,14.59,14.39
28-Jun-12,14.63,14.61,14.64,14.3,17.86
29-Jun-12,15.4,15.33,15.75,15.22,25.14
2-Jul-12,15.49,15.46,15.54,15.33,16.56
3-Jul-12,15.63,15.63,15.68,15.55,7.17
5-Jul-12,15.18,15.35,15.35,14.99,18.54
6-Jul-12,14.75,14.95,14.95,14.7,60.7
9-Jul-12,14.77,14.79,14.8,14.68,3.67
10-Jul-12,14.75,15.03,15.03,14.75,12.51
11-Jul-12,14.87,14.92,14.96,14.79,5.96
12-Jul-12,14.72,14.66,14.72,14.57,10.34
13-Jul-12,14.84,14.6,14.9,14.6,5.25
16-Jul-12,14.89,14.76,14.89,14.76,3.02
17-Jul-12,14.88,14.95,14.95,14.61,2.08
18-Jul-12,14.93,14.75,14.95,14.75,3.64
19-Jul-12,15.09,14.87,15.09,14.87,2.33
20-Jul-12,14.52,14.66,14.66,14.45,19.56
23-Jul-12,13.99,13.95,14.11,13.78,30.76
24-Jul-12,13.68,13.99,13.99,13.52,57.78
25-Jul-12,13.85,13.86,14,13.83,8.59
26-Jul-12,14.51,14.5,14.65,14.47,41.47
27-Jul-12,15.12,14.75,15.23,14.7,83.1
30-Jul-12,15.24,15.12,15.24,15.12,5.96
31-Jul-12,15.05,15.11,15.11,14.92,6.38
1-Aug-12,15,15.18,15.25,14.9,6.17
2-Aug-12,14.52,14.73,14.8,14.4,33.38
3-Aug-12,15.42,15.1,15.57,15.1,22.99
6-Aug-12,15.66,15.69,15.74,15.58,5.54
7-Aug-12,15.74,15.65,15.77,15.59,7.74
8-Aug-12,15.77,15.6,15.77,15.6,5.32
9-Aug-12,15.71,15.76,15.78,15.65,19.06
10-Aug-12,15.67,15.56,15.67,15.56,0.78
13-Aug-12,15.77,15.72,15.78,15.65,3.9
14-Aug-12,15.81,15.92,15.92,15.77,3.12
15-Aug-12,15.8,15.89,15.89,15.8,14.6
16-Aug-12,16.12,15.93,16.17,15.9,14.09
17-Aug-12,16.35,16.24,16.35,16.17,14.49
20-Aug-12,16.19,16.21,16.21,16.02,7.81
21-Aug-12,16.34,16.36,16.52,16.34,18.46
22-Aug-12,16.42,16.41,16.42,16.28,8.3
23-Aug-12,16.22,16.26,16.27,16.2,3.13
24-Aug-12,16.17,16.13,16.23,16.01,5.59
27-Aug-12,16.28,16.27,16.28,16.24,3.96
28-Aug-12,16.29,16.27,16.3,16.24,8.78
29-Aug-12,16.11,16.25,16.25,16.11,8.44
30-Aug-12,16.02,16.09,16.09,15.85,10.94
31-Aug-12,16.32,16.24,16.35,16.24,7.05
4-Sep-12,16.22,16.23,16.38,16.14,25.57
5-Sep-12,16.27,16.38,16.38,16.25,1.18
6-Sep-12,16.99,16.54,16.99,16.54,53.43
7-Sep-12,17.57,17.25,17.57,17.25,90.97
10-Sep-12,17.39,17.52,17.56,17.29,104.57
11-Sep-12,17.75,17.62,17.84,17.46,130.19
12-Sep-12,18.01,18.08,18.12,17.96,87.88
13-Sep-12,18.26,17.84,18.33,17.7,108.31
14-Sep-12,18.54,18.61,18.76,18.5,117.61
17-Sep-12,18.47,18.62,18.75,18.46,55.33
18-Sep-12,18.1,18.2,18.21,18.03,155.91
19-Sep-12,18.21,18.14,18.24,18,31.69
20-Sep-12,17.91,17.82,17.94,17.72,44.48
21-Sep-12,18.11,18.17,18.22,18.11,28.76
24-Sep-12,18,17.87,18,17.79,12.51
25-Sep-12,17.77,18.03,18.12,17.76,50.79
26-Sep-12,17.34,17.37,17.5,17.29,94.18
27-Sep-12,17.67,17.48,17.73,17.37,49.07
28-Sep-12,17.24,17.51,17.51,17.24,12.14
1-Oct-12,17.53,17.52,17.7,17.52,1.95
2-Oct-12,17.61,17.79,17.79,17.53,7.57
3-Oct-12,17.51,17.68,17.68,17.51,13.27
4-Oct-12,17.82,17.78,17.82,17.67,9.7
5-Oct-12,18.07,18,18.09,17.95,80.07
8-Oct-12,17.77,17.78,17.84,17.71,43.4
9-Oct-12,17.52,17.6,17.61,17.47,32.78
10-Oct-12,17.4,17.4,17.48,17.34,12
11-Oct-12,17.74,17.82,17.95,17.73,30.1
12-Oct-12,17.84,17.91,17.91,17.72,8.11
15-Oct-12,18.07,17.9,18.07,17.84,23.93
16-Oct-12,18.56,18.44,18.6,18.43,23.99
17-Oct-12,18.78,18.66,18.83,18.66,47.83
18-Oct-12,18.64,18.62,18.83,18.58,45.07
19-Oct-12,18.21,18.44,18.44,18.18,19.99
22-Oct-12,18.46,18.5,18.5,18.29,15.96
23-Oct-12,18.05,17.93,18.08,17.9,20.85
24-Oct-12,17.95,17.95,18.05,17.94,6.2
25-Oct-12,18.06,18.11,18.12,18.03,2.49
26-Oct-12,18.07,18.09,18.09,17.99,4.47
31-Oct-12,18.2,18.33,18.8,18.1,63.19
1-Nov-12,18.49,18.28,18.49,18.25,18.06
2-Nov-12,18.26,18.32,18.38,18.19,13.6
5-Nov-12,18.11,18.16,18.18,18.05,10.86
6-Nov-12,18.33,18.3,18.44,18.22,4.52
7-Nov-12,17.98,17.96,18.08,17.88,229.12
8-Nov-12,17.86,17.93,17.94,17.81,43.3
9-Nov-12,17.66,17.55,17.74,17.47,44.69
12-Nov-12,17.72,17.67,17.8,17.66,5.53
13-Nov-12,17.87,17.54,17.94,17.54,25.05
14-Nov-12,17.54,17.8,17.8,17.47,73.37
15-Nov-12,17.63,17.7,17.84,17.6,12.59
16-Nov-12,17.46,17.42,17.54,17.17,26.6
19-Nov-12,17.96,17.73,18,17.73,12.3
20-Nov-12,18.17,17.92,18.17,17.89,200.64
21-Nov-12,18.1,18.2,18.22,18.09,48.33
23-Nov-12,18.63,18.41,18.66,18.41,9.17
26-Nov-12,18.55,18.48,18.69,18.42,9.11
27-Nov-12,18.45,18.46,18.62,18.43,12.62
28-Nov-12,18.46,18.3,18.51,18.14,5.87
29-Nov-12,18.81,18.67,18.84,18.66,12.64
30-Nov-12,18.89,18.9,18.95,18.82,19.81
3-Dec-12,18.99,19,19.11,18.95,32
4-Dec-12,19.11,19.15,19.2,19.05,25.89
5-Dec-12,19.18,19.16,19.23,19.08,31.08
6-Dec-12,19.18,19.3,19.3,19.08,31.04
7-Dec-12,19.09,19.16,19.16,19.01,26.2
10-Dec-12,18.98,18.96,19.01,18.87,17.65
11-Dec-12,19.16,19.03,19.18,19.03,16.76
12-Dec-12,19.33,19.27,19.42,19.21,15.07
13-Dec-12,19.25,19.31,19.36,19.14,12.66
14-Dec-12,19.36,19.3,19.4,19.3,4.74
17-Dec-12,19.48,19.32,19.48,19.25,32.88
18-Dec-12,19.58,19.39,19.58,19.35,64.55
19-Dec-12,19.77,19.87,19.92,19.75,53.87
20-Dec-12,19.92,19.86,19.92,19.75,51.02
21-Dec-12,19.61,19.55,19.66,19.54,19.6
24-Dec-12,19.62,19.85,20.14,19.56,5.83
26-Dec-12,19.6,19.62,19.66,19.56,9.85
27-Dec-12,19.74,19.86,19.86,19.59,26.62
28-Dec-12,19.37,19.53,19.54,19.25,58.74
31-Dec-12,19.8,19.42,19.84,19.42,38.94
2-Jan-13,20.19,20.28,20.28,20.03,32.29
3-Jan-13,19.96,19.96,20.07,19.92,39.36
4-Jan-13,20.11,19.96,20.15,19.96,18.66
7-Jan-13,20.29,20.21,20.29,20.1,60.15
8-Jan-13,20.19,20.28,20.36,20.05,43.54
9-Jan-13,20.41,20.36,20.48,20.36,69.47
10-Jan-13,20.86,20.83,20.9,20.7,89
11-Jan-13,20.99,20.82,21.05,20.82,86.49
14-Jan-13,21.07,21.17,21.17,20.86,186.77
15-Jan-13,20.92,20.89,20.99,20.8,48.56
16-Jan-13,20.65,20.7,20.77,20.58,19.4
17-Jan-13,20.94,20.96,20.98,20.82,44.14
18-Jan-13,20.9,20.95,20.96,20.77,14.87
22-Jan-13,20.9,20.9,20.9,20.75,71.38
23-Jan-13,20.71,20.71,20.72,20.59,30.79
24-Jan-13,20.95,20.88,20.99,20.85,51.01
25-Jan-13,21.24,21.27,21.27,21.11,60.36
28-Jan-13,21.28,21.4,21.4,21.2,22.66
29-Jan-13,21.25,21.19,21.31,21.15,12.75
30-Jan-13,21.28,21.31,21.35,21.23,42.21
31-Jan-13,21.21,21.26,21.35,21.17,22.87
1-Feb-13,21.34,21.34,21.39,21.23,26.76
4-Feb-13,20.47,20.9,20.9,20.43,69.94
5-Feb-13,20.81,20.86,20.89,20.72,58.37
6-Feb-13,20.69,20.59,20.74,20.37,48.2
7-Feb-13,20.35,20.7,20.7,20.27,35.65
8-Feb-13,20.76,20.56,20.79,20.56,47.61
11-Feb-13,20.6,20.83,20.83,20.59,29.79
12-Feb-13,21.1,20.83,21.18,20.83,67.82
13-Feb-13,21.07,21.18,21.2,20.98,27.87
14-Feb-13,20.85,20.82,20.88,20.75,13.29
15-Feb-13,20.67,20.88,20.88,20.6,111.11
19-Feb-13,20.97,20.83,20.97,20.83,17.74
20-Feb-13,20.56,21.06,21.06,20.56,91.94
21-Feb-13,20.18,20.35,20.35,20.06,81.38
22-Feb-13,20.47,20.35,20.5,20.25,6.03
25-Feb-13,19.72,20.7,20.79,19.72,55.71
26-Feb-13,19.71,19.74,19.91,19.59,60.96
27-Feb-13,20.13,19.81,20.15,19.81,15.85
28-Feb-13,20.03,20.08,20.25,20.03,27.95
1-Mar-13,19.89,19.87,19.93,19.57,17.29
4-Mar-13,19.89,19.64,19.91,19.64,32.83
5-Mar-13,20.21,20.12,20.26,20.12,36.54
6-Mar-13,20.09,20.29,20.3,20.04,10.76
7-Mar-13,20.26,20.22,20.3,20.21,13.45
8-Mar-13,20.52,20.47,20.54,20.32,73.73
11-Mar-13,20.47,20.52,20.52,20.24,9.14
12-Mar-13,20.37,20.46,20.51,20.29,34.13
13-Mar-13,20.3,20.19,20.35,20.13,158.97
14-Mar-13,20.75,20.54,20.78,20.54,29.11
15-Mar-13,20.63,20.72,20.75,20.63,28.01
18-Mar-13,20.17,20.09,20.35,20.07,39.99
19-Mar-13,19.89,20.14,20.23,19.74,42.33
20-Mar-13,20.15,20.17,20.17,20.04,42.74
21-Mar-13,19.86,19.92,20.08,19.82,27.77
22-Mar-13,20.03,20,20.03,19.93,7.1
25-Mar-13,19.37,19.96,20.08,19.34,84.5
26-Mar-13,19.51,19.42,19.54,19.42,130.47
27-Mar-13,19.24,19.15,19.3,19,56.97
28-Mar-13,19.42,19.43,19.54,19.34,32.85
1-Apr-13,19.3,19.37,19.41,19.25,45.69
2-Apr-13,19.64,19.5,19.75,19.5,81.16
3-Apr-13,19.4,19.64,19.64,19.4,17
4-Apr-13,19.4,19.4,19.41,19.25,8.87
5-Apr-13,19.39,19.37,19.43,19.3,5.89
8-Apr-13,19.3,19.21,19.3,19.17,29.13
9-Apr-13,19.61,19.44,19.62,19.44,27.01
10-Apr-13,20.14,19.95,20.16,19.95,85.84
11-Apr-13,20.28,20.2,20.43,20.2,96.59
12-Apr-13,20.17,20.01,20.17,19.95,19.24
15-Apr-13,19.65,19.87,19.87,19.57,79.24
16-Apr-13,20,19.99,20.01,19.81,85.99
17-Apr-13,19.32,19.64,19.64,19.27,80.36
18-Apr-13,19.16,19.26,19.31,19,151.92
19-Apr-13,19.41,19.35,19.44,19.31,9.34
22-Apr-13,19.64,19.62,19.64,19.46,20.08
23-Apr-13,20.11,20.04,20.12,20,61.61
24-Apr-13,20.23,20.15,20.28,20.15,78.93
25-Apr-13,20.35,20.27,20.46,20.27,45.18
26-Apr-13,20.59,20.44,20.62,20.4,234.35
29-Apr-13,20.84,20.72,20.95,20.69,76.32
30-Apr-13,21,20.99,21.06,20.91,25.09
1-May-13,20.81,20.96,21.09,20.56,59.13
2-May-13,21.06,20.84,21.07,20.84,18.9
3-May-13,21.31,21.25,21.36,21.25,47.45
6-May-13,21.28,21.3,21.33,21.16,79.73
7-May-13,21.66,21.57,21.69,21.53,66.77
8-May-13,21.82,21.67,21.85,21.65,54.35
9-May-13,21.51,21.76,21.79,21.51,81.58
10-May-13,21.6,21.57,21.6,21.42,25.4
13-May-13,21.31,21.36,21.39,21.21,17.3
14-May-13,21.4,21.26,21.42,21.26,38.74
15-May-13,21.54,21.53,21.59,21.38,35.06
16-May-13,21.5,21.64,21.66,21.5,36.11
17-May-13,21.81,21.6,21.86,21.6,28.63
20-May-13,21.95,21.75,21.97,21.75,62.93
21-May-13,21.77,21.75,21.84,21.61,46.27
22-May-13,21.59,21.8,21.99,21.5,48.61
23-May-13,21.4,21.5,21.5,21.17,710.96
24-May-13,21.16,21.1,21.22,21.08,54.15
28-May-13,21.51,21.6,21.75,21.45,588.53
29-May-13,21.46,21.43,21.5,21.28,105.16
30-May-13,21.8,21.6,21.82,21.6,86.05
31-May-13,21.38,21.58,21.58,21.35,33.27
3-Jun-13,21.55,21.45,21.57,21.34,31.66
4-Jun-13,21.57,21.68,21.71,21.44,49.57
5-Jun-13,21.2,21.42,21.42,21.18,29.57
6-Jun-13,21.12,21.1,21.12,20.92,50.5
7-Jun-13,21.45,21.28,21.47,21.22,18.92
10-Jun-13,21.25,21.42,21.42,21.15,15.53
11-Jun-13,20.98,20.86,21,20.76,36.98
12-Jun-13,20.76,21.15,21.15,20.76,3.01
13-Jun-13,21.14,20.82,21.14,20.82,50.54
14-Jun-13,21.02,21.12,21.12,20.9,21.67
17-Jun-13,21.17,21.28,21.31,21.04,26.47
18-Jun-13,21.42,21.35,21.44,21.35,61.18
19-Jun-13,20.91,21.32,21.32,20.87,148.46
20-Jun-13,20.21,20.44,20.44,20.04,62.04
21-Jun-13,19.89,20.17,20.17,19.73,32.2
24-Jun-13,19.61,19.5,19.66,19.35,49.21
25-Jun-13,19.85,19.88,19.9,19.68,74.04
26-Jun-13,20.01,20.24,20.24,19.93,114.22
27-Jun-13,19.79,19.84,19.89,19.67,110.97
28-Jun-13,19.63,19.68,19.71,19.57,22.88
1-Jul-13,19.91,19.93,20.04,19.91,6.41
2-Jul-13,19.7,19.79,19.88,19.59,11.51
3-Jul-13,19.63,19.48,19.74,19.41,130.24
5-Jul-13,19.88,20.05,20.05,19.8,27.86
8-Jul-13,20.18,20.14,20.26,20.09,56.99
9-Jul-13,20.18,20.43,20.43,20.07,37.23
10-Jul-13,20.28,20.25,20.39,20.15,38.97
11-Jul-13,20.81,20.71,20.81,20.52,28.7
12-Jul-13,20.64,20.7,20.7,20.53,45.37
15-Jul-13,20.87,20.72,20.88,20.71,8.32
16-Jul-13,20.78,20.78,20.78,20.7,17.89
17-Jul-13,20.8,20.94,20.94,20.78,36.19
18-Jul-13,21.23,21,21.27,21,48.92
19-Jul-13,21.3,21.18,21.35,21.18,9.88
22-Jul-13,21.54,21.46,21.6,21.46,145.26
23-Jul-13,21.62,21.69,21.69,21.53,88.92
24-Jul-13,21.69,21.79,21.79,21.65,19.18
25-Jul-13,21.98,21.71,21.98,21.64,113.9
26-Jul-13,21.93,21.8,21.94,21.7,82.57
29-Jul-13,21.76,21.74,21.78,21.67,31.03
30-Jul-13,21.58,21.76,21.76,21.54,133.02
31-Jul-13,21.67,21.65,21.87,21.59,52.01
1-Aug-13,22.16,22,22.18,21.96,715.51
2-Aug-13,22.31,22.14,22.31,22.03,2.07
5-Aug-13,22.12,22.12,22.2,22.02,97.1
6-Aug-13,22.04,22.14,22.25,21.95,89.39
7-Aug-13,22.16,22.14,22.19,22.11,49.47
8-Aug-13,22.57,22.47,22.63,22.37,1.25
9-Aug-13,22.62,22.64,22.67,22.54,442.75
12-Aug-13,22.53,22.49,22.54,22.44,141.09
13-Aug-13,22.58,22.51,22.6,22.34,107.39
14-Aug-13,22.66,22.65,22.7,22.6,221.39
15-Aug-13,22.47,22.47,22.53,22.16,346.78
16-Aug-13,22.69,22.64,22.75,22.59,96.34
19-Aug-13,22.36,22.56,22.56,22.32,187.02
20-Aug-13,22.21,22.22,22.33,22.05,552.81
21-Aug-13,21.94,22.08,22.11,21.88,84.14
22-Aug-13,22.32,22.3,22.54,22.22,141.39
23-Aug-13,22.49,22.49,22.5,22.36,143.54
26-Aug-13,22.21,22.34,22.34,22.2,242.49
27-Aug-13,21.5,21.71,21.77,21.5,118.14
28-Aug-13,21.55,21.43,21.63,21.39,82.95
29-Aug-13,21.54,21.54,21.59,21.49,154.39
30-Aug-13,21.23,21.42,21.42,21.21,79.95
3-Sep-13,21.61,21.73,21.73,21.48,84
4-Sep-13,21.71,21.57,21.74,21.41,54.5
5-Sep-13,21.79,21.71,21.84,21.7,61.3
6-Sep-13,21.9,21.77,21.95,21.71,113
9-Sep-13,22.29,22.16,22.31,22.04,1.36
10-Sep-13,22.67,22.66,22.7,22.57,268.23
11-Sep-13,22.82,22.71,22.82,22.57,164
12-Sep-13,22.64,22.75,22.78,22.62,216.86
13-Sep-13,22.74,22.62,22.74,22.54,80.5
16-Sep-13,22.93,23.29,23.29,22.86,109.34
17-Sep-13,22.88,22.87,22.88,22.8,127.01
18-Sep-13,23.57,22.95,23.95,22.84,253.87
19-Sep-13,23.4,23.83,23.83,23.32,142.69
20-Sep-13,23.18,23.33,23.33,23.06,610.81
23-Sep-13,23.05,23.2,23.2,22.9,95.2
24-Sep-13,23.07,23.2,23.2,22.98,124.56
25-Sep-13,23.1,23.11,23.15,22.93,82.66
26-Sep-13,22.96,23.04,23.07,22.89,51.08
27-Sep-13,22.97,22.97,23,22.9,43.49
30-Sep-13,22.78,22.81,22.84,22.6,78.4
1-Oct-13,23.1,23.02,23.19,22.95,51.54
2-Oct-13,23.3,23.12,23.3,23.1,91.87
3-Oct-13,23.17,23.27,23.3,23.06,581.6
4-Oct-13,23.28,23.26,23.34,23.22,108.29
7-Oct-13,23.18,23.12,23.49,23.04,111.76
8-Oct-13,22.87,23.17,23.17,22.85,99.11
9-Oct-13,22.97,23.05,23.05,22.85,95.24
10-Oct-13,23.65,23.47,23.66,23.43,194.41
11-Oct-13,23.75,23.74,23.77,23.61,184.88
14-Oct-13,23.82,23.82,23.89,23.62,268.85
15-Oct-13,23.84,23.96,23.96,23.81,154.91
16-Oct-13,24.14,24.15,24.16,24,281.15
17-Oct-13,24.51,24.3,24.52,24.21,273.23
18-Oct-13,24.6,24.74,24.74,24.48,189.18
21-Oct-13,24.55,24.82,24.82,24.41,208.86
22-Oct-13,24.84,24.8,24.9,24.75,224.22
23-Oct-13,24.54,24.61,24.61,24.44,282.69
24-Oct-13,24.77,24.83,24.83,24.68,188.52
25-Oct-13,24.69,24.75,24.75,24.58,99.92
28-Oct-13,24.46,24.66,24.66,24.32,226.13
29-Oct-13,24.49,24.59,24.59,24.43,139.81
30-Oct-13,24.29,24.58,24.58,24.19,72.96
31-Oct-13,24.28,24.42,24.42,24.21,176.75
1-Nov-13,24.12,24.24,24.24,23.96,78.79
4-Nov-13,24.17,24.28,24.28,24.02,244.63
5-Nov-13,23.75,23.84,23.84,23.54,152.09
6-Nov-13,24,24.03,24.11,23.9,120.01
7-Nov-13,23.61,24.09,24.14,23.56,117.21
8-Nov-13,23.77,23.5,23.83,23.5,64.8
11-Nov-13,23.95,23.99,23.99,23.86,119.76
12-Nov-13,23.74,23.82,23.85,23.67,134.66
13-Nov-13,23.69,23.5,23.7,23.33,141.15
14-Nov-13,23.79,23.69,23.82,23.6,103.14
15-Nov-13,23.84,23.92,23.92,23.75,334.35
18-Nov-13,23.91,24.2,24.2,23.91,124.48
19-Nov-13,23.8,23.9,23.91,23.75,76.94
20-Nov-13,23.52,23.92,23.92,23.48,119.27
21-Nov-13,23.87,23.84,23.89,23.67,144.15
22-Nov-13,24.01,24.03,24.03,23.92,151.89
25-Nov-13,23.96,24.13,24.13,23.94,163.21
26-Nov-13,24.11,24.1,24.14,24.01,203.31
27-Nov-13,24.27,24.4,24.4,24.21,100.83
29-Nov-13,24.49,24.73,24.73,24.49,117.1
2-Dec-13,24.26,24.53,24.53,24.26,135.06
3-Dec-13,23.95,24.19,24.19,23.9,126.82
4-Dec-13,23.64,23.71,23.81,23.5,735.75
5-Dec-13,23.51,23.79,23.79,23.5,74.3
6-Dec-13,23.9,23.87,23.9,23.69,77.72
9-Dec-13,23.96,24,24,23.85,199.2
10-Dec-13,23.85,23.98,23.98,23.85,161.39
11-Dec-13,23.65,24,24,23.63,52.72
12-Dec-13,23.3,23.52,23.52,23.27,175.48
13-Dec-13,23.35,23.45,23.5,23.32,143.22
16-Dec-13,23.72,23.61,23.87,23.61,117.13
17-Dec-13,23.57,23.73,23.73,23.46,65.39
18-Dec-13,23.92,23.75,24,23.6,156.42
19-Dec-13,23.96,23.95,24.01,23.77,164.52
20-Dec-13,24.16,24.14,24.26,24.09,127.54
23-Dec-13,24.43,24.44,24.49,24.35,86.39
24-Dec-13,24.64,24.6,24.66,24.5,50.58
26-Dec-13,24.75,24.77,24.84,24.61,44
27-Dec-13,24.83,24.98,24.98,24.76,120.52
30-Dec-13,25,24.98,25,24.83,186
31-Dec-13,25.12,25,25.17,24.83,168.35
2-Jan-14,24.46,24.72,24.72,24.39,152.04
3-Jan-14,24.42,24.53,24.53,24.39,102.63
6-Jan-14,24.63,24.72,24.72,24.55,140.82
7-Jan-14,25.13,25.04,25.17,25,228.19
8-Jan-14,25.3,25.36,25.36,25.21,420.15
9-Jan-14,25.33,25.49,25.51,25.2,385.64
10-Jan-14,25.58,25.58,25.59,25.41,416.63
13-Jan-14,25.47,25.7,25.74,25.41,492.61
14-Jan-14,25.81,25.69,25.84,25.52,612.66
15-Jan-14,26.08,25.96,26.1,25.87,720.68
16-Jan-14,25.84,26,26,25.7,691.72
17-Jan-14,25.63,25.8,25.8,25.53,407.57
21-Jan-14,25.6,25.8,25.8,25.45,367.47
22-Jan-14,25.46,25.6,25.6,25.36,417.5
23-Jan-14,25.48,25.66,25.66,25.34,545.99
24-Jan-14,24.61,25.05,25.13,24.56,243.01
27-Jan-14,24.49,24.71,24.75,24.36,311.1
28-Jan-14,24.99,24.85,24.99,24.8,180.6
29-Jan-14,24.52,24.55,24.7,24.41,303.84
30-Jan-14,24.72,24.71,24.75,24.53,118.5
31-Jan-14,24.18,24.15,24.34,24,2.29
3-Feb-14,23.52,24.02,24.07,23.5,348.93
4-Feb-14,23.95,23.79,24.04,23.79,339.76
5-Feb-14,24.16,24.08,24.21,24,314.82
6-Feb-14,24.71,24.46,24.71,24.34,280.39
7-Feb-14,25.05,24.83,25.05,24.7,186.38
10-Feb-14,24.87,24.87,24.93,24.79,280.75
11-Feb-14,25.27,25.04,25.3,24.89,149.57
12-Feb-14,25.36,25.37,25.41,25.24,199.12
13-Feb-14,25.45,25.17,25.5,24.98,161.09
14-Feb-14,25.53,25.46,25.56,25.4,120.01
18-Feb-14,25.72,25.75,25.75,25.55,164.75
19-Feb-14,25.44,25.67,25.75,25.44,181.13
20-Feb-14,25.59,25.45,25.59,25.34,118.85
21-Feb-14,25.5,25.64,25.69,25.42,207.96
24-Feb-14,25.76,25.55,25.84,25.5,159.26
25-Feb-14,25.61,25.77,25.83,25.58,120.27
26-Feb-14,25.49,25.6,25.6,25.39,83.57
27-Feb-14,25.58,25.44,25.67,25.32,274.51
28-Feb-14,25.65,25.61,25.92,25.57,134.65
3-Mar-14,24.95,25.19,25.26,24.91,121.76
4-Mar-14,25.53,25.58,25.64,25.44,191.15
5-Mar-14,25.6,25.65,25.69,25.54,424.61
6-Mar-14,25.94,25.96,25.99,25.83,152.64
7-Mar-14,25.7,25.94,25.95,25.57,207.11
10-Mar-14,25.55,25.6,25.63,25.32,121.95
11-Mar-14,25.4,25.55,25.69,25.4,104.17
12-Mar-14,25.34,25.32,25.42,25.15,130.85
13-Mar-14,24.82,25.5,25.52,24.8,203.72
14-Mar-14,24.68,24.67,24.81,24.55,138.81
17-Mar-14,25.09,24.93,25.13,24.82,149.19
18-Mar-14,25.34,25.23,25.42,25.18,64.97
19-Mar-14,24.94,25.37,25.4,24.8,79.16
20-Mar-14,25.05,24.78,25.08,24.78,76.35
21-Mar-14,24.79,25.05,25.06,24.73,82.62
24-Mar-14,24.88,24.93,25,24.57,86.42
25-Mar-14,25.01,25.06,25.16,24.9,162.24
26-Mar-14,24.96,25.27,25.32,24.96,131.7
27-Mar-14,24.97,24.91,25.18,24.9,244.37
28-Mar-14,25.11,25.13,25.2,25.02,34.85
31-Mar-14,25.45,25.26,25.5,25.26,51.06
1-Apr-14,25.81,25.8,25.9,25.68,82.11
2-Apr-14,25.81,25.82,25.87,25.64,214.41
3-Apr-14,25.83,25.94,25.98,25.79,157.57
4-Apr-14,25.81,26.01,26.05,25.76,204.02
7-Apr-14,25.61,25.79,25.79,25.51,99.8
8-Apr-14,25.56,25.49,25.64,25.35,83.75
9-Apr-14,25.89,25.82,25.89,25.61,113.9
10-Apr-14,25.39,25.81,25.82,25.36,60.87
11-Apr-14,25.18,25.22,25.36,25.05,243.95
14-Apr-14,25.13,25.15,25.22,25.03,64.55
15-Apr-14,24.89,24.98,25.15,24.62,83.09
16-Apr-14,25.23,25.21,25.29,25.11,176.17
17-Apr-14,25.49,25.33,25.59,25.33,113.42
21-Apr-14,25.59,25.54,25.61,25.34,23.36
22-Apr-14,25.77,25.74,25.86,25.68,179.28
23-Apr-14,25.67,25.76,25.76,25.55,78.45
24-Apr-14,25.67,25.74,25.77,25.53,86.01
25-Apr-14,25.46,25.56,25.56,25.3,102.72
28-Apr-14,25.41,25.58,25.58,25.25,62.48
29-Apr-14,25.86,25.71,25.9,25.71,56.74
30-Apr-14,25.85,25.76,25.9,25.71,116.29
1-May-14,26.01,26,26.05,25.88,234.07
2-May-14,25.92,25.85,26,25.78,61.8
5-May-14,25.8,25.65,25.85,25.54,76.7
6-May-14,25.69,25.72,25.81,25.69,38.47
7-May-14,25.75,25.75,25.77,25.57,79.57
8-May-14,25.91,25.88,26.06,25.78,129.86
9-May-14,25.68,25.61,25.77,25.52,63.43
12-May-14,25.8,25.67,25.84,25.67,41.7
13-May-14,25.69,25.83,25.86,25.67,256.35
14-May-14,25.66,25.75,25.78,25.65,50.92
15-May-14,25.31,25.45,25.45,25.17,277.14
16-May-14,25.36,25.18,25.38,25.18,100.97
19-May-14,25.21,25.13,25.29,25.13,212.98
20-May-14,25.23,25.21,25.4,25.16,124.37
21-May-14,25.46,25.3,25.53,25.3,106.29
22-May-14,25.41,25.46,25.47,25.35,114.44
23-May-14,25.51,25.4,25.59,25.4,156.3
27-May-14,25.89,25.92,25.98,25.76,97.35
28-May-14,25.91,25.96,25.98,25.86,44.12
29-May-14,25.93,25.97,25.98,25.84,81.35
30-May-14,25.96,25.94,26,25.87,29.65
2-Jun-14,25.98,26.11,26.17,25.92,104.38
3-Jun-14,25.87,25.87,25.92,25.75,80.98
4-Jun-14,25.95,25.86,25.96,25.74,167.12
5-Jun-14,26.26,26.2,26.26,26.02,156.07
6-Jun-14,26.63,26.52,26.65,26.49,338.63
9-Jun-14,26.58,26.53,26.61,26.44,319.33
10-Jun-14,26.37,26.44,26.5,26.35,124.47
11-Jun-14,26.14,26.28,26.39,26.14,103.62
12-Jun-14,26.02,26.24,26.24,26,112.63
13-Jun-14,25.93,26.05,26.08,25.86,105.57
16-Jun-14,25.88,25.94,25.98,25.75,211.9
17-Jun-14,25.9,25.85,25.9,25.76,287.75
18-Jun-14,26.04,25.91,26.04,25.78,92.63
19-Jun-14,26.04,26.2,26.2,25.95,161.41
20-Jun-14,25.76,25.81,25.84,25.68,100.09
23-Jun-14,25.72,25.76,25.76,25.61,100.95
24-Jun-14,25.42,25.6,25.6,25.33,162.95
25-Jun-14,24.87,24.79,24.89,24.5,175.95
26-Jun-14,24.7,24.72,24.73,24.4,437.6
27-Jun-14,24.75,24.61,24.76,24.56,97.22
30-Jun-14,24.67,24.61,24.71,24.52,94.67
1-Jul-14,24.98,24.82,25.06,24.82,627.44
2-Jul-14,25.09,24.86,25.11,24.86,248.92
3-Jul-14,25.28,25.2,25.29,25.17,66.93
7-Jul-14,24.86,24.88,25.2,24.51,583.45
8-Jul-14,24.33,24.62,24.62,24.26,1.94
9-Jul-14,24.52,24.43,24.53,24.33,211.02
10-Jul-14,24.1,23.95,24.19,23.8,629.12
11-Jul-14,24.19,24.07,24.19,24.01,920.45
14-Jul-14,24.38,24.35,24.52,24.28,169.42
15-Jul-14,24.29,24.47,24.48,24.16,181.15
16-Jul-14,24.67,24.59,24.84,24.56,215.14
17-Jul-14,24.1,24.33,24.57,24.06,239.43
18-Jul-14,24.35,24.1,24.4,24.1,83.84
21-Jul-14,24.18,24.13,24.21,24.03,163.71
22-Jul-14,24.29,24.35,24.39,24.21,137.42
23-Jul-14,24.43,24.43,24.5,24.36,367.24
24-Jul-14,24.7,24.59,24.76,24.59,398.94
25-Jul-14,24.76,24.74,24.8,24.62,78.68
28-Jul-14,24.62,24.62,24.72,24.49,107.09
29-Jul-14,24.57,24.7,24.78,24.56,365.9
30-Jul-14,24.61,24.6,24.73,24.48,109.8
31-Jul-14,23.97,24.26,24.26,23.96,234.77
1-Aug-14,23.81,23.9,24.06,23.76,91.4
4-Aug-14,24.01,23.94,24.08,23.85,150.75
5-Aug-14,23.53,23.89,23.89,23.5,184.47
6-Aug-14,23.43,23.27,23.52,23.21,312.43
7-Aug-14,23.14,23.44,23.62,23.09,182.76
8-Aug-14,23.52,23.28,23.52,23.22,361.48
11-Aug-14,23.42,23.5,23.57,23.32,95.3
12-Aug-14,23.53,23.5,23.63,23.47,85.73
13-Aug-14,23.75,23.66,23.8,23.66,180.32
14-Aug-14,23.83,23.86,23.89,23.75,61.17
15-Aug-14,23.79,23.96,24.08,23.58,79.54
18-Aug-14,23.89,23.78,23.96,23.78,136.4
19-Aug-14,23.86,24.07,24.09,23.86,113.4
20-Aug-14,23.8,23.94,23.94,23.71,122.98
21-Aug-14,24.1,23.71,24.1,23.71,154.88
22-Aug-14,24.25,24.14,24.25,23.93,86.05
25-Aug-14,24.27,24.22,24.36,24.12,164.09
26-Aug-14,24.4,24.42,24.49,24.36,189.63
27-Aug-14,24.54,24.61,24.61,24.46,230.88
28-Aug-14,24.29,24.31,24.33,24.22,91.33
29-Aug-14,24.34,24.27,24.37,24.22,112.95
2-Sep-14,24.22,24.24,24.32,24.14,433.38
3-Sep-14,24.53,24.55,24.63,24.45,269.3
4-Sep-14,24.58,24.54,24.77,24.5,242.53
5-Sep-14,24.56,24.57,24.59,24.43,365.18
8-Sep-14,24.2,24.34,24.37,24.14,108.56
9-Sep-14,24.06,24.23,24.24,24,221.46
10-Sep-14,24.27,24.12,24.36,24.07,504.16
11-Sep-14,24.23,24.21,24.25,24.03,1.08
12-Sep-14,24.29,24.2,24.3,24.16,342.08
15-Sep-14,24.2,24.15,24.23,24.1,566.12
16-Sep-14,24.28,24.05,24.29,23.99,115.76
17-Sep-14,24.28,24.41,24.43,24.26,183.91
18-Sep-14,24.61,24.59,24.65,24.51,346.15
19-Sep-14,24.56,24.67,24.69,24.51,627.1
22-Sep-14,24.45,24.5,24.54,24.36,156.94
23-Sep-14,24.14,24.34,24.35,24.1,445.37
24-Sep-14,24.19,24.04,24.23,23.93,86.7
25-Sep-14,23.92,24.13,24.13,23.82,720.46
26-Sep-14,24.01,23.83,24.06,23.83,138.78
29-Sep-14,23.62,23.57,23.68,23.55,177.51
30-Sep-14,23.59,23.54,23.71,23.5,141.08
1-Oct-14,23.42,23.59,23.59,23.35,103.99
2-Oct-14,23.04,23.24,23.34,22.86,690.79
3-Oct-14,23.05,23,23.13,22.9,802.17
6-Oct-14,23.29,23.24,23.37,23.12,333.17
7-Oct-14,22.84,23.08,23.18,22.81,262.88
8-Oct-14,23.33,22.89,23.37,22.86,699.86
9-Oct-14,22.45,22.81,22.96,22.43,502.18
10-Oct-14,22.29,22.4,22.62,22.24,214.18
13-Oct-14,22.3,22.52,22.66,22.3,143.81
14-Oct-14,22.28,22.3,22.53,22.25,183.67
15-Oct-14,21.98,20.3,22.15,20.09,391.61
16-Oct-14,21.56,21.35,21.75,21.01,321.24
17-Oct-14,22.14,22.17,22.3,22.01,267.07
20-Oct-14,22.37,22.04,22.39,22.04,111.91
21-Oct-14,22.78,22.55,22.8,22.55,431.83
22-Oct-14,22.47,22.64,22.75,22.46,105.64
23-Oct-14,22.83,22.75,23,22.75,160.65
24-Oct-14,23.13,23,23.14,22.93,757.35
27-Oct-14,22.77,22.72,22.94,22.61,160.15
28-Oct-14,23.23,22.97,23.23,22.97,171.24
29-Oct-14,22.7,23.09,23.13,22.65,123.42
30-Oct-14,22.81,22.45,22.93,22.45,283.71
31-Oct-14,23.23,23.1,23.24,23.01,149.99
3-Nov-14,22.91,22.89,23.02,22.79,159.06
4-Nov-14,22.79,22.73,22.85,22.65,744.67
5-Nov-14,22.96,23.01,23.03,22.86,252.33
6-Nov-14,22.71,22.96,22.98,22.61,186.66
7-Nov-14,22.61,22.6,22.64,22.4,71.13
10-Nov-14,22.69,22.55,22.7,22.52,156.8
11-Nov-14,22.8,22.67,22.85,22.62,128.72
12-Nov-14,22.39,22.49,22.49,22.36,147.09
13-Nov-14,22.49,22.34,22.6,22.31,152.69
14-Nov-14,22.63,22.35,22.66,22.35,137.21
17-Nov-14,22.75,22.57,22.75,22.49,230.89
18-Nov-14,23.01,22.9,23.03,22.88,107.12
19-Nov-14,23.03,23.01,23.12,22.88,55.13
20-Nov-14,22.71,22.6,22.8,22.6,82.45
21-Nov-14,23.05,23.01,23.11,22.97,2.52
24-Nov-14,23.32,23.23,23.39,23.21,1.37
25-Nov-14,23.5,23.54,23.61,23.42,304.62
26-Nov-14,23.59,23.41,23.62,23.41,287.45
28-Nov-14,23.56,23.7,23.7,23.55,88.08
1-Dec-14,23.37,23.45,23.53,23.34,228.91
2-Dec-14,23.48,23.42,23.57,23.4,60.62
3-Dec-14,23.48,23.5,23.6,23.46,200.77
4-Dec-14,23.29,23.3,23.44,23.2,115.63
5-Dec-14,23.61,23.5,23.65,23.5,139.78
8-Dec-14,23.41,23.42,23.57,23.38,78.05
9-Dec-14,23.15,23.11,23.23,23.02,174.58
10-Dec-14,22.9,23.06,23.1,22.89,289.66
11-Dec-14,22.86,22.91,23.13,22.85,232.43
12-Dec-14,22.33,22.74,22.86,22.29,106.51
15-Dec-14,21.88,22.34,22.49,21.8,158.88
16-Dec-14,22.08,21.76,22.38,21.74,269.41
17-Dec-14,22.03,21.82,22.18,21.8,204.77
18-Dec-14,22.5,22.23,22.5,22.23,88.53
19-Dec-14,22.44,22.26,22.48,22.22,65.99
22-Dec-14,22.57,22.43,22.57,22.42,106.13
23-Dec-14,22.55,22.52,22.59,22.44,247.8
24-Dec-14,22.64,22.49,22.67,22.44,43.46
26-Dec-14,22.64,22.59,22.72,22.59,31.27
29-Dec-14,22.41,22.32,22.51,22.22,175.52
30-Dec-14,22.18,22.29,22.35,22.18,188.21
31-Dec-14,22.02,22.19,22.27,21.94,70.79
2-Jan-15,22.04,22.15,22.26,21.97,201.16
5-Jan-15,21.27,21.51,21.59,21.21,176.99
6-Jan-15,20.96,21.17,21.31,20.86,209.98
7-Jan-15,21.09,21.01,21.17,20.85,1.23
8-Jan-15,21.21,21.08,21.43,21.06,261.59
9-Jan-15,20.94,21.19,21.19,20.76,400.23
12-Jan-15,20.89,20.91,21.02,20.77,96.82
13-Jan-15,21.03,21.14,21.3,20.9,1.4
14-Jan-15,21,20.88,21.06,20.83,208.73
15-Jan-15,21.03,21.11,21.17,20.96,244.2
16-Jan-15,21.26,21.05,21.33,20.96,205.12
20-Jan-15,21.61,21.7,21.7,21.46,399.85
21-Jan-15,21.81,21.55,21.83,21.5,340.94
22-Jan-15,22.1,21.95,22.14,21.86,388.57
23-Jan-15,21.66,21.88,21.88,21.66,424.37
26-Jan-15,21.99,21.8,22.06,21.79,189.62
27-Jan-15,21.9,21.75,21.99,21.75,216.68
28-Jan-15,21.35,21.82,21.82,21.35,159.2
29-Jan-15,21.86,21.64,21.86,21.61,195.67
30-Jan-15,21.43,21.61,21.64,21.38,151.52
2-Feb-15,21.72,21.47,21.72,21.4,152.3
3-Feb-15,22.39,22.04,22.42,22.02,297.92
4-Feb-15,22,22.13,22.22,21.95,227.54
5-Feb-15,22.23,22.04,22.25,22,127.07
6-Feb-15,22,22.18,22.22,21.95,115.39
9-Feb-15,21.75,21.71,21.85,21.67,150.6
10-Feb-15,22.01,21.98,22.04,21.8,227.48
11-Feb-15,21.75,21.83,21.84,21.66,141.54
12-Feb-15,22.38,22.12,22.39,22.12,198.96
13-Feb-15,22.59,22.53,22.69,22.48,211.14
17-Feb-15,22.66,22.5,22.74,22.41,224.75
18-Feb-15,22.86,22.84,22.92,22.72,164.69
19-Feb-15,22.76,22.79,22.95,22.73,734.98
20-Feb-15,23.13,22.73,23.21,22.6,240.24
23-Feb-15,22.9,23,23.02,22.77,347.64
24-Feb-15,23.01,22.84,23.15,22.84,78.8
25-Feb-15,23,22.92,23.06,22.91,319.04
26-Feb-15,22.89,22.86,23.04,22.86,107.15
27-Feb-15,22.88,22.91,23.07,22.87,132.18
2-Mar-15,23.06,22.96,23.1,22.96,166.48
3-Mar-15,22.8,22.95,22.95,22.71,83.36
4-Mar-15,22.8,22.75,22.82,22.62,227.17
5-Mar-15,22.82,22.88,22.92,22.75,138.66
6-Mar-15,22.52,22.69,22.76,22.43,163.96
9-Mar-15,22.64,22.6,22.64,22.45,107.87
10-Mar-15,22.11,22.29,22.33,22.05,256.63
11-Mar-15,22.05,22,22.15,21.94,198.72
12-Mar-15,22.33,22.17,22.33,22.08,124
13-Mar-15,22.08,22.11,22.16,21.95,123
16-Mar-15,22.45,22.26,22.47,22.26,93.48
17-Mar-15,22.35,22.21,22.37,22.21,94.43
18-Mar-15,22.81,22.3,22.87,22.26,288.36
19-Mar-15,22.48,22.65,22.65,22.42,3.56
20-Mar-15,23.24,22.99,23.35,22.91,592.95
23-Mar-15,23.42,23.37,23.48,23.3,373.76
24-Mar-15,23.54,23.52,23.65,23.5,131.94
25-Mar-15,23.46,23.56,23.64,23.42,307.36
26-Mar-15,23.19,23.27,23.27,22.94,186.63
27-Mar-15,23.23,23.19,23.24,23.12,116.57
30-Mar-15,23.35,23.35,23.41,23.3,212.35
31-Mar-15,22.97,22.94,23.11,22.91,99.28
1-Apr-15,23.28,23.33,23.33,23.1,168.24
2-Apr-15,23.5,23.36,23.53,23.35,216.97
6-Apr-15,23.8,23.53,23.91,23.48,371.48
7-Apr-15,23.63,23.79,23.83,23.6,194.08
8-Apr-15,23.65,23.83,23.83,23.51,91.05
9-Apr-15,23.56,23.66,23.67,23.47,136.75
10-Apr-15,23.45,23.49,23.5,23.39,322.17
13-Apr-15,23.4,23.51,23.53,23.38,82.8
14-Apr-15,23.55,23.52,23.57,23.45,794.84
15-Apr-15,23.69,23.63,23.72,23.5,356.95
16-Apr-15,23.62,23.54,23.66,23.44,156.42
17-Apr-15,23.14,23.22,23.25,23.05,177.15
20-Apr-15,23.23,23.16,23.36,23.16,181.15
21-Apr-15,23.32,23.22,23.38,23.22,68.49
22-Apr-15,23.39,23.32,23.4,23.13,117.64
23-Apr-15,23.5,23.29,23.59,23.23,68.57
24-Apr-15,23.62,23.59,23.71,23.51,72.41
27-Apr-15,23.93,23.81,24,23.81,1.12
28-Apr-15,23.94,23.79,23.94,23.72,618.73
29-Apr-15,23.85,23.86,23.98,23.75,121.69
30-Apr-15,23.74,23.73,23.89,23.68,177.78
1-May-15,23.93,23.75,23.95,23.7,78.4
4-May-15,23.8,23.94,23.95,23.8,105.05
5-May-15,23.43,23.76,23.76,23.38,109.7
6-May-15,23.67,23.6,23.81,23.55,148.4
7-May-15,23.77,23.65,23.8,23.57,111.85
8-May-15,24.3,24.03,24.34,24.03,267.69
11-May-15,24.23,24.17,24.34,24.12,105.44
12-May-15,24.09,24.1,24.2,24.01,154.25
13-May-15,24.35,24.32,24.48,24.3,74.79
14-May-15,24.75,24.66,24.75,24.56,305.45
15-May-15,24.82,24.67,24.82,24.6,108.55
18-May-15,24.53,24.54,24.57,24.41,336.55
19-May-15,24.42,24.44,24.5,24.35,236.81
20-May-15,24.63,24.54,24.7,24.45,139.29
21-May-15,24.68,24.62,24.73,24.55,257.59
22-May-15,24.48,24.55,24.55,24.41,67.27
26-May-15,23.85,24.25,24.25,23.79,179.53
27-May-15,24.19,23.84,24.2,23.82,165.61
28-May-15,24.11,24.06,24.13,23.88,129.41
29-May-15,23.9,24.07,24.11,23.75,119.37
1-Jun-15,23.66,23.87,23.89,23.53,100.73
2-Jun-15,24,23.97,24.17,23.97,460.9
3-Jun-15,24.28,24.12,24.42,24.12,327.16
4-Jun-15,24.03,24.24,24.46,23.95,110.33
5-Jun-15,23.65,23.6,23.81,23.47,190.31
8-Jun-15,23.69,23.74,23.74,23.58,180.9
9-Jun-15,23.58,23.64,23.7,23.46,132.81
10-Jun-15,24.19,23.99,24.28,23.95,191.06
11-Jun-15,24.3,24.33,24.4,24.12,210.8
12-Jun-15,24.06,23.93,24.16,23.85,156.49
15-Jun-15,23.72,23.55,23.72,23.48,403.63
16-Jun-15,23.69,23.53,23.71,23.51,113.66
17-Jun-15,23.65,23.69,23.69,23.39,162.46
18-Jun-15,23.95,23.71,24.31,23.71,165.26
19-Jun-15,23.86,23.9,23.95,23.8,167.63
22-Jun-15,24.54,24.5,24.71,24.37,443.03
23-Jun-15,24.47,24.41,24.55,24.39,247.36
24-Jun-15,24.26,24.35,24.42,24.23,156.95
25-Jun-15,23.77,23.84,23.85,23.7,267.9
26-Jun-15,23.91,23.89,24,23.77,104.31
29-Jun-15,22.92,22.7,23.29,22.61,673.53
30-Jun-15,22.84,23.22,23.23,22.69,311.32
1-Jul-15,23,23.16,23.19,22.9,177.33
2-Jul-15,22.95,23.02,23.05,22.91,100.06
6-Jul-15,22.23,22.21,22.44,22.1,447.98
7-Jul-15,22.19,22.03,22.26,21.61,563.62
8-Jul-15,21.82,21.91,21.97,21.77,137.41
9-Jul-15,22.31,22.45,22.52,22.28,108.13
10-Jul-15,23.36,23.26,23.39,23.2,246.67
13-Jul-15,23.52,23.65,23.65,23.46,446.71
14-Jul-15,23.61,23.58,23.67,23.48,438.15
15-Jul-15,23.57,23.62,23.71,23.5,222.89
16-Jul-15,23.88,23.85,23.93,23.83,178.86
17-Jul-15,23.79,23.81,23.82,23.73,169.59
20-Jul-15,23.89,23.94,23.94,23.79,85.51
21-Jul-15,23.78,23.83,23.87,23.74,147.03
22-Jul-15,23.72,23.62,23.75,23.58,92.32
23-Jul-15,23.67,23.86,23.87,23.62,86.73
24-Jul-15,23.43,23.59,23.59,23.37,111.02
27-Jul-15,23.24,23.42,23.44,23.16,87.42
28-Jul-15,23.6,23.51,23.64,23.39,104.44
29-Jul-15,23.52,23.5,23.63,23.49,63.07
30-Jul-15,23.49,23.55,23.55,23.34,55.48
31-Jul-15,23.55,23.6,23.68,23.5,51.25
3-Aug-15,23.52,23.61,23.67,23.43,77.46
4-Aug-15,23.37,23.52,23.52,23.34,120.59
5-Aug-15,23.52,23.55,23.64,23.47,151.8
6-Aug-15,23.56,23.61,23.61,23.49,46.49
7-Aug-15,23.42,23.4,23.45,23.33,60.77
10-Aug-15,23.69,23.49,23.73,23.43,75.89
11-Aug-15,23.54,23.6,23.61,23.46,211.86
12-Aug-15,23.34,23.25,23.34,23.02,855.92
13-Aug-15,23.28,23.29,23.36,23.24,43.45
14-Aug-15,23.3,23.24,23.32,23.14,79.35
17-Aug-15,23.24,23.06,23.26,23,191.2
18-Aug-15,23.13,23.27,23.27,23.09,226.36
19-Aug-15,23.02,23.03,23.11,22.8,94.16
20-Aug-15,22.4,22.8,22.81,22.36,235.81
21-Aug-15,21.9,22.35,22.41,21.81,279.76
24-Aug-15,21.15,21.12,21.73,20.73,507.8
25-Aug-15,21.45,22.14,22.34,21.39,160.85
26-Aug-15,21.75,21.86,21.98,21.37,381.86
27-Aug-15,22.06,22,22.09,21.82,95.42
28-Aug-15,21.85,21.8,21.93,21.74,86.43
31-Aug-15,21.78,21.81,21.88,21.7,81.11
1-Sep-15,21.09,21.23,21.33,21.06,164.86
2-Sep-15,21.46,21.53,21.53,21.2,92.13
3-Sep-15,21.41,21.5,21.6,21.38,86.51
4-Sep-15,20.91,21.01,21.03,20.82,88.48
8-Sep-15,21.63,21.61,21.64,21.44,170.88
9-Sep-15,21.55,22,22,21.49,149.4
10-Sep-15,21.8,21.51,21.83,21.51,82.64
11-Sep-15,21.7,21.59,21.71,21.52,124.53
14-Sep-15,21.41,21.39,21.41,21.26,120.31
15-Sep-15,21.57,21.43,21.61,21.4,83.33
16-Sep-15,21.75,21.62,21.75,21.56,37.77
17-Sep-15,21.83,21.77,22.09,21.66,379.58
18-Sep-15,21.13,21.33,21.42,21.12,866.98
21-Sep-15,21.11,21.19,21.27,21,978.85
22-Sep-15,20.57,20.62,20.63,20.4,172.17
23-Sep-15,20.41,20.54,20.56,20.29,51.82
24-Sep-15,20.34,20.25,20.47,20.17,139.07
25-Sep-15,20.57,20.61,20.74,20.45,110.19
28-Sep-15,20.12,20.28,20.28,20.07,79.56
29-Sep-15,20.2,20.16,20.22,20.09,168.01
30-Sep-15,20.53,20.49,20.58,20.37,129.51
1-Oct-15,20.58,20.68,20.68,20.4,44.89
2-Oct-15,21.04,20.6,21.05,20.55,174.31
5-Oct-15,21.42,21.33,21.46,21.3,65.32
6-Oct-15,21.51,21.42,21.61,21.42,44.68
7-Oct-15,21.85,21.84,21.92,21.67,66.27
8-Oct-15,21.92,21.64,21.95,21.56,38.75
9-Oct-15,21.94,22,22.04,21.86,1.95
12-Oct-15,21.85,21.86,21.89,21.79,173.06
13-Oct-15,21.47,21.45,21.59,21.32,100.54
14-Oct-15,21.56,21.5,21.64,21.49,18.51
15-Oct-15,21.84,21.57,21.88,21.57,77.53
16-Oct-15,22,21.97,22.01,21.87,37.37
19-Oct-15,21.91,21.88,21.94,21.81,69.01
20-Oct-15,21.86,21.86,21.91,21.81,90.11
21-Oct-15,21.59,21.84,21.84,21.59,981.2
22-Oct-15,21.83,21.65,21.92,21.65,808.24
23-Oct-15,21.97,21.97,22,21.86,59.96
26-Oct-15,21.88,21.9,21.96,21.85,62.78
27-Oct-15,21.77,21.78,21.89,21.7,55.21
28-Oct-15,21.85,21.81,21.98,21.65,101.59
29-Oct-15,21.53,21.55,21.6,21.44,36.62
30-Oct-15,21.49,21.51,21.66,21.49,57.23
2-Nov-15,21.79,21.75,21.84,21.71,49.84
3-Nov-15,21.6,21.44,21.64,21.36,52.7
4-Nov-15,21.43,21.6,21.6,21.37,80.02
5-Nov-15,21.25,21.43,21.45,21.23,121.97
6-Nov-15,21.37,21.3,21.4,21.21,55.02
9-Nov-15,21.23,21.38,21.38,21.14,82.44
10-Nov-15,21.1,21.07,21.1,20.92,104.25
11-Nov-15,21.19,21.28,21.33,21.14,49.02
12-Nov-15,20.88,21.02,21.02,20.86,68.3
13-Nov-15,20.7,20.77,20.79,20.65,42.66
16-Nov-15,20.9,20.6,20.9,20.55,247.45
17-Nov-15,20.89,20.98,21,20.82,41.63
18-Nov-15,21.1,21,21.13,20.91,291.87
19-Nov-15,21.27,21.31,21.33,21.23,75.96
20-Nov-15,20.98,21.25,21.25,20.97,71.14
23-Nov-15,20.86,20.97,21.03,20.82,83.17
24-Nov-15,20.82,20.65,20.85,20.62,63.62
25-Nov-15,20.97,20.87,21.03,20.84,94.23
27-Nov-15,21.05,21.04,21.12,21,51.15
30-Nov-15,21.02,21.13,21.24,21.02,248.76
1-Dec-15,21.39,21.3,21.39,21.23,93.04
2-Dec-15,21.04,21.24,21.24,20.98,77.97
3-Dec-15,20.96,21.24,21.29,20.89,157.08
4-Dec-15,21.23,20.89,21.29,20.89,71.61
7-Dec-15,21.08,21.14,21.14,20.96,39.94
8-Dec-15,20.67,20.55,20.73,20.55,186.57
9-Dec-15,20.61,20.6,20.87,20.52,132.72
10-Dec-15,20.54,20.54,20.64,20.5,154.59
11-Dec-15,20.1,20.27,20.27,20.03,173.24
14-Dec-15,20.05,20.12,20.23,19.84,107.49
15-Dec-15,20.28,20.33,20.42,20.25,213.04
16-Dec-15,20.7,20.46,20.74,20.36,147.28
17-Dec-15,20.53,20.71,20.81,20.51,83.9
18-Dec-15,20.33,20.48,20.51,20.33,72.77
21-Dec-15,20.21,20.27,20.44,20.15,132.87
22-Dec-15,20.41,20.26,20.45,20.25,97.88
23-Dec-15,20.7,20.47,20.71,20.47,105.92
24-Dec-15,20.76,20.66,20.81,20.63,88.32
28-Dec-15,20.66,20.57,20.73,20.51,77.4
29-Dec-15,20.79,20.67,20.83,20.66,98.52
30-Dec-15,20.57,20.69,20.69,20.57,121.02
31-Dec-15,20.32,20.45,20.46,20.3,52.2
4-Jan-16,19.9,19.9,19.94,19.65,51.39
5-Jan-16,19.76,19.73,19.78,19.61,147.36
6-Jan-16,19.38,19.37,19.43,19.27,133.43
7-Jan-16,18.94,18.94,19.17,18.88,259.98
8-Jan-16,18.73,19.05,19.08,18.7,269.09
11-Jan-16,18.86,19.02,19.03,18.72,121.39
12-Jan-16,19,19.02,19.08,18.51,350.09
13-Jan-16,18.66,19.1,19.1,18.65,232.02
14-Jan-16,18.82,18.64,18.92,18.51,138.48
15-Jan-16,18.06,18.1,18.26,17.94,268.64
19-Jan-16,17.92,18.1,18.11,17.8,906.52
20-Jan-16,17.39,17.48,17.5,17.09,538.51
21-Jan-16,17.52,17.32,17.63,17.19,138.42
22-Jan-16,18.01,17.96,18.12,17.88,95.06
25-Jan-16,17.51,17.61,17.7,17.51,189.34
26-Jan-16,17.92,17.64,17.94,17.64,444.78
27-Jan-16,17.65,17.68,17.93,17.61,57.24
28-Jan-16,17.65,17.74,17.76,17.5,319.19
29-Jan-16,18.03,17.74,18.04,17.74,103.3
1-Feb-16,17.88,17.77,17.93,17.69,77.34
2-Feb-16,17.17,17.4,17.4,17.11,171.93
3-Feb-16,17.23,17.22,17.3,16.82,420.28
4-Feb-16,17.49,17.22,17.55,17.2,376.89
5-Feb-16,17.22,17.51,17.51,17.17,145.16
8-Feb-16,16.57,16.67,16.73,16.42,657.02
9-Feb-16,16.16,15.97,16.26,15.93,3.77
10-Feb-16,16.59,16.63,16.82,16.53,823.47
11-Feb-16,15.99,16.06,16.22,15.85,614.9
12-Feb-16,16.54,16.3,16.56,16.14,472.52
16-Feb-16,16.84,16.87,16.87,16.63,271.54
17-Feb-16,17.3,17.05,17.35,17.05,197.59
18-Feb-16,16.97,17.28,17.28,16.94,143.3
19-Feb-16,16.89,16.75,16.93,16.68,99.13
22-Feb-16,17.09,16.96,17.1,16.96,129.05
23-Feb-16,16.74,17,17,16.69,64.1
24-Feb-16,16.56,16.32,16.59,16.24,207.75
25-Feb-16,16.89,16.73,16.9,16.68,65.63
26-Feb-16,17.01,17.06,17.1,16.97,71.94
29-Feb-16,16.91,17.03,17.1,16.91,139.84
1-Mar-16,17.4,17.14,17.44,17.11,110.75
2-Mar-16,17.79,17.56,17.79,17.52,513.65
3-Mar-16,18.05,17.89,18.05,17.81,114.16
4-Mar-16,18.04,18.04,18.15,17.98,59.74
7-Mar-16,17.95,17.76,17.99,17.67,291.51
8-Mar-16,17.78,17.95,17.95,17.78,156.53
9-Mar-16,17.85,17.9,17.97,17.78,117
10-Mar-16,18,18.14,18.41,17.84,616.42
11-Mar-16,18.81,18.61,18.82,18.54,468.83
14-Mar-16,18.69,18.73,18.76,18.6,426.78
15-Mar-16,18.49,18.46,18.5,18.37,185.21
16-Mar-16,18.54,18.14,18.54,18.14,145.98
17-Mar-16,18.53,18.53,18.59,18.39,1
18-Mar-16,18.58,18.63,18.71,18.55,154.61
21-Mar-16,18.48,18.49,18.55,18.27,121.37
22-Mar-16,18.3,18.19,18.34,18.16,167.32
23-Mar-16,17.96,18.17,18.21,17.94,121.11
24-Mar-16,17.72,17.61,17.76,17.61,304.29
28-Mar-16,17.79,17.77,17.85,17.74,54.89
29-Mar-16,17.99,17.7,17.99,17.65,80.65
30-Mar-16,18.01,18.05,18.15,18,290.08
31-Mar-16,17.91,17.94,18.04,17.9,97.92
1-Apr-16,17.74,17.63,17.78,17.59,164.48
4-Apr-16,17.65,17.71,17.77,17.63,88.13
5-Apr-16,17.19,17.34,17.34,17.16,386.81
6-Apr-16,17.41,17.2,17.41,17.17,251.85
7-Apr-16,16.91,17.11,17.15,16.88,363.27
8-Apr-16,17.35,17.32,17.41,17.28,192.21
11-Apr-16,17.48,17.61,17.73,17.48,99.36
12-Apr-16,17.7,17.61,17.73,17.4,59.08
13-Apr-16,18.38,18.22,18.4,18.22,243.68
14-Apr-16,18.36,18.39,18.43,18.3,771.54
15-Apr-16,18.36,18.37,18.41,18.33,240.97
18-Apr-16,18.5,18.36,18.55,18.29,94.84
19-Apr-16,18.77,18.74,18.85,18.69,60.24
20-Apr-16,18.96,18.9,19.04,18.89,311.32
21-Apr-16,18.99,19.13,19.14,18.93,374.79
22-Apr-16,19.01,18.93,19.05,18.93,114.37
25-Apr-16,18.84,18.84,18.84,18.72,89.53
26-Apr-16,19.17,19.2,19.22,19.13,187.92
27-Apr-16,19.12,19,19.19,19,85.35
28-Apr-16,18.98,18.94,19.13,18.93,201.59
29-Apr-16,18.84,18.97,18.99,18.76,85.68
2-May-16,18.9,18.89,18.96,18.83,352.34
3-May-16,18.35,18.5,18.52,18.33,1.07
4-May-16,18.12,18.17,18.26,18.08,405.85
5-May-16,17.86,17.94,17.98,17.81,319.51
6-May-16,17.94,17.73,17.96,17.73,177.58
9-May-16,17.84,17.9,17.97,17.81,62.16
10-May-16,18.07,17.92,18.07,17.91,63.38
11-May-16,17.85,17.86,17.97,17.82,106.63
12-May-16,17.8,18.2,18.2,17.69,229.06
13-May-16,17.6,17.7,17.8,17.56,176.74
16-May-16,17.79,17.65,17.82,17.58,203.25
17-May-16,17.69,17.8,17.87,17.66,146.19
18-May-16,17.92,17.74,18.07,17.74,269.27
19-May-16,17.95,18.01,18.07,17.86,278.91
20-May-16,18.09,18.04,18.14,18.04,129.07
23-May-16,18.03,18.03,18.08,17.98,32.75
24-May-16,18.62,18.28,18.64,18.28,162.58
25-May-16,19.03,18.88,19.07,18.88,402.81
26-May-16,19.01,19.01,19.06,18.96,186.79
27-May-16,18.98,18.99,19.08,18.95,213.35
31-May-16,18.73,18.99,19.02,18.69,405.39
1-Jun-16,18.67,18.47,18.67,18.45,65.11
2-Jun-16,18.65,18.54,18.65,18.5,266.29
3-Jun-16,18.57,18.61,18.61,18.39,187.45
6-Jun-16,18.55,18.47,18.62,18.47,147.28
7-Jun-16,18.66,18.68,18.8,18.66,49.62
8-Jun-16,18.64,18.62,18.68,18.6,126.95
9-Jun-16,18.33,18.37,18.41,18.27,118.64
10-Jun-16,17.52,17.78,17.78,17.48,244.83
13-Jun-16,17.11,17.14,17.33,17.06,214.91
14-Jun-16,16.77,16.95,16.99,16.66,328.88
15-Jun-16,16.85,16.94,17.03,16.82,266.65
16-Jun-16,16.97,16.48,16.97,16.4,801.52
17-Jun-16,17.5,17.29,17.5,17.21,508.09
20-Jun-16,18.1,18.15,18.31,18.07,536.04
21-Jun-16,18.36,18.34,18.49,18.17,249.18
22-Jun-16,17.86,17.92,18.03,17.81,710.04
23-Jun-16,18.66,18.25,18.68,18.13,1.35
24-Jun-16,15.57,15.64,16.07,15.57,6.05
27-Jun-16,14.67,15.01,15.01,14.33,3.62
28-Jun-16,15.15,15.18,15.23,14.9,3
29-Jun-16,15.4,15.39,15.49,15.29,1.84
30-Jun-16,15.69,15.41,15.7,15.3,1.19
1-Jul-16,15.62,15.67,15.72,15.6,491.76
5-Jul-16,14.81,15.08,15.11,14.77,1.08
6-Jul-16,14.65,14.52,14.65,14.31,857.71
7-Jul-16,14.6,14.71,14.77,14.49,634.06
8-Jul-16,15.03,15.04,15.09,14.93,749.54
11-Jul-16,15.29,15.26,15.35,15.26,600.48
12-Jul-16,15.83,15.76,15.89,15.76,1.26
13-Jul-16,15.7,15.84,15.86,15.67,1.12
14-Jul-16,16.06,15.97,16.12,15.97,917.81
15-Jul-16,15.93,16,16.05,15.87,426.72
18-Jul-16,15.97,15.92,16.07,15.81,266.71
19-Jul-16,15.81,15.77,15.85,15.75,907.85
20-Jul-16,16.01,16.01,16.07,15.95,251.31
21-Jul-16,15.97,16.04,16.14,15.95,260.46
22-Jul-16,15.93,16.02,16.02,15.91,155.8
25-Jul-16,15.91,15.98,15.98,15.88,288.08
26-Jul-16,15.99,15.96,16,15.85,796.99
27-Jul-16,16.16,16.15,16.19,16.02,441.29
28-Jul-16,15.95,15.98,15.99,15.88,401.86
29-Jul-16,16.29,16.27,16.33,16.19,525.93
1-Aug-16,15.98,16.19,16.19,15.98,266.67
2-Aug-16,15.82,15.9,15.9,15.77,1.35
3-Aug-16,15.94,15.9,15.94,15.85,256.2
4-Aug-16,16.08,16.05,16.1,16,141.8
5-Aug-16,16.24,16.1,16.25,16.08,306.1
8-Aug-16,16.44,16.45,16.45,16.38,328.31
9-Aug-16,16.62,16.52,16.69,16.52,1.53
10-Aug-16,16.8,16.82,16.85,16.78,545.76
11-Aug-16,16.87,16.84,16.93,16.81,223.83
12-Aug-16,16.84,16.93,16.93,16.81,285.79
15-Aug-16,16.87,16.86,16.91,16.85,348.4
16-Aug-16,16.81,16.85,16.89,16.81,2.59
17-Aug-16,16.76,16.69,16.82,16.6,3.06
18-Aug-16,16.87,16.76,16.92,16.75,2.34
19-Aug-16,16.62,16.59,16.65,16.5,537.38
22-Aug-16,16.7,16.59,16.72,16.56,332.28
23-Aug-16,16.98,16.95,17.02,16.94,846.58
24-Aug-16,17.02,17.05,17.1,17,446.77
25-Aug-16,16.9,16.94,16.96,16.9,122.14
26-Aug-16,16.8,16.96,17.14,16.72,496.66
29-Aug-16,16.89,16.74,16.89,16.74,1.58
30-Aug-16,17.06,17.03,17.09,16.99,257.35
31-Aug-16,17.31,17.29,17.38,17.2,413.13
1-Sep-16,17.55,17.58,17.59,17.36,511.78
2-Sep-16,17.79,17.65,17.79,17.6,528.54
6-Sep-16,17.64,17.74,17.75,17.59,369.71
7-Sep-16,17.65,17.68,17.72,17.59,242.65
8-Sep-16,17.88,17.71,17.91,17.7,362.01
9-Sep-16,17.64,17.88,17.89,17.64,383.47
12-Sep-16,17.74,17.34,17.74,17.33,384.45
13-Sep-16,17,17.4,17.43,17,1.06
14-Sep-16,17.2,17.14,17.3,17.12,217.53
15-Sep-16,17.41,17.16,17.41,17.15,171.87
16-Sep-16,16.83,16.99,16.99,16.83,399.57
19-Sep-16,17.04,17.1,17.12,16.95,212.77
20-Sep-16,16.99,17.1,17.11,16.97,216.54
21-Sep-16,17.5,17.28,17.5,17.22,284.65
22-Sep-16,17.57,17.66,17.71,17.52,143.69
23-Sep-16,17.32,17.34,17.4,17.31,175.63
26-Sep-16,17,17.02,17.09,16.98,318.33
27-Sep-16,16.95,16.72,16.99,16.71,332.06
28-Sep-16,17.29,17.12,17.29,16.94,376.08
29-Sep-16,16.77,17.12,17.18,16.75,1.05
30-Sep-16,17.16,16.88,17.17,16.83,663.5
3-Oct-16,17.08,17.11,17.11,16.99,137.72
4-Oct-16,17.15,17.15,17.24,17.06,687.75
5-Oct-16,17.51,17.36,17.51,17.35,374.12
6-Oct-16,17.48,17.55,17.55,17.42,561.54
7-Oct-16,17.38,17.4,17.41,17.23,217.91
10-Oct-16,17.36,17.31,17.42,17.31,171.76
11-Oct-16,17.1,17.24,17.3,17.04,252.18
12-Oct-16,17.16,17.12,17.21,17.09,212.19
13-Oct-16,16.84,16.77,16.92,16.67,279.79
14-Oct-16,16.97,17.08,17.17,16.97,271.08
17-Oct-16,16.97,17.03,17.05,16.94,103.94
18-Oct-16,17.35,17.25,17.35,17.22,459.86
19-Oct-16,17.42,17.32,17.45,17.32,151.95
20-Oct-16,17.55,17.43,17.58,17.41,261.97
21-Oct-16,17.55,17.44,17.56,17.41,116.72
24-Oct-16,17.81,17.75,17.81,17.7,401.45
25-Oct-16,17.72,17.68,17.76,17.63,251
26-Oct-16,17.65,17.67,17.8,17.63,547.77
27-Oct-16,17.89,17.87,17.94,17.82,261.91
28-Oct-16,17.82,17.82,17.9,17.79,560.87
31-Oct-16,17.75,17.78,17.82,17.7,203.84
1-Nov-16,17.59,17.81,17.83,17.58,287.85
2-Nov-16,17.34,17.53,17.55,17.32,259.01
3-Nov-16,17.51,17.57,17.63,17.46,216.52
4-Nov-16,17.2,17.34,17.4,17.2,214.27
7-Nov-16,17.76,17.64,17.76,17.61,293.52
8-Nov-16,17.83,17.62,17.89,17.59,186.99
9-Nov-16,18.13,17.66,18.16,17.66,409.86
10-Nov-16,18.55,18.52,18.64,18.28,928.81
11-Nov-16,18.36,18.26,18.36,18.19,225.8
14-Nov-16,18.4,18.26,18.41,18.26,524.14
15-Nov-16,18.47,18.3,18.48,18.19,263.14
16-Nov-16,18.08,18.18,18.2,18.04,217.1
17-Nov-16,18.17,18.13,18.2,18.02,304.78
18-Nov-16,17.85,18,18,17.85,251.3
21-Nov-16,18.02,17.94,18.02,17.9,256.25
22-Nov-16,18.23,18.15,18.23,18.09,563.49
23-Nov-16,18.01,17.88,18.07,17.85,491.28
25-Nov-16,18.01,17.99,18.02,17.95,110.3
28-Nov-16,17.58,17.81,17.82,17.58,508.55
29-Nov-16,17.93,17.75,17.93,17.71,1.06
30-Nov-16,17.97,17.9,18.01,17.9,361.1
1-Dec-16,18.14,18.03,18.16,18,563.33
2-Dec-16,18.11,17.95,18.15,17.93,4.3
5-Dec-16,18.41,18.2,18.42,18.2,1.14
6-Dec-16,19.01,18.81,19.07,18.69,4.59
7-Dec-16,19.64,19.23,19.65,19.22,4.86
8-Dec-16,19.54,19.51,19.6,19.41,6.7
9-Dec-16,19.38,19.28,19.38,19.2,1.28
12-Dec-16,19.15,19.21,19.29,19.14,1.38
13-Dec-16,19.44,19.3,19.45,19.3,832.92
14-Dec-16,18.99,19.34,19.38,18.99,1.09
15-Dec-16,19.14,19.11,19.19,19.09,716.92
16-Dec-16,19.11,19.16,19.24,19.08,1.84
19-Dec-16,18.86,18.99,19,18.86,925.1
20-Dec-16,19.05,18.92,19.05,18.92,1.14
21-Dec-16,18.99,18.92,19,18.91,2.1
22-Dec-16,18.92,18.99,19,18.9,809.09
23-Dec-16,18.93,18.9,18.95,18.88,512.45
27-Dec-16,18.93,18.96,18.96,18.9,291.53
28-Dec-16,18.67,18.78,18.81,18.67,398.92
29-Dec-16,18.76,18.72,18.79,18.72,278.14
30-Dec-16,18.96,18.95,19.06,18.9,624.62
3-Jan-17,19.34,19.29,19.34,19.23,575.21
4-Jan-17,19.57,19.42,19.57,19.36,543.28
5-Jan-17,19.59,19.54,19.62,19.52,1.09
6-Jan-17,19.57,19.52,19.61,19.47,1.12
9-Jan-17,19.25,19.27,19.32,19.18,1.78
10-Jan-17,19.21,19.23,19.33,19.21,2.31
11-Jan-17,19.32,19.11,19.32,19.07,885.5
12-Jan-17,19.28,19.37,19.41,19.21,894.48
13-Jan-17,19.49,19.45,19.53,19.45,962.09
17-Jan-17,19.38,19.49,19.53,19.35,574.64
18-Jan-17,19.27,19.25,19.29,19.18,346.75
19-Jan-17,19.3,19.33,19.4,19.22,183.09
20-Jan-17,19.44,19.36,19.44,19.34,208.53
23-Jan-17,19.41,19.36,19.42,19.26,298.58
24-Jan-17,19.61,19.46,19.63,19.46,625.39
25-Jan-17,20.17,19.96,20.17,19.95,1.44
26-Jan-17,19.99,20.16,20.18,19.95,1.66
27-Jan-17,19.9,19.95,19.97,19.83,1.03
30-Jan-17,19.62,19.66,19.67,19.54,607.23
31-Jan-17,19.69,19.75,19.79,19.58,572.73
1-Feb-17,19.87,19.86,19.87,19.76,491.34
2-Feb-17,19.74,19.82,19.83,19.7,552.85
3-Feb-17,19.97,19.9,20.02,19.89,872.41
6-Feb-17,19.57,19.75,19.79,19.54,3.35
7-Feb-17,19.5,19.52,19.52,19.45,368.92
8-Feb-17,19.31,19.25,19.37,19.12,636.91
9-Feb-17,19.53,19.4,19.56,19.4,1.13
10-Feb-17,19.43,19.37,19.45,19.33,267.64
13-Feb-17,19.56,19.52,19.59,19.48,777.51
14-Feb-17,19.68,19.56,19.68,19.51,420.76
15-Feb-17,19.85,19.72,19.85,19.69,4.08
16-Feb-17,19.83,19.85,19.86,19.75,219.93
17-Feb-17,19.6,19.55,19.64,19.53,375.6
21-Feb-17,19.48,19.45,19.51,19.43,1.1
22-Feb-17,19.47,19.3,19.48,19.26,1.28
23-Feb-17,19.44,19.47,19.51,19.37,157.99
24-Feb-17,19.17,19.04,19.19,19.04,347.03
27-Feb-17,19.19,19.1,19.19,19.09,536.18
28-Feb-17,19.17,19.11,19.23,19.11,193.21
1-Mar-17,19.59,19.44,19.64,19.44,578.68
2-Mar-17,19.43,19.5,19.56,19.43,744.39
3-Mar-17,19.79,19.72,19.85,19.65,1.91
6-Mar-17,19.63,19.7,19.7,19.59,847.54
7-Mar-17,19.51,19.52,19.56,19.45,1.72
8-Mar-17,19.49,19.68,19.7,19.49,830.43
9-Mar-17,19.9,19.85,19.9,19.78,1.27
10-Mar-17,20.24,20.01,20.24,19.98,1.05
13-Mar-17,20.13,20.13,20.16,20.1,605.61
14-Mar-17,19.84,19.9,19.91,19.8,749.72
15-Mar-17,20.16,20,20.2,19.96,2
16-Mar-17,20.53,20.39,20.53,20.35,2.03
17-Mar-17,20.36,20.5,20.5,20.32,779.94
20-Mar-17,20.25,20.38,20.42,20.25,1.37
21-Mar-17,20.38,20.68,20.73,20.29,1.79
22-Mar-17,20.24,20.18,20.32,20.11,964.03
23-Mar-17,20.24,20.24,20.32,20.19,791.67
24-Mar-17,20.29,20.27,20.3,20.18,940.2
27-Mar-17,20.37,20.15,20.38,20.15,724.22
28-Mar-17,20.46,20.37,20.51,20.37,1.57
29-Mar-17,20.3,20.3,20.33,20.21,1.31
30-Mar-17,20.29,20.3,20.36,20.25,552.44
31-Mar-17,20.32,20.27,20.37,20.21,504.1
3-Apr-17,20.09,20.15,20.21,19.93,554.3
4-Apr-17,20.05,20.02,20.07,19.92,439.96
5-Apr-17,19.96,20.16,20.2,19.95,530
6-Apr-17,20.1,20.04,20.14,19.99,892.63
7-Apr-17,19.98,20,20.04,19.96,396.68
10-Apr-17,19.92,19.93,19.98,19.9,348.2
11-Apr-17,20,19.98,20,19.8,655.42
12-Apr-17,19.88,19.92,19.92,19.79,477.95
13-Apr-17,19.56,19.69,19.74,19.56,1.31
17-Apr-17,19.87,19.6,19.87,19.6,1.03
18-Apr-17,19.71,19.68,19.71,19.57,442.26
19-Apr-17,19.81,19.91,19.93,19.76,1.14
20-Apr-17,20.02,20.08,20.13,20.02,2.85
21-Apr-17,20.09,20.13,20.14,20.05,5.09
24-Apr-17,21.25,21.15,21.25,21.11,1.51
25-Apr-17,21.47,21.39,21.5,21.34,3.54
26-Apr-17,21.33,21.38,21.43,21.31,2.28
27-Apr-17,21.3,21.31,21.32,21.22,446.24
28-Apr-17,21.28,21.42,21.43,21.28,574.3
1-May-17,21.4,21.38,21.46,21.31,554.16
2-May-17,21.55,21.46,21.63,21.42,1.43
3-May-17,21.6,21.55,21.67,21.54,1.7
4-May-17,22.09,21.81,22.09,21.81,2.69
5-May-17,22.36,22.12,22.42,22.07,6.77
8-May-17,21.95,22.02,22.04,21.91,1.93
9-May-17,21.84,21.97,21.99,21.83,2.56
10-May-17,22.01,21.93,22.01,21.87,871.15
11-May-17,21.88,21.89,21.9,21.76,833.48
12-May-17,21.95,21.91,21.95,21.85,603.78
15-May-17,22.16,22.1,22.17,22.06,900.2
16-May-17,22.29,22.3,22.35,22.2,1.44
17-May-17,21.77,22.04,22.07,21.76,1.61
18-May-17,21.82,21.73,21.89,21.66,2.28
19-May-17,22.17,22.04,22.18,22.03,720.29
22-May-17,22.18,22.26,22.26,22.11,1.61
23-May-17,22.28,22.29,22.31,22.17,608.42
24-May-17,22.26,22.19,22.27,22.16,936.05
25-May-17,22.21,22.26,22.28,22.18,655.55
26-May-17,22.03,22.05,22.06,21.98,498.45
30-May-17,21.89,21.95,21.97,21.87,779
31-May-17,21.9,22.08,22.12,21.86,3.65
1-Jun-17,22.05,21.93,22.05,21.88,1.39
2-Jun-17,22.12,22.07,22.14,22.02,806.39
5-Jun-17,22.03,22.03,22.08,21.98,680.71
6-Jun-17,21.83,21.91,21.92,21.8,1.37
7-Jun-17,22.05,22.05,22.1,21.93,914.23
8-Jun-17,22.15,21.99,22.15,21.96,492.84
9-Jun-17,22.13,22.06,22.2,22.01,941.07
12-Jun-17,22,22.06,22.08,21.91,693.01
13-Jun-17,22.16,22.11,22.16,22.05,437.05
14-Jun-17,22.01,22.16,22.16,21.95,482.59
15-Jun-17,21.8,21.69,21.82,21.64,467.59
16-Jun-17,22.04,21.87,22.04,21.84,363.87
19-Jun-17,22.13,22.17,22.24,22.12,1.02
20-Jun-17,21.31,21.54,21.54,21.25,768.61
21-Jun-17,21.24,21.22,21.3,21.18,559.43
22-Jun-17,21.14,21.16,21.2,21.08,515.33
23-Jun-17,21.17,21.15,21.24,21.08,553.01
26-Jun-17,21.34,21.48,21.5,21.3,276.46
27-Jun-17,21.54,21.5,21.61,21.46,706.72
28-Jun-17,21.99,21.67,22.01,21.67,873.93
29-Jun-17,22.05,22.32,22.32,21.91,2.09
30-Jun-17,21.94,22.1,22.1,21.79,1.31
3-Jul-17,22.25,22.19,22.28,22.12,655.34
5-Jul-17,22.3,22.25,22.31,22.14,1.66
6-Jul-17,22.46,22.33,22.54,22.3,4.19
7-Jul-17,22.51,22.43,22.52,22.34,4.85
10-Jul-17,22.54,22.5,22.55,22.43,1.14
11-Jul-17,22.53,22.52,22.55,22.37,3.02
12-Jul-17,22.59,22.6,22.6,22.51,1.21
13-Jul-17,22.83,22.7,22.84,22.69,2.46
14-Jul-17,22.81,22.69,22.85,22.63,975.92
17-Jul-17,22.71,22.73,22.74,22.67,1.64
18-Jul-17,22.65,22.58,22.65,22.52,449.95
19-Jul-17,22.68,22.61,22.68,22.57,610.81
20-Jul-17,22.77,22.74,22.79,22.67,1.34
21-Jul-17,22.63,22.63,22.65,22.5,1.45
24-Jul-17,22.75,22.67,22.76,22.6,977.64
25-Jul-17,23.02,23.1,23.11,22.98,642.49
26-Jul-17,23.15,23.06,23.23,22.99,5.16
27-Jul-17,23.04,23.17,23.17,22.98,3.3
28-Jul-17,23.14,22.98,23.15,22.96,2.05
31-Jul-17,23.22,23.14,23.25,23.07,1.57
1-Aug-17,23.43,23.44,23.49,23.37,958.51
2-Aug-17,23.41,23.4,23.43,23.32,1.38
3-Aug-17,23.48,23.42,23.5,23.35,1.09
4-Aug-17,23.52,23.56,23.59,23.45,864.88
7-Aug-17,23.57,23.53,23.57,23.49,691.56
8-Aug-17,23.42,23.54,23.56,23.38,2.43
9-Aug-17,23.22,23.08,23.25,23.02,1.35
10-Aug-17,22.74,23.02,23.02,22.74,1.16
11-Aug-17,22.64,22.72,22.73,22.57,1.57
14-Aug-17,22.92,22.96,23,22.9,540.3
15-Aug-17,22.91,22.92,22.92,22.8,313.48
16-Aug-17,22.97,23.01,23.04,22.94,538.51
17-Aug-17,22.52,22.73,22.77,22.52,891.12
18-Aug-17,22.67,22.52,22.72,22.52,619.36
21-Aug-17,22.61,22.56,22.64,22.52,317.4
22-Aug-17,22.63,22.54,22.64,22.54,830.92
23-Aug-17,22.55,22.55,22.59,22.47,407.81
24-Aug-17,22.61,22.75,22.75,22.61,532.44
25-Aug-17,22.8,22.73,22.88,22.73,684.35
28-Aug-17,22.79,22.84,22.86,22.77,391.66
29-Aug-17,22.62,22.57,22.66,22.52,3.34
30-Aug-17,22.53,22.57,22.62,22.52,2.09
31-Aug-17,22.67,22.62,22.69,22.55,494.47
1-Sep-17,22.7,22.71,22.77,22.67,368.02
5-Sep-17,22.17,22.46,22.47,22.16,1.27
6-Sep-17,22.4,22.29,22.41,22.26,1.84
7-Sep-17,22.31,22.49,22.54,22.28,434.57
8-Sep-17,22.44,22.5,22.55,22.43,2.88
11-Sep-17,22.81,22.69,22.85,22.69,630.98
12-Sep-17,23.03,23.06,23.11,23.01,950.74
13-Sep-17,22.98,23.11,23.11,22.94,1.19
14-Sep-17,23.04,22.96,23.06,22.96,709.58
15-Sep-17,23.03,23.01,23.07,22.97,3.1
18-Sep-17,23.1,23.15,23.16,23.06,1.63
19-Sep-17,23.22,23.17,23.24,23.14,1.45
20-Sep-17,23.11,23.17,23.2,23.01,1.86
21-Sep-17,23.3,23.3,23.33,23.24,1.81
22-Sep-17,23.35,23.34,23.39,23.29,6.75
25-Sep-17,22.98,23.1,23.11,22.9,1.85
26-Sep-17,22.79,22.93,22.93,22.75,1.13
27-Sep-17,23.17,23.17,23.22,23.1,1.31
28-Sep-17,23.3,23.25,23.32,23.21,948.47
29-Sep-17,23.48,23.3,23.52,23.3,1.71
2-Oct-17,23.29,23.36,23.36,23.22,1.33
3-Oct-17,23.41,23.33,23.41,23.3,936
4-Oct-17,23.16,23.22,23.23,23.15,712.22
5-Oct-17,23.24,23.17,23.32,23.16,1.62
6-Oct-17,23.35,23.25,23.35,23.2,1.11
9-Oct-17,23.25,23.34,23.34,23.23,758.41
10-Oct-17,23.53,23.35,23.53,23.29,1.18
11-Oct-17,23.49,23.4,23.5,23.36,2.16
12-Oct-17,23.38,23.39,23.42,23.33,788.46
13-Oct-17,23.29,23.38,23.38,23.27,744.36
16-Oct-17,23.27,23.25,23.27,23.18,1.09
17-Oct-17,23.15,23.21,23.22,23.13,873.62
18-Oct-17,23.32,23.22,23.34,23.2,614.27
19-Oct-17,23.29,23.21,23.29,23.2,891.39
20-Oct-17,23.37,23.47,23.48,23.37,1.02
23-Oct-17,23.15,23.26,23.29,23.15,943.42
24-Oct-17,23.29,23.32,23.38,23.27,3.25
25-Oct-17,23.38,23.46,23.46,23.23,1.43
26-Oct-17,23.29,23.43,23.43,23.27,655.64
27-Oct-17,23.05,23.05,23.09,22.96,774.9
30-Oct-17,23.12,23.06,23.14,23.06,443.16
31-Oct-17,23.15,23.18,23.21,23.12,908.01
1-Nov-17,23.09,23.14,23.21,23.09,733.23
2-Nov-17,23.2,23.1,23.23,23.08,1.07
3-Nov-17,22.92,22.99,23.02,22.87,741.34
6-Nov-17,22.89,22.79,22.89,22.75,1.64
7-Nov-17,22.71,22.9,22.91,22.68,2.56
8-Nov-17,22.76,22.7,22.81,22.65,3.93
9-Nov-17,22.8,22.76,22.81,22.64,909.52
10-Nov-17,22.84,22.86,22.9,22.81,1.19
13-Nov-17,22.7,22.54,22.72,22.51,697.85
14-Nov-17,22.74,22.65,22.74,22.6,727.9
15-Nov-17,22.76,22.59,22.8,22.56,576.83
16-Nov-17,22.84,22.86,22.87,22.77,1.97
17-Nov-17,22.78,22.74,22.83,22.72,748.5
20-Nov-17,22.73,22.72,22.76,22.68,5.05
21-Nov-17,22.77,22.84,22.87,22.77,499.09
22-Nov-17,22.9,22.93,22.98,22.82,751.71
24-Nov-17,23.14,23.16,23.2,23.13,465.38
27-Nov-17,22.97,23.06,23.11,22.95,2.13
28-Nov-17,23.11,22.99,23.16,22.92,3.37
29-Nov-17,23.24,23.28,23.39,23.21,1.03
30-Nov-17,23.24,23.36,23.39,23.22,1.02
1-Dec-17,23.07,23.15,23.16,22.95,2.32
4-Dec-17,23.09,23.19,23.23,23.07,667.65
5-Dec-17,22.94,23.01,23.04,22.9,495.58
6-Dec-17,22.71,22.73,22.81,22.7,772.98
7-Dec-17,22.85,22.77,22.92,22.76,481.98
8-Dec-17,23.19,23.26,23.26,23.13,1.16
11-Dec-17,23.24,23.31,23.31,23.22,997.65
12-Dec-17,23.26,23.21,23.28,23.18,3.66
13-Dec-17,23.32,23.37,23.4,23.28,1.02
14-Dec-17,23.2,23.39,23.41,23.19,596.67
15-Dec-17,23.13,23.14,23.18,23.06,807.51
18-Dec-17,23.46,23.46,23.53,23.41,877.84
19-Dec-17,23.3,23.37,23.38,23.21,6.8
20-Dec-17,23.2,23.31,23.32,23.18,1.02
21-Dec-17,23.35,23.22,23.41,23.2,2.73
22-Dec-17,23.28,23.26,23.3,23.19,2.23
26-Dec-17,23.3,23.27,23.33,23.27,671.8
27-Dec-17,23.26,23.27,23.29,23.22,418.31
28-Dec-17,23.31,23.35,23.37,23.28,270.28
29-Dec-17,23.31,23.36,23.4,23.3,320.97
2-Jan-18,23.5,23.43,23.5,23.36,761.48
3-Jan-18,23.47,23.36,23.5,23.33,4.5
4-Jan-18,23.87,23.81,23.93,23.79,1.63
5-Jan-18,23.89,23.9,23.91,23.76,1.1
8-Jan-18,23.82,23.8,23.84,23.76,1.51
9-Jan-18,23.93,23.78,23.95,23.78,1.95
10-Jan-18,24.31,24.29,24.39,24.28,5.43
11-Jan-18,24.62,24.55,24.62,24.51,1.86
12-Jan-18,24.93,24.78,24.93,24.74,2.96
16-Jan-18,24.9,25,25,24.84,2.13
17-Jan-18,25.04,24.93,25.12,24.8,1.52
18-Jan-18,25.11,25.02,25.16,25.01,1.58
19-Jan-18,25.21,25.16,25.22,25.08,1.34
22-Jan-18,25.51,25.36,25.52,25.33,1.89
23-Jan-18,25.45,25.44,25.47,25.38,3.36
24-Jan-18,25.66,25.74,25.78,25.55,3.13
25-Jan-18,25.66,25.85,25.85,25.61,4.11
26-Jan-18,25.83,25.75,25.83,25.68,5.99
29-Jan-18,25.62,25.62,25.66,25.49,3.41
30-Jan-18,25.32,25.46,25.5,25.31,2.43
31-Jan-18,25.33,25.39,25.44,25.28,1.81
1-Feb-18,25.53,25.3,25.55,25.3,4.82
2-Feb-18,24.92,25.28,25.28,24.91,1.72
5-Feb-18,23.94,24.69,24.85,23.87,4.22
6-Feb-18,24.35,23.84,24.36,23.82,3.61
7-Feb-18,24.11,24.13,24.35,24.03,1.89
8-Feb-18,23.57,24.38,24.38,23.57,2.21
9-Feb-18,23.67,23.6,23.78,23.04,3.02
12-Feb-18,23.96,23.75,24.01,23.65,6.17
13-Feb-18,23.93,23.86,23.93,23.76,5.15
14-Feb-18,24.4,23.75,24.41,23.73,1.35
15-Feb-18,24.53,24.53,24.55,24.29,2.5
16-Feb-18,24.48,24.42,24.61,24.37,695.99
20-Feb-18,24.25,24.34,24.38,24.18,3.39
21-Feb-18,24.24,24.37,24.57,24.23,1.12
22-Feb-18,24.29,24.31,24.42,24.23,727.06
23-Feb-18,24.39,24.29,24.4,24.21,3.04
26-Feb-18,24.48,24.36,24.48,24.25,1.17
27-Feb-18,24.15,24.31,24.42,24.15,1.15
28-Feb-18,23.93,24.27,24.3,23.93,1.87
1-Mar-18,23.72,23.88,23.97,23.53,2.34
2-Mar-18,23.64,23.51,23.66,23.38,3.11
5-Mar-18,23.61,23.38,23.64,23.32,507.28
6-Mar-18,23.83,23.84,23.87,23.7,3.62
7-Mar-18,23.84,23.72,23.88,23.67,621
8-Mar-18,23.8,23.93,24,23.72,578.13
9-Mar-18,23.87,23.8,23.88,23.74,606.75
12-Mar-18,23.95,23.88,23.97,23.84,2.34
13-Mar-18,23.69,23.96,23.97,23.66,992.26
14-Mar-18,23.67,23.86,23.86,23.59,885.71
15-Mar-18,23.72,23.68,23.82,23.62,2.38
16-Mar-18,23.81,23.86,23.95,23.8,1.65
19-Mar-18,23.7,23.89,23.89,23.6,2.04
20-Mar-18,23.74,23.72,23.82,23.68,553.56
21-Mar-18,23.65,23.63,23.76,23.53,646.63
22-Mar-18,22.97,23.24,23.25,22.96,1.16
23-Mar-18,22.68,23,23.03,22.68,1.38
26-Mar-18,23.24,23.13,23.24,22.91,1.55
27-Mar-18,22.83,23.25,23.25,22.75,1.16
28-Mar-18,23.01,22.96,23.2,22.88,1.55
29-Mar-18,23.1,23.15,23.22,23,845.11
2-Apr-18,22.76,23.14,23.15,22.6,1.72
3-Apr-18,22.92,22.87,22.95,22.76,1.11
4-Apr-18,22.96,22.58,22.97,22.58,1.43
5-Apr-18,23.12,23.06,23.18,23.06,721.23
6-Apr-18,22.96,23.13,23.18,22.9,1.22
9-Apr-18,23.18,23.23,23.36,23.15,1.03
10-Apr-18,23.45,23.45,23.52,23.37,1.26
11-Apr-18,23.32,23.44,23.45,23.31,692.13
12-Apr-18,23.54,23.44,23.57,23.44,1.8
13-Apr-18,23.55,23.79,23.79,23.49,2.1
16-Apr-18,23.67,23.66,23.7,23.61,460.68
17-Apr-18,23.75,23.77,23.79,23.71,391.26
18-Apr-18,23.82,23.82,23.91,23.8,919.51
19-Apr-18,23.92,23.9,24,23.87,600.46
20-Apr-18,23.87,23.84,23.92,23.81,197.1
23-Apr-18,23.95,23.91,23.99,23.86,464.75
24-Apr-18,23.78,23.91,23.99,23.71,716.05
25-Apr-18,23.67,23.62,23.72,23.53,1.81
26-Apr-18,23.65,23.67,23.7,23.58,280.72
27-Apr-18,23.62,23.62,23.65,23.5,1.41
30-Apr-18,23.48,23.56,23.63,23.48,687.27
1-May-18,23.37,23.42,23.49,23.26,429.42
2-May-18,23.34,23.52,23.55,23.34,402.74
3-May-18,23.31,23.32,23.34,23.1,668.38
4-May-18,23.25,22.97,23.3,22.93,543.03
7-May-18,23.24,23.25,23.3,23.19,6.74
8-May-18,23.16,23.06,23.17,23.03,1.04
9-May-18,23.39,23.29,23.43,23.29,577.4
10-May-18,23.53,23.4,23.53,23.35,565.74
11-May-18,23.58,23.59,23.65,23.56,203.28
14-May-18,23.5,23.54,23.56,23.45,1.22
15-May-18,23.4,23.32,23.47,23.26,626.48
16-May-18,23.13,23.09,23.18,23.04,621.38
17-May-18,23.11,23.07,23.18,23.03,507.2
18-May-18,22.93,23.03,23.03,22.91,550.02
21-May-18,23.03,22.98,23.06,22.98,364.44
22-May-18,23.21,23.22,23.28,23.19,695.22
23-May-18,22.77,22.82,22.83,22.67,845.95
24-May-18,22.59,22.66,22.68,22.45,916.49
25-May-18,22.3,22.28,22.37,22.21,1.59
29-May-18,21.12,21.5,21.58,21.03,11.17
30-May-18,21.6,21.45,21.67,21.34,4.39
31-May-18,21.47,21.44,21.53,21.27,2.12
1-Jun-18,21.82,21.85,21.92,21.69,1.4
4-Jun-18,21.87,21.98,22,21.87,670.86
5-Jun-18,21.58,21.74,21.76,21.55,3.78
6-Jun-18,21.93,21.64,21.95,21.63,3.48
7-Jun-18,21.85,22,22.07,21.8,2.91
8-Jun-18,21.76,21.76,21.8,21.64,826.03
11-Jun-18,22.17,21.97,22.19,21.96,3.96
12-Jun-18,22.07,22.17,22.23,22.05,1.94
13-Jun-18,22.01,22.08,22.1,21.96,1.54
14-Jun-18,21.87,21.92,22,21.87,1.16
15-Jun-18,21.57,21.46,21.59,21.45,1.04
18-Jun-18,21.41,21.34,21.42,21.29,1.4
19-Jun-18,20.55,20.39,20.55,20.33,4.08
20-Jun-18,20.55,20.61,20.66,20.51,2.8
21-Jun-18,20.32,20.43,20.43,20.25,1.18
22-Jun-18,20.58,20.59,20.66,20.52,688.87
25-Jun-18,20.27,20.37,20.44,20.23,1.07
26-Jun-18,20.24,20.32,20.34,20.17,2.98
27-Jun-18,19.87,20.1,20.23,19.86,4.75
28-Jun-18,20.03,19.93,20.06,19.89,1.99
29-Jun-18,20.23,20.26,20.4,20.19,1.16
2-Jul-18,20.09,19.94,20.12,19.91,574.63
3-Jul-18,20.18,20.24,20.3,20.18,734.68
5-Jul-18,20.52,20.54,20.57,20.48,2.59
6-Jul-18,20.59,20.46,20.63,20.45,1.1
9-Jul-18,20.8,20.75,20.8,20.71,1.32
10-Jul-18,20.65,20.65,20.68,20.57,989.15
11-Jul-18,20.27,20.39,20.46,20.21,1.93
12-Jul-18,20.36,20.34,20.39,20.3,816.85
13-Jul-18,20.38,20.34,20.38,20.22,1.45
16-Jul-18,20.49,20.43,20.52,20.4,935.72
17-Jul-18,20.44,20.4,20.48,20.39,6.82
18-Jul-18,20.4,20.39,20.46,20.33,15.39
19-Jul-18,20.31,20.31,20.37,20.26,4.79
20-Jul-18,20.44,20.3,20.46,20.3,736.71
23-Jul-18,20.54,20.46,20.54,20.46,1.07
24-Jul-18,20.8,20.8,20.92,20.76,1.18
25-Jul-18,20.88,20.76,20.92,20.61,768.59
26-Jul-18,20.73,20.83,20.84,20.73,421.35
27-Jul-18,20.79,20.83,20.93,20.78,851.39
30-Jul-18,21.01,21,21.12,20.99,1.65
31-Jul-18,21.13,21.3,21.3,21.12,727.55
1-Aug-18,20.99,21.14,21.14,20.93,717.2
2-Aug-18,20.65,20.6,20.66,20.51,480.73
3-Aug-18,20.69,20.62,20.7,20.6,422.62
6-Aug-18,20.53,20.5,20.57,20.44,585.4
7-Aug-18,20.68,20.73,20.77,20.67,873.3
8-Aug-18,20.72,20.66,20.75,20.62,317.57
9-Aug-18,20.62,20.69,20.73,20.61,344.4
10-Aug-18,20.02,20.03,20.1,19.95,1.88
13-Aug-18,19.87,19.99,20.02,19.86,1.2
14-Aug-18,19.81,19.81,19.83,19.71,1.38
15-Aug-18,19.51,19.55,19.55,19.38,1.75
16-Aug-18,19.67,19.73,19.79,19.65,1
17-Aug-18,19.69,19.57,19.74,19.56,1.58
20-Aug-18,19.78,19.74,19.81,19.73,446.84
21-Aug-18,20.08,20.05,20.15,19.99,9.82
22-Aug-18,20.19,20.2,20.23,20.14,7.56
23-Aug-18,19.95,20.02,20.09,19.95,5.52
24-Aug-18,20.12,20.14,20.18,20.1,1.05
27-Aug-18,20.41,20.22,20.42,20.22,2.83
28-Aug-18,20.3,20.46,20.46,20.29,582.16
29-Aug-18,20.4,20.23,20.42,20.21,1.57
30-Aug-18,20.12,20.19,20.21,20.09,1.48
31-Aug-18,19.92,20.01,20.07,19.85,947.49
4-Sep-18,20.03,19.83,20.04,19.78,1.25
5-Sep-18,20.14,20.16,20.23,20.07,4.72
6-Sep-18,20.01,20.09,20.18,19.94,794.63
7-Sep-18,19.73,19.71,19.78,19.66,1.06
10-Sep-18,19.98,19.99,20.01,19.95,510.78
11-Sep-18,19.9,19.77,19.93,19.75,808.87
12-Sep-18,19.88,19.8,19.95,19.78,573.48
13-Sep-18,20.14,20.15,20.22,20.08,545.56
14-Sep-18,20.12,20.08,20.18,20.05,768.63
17-Sep-18,20.25,20.27,20.33,20.23,1.13
18-Sep-18,20.32,20.27,20.34,20.26,503.9
19-Sep-18,20.59,20.42,20.59,20.42,946.23
20-Sep-18,21.05,21,21.06,20.93,1.8
21-Sep-18,20.99,21.04,21.04,20.96,899.54
24-Sep-18,20.89,21.12,21.12,20.89,787.83
25-Sep-18,21.04,21.1,21.13,21,1.12
26-Sep-18,20.95,20.99,21.1,20.95,706.72
27-Sep-18,20.82,20.86,20.98,20.82,901.27
28-Sep-18,20.28,20.26,20.41,20.21,548.71
1-Oct-18,20.14,20.3,20.33,20.12,1.42
2-Oct-18,19.93,20.02,20.02,19.86,5
3-Oct-18,20.03,20.09,20.1,19.98,2.19
4-Oct-18,20.05,20.18,20.23,19.99,1.5
5-Oct-18,19.9,20.01,20.01,19.83,1.14
8-Oct-18,19.69,19.56,19.72,19.54,776.03
9-Oct-18,19.67,19.57,19.73,19.52,1.6
10-Oct-18,19.48,19.84,19.84,19.44,1.02
11-Oct-18,19.1,19.42,19.44,19.05,1.95
12-Oct-18,19.16,19.32,19.34,18.98,1.42
15-Oct-18,19.1,19.12,19.19,19.07,874.09
16-Oct-18,19.31,19.23,19.32,19.2,1.05
17-Oct-18,19.13,19.17,19.25,19.07,1.08
18-Oct-18,18.66,19.01,19.05,18.62,2.29
19-Oct-18,18.83,18.69,18.92,18.68,1.5
22-Oct-18,18.66,18.76,18.84,18.64,943.56
23-Oct-18,18.53,18.42,18.61,18.33,1.17
24-Oct-18,17.94,18.34,18.37,17.94,1.77
25-Oct-18,18.21,18.17,18.29,18.11,2.03
26-Oct-18,18.08,17.95,18.18,17.83,1.16
29-Oct-18,18.22,18.45,18.5,18.09,954.15
30-Oct-18,18.36,18.28,18.38,18.22,1.56
31-Oct-18,18.47,18.44,18.63,18.44,897.97
1-Nov-18,18.86,18.73,18.86,18.72,3.29
2-Nov-18,19.01,19.06,19.13,18.88,928.54
5-Nov-18,18.86,18.94,18.99,18.82,900.54
6-Nov-18,18.95,18.8,18.95,18.79,347.36
7-Nov-18,19.18,19.14,19.19,19.07,1.47
8-Nov-18,19.01,19.17,19.26,18.98,793.33
9-Nov-18,18.96,18.93,18.99,18.84,691.99
12-Nov-18,18.51,18.72,18.73,18.51,576.66
13-Nov-18,18.83,18.71,18.95,18.71,697.37
14-Nov-18,18.79,18.93,18.96,18.66,2.04
15-Nov-18,18.68,18.41,18.71,18.36,791.42
16-Nov-18,18.61,18.53,18.63,18.48,565.12
19-Nov-18,18.55,18.65,18.69,18.49,500.15
20-Nov-18,18.02,18.18,18.2,18,1.46
21-Nov-18,18.31,18.24,18.39,18.23,821.97
23-Nov-18,18.15,18.2,18.25,18.15,362.48
26-Nov-18,18.67,18.62,18.7,18.59,767.15
27-Nov-18,18.57,18.51,18.59,18.47,715.62
28-Nov-18,18.81,18.56,18.82,18.46,862.23
29-Nov-18,18.61,18.6,18.68,18.56,2.05
30-Nov-18,18.43,18.39,18.47,18.35,1.38
3-Dec-18,18.7,18.72,18.75,18.63,2.32
4-Dec-18,18.13,18.57,18.61,18.11,3.15
6-Dec-18,17.76,17.63,17.78,17.45,2.51
7-Dec-18,17.53,17.74,17.86,17.5,1.21
10-Dec-18,17.32,17.45,17.5,17.18,1.74
11-Dec-18,17.2,17.42,17.44,17.14,2.32
12-Dec-18,17.66,17.58,17.76,17.58,2.65
13-Dec-18,17.62,17.73,17.76,17.6,1.23
14-Dec-18,17.4,17.4,17.52,17.4,1.76
17-Dec-18,17.19,17.37,17.4,17.14,2.07
18-Dec-18,17.04,17.13,17.17,16.97,1.78
19-Dec-18,16.88,17.15,17.26,16.84,1.61
20-Dec-18,16.79,16.89,16.95,16.77,2.12
21-Dec-18,16.55,16.76,16.86,16.54,2.68
24-Dec-18,16.38,16.5,16.65,16.38,734.48
26-Dec-18,16.73,16.45,16.74,16.25,1.3
27-Dec-18,16.68,16.49,16.71,16.36,3.33
28-Dec-18,16.88,16.96,16.99,16.84,1.84
31-Dec-18,16.95,16.95,17.03,16.88,2.5
2-Jan-19,16.87,16.64,16.88,16.61,961.68
3-Jan-19,16.77,16.83,16.88,16.73,620.52
4-Jan-19,17.4,17.2,17.43,17.14,1.11
7-Jan-19,17.42,17.37,17.49,17.33,747.79
8-Jan-19,17.53,17.61,17.62,17.45,878.02
9-Jan-19,17.65,17.64,17.72,17.52,949.73
10-Jan-19,17.77,17.66,17.79,17.62,828.38
11-Jan-19,17.72,17.67,17.79,17.64,965.13
14-Jan-19,17.76,17.59,17.8,17.59,529.99
15-Jan-19,17.73,17.63,17.73,17.58,816.55
16-Jan-19,17.99,17.88,18.02,17.87,838.61
17-Jan-19,17.95,17.84,17.97,17.8,323.19
18-Jan-19,18.18,18.17,18.22,18.11,861.39
22-Jan-19,17.9,17.93,18.02,17.89,815.75
23-Jan-19,18.09,18.11,18.16,18,525.06
24-Jan-19,18.05,18.01,18.11,17.98,639.75
25-Jan-19,18.31,18.21,18.34,18.21,649.41
28-Jan-19,18.18,18.14,18.19,18.09,1.46
29-Jan-19,18.13,18.2,18.25,18.13,673.02
30-Jan-19,18.29,18.17,18.38,18.14,926.15
31-Jan-19,18.02,18,18.05,17.93,1.21
1-Feb-19,17.99,17.94,18.08,17.91,645.52
4-Feb-19,17.96,17.86,17.97,17.82,446.32
5-Feb-19,18.09,18.08,18.1,18.02,627.94
6-Feb-19,18.12,18.11,18.19,18.1,481.77
7-Feb-19,17.81,17.97,18.01,17.79,780.69
8-Feb-19,17.7,17.69,17.71,17.55,836.69
11-Feb-19,17.71,17.74,17.78,17.68,466.94
12-Feb-19,17.92,17.84,17.93,17.84,600.09
13-Feb-19,17.88,17.98,18.01,17.88,695.33
14-Feb-19,17.73,17.74,17.82,17.7,474.35
15-Feb-19,18.18,18.03,18.18,18.03,613.52
19-Feb-19,18.2,18.02,18.22,18,530
20-Feb-19,18.3,18.23,18.35,18.2,388.42
21-Feb-19,18.1,18.21,18.21,18.08,413.77
22-Feb-19,18.18,18.22,18.22,18.14,273.22
25-Feb-19,18.32,18.36,18.4,18.31,466.72
26-Feb-19,18.49,18.39,18.52,18.39,526.14
27-Feb-19,18.66,18.61,18.68,18.6,790.7
28-Feb-19,18.79,18.78,18.86,18.75,561.37
1-Mar-19,18.86,18.9,18.99,18.81,842.81
4-Mar-19,18.72,18.77,18.81,18.64,427.22
5-Mar-19,18.65,18.67,18.7,18.59,341.6
6-Mar-19,18.64,18.69,18.71,18.63,527.31
7-Mar-19,18.13,18.34,18.35,18.13,676.28
8-Mar-19,18.08,17.95,18.11,17.94,439.75
11-Mar-19,18.34,18.2,18.34,18.19,368.53
12-Mar-19,18.31,18.3,18.35,18.26,296.21
13-Mar-19,18.57,18.46,18.58,18.44,801.83
14-Mar-19,18.68,18.64,18.71,18.64,396.53
15-Mar-19,18.93,18.78,18.93,18.75,497.92
18-Mar-19,19.07,19.05,19.1,19.01,397.62
19-Mar-19,19.06,19.2,19.23,19.03,392.68
20-Mar-19,18.86,18.95,19.03,18.83,1.59
21-Mar-19,18.69,18.66,18.72,18.61,472.61
22-Mar-19,18.18,18.35,18.37,18.16,1.23
25-Mar-19,18.22,18.21,18.3,18.16,984.1
26-Mar-19,18.17,18.21,18.25,18.14,543.21
27-Mar-19,18.36,18.38,18.44,18.22,1.34
28-Mar-19,18.11,18.22,18.22,18.04,615.7
29-Mar-19,18.16,18.2,18.25,18.07,1.05
1-Apr-19,18.58,18.43,18.59,18.43,760.66
2-Apr-19,18.71,18.64,18.71,18.6,580.15
3-Apr-19,18.98,18.94,19.04,18.94,691.18
4-Apr-19,19.02,18.98,19.04,18.96,770.55
5-Apr-19,19,18.97,19.04,18.94,438.51
8-Apr-19,18.97,18.98,19.02,18.94,360.89
9-Apr-19,18.95,19,19.01,18.95,339.64
10-Apr-19,18.94,18.94,18.98,18.88,385.04
11-Apr-19,19.13,19.11,19.2,19.08,532.22
12-Apr-19,19.46,19.45,19.53,19.41,1.01
15-Apr-19,19.54,19.53,19.55,19.47,381.92
16-Apr-19,19.71,19.68,19.74,19.67,1.13
17-Apr-19,19.91,19.89,19.93,19.83,629.56
18-Apr-19,19.77,19.75,19.82,19.74,700.07
22-Apr-19,19.76,19.75,19.82,19.75,287.06
23-Apr-19,19.64,19.56,19.64,19.52,716.78
24-Apr-19,19.35,19.47,19.47,19.33,1.35
25-Apr-19,19.33,19.25,19.33,19.21,336.62
26-Apr-19,19.37,19.33,19.43,19.33,242.36
29-Apr-19,19.6,19.44,19.6,19.44,336.22
30-Apr-19,19.57,19.59,19.6,19.47,620.1
1-May-19,19.44,19.55,19.67,19.43,569.69
2-May-19,19.44,19.51,19.52,19.41,824.2
3-May-19,19.64,19.54,19.64,19.49,267.67
6-May-19,19.37,19.18,19.39,19.14,473.73
7-May-19,18.92,19.07,19.08,18.87,864.45
8-May-19,18.94,18.9,19.01,18.88,430.62
9-May-19,18.77,18.66,18.8,18.61,760.41
10-May-19,18.91,18.76,18.93,18.69,542.68
13-May-19,18.41,18.51,18.56,18.39,816.76
14-May-19,18.59,18.49,18.66,18.49,380.38
15-May-19,18.63,18.41,18.68,18.4,677.73
16-May-19,18.85,18.74,18.92,18.74,602.26
17-May-19,18.63,18.61,18.71,18.61,365.97
20-May-19,18.5,18.49,18.57,18.44,161.59
21-May-19,18.64,18.57,18.68,18.53,742.87
22-May-19,18.41,18.44,18.5,18.4,547.71
23-May-19,18.19,18.19,18.22,18.11,604.97
24-May-19,18.45,18.41,18.45,18.38,342.04
28-May-19,18.2,18.34,18.38,18.2,522.16
29-May-19,18.11,18.08,18.13,18.02,655.85
30-May-19,18.22,18.18,18.25,18.16,951.39
31-May-19,17.98,17.95,18.02,17.89,641.58
3-Jun-19,17.98,17.94,18.02,17.9,1.03
4-Jun-19,18.44,18.34,18.45,18.3,596.07
5-Jun-19,18.34,18.38,18.4,18.3,417.43
6-Jun-19,18.32,18.36,18.39,18.21,522.48
7-Jun-19,18.48,18.43,18.54,18.43,240.36
10-Jun-19,18.57,18.56,18.64,18.56,271.02
11-Jun-19,18.66,18.72,18.72,18.6,460.75
12-Jun-19,18.46,18.54,18.55,18.44,230.92
13-Jun-19,18.45,18.45,18.49,18.41,211.92
14-Jun-19,18.27,18.28,18.3,18.24,229.5
17-Jun-19,17.58,17.64,17.69,17.56,383.6
18-Jun-19,17.76,17.66,17.81,17.66,671
19-Jun-19,17.98,17.92,18.04,17.91,768.68
20-Jun-19,18.01,18.05,18.05,17.95,935.69
21-Jun-19,17.98,17.97,18.04,17.95,484.65
24-Jun-19,17.99,18.05,18.1,17.99,375.49
25-Jun-19,17.88,17.94,17.97,17.85,537.97
26-Jun-19,17.99,17.99,18.05,17.99,613.5
27-Jun-19,18.06,18.06,18.11,18.04,631.31
28-Jun-19,18.15,18.12,18.19,18.12,447.5
1-Jul-19,18.21,18.35,18.37,18.17,373.19
2-Jul-19,18.32,18.25,18.34,18.25,4.22
3-Jul-19,18.5,18.42,18.52,18.41,588.28
5-Jul-19,18.53,18.58,18.67,18.45,718.02
8-Jul-19,18.38,18.39,18.41,18.32,542.7
9-Jul-19,18.31,18.25,18.33,18.22,4.17
10-Jul-19,18.34,18.44,18.49,18.33,721.06
11-Jul-19,18.41,18.35,18.42,18.33,441.68
12-Jul-19,18.42,18.45,18.45,18.36,425.99
15-Jul-19,18.42,18.47,18.47,18.39,181.48
16-Jul-19,18.4,18.42,18.48,18.38,307.55
17-Jul-19,18.26,18.33,18.36,18.25,371.58
18-Jul-19,18.3,18.21,18.32,18.19,413.85
19-Jul-19,18.11,18.12,18.17,18.09,276.94
22-Jul-19,18.09,18.12,18.13,18.02,259.23
23-Jul-19,18.22,18.22,18.26,18.18,384.98
24-Jul-19,18.16,18.11,18.16,18.09,419.79
