spdrmatdate,spdrmatprice,spdrmatopen,spdrmathigh,spdrmatlow,spdrmatvol
1-Oct-10,33.21,32.98,33.24,32.96,7.77
4-Oct-10,32.68,32.95,33.08,32.56,13.06
5-Oct-10,33.6,33.06,33.72,33.06,13.12
6-Oct-10,33.92,33.68,34.01,33.64,6.82
7-Oct-10,33.58,34.02,34.04,33.27,9.14
8-Oct-10,34.24,33.7,34.34,33.7,7.97
11-Oct-10,34.18,34.4,34.41,34.05,5.87
12-Oct-10,34.27,34.1,34.329,33.74,7.3
13-Oct-10,34.82,34.68,34.95,34.49,7.31
14-Oct-10,34.49,34.81,34.88,34.29,8.27
15-Oct-10,34.59,34.76,34.77,34.13,12.3
18-Oct-10,34.74,34.47,34.75,34.27,6.84
19-Oct-10,33.85,34.14,34.33,33.7,15.13
20-Oct-10,34.55,33.99,34.78,33.91,10.18
21-Oct-10,34.54,34.7,34.85,34.18,11.13
22-Oct-10,34.29,34.56,34.61,34.18,8.31
25-Oct-10,35.03,34.82,35.17,34.74,11.36
26-Oct-10,34.82,34.55,34.9,34.31,9.34
27-Oct-10,34.5,34.56,34.56,34.13,12.33
28-Oct-10,34.52,34.79,34.91,34.29,10.03
29-Oct-10,34.8,34.45,34.87,34.36,6.78
1-Nov-10,34.78,34.98,35.22,34.59,8.1
2-Nov-10,35.14,35.09,35.36,34.99,11.73
3-Nov-10,35.04,35.25,35.3,34.5,17.16
4-Nov-10,36.19,35.57,36.19,35.56,10.04
5-Nov-10,36.32,36.24,36.54,36.11,10.1
8-Nov-10,36.41,36.09,36.46,36.05,7.94
9-Nov-10,35.77,36.59,36.71,35.56,11.36
10-Nov-10,35.95,35.77,36.04,35.35,9.33
11-Nov-10,36.32,35.77,36.34,35.76,9.39
12-Nov-10,35.51,35.91,36.048,35.21,17.48
15-Nov-10,35.23,35.61,35.7199,35.2,9.73
16-Nov-10,34.47,34.82,34.89,34.2,19.88
17-Nov-10,34.46,34.48,34.82,34.3,13.33
18-Nov-10,35.11,34.92,35.41,34.92,14.43
19-Nov-10,35.39,35.12,35.39,34.93,9.05
22-Nov-10,35.48,35.24,35.51,34.94,11.73
23-Nov-10,34.8,34.93,35.02,34.63,13.24
24-Nov-10,35.47,35.08,35.47,35.04,8.01
26-Nov-10,34.94,35.1,35.16,34.93,4.66
29-Nov-10,35.17,34.79,35.28,34.3699,12.83
30-Nov-10,35.19,34.88,35.48,34.7505,15.61
1-Dec-10,36.15,35.78,36.17,35.7,12.3
2-Dec-10,36.7,36.32,36.78,36.22,9.37
3-Dec-10,37.01,36.55,37.09,36.53,7.87
6-Dec-10,37.07,36.96,37.139,36.91,4.96
7-Dec-10,37.12,37.53,37.61,37.05,10.54
8-Dec-10,36.73,37.14,37.27,36.54,11.79
9-Dec-10,36.93,37.05,37.08,36.68,11.51
10-Dec-10,37.25,36.99,37.29,36.8,5.22
13-Dec-10,37.45,37.64,37.72,37.4,6.42
14-Dec-10,37.42,37.44,37.665,37.3,7.11
15-Dec-10,37.22,37.3,37.55,37.17,6.69
16-Dec-10,37.57,37.28,37.58,36.99,9.25
17-Dec-10,37.56,37.22,37.59,37.17,7.2
20-Dec-10,37.68,37.8,37.86,37.4784,5.35
21-Dec-10,38.06,37.83,38.12,37.82,4.81
22-Dec-10,38.04,38.2,38.2,37.89,3.16
23-Dec-10,38.14,37.84,38.25,37.84,3.87
27-Dec-10,38.2,38.11,38.225,37.88,2.41
28-Dec-10,38.28,38.36,38.36,38.17,3.44
29-Dec-10,38.44,38.44,38.5,38.34,2.58
30-Dec-10,38.44,38.43,38.59,38.36,3.58
31-Dec-10,38.41,38.39,38.54,38.31,2.42
3-Jan-11,38.72,38.82,39.08,38.67,6.06
4-Jan-11,38.46,38.78,38.85,37.97,9.49
5-Jan-11,38.55,38.26,38.57,38.09,7.8
6-Jan-11,38.35,38.57,38.75,38.24,7.77
7-Jan-11,38.315,38.47,38.58,37.98,11.56
10-Jan-11,38.36,38.17,38.43,37.72,10.49
11-Jan-11,38.67,38.55,38.7,38.42,6.61
12-Jan-11,39.05,38.97,39.11,38.83,6.98
13-Jan-11,38.7125,39.01,39.08,38.62,7.3
14-Jan-11,38.8,38.64,38.8,38.4,7.92
18-Jan-11,39.0125,38.845,39.05,38.81,8.24
19-Jan-11,38.11,39.08,39.1,38.045,16.02
20-Jan-11,37.57,37.71,37.8222,37.241,21.86
21-Jan-11,37.4775,37.78,37.96,37.43,11.45
24-Jan-11,37.88,37.61,38.09,37.47,10.5
25-Jan-11,37.9275,37.75,37.93,37.478,13.19
26-Jan-11,38.73,38.06,38.8,38.05,11.2
27-Jan-11,38.41,38.7,38.75,38.13,11.24
28-Jan-11,37.81,38.4,38.69,37.78,14.29
31-Jan-11,38.44,38.06,38.48,37.93,9.98
1-Feb-11,39.47,38.8,39.55,38.73,16.04
2-Feb-11,39.405,39.4499,39.6,39.21,6.18
3-Feb-11,39.57,39.42,39.645,38.96,10.83
4-Feb-11,39.575,39.68,39.73,39.245,8.11
7-Feb-11,39.7875,39.7,40.0672,39.6956,9.18
8-Feb-11,39.915,39.97,39.99,39.65,7.71
9-Feb-11,39.56,39.82,39.87,39.3,9.67
10-Feb-11,39.63,39.17,39.89,39.17,9.01
11-Feb-11,39.85,39.52,40,39.4,10.08
14-Feb-11,40.28,39.95,40.34,39.87,8.57
15-Feb-11,39.82,40.3,40.31,39.75,7.2
16-Feb-11,40.335,40.05,40.44,40.02,9.79
17-Feb-11,40.7,40.26,40.72,40.13,8.25
18-Feb-11,40.25,40.76,40.83,40.1,7.33
22-Feb-11,38.96,39.73,40,38.89,18.53
23-Feb-11,38.67,38.84,39.12,38.03,18.82
24-Feb-11,38.47,38.65,39.01,37.94,14.23
25-Feb-11,39.04,38.81,39.09,38.76,8.36
28-Feb-11,39.46,39.19,39.46,39.01,7.96
1-Mar-11,38.49,39.55,39.64,38.47,18.09
2-Mar-11,38.63,38.44,38.8781,38.38,11.22
3-Mar-11,39.41,39.08,39.41,39.01,8.72
4-Mar-11,39.05,39.45,39.46,38.75,11.56
7-Mar-11,38.38,39.35,39.44,38.19,18.32
8-Mar-11,38.82,38.47,38.955,38.07,10.49
9-Mar-11,38.19,38.63,38.6304,38,17.67
10-Mar-11,37.355,37.64,37.8294,37.18,31.04
11-Mar-11,37.91,37.21,38.03,37.06,14.7
14-Mar-11,37.77,37.76,38.1,37.38,17.62
15-Mar-11,37.77,36.6,37.96,36.44,22.89
16-Mar-11,37.01,37.73,37.83,36.56,23.42
17-Mar-11,37.67,37.74,38.01,37.445,22.44
18-Mar-11,37.73,38.09,38.19,37.64,14.93
21-Mar-11,38.385,38.31,38.46,38.06,8.47
22-Mar-11,38.295,38.35,38.46,38.07,7.59
23-Mar-11,38.85,38.31,38.959,38.08,13.17
24-Mar-11,39.02,39.12,39.18,38.63,11.56
25-Mar-11,39.23,39.21,39.545,39.05,10.55
28-Mar-11,39.05,39.22,39.52,39.01,11.92
29-Mar-11,39.46,39.06,39.46,38.7866,9.73
30-Mar-11,39.87,39.86,39.955,39.33,15.09
31-Mar-11,40.02,39.83,40.229,39.8,10.53
1-Apr-11,40.17,40.25,40.37,40,9.27
4-Apr-11,40.43,40.37,40.56,40.3094,7.01
5-Apr-11,40.91,40.4,41.07,40.24,9.39
6-Apr-11,40.57,41.24,41.28,40.45,15.11
7-Apr-11,40.49,40.69,40.95,40.3,13.08
8-Apr-11,40.2,40.8,40.92,40.03,8.65
11-Apr-11,39.75,40.31,40.495,39.57,10.38
12-Apr-11,39.21,39.3001,39.52,39.06,13.37
13-Apr-11,38.98,39.49,39.53,38.675,16.09
14-Apr-11,39.1,38.72,39.23,38.72,15.79
15-Apr-11,39.36,39.28,39.43,38.98,11.34
18-Apr-11,38.81,38.9,39.01,38.44,11.25
19-Apr-11,39.5,38.97,39.54,38.93,16.14
20-Apr-11,40.02,40.17,40.3,39.89,13.24
21-Apr-11,40.45,40.24,40.45,40.11,7.68
25-Apr-11,40.14,40.34,40.49,39.95,6.06
26-Apr-11,40.59,40.31,40.74,40.14,8.72
27-Apr-11,40.72,40.65,40.72,39.89,13.12
28-Apr-11,40.71,40.67,41.02,40.52,13.8
29-Apr-11,40.87,40.89,41,40.59,13.4
2-May-11,40.58,41.02,41.165,40.495,10.24
3-May-11,40.21,40.55,40.6,39.885,15.25
4-May-11,39.5,40.17,40.22,39.23,21.35
5-May-11,39.03,39.22,39.75,38.83,24.91
6-May-11,39.35,39.73,39.92,39.12,19.62
9-May-11,39.92,39.43,40.0401,39.39,13.38
10-May-11,40.26,40.08,40.34,39.82,12.19
11-May-11,39.19,40.15,40.18,39.021,18.09
12-May-11,39.15,39.07,39.39,38.67,18.07
13-May-11,38.65,39.3,39.37,38.531,19.66
16-May-11,38.51,38.51,39.25,38.38,19.58
17-May-11,38.06,38.29,38.46,37.83,23.34
18-May-11,38.91,38.24,38.95,38.04,17.61
19-May-11,38.9,38.95,39.31,38.73,12.82
20-May-11,38.51,38.8,38.91,38.21,17.79
23-May-11,38.11,37.89,38.24,37.73,13.29
24-May-11,38.3,38.38,38.75,38.09,16.59
25-May-11,38.84,38.23,39.06,38.15,16.08
26-May-11,38.93,38.73,39.06,38.5165,10.17
27-May-11,39.35,39.24,39.51,39.15,10.6
31-May-11,39.75,39.71,39.87,39.16,16.06
1-Jun-11,38.51,39.57,39.64,38.46,17.75
2-Jun-11,38.57,38.58,38.99,38.11,20.05
3-Jun-11,38.08,37.96,38.35,37.88,16.48
6-Jun-11,37.7,38.08,38.33,37.63,14.29
7-Jun-11,37.84,37.98,38.23,37.73,11.52
8-Jun-11,37.45,37.73,37.75,37.33,17.47
9-Jun-11,38.07,37.62,38.28,37.55,17.57
10-Jun-11,37.59,37.84,38.1,37.5,15.46
13-Jun-11,37.37,37.74,37.885,37.1,13.35
14-Jun-11,38.09,37.87,38.255,37.71,18.58
15-Jun-11,37.21,37.7,37.92,37.05,23.6
16-Jun-11,36.845,37.18,37.35,36.37,26.34
17-Jun-11,36.64,36.99,37.09,36.48,19.35
20-Jun-11,36.95,36.44,37.1,36.44,15.56
21-Jun-11,37.9,37.24,37.96,37.24,14.75
22-Jun-11,37.745,37.7,38.18,37.66,13.44
23-Jun-11,37.71,37.11,37.76,36.74,17.77
24-Jun-11,37.47,37.87,37.9602,37.335,12.76
27-Jun-11,37.55,37.28,37.6901,37,10.12
28-Jun-11,38.28,37.77,38.28,37.62,10.37
29-Jun-11,38.89,38.54,39.05,38.4,14.44
30-Jun-11,39.37,38.96,39.52,38.8299,12.38
1-Jul-11,39.73,39.38,39.79,39.1087,13.44
5-Jul-11,39.78,39.7,39.908,39.555,10.54
6-Jul-11,39.94,39.64,40.09,39.5,14.64
7-Jul-11,40.535,40.4,40.72,40.25,11.57
8-Jul-11,40.23,39.92,40.26,39.8,11.37
11-Jul-11,39.42,39.64,39.82,39.2,11.56
12-Jul-11,39.26,39.14,39.66,39.14,8.54
13-Jul-11,39.6,39.52,40.02,39.44,10.3
14-Jul-11,39.22,39.69,39.9235,39.12,10.81
15-Jul-11,39.57,39.41,39.62,39.225,13.43
18-Jul-11,39.1,39.47,39.6,38.921,16.14
19-Jul-11,39.69,39.42,39.72,39.415,9.54
20-Jul-11,39.66,39.79,39.8,39.48,6.82
21-Jul-11,40.14,39.86,40.2,39.67,9.75
22-Jul-11,39.95,40.12,40.13,39.82,7.23
25-Jul-11,39.85,39.55,40.12,39.48,5.53
26-Jul-11,39.42,39.84,39.85,39.35,7.17
27-Jul-11,38.52,39.29,39.45,38.46,15.96
28-Jul-11,38.44,38.64,39.04,38.39,10.05
29-Jul-11,38.01,37.87,38.405,37.63,13.33
1-Aug-11,37.88,38.71,38.74,37.52,14.54
2-Aug-11,36.71,37.58,37.98,36.71,20.8
3-Aug-11,36.9,36.76,37.0089,35.95,19.48
4-Aug-11,34.4,36.3,36.34,34.4,39.01
5-Aug-11,34.32,34.96,35.28,33.36,33
8-Aug-11,31.81,33.33,33.79,31.62,37.77
9-Aug-11,33.77,32.32,33.79,31.61,31.47
10-Aug-11,32.61,33.02,33.89,32.51,32.88
11-Aug-11,34.22,32.99,34.68,32.81,27.55
12-Aug-11,34.44,34.43,34.8,34.16,14.88
15-Aug-11,34.99,34.65,35,34.435,27.85
16-Aug-11,34.43,34.69,34.9,34.1406,16.36
17-Aug-11,34.53,34.63,35.1,34.37,13.76
18-Aug-11,32.52,33.63,33.65,32.23,26.54
19-Aug-11,32,32.08,33.1,31.98,19.46
22-Aug-11,32,32.89,32.91,31.89,12.41
23-Aug-11,33.13,32.25,33.14,32.02,15.68
24-Aug-11,33.6,33.01,33.61,32.82,9.51
25-Aug-11,33.23,33.63,33.89,33.06,11.36
26-Aug-11,33.93,32.99,34.01,32.37,14.52
29-Aug-11,34.955,34.31,34.98,34.22,12.79
30-Aug-11,35.25,34.81,35.47,34.71,13.2
31-Aug-11,35.34,35.54,35.917,35.03,12.37
1-Sep-11,34.86,35.31,35.71,34.83,12.62
2-Sep-11,33.97,34.1,34.39,33.83,13.18
6-Sep-11,33.79,33.01,33.85,32.96,13.61
7-Sep-11,34.76,34.36,34.76,34.17,12.76
8-Sep-11,34.3,34.52,34.85,34.16,11.6
9-Sep-11,33.17,33.89,33.89,32.975,18.92
12-Sep-11,32.945,32.79,33.32,32.261,13.76
13-Sep-11,33.49,33.04,33.62,32.761,13.52
14-Sep-11,34.01,33.6,34.42,33.045,18
15-Sep-11,34.59,34.46,34.63,34.03,12.98
16-Sep-11,34.52,34.52,34.8,34.18,12.41
19-Sep-11,34.01,33.8,34.16,33.41,11.1
20-Sep-11,33.61,34.06,34.38,33.59,14.18
21-Sep-11,32.09,33.52,33.56,32.04,27.02
22-Sep-11,30.29,30.93,30.96,29.83,30.88
23-Sep-11,30.24,30.11,30.69,29.95,23.72
26-Sep-11,31.21,30.52,31.21,29.81,18.99
27-Sep-11,31.86,32.24,32.57,31.64,20.18
28-Sep-11,30.451,32.01,32.01,30.4,22.47
29-Sep-11,30.48,31.13,31.17,29.9,20.07
30-Sep-11,29.355,29.99,30.19,29.32,18.12
3-Oct-11,28.53,29.03,29.85,28.53,19.32
4-Oct-11,29.64,28.11,29.67,27.77,25.09
5-Oct-11,30.82,29.7,30.92,29.48,21.03
6-Oct-11,31.6,30.91,31.6501,30.705,20.88
7-Oct-11,31.12,31.85,31.87,30.72,17.67
10-Oct-11,32.43,31.67,32.43,31.66,10.7
11-Oct-11,32.47,32.04,32.73,31.975,10.1
12-Oct-11,32.79,32.7,33.21,32.57,12.45
13-Oct-11,32.62,32.48,32.735,32,9.24
14-Oct-11,33.48,33.19,33.48,32.86,9.45
17-Oct-11,32.34,33.31,33.33,32.32,9.62
18-Oct-11,33.17,32.25,33.3501,31.76,17.31
19-Oct-11,32.21,33.11,33.11,32.07,11.21
20-Oct-11,32.51,32.18,32.66,31.84,15.06
21-Oct-11,33.37,32.97,33.37,32.8801,12.78
24-Oct-11,34.17,33.71,34.18,33.56,9.96
25-Oct-11,33.3,34.02,34.11,33.24,13.04
26-Oct-11,33.9,33.83,34.14,33.05,12.86
27-Oct-11,35.74,35.1,36.08,34.86,20.81
28-Oct-11,35.99,35.39,36.14,35.31,9.94
31-Oct-11,34.45,35.32,35.34,34.41,14.03
1-Nov-11,33.53,33.1,34.22,32.8,23.04
2-Nov-11,34.36,34.18,34.58,33.8,13.06
3-Nov-11,35.06,34.88,35.1,34.11,15
4-Nov-11,34.98,34.75,35.11,34.29,10.14
7-Nov-11,35.28,35,35.31,34.579,9.37
8-Nov-11,35.7,35.35,35.73,34.985,15.18
9-Nov-11,33.96,34.76,34.95,33.88,23
10-Nov-11,34.37,34.49,34.65,33.8,12.75
11-Nov-11,35.17,34.8,35.29,34.77,10.54
14-Nov-11,34.8,34.84,35.19,34.5728,9.58
15-Nov-11,34.87,34.65,35.11,34.42,9.12
16-Nov-11,34.05,34.42,34.75,34.02,11.94
17-Nov-11,33.08,34.01,34.1066,32.85,20.01
18-Nov-11,33.26,33.39,33.64,33.03,13.98
21-Nov-11,32.68,32.57,32.9,32.325,15.83
22-Nov-11,32.43,32.7,32.93,32.31,15.02
23-Nov-11,31.57,32.07,32.16,31.54,14.46
25-Nov-11,31.41,31.44,31.88,31.41,4.44
28-Nov-11,32.59,32.61,32.82,32.3,12.39
29-Nov-11,32.65,32.72,32.95,32.48,11.6
30-Nov-11,34.52,33.91,34.55,33.86,20.04
1-Dec-11,34.3,34.34,34.8,34.11,12.24
2-Dec-11,34,34.68,34.76,33.97,10.5
5-Dec-11,34.4,34.54,34.77,34.1401,10.82
6-Dec-11,34.72,34.34,35.01,34.225,10.74
7-Dec-11,34.75,34.45,34.87,34.29,11.92
8-Dec-11,33.67,34.43,34.49,33.58,13.76
9-Dec-11,34.1,33.39,34.28,33.3,13.67
12-Dec-11,33.29,33.5,33.55,33.04,17.08
13-Dec-11,32.73,33.57,33.9,32.53,16.85
14-Dec-11,32.33,32.56,32.83,32.22,19.47
15-Dec-11,32.55,32.82,32.89,32.32,11.26
16-Dec-11,32.53,32.71,32.97,32.32,16.18
19-Dec-11,31.95,32.63,32.77,31.86,12.98
20-Dec-11,33.21,32.64,33.265,32.51,16.25
21-Dec-11,33.26,33.14,33.36,32.8499,9.61
22-Dec-11,33.585,33.37,33.675,33.25,7.61
23-Dec-11,33.91,33.64,33.91,33.57,5.42
27-Dec-11,33.9,33.76,34.03,33.76,2.92
28-Dec-11,33.09,33.89,33.92,33.08,6.3
29-Dec-11,33.52,33.08,33.54,33.04,4.28
30-Dec-11,33.5,33.44,33.67,33.44,3.61
3-Jan-12,34.43,34.24,34.59,34.23,11.21
4-Jan-12,34.72,34.39,34.75,34.25,8.77
5-Jan-12,34.82,34.42,34.95,34.32,7.78
6-Jan-12,34.77,34.7,34.89,34.55,7.22
9-Jan-12,34.84,34.82,34.97,34.68,9.2
10-Jan-12,35.49,35.38,35.64,35.34,9.96
11-Jan-12,35.835,35.38,35.89,35.32,7.07
12-Jan-12,36.34,36.03,36.35,35.75,11.15
13-Jan-12,36.1,36,36.15,35.68,8.42
17-Jan-12,36.3,36.54,36.638,36.16,11.88
18-Jan-12,36.71,36.3,36.71,36.13,7.82
19-Jan-12,36.74,36.76,36.77,36.46,8.19
20-Jan-12,36.58,36.61,36.78,36.46,5.57
23-Jan-12,36.56,36.64,36.83,36.46,6.99
24-Jan-12,36.56,36.22,36.59,36.1,6.6
25-Jan-12,37.14,36.34,37.25,36.16,8.39
26-Jan-12,37.13,37.38,37.73,36.92,8.62
27-Jan-12,37.18,37.05,37.3,36.85,6.15
30-Jan-12,37.14,36.62,37.28,36.54,9.23
31-Jan-12,37.18,37.44,37.53,36.82,11.36
1-Feb-12,37.55,37.48,37.79,37.46,15.19
2-Feb-12,37.37,37.65,37.77,37.35,7.59
3-Feb-12,37.88,37.86,37.97,37.619,9.88
6-Feb-12,37.67,37.6,37.72,37.5,5.69
7-Feb-12,37.63,37.65,37.81,37.3,11.79
8-Feb-12,37.67,37.7,37.88,37.42,6.04
9-Feb-12,37.71,37.8,37.85,37.42,7.65
10-Feb-12,37.05,37.19,37.21,36.84,11.27
13-Feb-12,37.15,37.31,37.41,37.081,6.43
14-Feb-12,36.67,37.03,37.04,36.4,11.04
15-Feb-12,36.7,36.88,36.96,36.6,11.06
16-Feb-12,37.35,36.73,37.39,36.56,10.22
17-Feb-12,37.37,37.44,37.509,37.23,7.45
21-Feb-12,37.59,37.61,37.86,37.42,8.1
22-Feb-12,37.53,37.58,37.71,37.34,5.71
23-Feb-12,37.57,37.54,37.64,37.28,4.92
24-Feb-12,37.55,37.68,37.779,37.47,4.43
27-Feb-12,37.56,37.34,37.7,37.16,7.77
28-Feb-12,37.68,37.57,37.81,37.51,8.91
29-Feb-12,36.97,37.71,37.81,36.9,18.4
1-Mar-12,37.38,37.19,37.52,37.14,11.61
2-Mar-12,37.29,37.26,37.58,37.07,8.96
5-Mar-12,36.69,37.14,37.15,36.48,11.25
6-Mar-12,35.94,36.13,36.13,35.8,14.79
7-Mar-12,36.03,36.13,36.17,35.81,14.33
8-Mar-12,36.63,36.46,36.7,36.24,8.24
9-Mar-12,36.64,36.73,36.99,36.52,7.32
12-Mar-12,36.44,36.63,36.827,36.38,5.58
13-Mar-12,37.04,36.66,37.08,36.59,10.33
14-Mar-12,36.897,37.04,37.09,36.75,8.11
15-Mar-12,37.17,36.95,37.17,36.84,7.06
16-Mar-12,37.1,37.1,37.31,37.06,11.64
19-Mar-12,37.33,37.1,37.54,37.08,7.71
20-Mar-12,37.12,36.9902,37.1675,36.77,7.18
21-Mar-12,37.12,37.17,37.27,36.945,6.06
22-Mar-12,36.52,36.7,36.79,36.32,12.35
23-Mar-12,36.91,36.65,36.99,36.32,9.16
26-Mar-12,37.39,37.25,37.39,37.07,5.73
27-Mar-12,37.31,37.5,37.65,37.31,4.63
28-Mar-12,36.79,37.24,37.3,36.5,11.57
29-Mar-12,36.84,36.46,36.87,36.33,10.81
30-Mar-12,36.97,37.15,37.17,36.74,7.25
2-Apr-12,37.49,36.92,37.63,36.89,18.22
3-Apr-12,37.21,37.3925,37.44,36.921,9.34
4-Apr-12,36.69,36.78,36.9,36.48,7.99
5-Apr-12,36.48,36.66,37.08,36.38,11.54
9-Apr-12,35.95,36.01,36.17,35.82,10.4
10-Apr-12,35.21,35.85,35.94,35.097,17.04
11-Apr-12,35.59,35.74,35.8188,35.48,11.32
12-Apr-12,36.565,35.68,36.65,35.66,13.24
13-Apr-12,36.13,36.42,36.52,36.1,10.79
16-Apr-12,36.24,36.4,36.48,36,13.34
17-Apr-12,36.73,36.5,36.97,36.41,8.11
18-Apr-12,36.63,36.67,36.82,36.5,7.27
19-Apr-12,36.5,36.75,36.84,36.26,8.75
20-Apr-12,36.48,36.72,36.78,36.48,7.46
23-Apr-12,36.03,36.04,36.05,35.5619,10.31
24-Apr-12,36.03,36.03,36.16,35.8,8.2
25-Apr-12,36.79,36.42,36.82,36.4,9.78
26-Apr-12,36.75,36.54,36.88,36.44,5.91
27-Apr-12,36.93,36.93,37.05,36.73,5.17
30-Apr-12,36.67,36.84,36.87,36.49,9.07
1-May-12,36.89,36.67,37.1,36.55,8.3
2-May-12,36.71,36.67,36.74,36.41,6.62
3-May-12,36.29,36.67,36.74,36.18,9.56
4-May-12,35.68,36.03,36.12,35.6,12.15
7-May-12,35.71,35.51,35.87,35.44,11.06
8-May-12,35.5399,35.44,35.57,34.94,12.05
9-May-12,35.22,34.96,35.645,34.89,14.4
10-May-12,35.11,35.58,35.65,35.02,7.94
11-May-12,35.01,34.84,35.34,34.82,6.1
14-May-12,34.525,34.6,34.84,34.38,12.87
15-May-12,34.01,34.53,34.69,33.95,11.51
16-May-12,33.64,34.14,34.4716,33.62,12.1
17-May-12,32.9,33.79,33.8,32.9,13.73
18-May-12,32.77,33.08,33.335,32.65,14.53
21-May-12,33.73,32.8,33.79,32.8,8.57
22-May-12,33.52,33.82,34.095,33.31,8.61
23-May-12,33.92,33.22,33.98,32.87,10.65
24-May-12,34.13,34.15,34.21,33.675,11.5
25-May-12,33.99,34.1,34.25,33.87,6.86
29-May-12,34.58,34.39,34.7,34.24,9.56
30-May-12,33.96,34.2,34.34,33.92,7.33
31-May-12,33.82,33.91,34.05,33.37,9.94
1-Jun-12,33.1,33.23,33.51,33.08,12.33
4-Jun-12,33.13,33.18,33.21,32.59,13.45
5-Jun-12,33.445,33.03,33.49,32.99,7.63
6-Jun-12,34.29,33.73,34.29,33.73,8.33
7-Jun-12,34.35,34.7,34.94,34.23,9.28
8-Jun-12,34.58,34.17,34.6,33.92,6.36
11-Jun-12,33.94,34.87,35,33.9,9.88
12-Jun-12,34.57,34.11,34.57,33.91,10.43
13-Jun-12,34.04,34.37,34.5501,33.94,8.66
14-Jun-12,34.32,34.11,34.37,33.925,8.44
15-Jun-12,34.53,34.3,34.56,34.18,10.98
18-Jun-12,34.71,34.41,34.8,34.26,6.69
19-Jun-12,35.37,34.93,35.53,34.9,8.21
20-Jun-12,35.17,35.29,35.54,34.93,8.34
21-Jun-12,34.02,35.16,35.18,33.98,9.9
22-Jun-12,34.2,34.21,34.33,33.83,8.99
25-Jun-12,33.77,33.8,33.98,33.58,6.59
26-Jun-12,33.875,33.88,34.07,33.58,5.46
27-Jun-12,34.25,34.06,34.31,33.92,9.16
28-Jun-12,34.26,33.91,34.3,33.73,8.68
29-Jun-12,35.29,35.12,35.29,34.812,12.64
2-Jul-12,35.11,35.21,35.29,34.72,17.12
3-Jul-12,35.61,35.25,35.7052,35.201,5.88
5-Jul-12,35.56,35.45,35.77,35.3,5.77
6-Jul-12,35.15,35.13,35.21,34.93,7.33
9-Jul-12,34.93,35.11,35.17,34.79,14.43
10-Jul-12,34.41,35.11,35.24,34.22,11.56
11-Jul-12,34.3,34.53,34.53,34.08,11.04
12-Jul-12,34.13,33.9,34.34,33.68,12.35
13-Jul-12,34.74,34.23,34.83,34.23,8.61
16-Jul-12,34.61,34.67,34.735,34.33,4.73
17-Jul-12,35.05,34.81,35.12,34.52,11.49
18-Jul-12,35.26,34.86,35.32,34.83,9.01
19-Jul-12,35.64,35.41,35.72,35.19,9.6
20-Jul-12,35.42,35.33,35.52,35.24,11.09
23-Jul-12,34.86,34.77,34.94,34.5,10.63
24-Jul-12,34.32,34.87,34.93,34.1,8.71
25-Jul-12,34.32,34.58,34.59,34.12,9.56
26-Jul-12,34.48,34.72,34.83,34.23,9.49
27-Jul-12,35.11,34.67,35.21,34.58,9.26
30-Jul-12,35.08,35.07,35.31,34.92,9.54
31-Jul-12,34.84,34.94,35.08,34.82,5.46
1-Aug-12,34.85,35.02,35.3,34.84,8.06
2-Aug-12,34.44,34.53,34.8,34.17,11.16
3-Aug-12,35.12,34.93,35.26,34.9,10.11
6-Aug-12,35.44,35.24,35.63,35.19,8.67
7-Aug-12,35.85,35.58,35.96,35.58,9.84
8-Aug-12,35.89,35.72,36.04,35.6701,4.86
9-Aug-12,36.09,35.89,36.27,35.83,5.36
10-Aug-12,36.06,35.86,36.1,35.79,4.18
13-Aug-12,35.86,35.97,36.11,35.67,3.53
14-Aug-12,35.7,35.97,36.07,35.58,6.64
15-Aug-12,35.76,35.56,35.84,35.54,4.25
16-Aug-12,36.29,35.86,36.36,35.82,7.25
17-Aug-12,36.24,36.34,36.41,36.16,8.42
20-Aug-12,36.17,36.19,36.22,35.93,4.14
21-Aug-12,36.22,36.37,36.63,36.08,5.34
22-Aug-12,36.52,36.05,36.52,35.88,8.94
23-Aug-12,35.91,36.44,36.44,35.885,5.18
24-Aug-12,35.84,35.79,35.93,35.65,4.14
27-Aug-12,35.63,35.89,35.94,35.58,4.36
28-Aug-12,35.55,35.5594,35.7,35.4625,3.82
29-Aug-12,35.63,35.6,35.74,35.39,4.23
30-Aug-12,35.31,35.51,35.54,35.295,8.06
31-Aug-12,35.65,35.62,35.77,35.33,7.31
4-Sep-12,35.19,35.69,35.69,35.09,6.69
5-Sep-12,35.35,35.17,35.41,35.07,7.07
6-Sep-12,36.235,35.6,36.29,35.57,8.6
7-Sep-12,36.95,36.49,36.98,36.46,11.45
10-Sep-12,36.89,36.83,37.24,36.83,7.8
11-Sep-12,37.02,37,37.25,36.88,6.64
12-Sep-12,36.97,37.15,37.2,36.7516,7.41
13-Sep-12,37.88,36.96,38.07,36.87,13.16
14-Sep-12,38.35,38.18,38.57,38.14,9.49
17-Sep-12,37.76,38.1,38.11,37.65,6.05
18-Sep-12,37.66,37.67,37.735,37.42,8.7
19-Sep-12,37.87,37.83,38.02,37.72,6.6
20-Sep-12,37.81,37.51,37.85,37.32,5.19
21-Sep-12,37.445,37.91,38,37.35,9.57
24-Sep-12,37.335,37.12,37.47,37.06,5
25-Sep-12,36.74,37.5,37.5,36.72,7.4
26-Sep-12,36.56,36.59,36.76,36.31,5.75
27-Sep-12,37.01,36.88,37.08,36.6,4.54
28-Sep-12,36.8,36.79,36.872,36.6,4.67
1-Oct-12,36.92,37.04,37.33,36.81,5.63
2-Oct-12,36.72,36.99,37.04,36.49,5.48
3-Oct-12,36.55,36.67,36.7345,36.38,8.04
4-Oct-12,37.02,36.82,37.15,36.74,6
5-Oct-12,37.2,37.21,37.52,37.075,6.17
8-Oct-12,37.13,36.95,37.25,36.9,3.66
9-Oct-12,36.78,37.15,37.325,36.75,8.59
10-Oct-12,36.38,36.72,36.76,36.29,8.62
11-Oct-12,36.53,36.71,36.9022,36.53,6.62
12-Oct-12,36.37,36.55,36.76,36.26,6.1
15-Oct-12,36.68,36.39,36.71,36.26,5.63
16-Oct-12,37.56,36.83,37.59,36.81,12.29
17-Oct-12,37.865,37.69,37.9,37.52,12.14
18-Oct-12,37.88,37.7,38.05,37.62,6.89
19-Oct-12,37.09,37.7,37.7,36.97,9.18
22-Oct-12,37.26,37,37.32,36.8,8.97
23-Oct-12,36.1375,36.37,36.47,35.89,15.45
24-Oct-12,36.12,36.43,36.48,36.05,10.12
25-Oct-12,36.04,36.38,36.4,35.8,7.93
26-Oct-12,36.11,35.97,36.2,35.78,8.99
31-Oct-12,36.0302,36.08,36.34,35.7,14.12
1-Nov-12,36.73,36.11,36.76,36.04,6.06
2-Nov-12,36.07,36.99,37,36.045,6.68
5-Nov-12,36.32,35.97,36.4,35.93,5.3
6-Nov-12,36.7,36.49,36.92,36.35,5.65
7-Nov-12,36.12,36.27,36.39,35.76,9.69
8-Nov-12,35.63,36.19,36.24,35.54,6.93
9-Nov-12,35.56,35.47,36.04,35.44,8.92
12-Nov-12,35.56,35.73,35.79,35.51,4.64
13-Nov-12,35.5,35.36,35.83,35.25,5.75
14-Nov-12,34.895,35.5,35.59,34.83,10.35
15-Nov-12,34.78,34.9,35.065,34.515,8.18
16-Nov-12,34.86,34.9,34.99,34.44,8.76
19-Nov-12,35.845,35.5,35.89,35.37,17.8
20-Nov-12,35.88,35.73,36.075,35.63,6.75
21-Nov-12,35.94,35.84,35.98,35.75,4.73
23-Nov-12,36.4,36.14,36.42,36.05,3.13
26-Nov-12,36.43,36.31,36.43,36.08,5.79
27-Nov-12,36.265,36.41,36.59,36.26,5.09
28-Nov-12,36.42,35.94,36.44,35.73,8.91
29-Nov-12,36.67,36.57,36.79,36.491,6.18
30-Nov-12,36.7,36.62,36.81,36.59,5.67
3-Dec-12,36.02,36.81,36.93,35.97,18.89
4-Dec-12,36.085,36.08,36.39,35.96,7.81
5-Dec-12,35.66,35.63,35.94,35.44,12.93
6-Dec-12,35.75,35.73,35.78,35.46,4.64
7-Dec-12,36.05,35.95,36.06,35.82,6.16
10-Dec-12,36.28,36.05,36.36,36,6.84
11-Dec-12,36.57,36.4,36.66,36.37,5.55
12-Dec-12,36.48,36.75,36.81,36.38,11.82
13-Dec-12,36.38,36.44,36.69,36.2,6.36
14-Dec-12,36.65,36.37,36.81,36.35,6.1
17-Dec-12,37.02,36.78,37.03,36.701,6.51
18-Dec-12,37.46,37.08,37.5,36.99,8.34
19-Dec-12,37.3,37.52,37.56,37.29,7.18
20-Dec-12,37.66,37.27,37.68,37.16,5.49
21-Dec-12,37,36.74,37.135,36.7,9.74
24-Dec-12,37.19,37.12,37.3,36.84,9.64
26-Dec-12,37.42,37.35,37.575,37.31,10.18
27-Dec-12,37.29,37.51,37.54,36.82,8.77
28-Dec-12,36.82,37.04,37.19,36.75,6.64
31-Dec-12,37.54,36.76,37.59,36.71,14.33
2-Jan-13,38.48,38.41,38.6,38.19,12.67
3-Jan-13,38.2,38.44,38.59,38.08,7.64
4-Jan-13,38.67,38.31,38.72,38.28,5.75
7-Jan-13,38.59,38.49,38.63,38.36,5.31
8-Jan-13,38.65,38.7,38.74,38.36,6
9-Jan-13,38.9,38.76,38.94,38.7,7.17
10-Jan-13,39.07,39.12,39.18,38.71,7.38
11-Jan-13,39.01,39.06,39.06,38.75,4.86
14-Jan-13,39.02,39.08,39.15,38.95,7.24
15-Jan-13,39.06,38.84,39.11,38.83,9.26
16-Jan-13,38.78,38.82,39.06,38.72,7.49
17-Jan-13,39.08,39.1,39.2298,38.98,6.71
18-Jan-13,39.34,39.01,39.35,39.01,8.61
22-Jan-13,39.72,39.34,39.75,39.34,8.11
23-Jan-13,39.5,39.62,39.65,39.37,7.25
24-Jan-13,39.62,39.5,39.84,39.47,11.59
25-Jan-13,39.76,39.84,39.87,39.5,7.25
28-Jan-13,39.38,39.76,39.79,39.25,12.44
29-Jan-13,39.6,39.37,39.66,39.34,7.98
30-Jan-13,39.38,39.58,39.77,39.31,6.31
31-Jan-13,39.02,39.03,39.32,38.95,6.96
1-Feb-13,39.5,39.23,39.555,39.14,6.6
4-Feb-13,39.12,39.23,39.35,39.09,5.36
5-Feb-13,39.32,39.28,39.505,39.2601,4.76
6-Feb-13,39.36,39.24,39.4,39.18,6.48
7-Feb-13,39.15,39.32,39.38,38.86,7.89
8-Feb-13,39.38,39.25,39.41,39.16,5.73
11-Feb-13,39.33,39.42,39.42,39.19,3.59
12-Feb-13,39.35,39.23,39.41,39.15,7.03
13-Feb-13,39.49,39.48,39.6,39.36,6.15
14-Feb-13,39.36,39.38,39.43,39.23,6.75
15-Feb-13,39.35,39.45,39.495,39.19,13.36
19-Feb-13,39.18,39.33,39.48,39.16,6
20-Feb-13,38.08,39.1,39.1204,38.07,11.54
21-Feb-13,37.73,37.98,38.01,37.5,13.52
22-Feb-13,38.23,37.92,38.23,37.86,7.23
25-Feb-13,37.35,38.42,38.44,37.35,13.32
26-Feb-13,37.75,37.66,37.82,37.39,12.02
27-Feb-13,38.42,37.65,38.56,37.64,12.91
28-Feb-13,38.49,38.4,38.71,38.35,9.71
1-Mar-13,38.51,38.24,38.645,38.005,10.55
4-Mar-13,38.56,38.35,38.57,38.2,9.03
5-Mar-13,38.82,38.86,39.11,38.73,8.96
6-Mar-13,39.16,39.07,39.28,39,8.26
7-Mar-13,39.27,39.25,39.3701,39.205,4.46
8-Mar-13,39.59,39.42,39.65,39.355,5.92
11-Mar-13,39.81,39.52,39.85,39.42,8
12-Mar-13,39.84,39.82,40.0391,39.7199,5.99
13-Mar-13,39.74,39.8,39.87,39.64,5.6
14-Mar-13,39.98,39.86,40.02,39.77,6.19
15-Mar-13,39.85,39.71,39.96,39.71,8.06
18-Mar-13,39.57,39.46,39.7,39.37,5.05
19-Mar-13,39.4,39.64,39.64,39.05,7.61
20-Mar-13,39.7,39.62,39.765,39.54,4.35
21-Mar-13,39.02,39.34,39.45,39.02,6.59
22-Mar-13,39.07,39.11,39.23,38.95,4.82
25-Mar-13,38.77,39.16,39.21,38.58,6.09
26-Mar-13,39.04,38.88,39.07,38.825,5.49
27-Mar-13,39.03,38.81,39.06,38.63,4.13
28-Mar-13,39.18,38.96,39.28,38.96,7.51
1-Apr-13,38.84,39.15,39.22,38.75,6.34
2-Apr-13,38.46,38.91,38.99,38.38,9.51
3-Apr-13,38.14,38.46,38.64,37.96,14.87
4-Apr-13,38.47,38.2,38.64,38.19,9.16
5-Apr-13,38.31,37.95,38.3372,37.95,7.65
8-Apr-13,38.43,38.4,38.45,38.13,4.12
9-Apr-13,38.88,38.49,39.02,38.49,9.11
10-Apr-13,39.15,38.99,39.17,38.84,6.21
11-Apr-13,39.32,39.11,39.501,39.085,7.44
12-Apr-13,38.74,39.09,39.23,38.56,12.49
15-Apr-13,37.31,38.35,38.44,37.26,20.63
16-Apr-13,37.99,37.63,38.01,37.63,9.61
17-Apr-13,37.43,37.65,37.73,37.23,9.84
18-Apr-13,37.32,37.57,37.67,37.1,17.34
19-Apr-13,37.76,37.54,37.77,37.45,10.76
22-Apr-13,38.12,37.95,38.26,37.56,7.18
23-Apr-13,38.45,38.22,38.5,38.06,9.1
24-Apr-13,39.03,38.6,39.11,38.55,7.07
25-Apr-13,39.46,39.37,39.77,39.25,6.36
26-Apr-13,38.9,39.43,39.43,38.76,7.77
29-Apr-13,39.49,39.01,39.53,38.88,6.94
30-Apr-13,39.55,39.42,39.57,39.13,10.68
1-May-13,38.85,39.34,39.43,38.82,10.34
2-May-13,39.13,39.04,39.22,38.67,6.17
3-May-13,39.82,39.69,40.005,39.53,5.83
6-May-13,39.93,39.93,39.985,39.73,4.66
7-May-13,40.31,40.04,40.37,39.9,6.08
8-May-13,40.66,40.27,40.67,40.21,5.14
9-May-13,40.61,40.69,40.81,40.49,5.96
10-May-13,40.57,40.58,40.66,40.27,4.88
13-May-13,40.28,40.53,40.56,40.17,4.46
14-May-13,40.78,40.2,40.785,40.2,5.06
15-May-13,41.005,40.63,41.149,40.59,5.3
16-May-13,40.82,40.83,41.155,40.73,4.59
17-May-13,41.26,40.9,41.32,40.9,7.05
20-May-13,41.3,41.19,41.5,41.1,5.25
21-May-13,41.25,41.41,41.48,41.18,4.54
22-May-13,40.69,41.26,41.61,40.54,12.3
23-May-13,40.71,40.25,40.8,40.055,6.9
24-May-13,40.57,40.53,40.6225,40.27,5.78
28-May-13,40.94,41.05,41.1,40.8,5.6
29-May-13,40.81,40.75,40.9,40.42,6.21
30-May-13,40.94,40.885,41.095,40.73,4.93
31-May-13,40.3,40.67,40.98,40.28,7.78
3-Jun-13,40.5,40.41,40.52,40.03,6.26
4-Jun-13,40.45,40.5,40.73,40.22,6.33
5-Jun-13,39.55,40.34,40.34,39.55,8.71
6-Jun-13,39.81,39.54,39.83,39.36,7.22
7-Jun-13,40.18,39.92,40.23,39.77,9.94
10-Jun-13,40.37,40.32,40.48,40.21,4.63
11-Jun-13,39.81,39.91,40.22,39.69,6.06
12-Jun-13,39.61,40.11,40.23,39.58,7.73
13-Jun-13,40.34,39.51,40.41,39.46,9.39
14-Jun-13,40.05,40.21,40.53,39.95,5.03
17-Jun-13,40.39,40.39,40.47,40.14,4.49
18-Jun-13,40.57,40.36,40.63,40.3,4.16
19-Jun-13,40.26,40.49,40.74,40.26,8.42
20-Jun-13,39.22,39.65,39.85,39.08,13.19
21-Jun-13,38.785,39.27,39.29,38.375,11.07
24-Jun-13,38.17,38.22,38.46,37.78,12.42
25-Jun-13,38.4,38.61,38.61,38.16,5.34
26-Jun-13,38.58,38.56,38.675,38.21,5.11
27-Jun-13,38.56,38.83,38.83,38.53,4.67
28-Jun-13,38.345,38.41,38.66,38.25,8.14
1-Jul-13,38.57,38.77,38.97,38.4956,11.2
2-Jul-13,38.45,38.42,38.76,38.24,4.24
3-Jul-13,38.46,38.22,38.54,38.19,3.31
5-Jul-13,38.72,38.72,38.74,38.38,3.53
8-Jul-13,38.94,38.89,39.04,38.78,3.92
9-Jul-13,39.54,39.21,39.63,39.21,4.8
10-Jul-13,39.53,39.5,39.68,39.31,3.79
11-Jul-13,40.17,40.04,40.25,39.97,5.32
12-Jul-13,40.03,40.24,40.25,39.862,3.79
15-Jul-13,40.13,40.03,40.2,39.965,7.37
16-Jul-13,39.83,40.16,40.22,39.66,5.86
17-Jul-13,40.2,40.04,40.31,39.94,6.98
18-Jul-13,40.22,40.14,40.44,40.125,3.76
19-Jul-13,40.48,40.18,40.48,40.12,6.06
22-Jul-13,40.52,40.46,40.7,40.46,4.93
23-Jul-13,40.64,40.88,41.08,40.56,4.85
24-Jul-13,40.26,40.81,40.81,40.09,5.74
25-Jul-13,40.64,40.1,40.69,39.96,4.03
26-Jul-13,40.49,40.4,40.54,40.15,4.2
29-Jul-13,40.72,40.33,40.77,40.27,7.35
30-Jul-13,40.62,40.33,40.7,40.16,4.82
31-Jul-13,40.48,40.65,40.86,40.42,5.84
1-Aug-13,40.78,40.75,40.99,40.68,4.6
2-Aug-13,41.01,40.72,41.04,40.6,2.84
5-Aug-13,40.9,40.9,41.05,40.83,2.54
6-Aug-13,40.522,40.9,40.93,40.417,3.37
7-Aug-13,40.54,40.38,40.6699,40.38,2.94
8-Aug-13,41.14,40.89,41.29,40.8,4.2
9-Aug-13,41.38,41.03,41.51,41.03,7.38
12-Aug-13,41.32,41.3,41.441,41.21,4.05
13-Aug-13,41.47,41.43,41.59,41.2,3.97
14-Aug-13,41.38,41.49,41.68,41.36,3.96
15-Aug-13,41.08,41,41.15,40.73,5.6
16-Aug-13,40.76,41.02,41.03,40.65,7.07
19-Aug-13,40.44,40.72,40.8399,40.405,4.64
20-Aug-13,40.67,40.44,40.79,40.36,3.27
21-Aug-13,40.36,40.55,40.747,40.29,4.85
22-Aug-13,40.84,40.52,40.9,40.46,4.62
23-Aug-13,41.17,40.91,41.25,40.725,4.46
26-Aug-13,41.17,41.28,41.57,41.13,5.69
27-Aug-13,40.445,40.84,40.96,40.36,5.9
28-Aug-13,40.37,40.4,40.575,40.3,3.49
29-Aug-13,40.5,40.23,40.736,40.18,4.09
30-Aug-13,40.43,40.53,40.62,40.34,5.6
3-Sep-13,40.672,41.03,41.14,40.51,4.36
4-Sep-13,41.05,40.58,41.1,40.475,4.32
5-Sep-13,41.12,41.07,41.25,41.01,5.5
6-Sep-13,41.07,41.43,41.46,40.9,4.99
9-Sep-13,41.69,41.2,41.74,41.19,5.44
10-Sep-13,42.065,41.99,42.21,41.83,7.25
11-Sep-13,42.32,42.08,42.3499,41.89,6.17
12-Sep-13,41.88,42.13,42.25,41.815,5.96
13-Sep-13,42.16,42,42.23,41.87,7.41
16-Sep-13,42.63,42.77,42.83,42.49,8.44
17-Sep-13,42.51,42.57,42.7,42.43,4.65
18-Sep-13,43.49,42.57,43.55,42.4084,10.13
19-Sep-13,43.335,43.66,43.78,43.24,6.2
20-Sep-13,42.62,43.23,43.23,42.57,10.99
23-Sep-13,42.3,42.5,42.63,42.28,6.56
24-Sep-13,42.28,42.29,42.6,42.18,3.49
25-Sep-13,42.39,42.39,42.67,42.23,4.26
26-Sep-13,42.67,42.57,42.85,42.45,5.85
27-Sep-13,42.16,42.36,42.49,42.12,3.8
30-Sep-13,42.01,41.75,42.16,41.63,5.67
1-Oct-13,42.19,42.01,42.22,41.79,5.02
2-Oct-13,42.3,41.95,42.31,41.81,4.28
3-Oct-13,41.94,42.24,42.24,41.635,7.08
4-Oct-13,42.55,41.95,42.565,41.86,5.17
7-Oct-13,42.03,42.06,42.419,42,5.99
8-Oct-13,41.36,42.05,42.05,41.33,8.6
9-Oct-13,41.42,41.48,41.6499,41.08,6.2
10-Oct-13,42.3,41.99,42.37,41.89,5.42
11-Oct-13,42.55,42.31,42.56,42.16,5.06
14-Oct-13,42.7,42.21,42.75,42.21,6.16
15-Oct-13,42.44,42.56,42.76,42.3439,5.37
16-Oct-13,42.87,42.7,42.999,42.54,4.27
17-Oct-13,43.425,42.73,43.47,42.73,4.64
18-Oct-13,43.559,43.71,43.71,43.355,7.4
21-Oct-13,43.55,43.59,43.64,43.39,3.9
22-Oct-13,44.18,43.78,44.28,43.75,5.52
23-Oct-13,43.89,44,44.03,43.83,5.39
24-Oct-13,44.11,43.94,44.14,43.7,3.24
25-Oct-13,44.24,44.2,44.24,43.82,5.77
28-Oct-13,44.02,44.21,44.29,43.89,6.32
29-Oct-13,44.109,44.02,44.12,43.83,4.28
30-Oct-13,43.84,44.08,44.36,43.57,5.5
31-Oct-13,43.77,43.83,44.065,43.74,5.58
1-Nov-13,43.67,43.82,43.91,43.43,5.17
4-Nov-13,43.845,43.86,43.87,43.632,5.57
5-Nov-13,43.66,43.68,43.76,43.49,2.97
6-Nov-13,43.96,43.93,44.06,43.76,3.97
7-Nov-13,43.38,44.04,44.06,43.34,5.93
8-Nov-13,44.185,43.27,44.19,43.27,5.31
11-Nov-13,44.17,44.18,44.2,44.02,2.5
12-Nov-13,44.029,43.95,44.15,43.905,4.28
13-Nov-13,44.27,43.87,44.279,43.81,4.69
14-Nov-13,44.64,44.4,44.66,44.26,5.18
15-Nov-13,44.925,44.67,44.96,44.67,4.56
18-Nov-13,44.65,45.03,45.07,44.5149,5.69
19-Nov-13,44.51,44.54,44.7,44.367,3.58
20-Nov-13,44.15,44.46,44.59,44.05,4.71
21-Nov-13,44.51,44.48,44.54,44.24,3.33
22-Nov-13,44.74,44.57,44.76,44.365,2.38
25-Nov-13,44.46,44.6,44.79,44.36,5.65
26-Nov-13,44.35,44.51,44.51,44.21,2.07
27-Nov-13,44.38,44.37,44.52,44.32,2.83
29-Nov-13,44.34,44.44,44.6,44.25,3.67
2-Dec-13,44.23,44.48,44.585,44.2,5.19
3-Dec-13,43.71,44.08,44.1,43.51,5.82
4-Dec-13,43.92,43.62,44.11,43.58,9.84
5-Dec-13,43.67,43.81,43.88,43.58,4.7
6-Dec-13,44.27,44.15,44.36,44,4.9
9-Dec-13,44.5,44.39,44.5399,44.3,3.69
10-Dec-13,44.63,44.5,44.7666,44.5,3.62
11-Dec-13,43.87,44.66,44.69,43.8,5.55
12-Dec-13,43.78,43.8,43.925,43.64,3.74
13-Dec-13,43.99,43.94,44.1,43.8499,2.98
16-Dec-13,44.17,44.26,44.39,44.07,4.39
17-Dec-13,44.46,43.98,44.49,43.96,8.59
18-Dec-13,45,44.57,45,44.02,13.64
19-Dec-13,45.07,45.08,45.14,44.7,7.57
20-Dec-13,44.93,44.91,45.091,44.79,7.84
23-Dec-13,45.15,45.15,45.21,44.98,4.11
24-Dec-13,45.64,45.18,45.64,45.12,1.89
26-Dec-13,45.89,45.7,45.93,45.66,2
27-Dec-13,46.03,46.1,46.1,45.89,1.84
30-Dec-13,46.06,46.04,46.13,45.9501,2.1
31-Dec-13,46.22,46.13,46.22,45.985,3.18
2-Jan-14,45.85,45.94,46.1299,45.73,6.94
3-Jan-14,45.74,45.91,45.95,45.72,4.34
6-Jan-14,45.49,45.84,45.85,45.38,4.43
7-Jan-14,45.41,45.5,45.78,45.28,3.88
8-Jan-14,45.68,45.48,45.74,45.3,4.12
9-Jan-14,45.5,45.7,45.85,45.32,4.42
10-Jan-14,45.64,45.59,45.6859,45.37,3.1
13-Jan-14,45.02,45.47,45.61,44.955,5.03
14-Jan-14,45.65,45.15,45.7,45.1,3.81
15-Jan-14,45.93,45.67,46.0194,45.67,3.53
16-Jan-14,46.04,45.85,46.045,45.81,4.92
17-Jan-14,45.93,46.06,46.13,45.86,7.34
21-Jan-14,46.21,46.4,46.565,45.979,7.37
22-Jan-14,45.76,46.16,46.25,45.63,5.59
23-Jan-14,45.08,45.59,45.64,44.771,6.5
24-Jan-14,43.87,44.69,44.72,43.85,10.1
27-Jan-14,43.69,43.93,44.08,43.37,5.95
28-Jan-14,43.94,43.96,44.04,43.78,4.85
29-Jan-14,44.12,43.6,44.56,43.6,10.32
30-Jan-14,44.33,44.35,44.505,43.98,8.04
31-Jan-14,44.04,43.77,44.4,43.67,6.24
3-Feb-14,43.01,43.97,44.23,42.96,19.84
4-Feb-14,43.39,43.25,43.67,43.04,7.41
5-Feb-14,43.44,43.23,43.55,42.775,7.9
6-Feb-14,44.09,43.53,44.15,43.5,8.89
7-Feb-14,44.7,44.25,44.77,44.12,5.18
10-Feb-14,44.92,44.7,44.9943,44.5734,15.25
11-Feb-14,45.44,45.03,45.59,44.955,6.98
12-Feb-14,45.36,45.39,45.65,45.26,3.77
13-Feb-14,45.75,45.06,45.9,45.01,6.71
14-Feb-14,46.12,45.83,46.17,45.67,5.12
18-Feb-14,46.15,46.1,46.26,45.91,5.69
19-Feb-14,45.83,46.12,46.52,45.79,7.89
20-Feb-14,46.31,45.96,46.37,45.69,6.72
21-Feb-14,46.19,46.39,46.52,46.19,3.99
24-Feb-14,46.03,46.03,46.45,46.01,14.71
25-Feb-14,46.2,46.06,46.405,45.91,6.39
26-Feb-14,46.55,46.28,46.69,46.2,6.75
27-Feb-14,46.92,46.47,46.92,46.44,4.85
28-Feb-14,47.08,46.89,47.25,46.81,5.89
3-Mar-14,46.97,46.7,47.18,46.6,10.19
4-Mar-14,47.71,47.68,47.79,47.36,7.67
5-Mar-14,47.82,47.73,47.88,47.55,4.08
6-Mar-14,48,47.98,48.26,47.97,6.29
7-Mar-14,47.79,48.11,48.12,47.64,9.03
10-Mar-14,47.75,47.65,47.78,47.33,4.86
11-Mar-14,47.26,47.87,47.87,47.235,6.65
12-Mar-14,47.24,47.17,47.35,47.03,5.35
13-Mar-14,46.9,47.42,47.59,46.74,7.92
14-Mar-14,46.9,46.9,47.17,46.82,6.28
17-Mar-14,47.28,47.19,47.57,47.07,5.26
18-Mar-14,47.55,47.36,47.59,47.27,4.8
19-Mar-14,47.13,47.46,47.63,46.86,7.89
20-Mar-14,47.76,46.9,47.76,46.9,5.81
21-Mar-14,47.37,47.6,47.68,47.275,8.77
24-Mar-14,47,47.55,47.65,46.8305,4.83
25-Mar-14,47.26,47.26,47.5,47.08,5.38
26-Mar-14,46.58,47.5,47.51,46.57,6.05
27-Mar-14,46.45,46.7,46.71,46.26,4.99
28-Mar-14,46.77,46.6,47,46.47,6.68
31-Mar-14,47.28,47.15,47.34,46.94,4.86
1-Apr-14,47.54,47.5,47.59,47.2401,5.78
2-Apr-14,47.89,47.65,47.999,47.43,4.33
3-Apr-14,47.95,48.07,48.26,47.77,4.64
4-Apr-14,47.34,48.27,48.34,47.22,9.38
7-Apr-14,46.65,47.19,47.38,46.48,7.4
8-Apr-14,46.83,46.71,47.022,46.5,4.81
9-Apr-14,47.54,47.05,47.654,46.76,4.11
10-Apr-14,46.59,47.53,47.57,46.5,5.47
11-Apr-14,46.03,46.41,46.63,46.03,5.22
14-Apr-14,46.4,46.45,46.58,46.09,4.96
15-Apr-14,46.68,46.43,46.71,45.92,4.86
16-Apr-14,47.37,46.93,47.41,46.87,5.81
17-Apr-14,47.52,47.35,47.6,47.315,4.72
21-Apr-14,47.53,47.6,47.75,47.38,3.32
22-Apr-14,47.7,47.6,47.865,47.43,5
23-Apr-14,47.71,47.73,47.85,47.63,3.98
24-Apr-14,47.5,47.84,47.95,47.41,3.46
25-Apr-14,47.16,47.41,47.445,47.01,3.5
28-Apr-14,46.96,47.36,47.37,46.61,9.57
29-Apr-14,47.29,47.05,47.42,47.05,4.98
30-Apr-14,47.67,47.15,47.7,47.13,6.02
1-May-14,47.37,47.62,47.62,47.27,4.17
2-May-14,47.55,47.44,47.82,47.34,4.98
5-May-14,47.81,47.39,47.84,47.31,2.4
6-May-14,47.57,47.67,47.83,47.41,3.43
7-May-14,47.94,47.73,47.98,47.42,4.29
8-May-14,47.75,47.86,48.22,47.55,4.84
9-May-14,47.75,47.55,47.81,47.45,3.98
12-May-14,48.36,48.03,48.4,48.01,4.44
13-May-14,48.4,48.31,48.59,48.31,3.41
14-May-14,48.41,48.4,48.6699,48.3,4.83
15-May-14,47.73,48.28,48.31,47.445,6.54
16-May-14,47.9,47.76,47.92,47.3659,4.38
19-May-14,48.1,47.81,48.35,47.79,2.74
20-May-14,47.84,48.05,48.2,47.72,4.68
21-May-14,48.06,47.97,48.18,47.8899,2.51
22-May-14,48.17,48.08,48.32,48,3.22
23-May-14,48.58,48.23,48.6,48.17,2.24
27-May-14,48.58,48.68,48.78,48.52,2.17
28-May-14,48.6,48.54,48.77,48.5,3.99
29-May-14,49.09,48.64,49.12,48.469,2.76
30-May-14,49.08,48.89,49.1,48.84,3.42
2-Jun-14,49.28,49.16,49.3901,49.03,3.42
3-Jun-14,49.17,49.07,49.31,49.02,2.64
4-Jun-14,49.25,49.08,49.4,48.925,2.87
5-Jun-14,49.48,49.36,49.569,48.9,4.86
6-Jun-14,49.72,49.57,49.7499,49.48,2.93
9-Jun-14,49.59,49.63,49.79,49.5,7.32
10-Jun-14,49.66,49.48,49.67,49.3,2.66
11-Jun-14,49.38,49.5,49.6,49.29,2.35
12-Jun-14,48.96,49.38,49.47,48.845,3.4
13-Jun-14,49.15,48.98,49.21,48.86,2.45
16-Jun-14,49.04,49.02,49.1399,48.8,7.96
17-Jun-14,49.14,48.72,49.24,48.7,6.12
18-Jun-14,49.67,49.18,49.7,49.12,8.04
19-Jun-14,49.57,49.73,49.75,49.475,5.77
20-Jun-14,49.64,49.4,49.67,49.33,4.22
23-Jun-14,49.71,49.7,49.86,49.49,2.95
24-Jun-14,49.24,49.59,49.867,49.24,4.37
25-Jun-14,49.63,49.33,49.87,49.33,6.72
26-Jun-14,49.62,49.73,49.83,49.345,5.45
27-Jun-14,49.465,49.26,49.49,49.155,6.35
30-Jun-14,49.64,49.46,49.72,49.29,13.12
1-Jul-14,49.76,49.7,49.96,49.59,6.99
2-Jul-14,49.82,49.8,49.95,49.72,3.87
3-Jul-14,50.14,49.93,50.19,49.92,2.81
7-Jul-14,49.72,50.07,50.11,49.63,4.99
8-Jul-14,49.59,49.69,49.72,49.45,4.28
9-Jul-14,49.76,49.75,49.825,49.62,4.18
10-Jul-14,49.54,49.32,49.745,49.271,4.03
11-Jul-14,49.63,49.52,49.675,49.42,3.49
14-Jul-14,49.6,49.88,49.88,49.58,2.52
15-Jul-14,49.5,49.63,49.95,49.3602,2.82
16-Jul-14,49.84,49.66,49.88,49.64,3.85
17-Jul-14,49.63,49.67,49.92,49.535,5.51
18-Jul-14,49.94,49.67,50.025,49.63,4.87
21-Jul-14,49.8,49.77,49.88,49.6,4.93
22-Jul-14,49.87,49.95,50.02,49.845,2.82
23-Jul-14,50.08,49.88,50.18,49.75,2.27
24-Jul-14,50.02,50.08,50.19,49.9233,2.5
25-Jul-14,50.11,49.9,50.28,49.9,2.39
28-Jul-14,50.24,50.11,50.365,49.95,10.67
29-Jul-14,49.88,50.3,50.34,49.863,3.89
30-Jul-14,49.62,50.01,50.13,49.52,5.28
31-Jul-14,48.65,49.25,49.4,48.65,6.46
1-Aug-14,48.69,48.55,48.86,48.38,5.62
4-Aug-14,49.27,48.83,49.315,48.57,4.97
5-Aug-14,48.76,48.85,49.18,48.622,5.14
6-Aug-14,49.12,48.64,49.185,48.54,6.36
7-Aug-14,48.69,49.34,49.49,48.56,5.08
8-Aug-14,49.2,48.8,49.23,48.62,4.27
11-Aug-14,49.15,49.33,49.52,49.13,5.49
12-Aug-14,49.305,49.14,49.365,49.04,7.3
13-Aug-14,49.58,49.53,49.63,49.27,4.31
14-Aug-14,49.58,49.66,49.685,49.53,3.61
15-Aug-14,49.73,49.76,49.95,49.33,4.44
18-Aug-14,50.22,49.93,50.22,49.93,5.35
19-Aug-14,50.37,50.3,50.45,50.24,3.14
20-Aug-14,50.44,50.3,50.495,50.25,4.8
21-Aug-14,50.37,50.51,50.53,50.2323,1.36
22-Aug-14,50.17,50.36,50.36,50.07,1.81
25-Aug-14,50.36,50.46,50.46,50.265,1.56
26-Aug-14,50.41,50.39,50.53,50.37,1.91
27-Aug-14,50.41,50.49,50.53,50.305,3.3
28-Aug-14,50.45,50.32,50.51,50.14,1.84
29-Aug-14,50.53,50.55,50.599,50.39,2.67
2-Sep-14,50.36,50.52,50.61,50.26,6.62
3-Sep-14,50.44,50.56,50.66,50.41,3.14
4-Sep-14,50.44,50.48,50.755,50.321,5.78
5-Sep-14,50.66,50.4,50.67,50.26,3.08
8-Sep-14,50.46,50.57,50.74,50.37,2.3
9-Sep-14,50.05,50.4,50.41,49.94,3.16
10-Sep-14,50.05,49.96,50.079,49.61,6.36
11-Sep-14,49.98,49.82,50.09,49.79,4.26
12-Sep-14,49.75,49.93,50.07,49.555,3.88
15-Sep-14,49.82,49.79,49.945,49.57,3.19
16-Sep-14,50.05,49.7,50.26,49.66,3.32
17-Sep-14,50.35,50.32,50.62,50.15,5.16
18-Sep-14,50.69,50.55,50.77,50.5,4.48
19-Sep-14,50.44,50.66,50.83,50.35,6.08
22-Sep-14,50.42,50.71,50.86,50.38,3.84
23-Sep-14,50.16,50.37,50.46,50.14,2.97
24-Sep-14,50.68,50.19,50.73,50.13,4.28
25-Sep-14,49.91,50.49,50.51,49.9099,4.7
26-Sep-14,50.4,49.95,50.45,49.91,4.73
29-Sep-14,50.19,50.17,50.33,49.86,9.1
30-Sep-14,49.59,50.14,50.225,49.5,7.83
1-Oct-14,48.42,49.5,49.5,48.3,11.29
2-Oct-14,48.3,48.31,48.43,47.63,9.07
3-Oct-14,48.44,48.58,48.69,48.36,5.44
6-Oct-14,48.43,48.63,48.75,48.27,4.79
7-Oct-14,47.58,48.29,48.29,47.57,6.06
8-Oct-14,48.2,47.58,48.27,47.05,10.52
9-Oct-14,47.02,48.2,48.22,46.87,14.63
10-Oct-14,46.3,47.03,47.2,46.29,15.18
13-Oct-14,45.11,46.25,46.64,45.04,16.58
14-Oct-14,45.25,45.41,45.9,44.95,11
15-Oct-14,45.56,44.43,45.75,44.09,18.96
16-Oct-14,46.01,44.76,46.27,44.68,20.22
17-Oct-14,46.62,46.5,46.97,46.4,11.15
20-Oct-14,47.33,46.52,47.36,46.33,17.19
21-Oct-14,48.35,47.61,48.42,47.6,7.13
22-Oct-14,47.96,48.7,48.8,47.93,9.21
23-Oct-14,47.92,48.31,48.45,47.79,29.95
24-Oct-14,48.28,48.01,48.33,47.57,6.71
27-Oct-14,47.27,47.85,47.95,47.08,35.14
28-Oct-14,47.74,47.57,47.78,47.38,7.6
29-Oct-14,47.15,47.73,47.8,46.83,23.91
30-Oct-14,47.51,46.97,47.76,46.97,6.69
31-Oct-14,48.4,47.91,48.42,47.74,8.4
3-Nov-14,48.06,48.42,48.6,47.89,20.83
4-Nov-14,47.56,47.93,48.04,47.34,13.04
5-Nov-14,48.02,47.66,48.11,47.63,6.12
6-Nov-14,48.41,47.86,48.505,47.86,3.83
7-Nov-14,48.64,48.46,48.72,48.43,5.1
10-Nov-14,48.77,48.62,48.8,48.5,3.64
11-Nov-14,49.01,48.75,49.045,48.69,3.61
12-Nov-14,49.13,48.97,49.25,48.9,3.85
13-Nov-14,49.14,49.18,49.53,48.87,4.12
14-Nov-14,49.29,49.2,49.39,49.08,3.17
17-Nov-14,49.28,49.25,49.335,49.1,2.63
18-Nov-14,49.87,49.29,49.91,49.29,5.02
19-Nov-14,49.8,49.83,49.96,49.625,4.84
20-Nov-14,50.06,49.55,50.06,49.4,3.86
21-Nov-14,50.67,50.7,51.01,50.48,9.56
24-Nov-14,50.44,50.75,50.75,50.36,2.14
25-Nov-14,50.26,50.45,50.6,50.22,2.41
26-Nov-14,50.3,50.11,50.33,49.915,1.88
28-Nov-14,49.16,49.81,49.86,49.05,4.87
1-Dec-14,48.65,49.01,49.23,48.39,12.01
2-Dec-14,48.94,48.65,49.05,48.54,5.93
3-Dec-14,49.66,49.05,49.73,48.925,7.35
4-Dec-14,49.81,49.53,49.93,49.49,5.85
5-Dec-14,49.77,49.8,50.105,49.675,3.36
8-Dec-14,48.98,49.71,49.72,48.905,5.5
9-Dec-14,49.11,48.72,49.14,48.52,6.02
10-Dec-14,48.1,48.91,48.96,47.98,7.58
11-Dec-14,48.14,48.25,48.66,48.04,3.92
12-Dec-14,46.8,47.65,47.92,46.77,8.67
15-Dec-14,46.55,46.97,47.11,46.36,8.99
16-Dec-14,46.19,46.38,47.34,46.175,9.52
17-Dec-14,47.45,46.36,47.58,46.36,10.61
18-Dec-14,48.53,48.19,48.56,47.76,7.02
19-Dec-14,48.82,48.65,48.99,48.44,5.39
22-Dec-14,48.85,48.97,48.97,48.57,3.31
23-Dec-14,49.23,49.05,49.37,48.945,7.1
24-Dec-14,49.06,49.05,49.24,48.979,1.88
26-Dec-14,49.23,49.36,49.39,49.16,1.3
29-Dec-14,49.23,49.11,49.3699,49.11,2.17
30-Dec-14,49.06,49.12,49.28,49.04,2.17
31-Dec-14,48.58,49.17,49.17,48.57,2.98
2-Jan-15,48.65,48.58,48.87,48.355,5.23
5-Jan-15,47.41,48.28,48.42,47.2035,5.44
6-Jan-15,46.99,47.55,47.7,46.74,5.05
7-Jan-15,47.52,47.34,47.66,47.16,3.56
8-Jan-15,48.65,48,48.78,47.88,7.64
9-Jan-15,48.4,48.87,48.978,48.18,6.85
12-Jan-15,48.29,48.17,48.49,47.75,4.66
13-Jan-15,47.75,48.56,48.7,47.37,5.86
14-Jan-15,47.19,46.91,47.255,46.44,6.78
15-Jan-15,47.1,47.4,47.83,47.1,5.86
16-Jan-15,47.85,47.17,47.925,47.03,5.46
20-Jan-15,47.93,48.18,48.24,47.47,4.06
21-Jan-15,48.4,47.83,48.45,47.71,4.71
22-Jan-15,49.01,48.64,49.09,48.31,5.78
23-Jan-15,48.25,48.91,48.91,48.215,5.04
26-Jan-15,48.46,48.22,48.515,48.01,3.1
27-Jan-15,48.13,47.79,48.475,47.58,4.52
28-Jan-15,47.26,48.2,48.29,47.18,5.78
29-Jan-15,47.88,47.32,47.96,47.01,5.96
30-Jan-15,47.69,47.48,48.26,47.35,7.81
2-Feb-15,48.12,47.74,48.25,47.415,6.63
3-Feb-15,49.18,48.45,49.21,48.375,6.13
4-Feb-15,48.86,48.88,49.225,48.75,5.68
5-Feb-15,50.04,49.02,50.09,49.02,5.86
6-Feb-15,49.92,50.06,50.14,49.78,5.61
9-Feb-15,49.86,49.65,50.15,49.65,3.71
10-Feb-15,50.23,50.18,50.28,49.71,3.25
11-Feb-15,50.15,50.1,50.33,49.8639,3.22
12-Feb-15,51.01,50.45,51.16,50.45,4.9
13-Feb-15,51.44,51.15,51.53,51.05,2.9
17-Feb-15,51.5,51.21,51.7,51.12,3.27
18-Feb-15,51.64,51.35,51.64,51.14,2.97
19-Feb-15,51.78,51.51,51.895,51.28,3.01
20-Feb-15,51.93,51.68,52.01,51.27,3.57
23-Feb-15,51.87,51.76,51.97,51.53,2.77
24-Feb-15,52.09,52.01,52.16,51.8,2.31
25-Feb-15,51.94,52.06,52.22,51.85,1.96
26-Feb-15,51.61,51.93,52.04,51.46,2.73
27-Feb-15,51.49,51.55,51.76,51.47,3.36
2-Mar-15,51.83,51.51,51.845,51.27,3.28
3-Mar-15,51.55,51.64,51.815,51.38,3.21
4-Mar-15,51.37,51.26,51.49,51.015,3.29
5-Mar-15,51.15,51.5,51.5,50.97,1.94
6-Mar-15,50.46,50.92,50.93,50.36,4.39
9-Mar-15,50.53,50.5,50.6851,50.42,2.52
10-Mar-15,49.76,50.13,50.13,49.69,5.15
11-Mar-15,49.7,49.85,49.9399,49.62,2.54
12-Mar-15,50.32,49.75,50.355,49.75,3.1
13-Mar-15,49.84,50.1,50.14,49.52,4.19
16-Mar-15,49.76,50.06,50.06,49.541,4.01
17-Mar-15,49.21,49.41,49.53,49,7.88
18-Mar-15,49.96,48.97,50.26,48.71,6.49
19-Mar-15,49.1,49.71,49.78,49.05,3.96
20-Mar-15,49.23,49.04,49.545,48.88,4.77
23-Mar-15,49.23,49.17,49.43,49.101,3.37
24-Mar-15,49.07,49.13,49.3,48.9,2.23
25-Mar-15,48.52,49.16,49.35,48.52,3.68
26-Mar-15,48.63,48.45,48.81,48.39,4.07
27-Mar-15,48.61,48.74,48.9,48.54,3.68
30-Mar-15,49.27,48.91,49.43,48.91,2.8
31-Mar-15,48.78,49.04,49.15,48.78,3.46
1-Apr-15,48.92,48.88,49,48.48,4.21
2-Apr-15,48.97,48.7,49.11,48.7,2.47
6-Apr-15,49.36,48.91,49.5,48.59,2.69
7-Apr-15,49.28,49.2,49.69,49.2,1.84
8-Apr-15,49.42,49.51,49.61,49.17,2.13
9-Apr-15,49.56,49.35,49.68,49.3,1.91
10-Apr-15,49.7,49.61,49.71,49.4654,1.67
13-Apr-15,49.5,49.52,49.743,49.475,1.5
14-Apr-15,49.71,49.4,49.79,49.375,2.18
15-Apr-15,50.19,49.82,50.38,49.82,3.12
16-Apr-15,50.08,50.2,50.348,49.92,2.17
17-Apr-15,49.62,49.8,49.96,49.44,3.83
20-Apr-15,49.98,49.7,50.05,49.7,2.15
21-Apr-15,49.61,50.11,50.11,49.42,3.97
22-Apr-15,49.71,49.73,49.76,49.31,2.71
23-Apr-15,49.84,49.77,50.0501,49.59,4.83
24-Apr-15,50.26,50.09,50.28,49.995,3.09
27-Apr-15,50.7,50.41,50.92,50.39,3.62
28-Apr-15,50.77,50.69,50.84,50.41,3.18
29-Apr-15,50.74,50.5,50.915,50.35,3.44
30-Apr-15,50.42,50.56,50.8,50.23,4.45
1-May-15,51.25,50.73,51.38,50.64,6.75
4-May-15,51.11,51.4,51.49,51.09,4.15
5-May-15,50.53,51,51.39,50.41,3.76
6-May-15,50.54,50.82,50.92,50.355,5.02
7-May-15,50.76,50.26,50.81,50.12,6.23
8-May-15,51.57,51.35,51.78,51.34,4.63
11-May-15,51.33,51.54,51.615,51.25,4.12
12-May-15,50.79,51.14,51.14,50.76,3.77
13-May-15,50.73,50.65,50.945,50.54,3.81
14-May-15,51.26,50.98,51.3,50.98,3.16
15-May-15,51.51,51.21,51.51,51.09,3.13
18-May-15,51.28,51.29,51.45,51.17,2.69
19-May-15,51.03,51.21,51.3,50.88,2.71
20-May-15,51,51.12,51.17,50.87,2.2
21-May-15,51.18,51.02,51.285,50.8701,1.91
22-May-15,51.12,51.15,51.22,51.03,1.75
26-May-15,50.48,50.86,50.87,50.29,3.79
27-May-15,50.81,50.48,50.89,50.42,2.79
28-May-15,50.94,50.73,50.97,50.63,1.74
29-May-15,50.61,50.92,50.93,50.48,3.25
1-Jun-15,50.63,50.73,50.77,50.28,4.37
2-Jun-15,50.79,50.56,51.02,50.45,3.66
3-Jun-15,50.84,50.96,51.15,50.75,2.63
4-Jun-15,50.24,50.54,50.54,50,3.77
5-Jun-15,50.01,50.07,50.25,49.8,2.96
8-Jun-15,49.83,50.01,50.11,49.82,3.92
9-Jun-15,49.86,49.8,50.13,49.8,2.61
10-Jun-15,50.38,50.16,50.557,50.13,2.73
11-Jun-15,50.5,50.43,50.6,50.36,1.86
12-Jun-15,50.2,50.42,50.44,50.1001,2.37
15-Jun-15,49.89,49.82,50.075,49.63,3.36
16-Jun-15,50.15,49.79,50.18,49.76,2.15
17-Jun-15,50.36,50.25,50.47,49.88,3.54
18-Jun-15,50.78,50.54,50.91,50.51,3.67
19-Jun-15,50.21,50.47,50.64,50.21,3.7
22-Jun-15,50.4,50.48,50.48,50.25,1.98
23-Jun-15,50.26,50.42,50.48,50.16,2.25
24-Jun-15,49.62,50.15,50.18,49.61,3.14
25-Jun-15,49.58,49.64,49.82,49.43,2.45
26-Jun-15,49.39,49.68,49.77,49.32,2.91
29-Jun-15,48.24,49.01,49.17,48.19,6.2
30-Jun-15,48.39,48.66,48.8,48.275,6.3
1-Jul-15,48.66,48.87,48.889,48.53,5.42
2-Jul-15,48.51,48.73,48.84,48.33,5.14
6-Jul-15,48.11,48.11,48.57,47.84,6.44
7-Jul-15,47.95,48,48.1099,47.13,6.86
8-Jul-15,46.9,47.55,47.69,46.855,7.49
9-Jul-15,47.04,47.59,47.65,47.03,4.9
10-Jul-15,47.7,47.57,47.795,47.45,3.8
13-Jul-15,48.22,48,48.27,47.92,2.9
14-Jul-15,48.49,48.08,48.59,48.08,2.44
15-Jul-15,48.11,48.5,48.52,47.99,3.07
16-Jul-15,47.99,47.99,48.135,47.83,4.58
17-Jul-15,47.66,47.84,47.97,47.41,7.25
20-Jul-15,47.26,47.67,47.67,47.17,4.45
21-Jul-15,46.97,47.22,47.6,46.83,3.46
22-Jul-15,46.77,46.87,47.01,46.66,5.89
23-Jul-15,46.09,46.88,47,45.97,4.86
24-Jul-15,45.08,46.08,46.1,44.785,7.26
27-Jul-15,44.58,44.61,45.12,44.47,9.28
28-Jul-15,45.51,44.65,45.63,44.43,14.39
29-Jul-15,45.84,45.58,45.98,45.36,9.59
30-Jul-15,46.07,45.85,46.14,45.8,5.6
31-Jul-15,45.95,46.39,46.39,45.855,4.7
3-Aug-15,45.59,45.91,46.12,45.345,5.7
4-Aug-15,45.79,45.62,46.05,45.61,6.6
5-Aug-15,46.02,46.12,46.51,45.87,5.84
6-Aug-15,45.86,46.01,46.18,45.79,6.11
7-Aug-15,45.22,45.56,45.845,45.07,5.85
10-Aug-15,46.33,45.65,46.36,45.37,5.31
11-Aug-15,45.47,45.6,45.83,45.28,5.85
12-Aug-15,45.64,45.1,45.7,44.97,6.64
13-Aug-15,45.51,45.5,45.71,45.345,3.03
14-Aug-15,45.72,45.56,45.76,45.44,2.14
17-Aug-15,45.98,45.61,46,45.41,2.55
18-Aug-15,45.68,45.89,45.97,45.625,2.85
19-Aug-15,45.12,45.45,45.4688,44.93,4.29
20-Aug-15,44.27,44.84,44.97,44.27,5.81
21-Aug-15,43.19,44.01,44.09,43.19,12.55
24-Aug-15,41.38,40.64,42.86,39.35,27.68
25-Aug-15,40.73,42.04,42.94,40.66,13.34
26-Aug-15,41.83,41.58,41.92,40.89,24.49
27-Aug-15,43.35,42.5,43.56,42.445,11.64
28-Aug-15,43.6,43.24,43.76,43.1,6.37
31-Aug-15,43.36,43.44,43.68,42.88,9
1-Sep-15,42.04,42.22,42.76,41.78,8.99
2-Sep-15,42.64,42.55,42.69,41.99,7.38
3-Sep-15,42.9,42.75,43.38,42.71,4.86
4-Sep-15,42.05,42.23,42.44,41.98,7.27
8-Sep-15,43.1,42.81,43.14,42.5761,6.57
9-Sep-15,42.77,43.36,43.73,42.7001,6.83
10-Sep-15,42.87,42.53,43.16,42.53,5.47
11-Sep-15,42.81,42.49,42.83,42.43,2.9
14-Sep-15,42.3,42.75,42.76,42.2,3.34
15-Sep-15,42.61,42.38,42.73,42.275,3.56
16-Sep-15,43.22,42.65,43.26,42.6,4.36
17-Sep-15,43.02,43.14,43.74,42.93,9.14
18-Sep-15,41.88,42.09,42.35,41.74,10.13
21-Sep-15,42.02,42.18,42.35,41.87,6.02
22-Sep-15,41.24,41.39,41.43,40.88,6.59
23-Sep-15,40.36,41.3,41.32,40.3,6.93
24-Sep-15,40.25,40.01,40.38,39.46,9.29
25-Sep-15,40.2,40.63,40.63,39.96,7.32
28-Sep-15,38.95,40.02,40.03,38.85,12.34
29-Sep-15,39.1,39.14,39.45,38.83,13.47
30-Sep-15,39.92,39.58,39.999,39.4,7.65
1-Oct-15,40.37,40.08,40.37,39.56,9.61
2-Oct-15,41.36,39.69,41.36,39.69,23.14
5-Oct-15,42.44,41.8,42.45,41.44,13.91
6-Oct-15,42.99,42.7,43.32,42.65,14.08
7-Oct-15,43.56,43.11,43.69,42.885,15.93
8-Oct-15,44.17,43.38,44.3,43.38,13.99
9-Oct-15,44.15,44.53,44.56,43.99,9.08
12-Oct-15,43.77,44.24,44.24,43.555,7.41
13-Oct-15,43.6,43.47,43.92,43.27,8.66
14-Oct-15,43.95,43.61,44.18,43.52,6.69
15-Oct-15,44.07,43.99,44.292,43.5049,4.58
16-Oct-15,44.09,44.28,44.39,43.78,7.24
19-Oct-15,43.78,43.79,43.96,43.56,3.9
20-Oct-15,43.85,43.73,44.23,43.65,3.81
21-Oct-15,43.46,43.85,43.99,43.38,5.52
22-Oct-15,44.65,43.98,44.69,43.8683,7.26
23-Oct-15,45.02,45.07,45.2,44.775,6.51
26-Oct-15,44.65,44.95,45.0832,44.635,3.99
27-Oct-15,44.46,44.39,44.67,44.085,6.17
28-Oct-15,45.13,44.39,45.22,44.39,7.65
29-Oct-15,45.22,44.91,45.32,44.88,5.37
30-Oct-15,45.28,45.2,45.655,45.15,6.43
2-Nov-15,45.56,45.35,45.78,45.24,11.35
3-Nov-15,45.74,45.44,46.085,45.41,7.6
4-Nov-15,45.44,45.66,45.98,45.42,6.84
5-Nov-15,45.21,45.38,45.38,44.85,10.28
6-Nov-15,45.33,44.84,45.4,44.77,4.6
9-Nov-15,45.02,45.12,45.32,44.62,5.38
10-Nov-15,44.69,44.86,45,44.415,4.9
11-Nov-15,44.74,44.79,44.88,44.465,6.28
12-Nov-15,43.84,44.28,44.34,43.84,9.02
13-Nov-15,44.4,43.81,44.63,43.74,7.08
16-Nov-15,44.97,44.49,45,44.33,7.73
17-Nov-15,44.92,45.05,45.37,44.8,12.75
18-Nov-15,45.72,45.08,45.755,44.9615,7.88
19-Nov-15,45.67,45.61,45.93,45.59,5.29
20-Nov-15,45.53,45.78,45.99,45.42,3.73
23-Nov-15,45.59,45.6,45.94,45.515,3.83
24-Nov-15,45.97,45.23,46.09,45.23,6.25
25-Nov-15,45.68,45.97,46.05,45.62,4.16
27-Nov-15,45.62,45.62,45.71,45.41,1.27
30-Nov-15,45.73,45.74,45.94,45.57,6.56
1-Dec-15,46.05,45.76,46.06,45.6,7.72
2-Dec-15,45.43,45.91,46.02,45.28,8.01
3-Dec-15,45.03,45.65,45.73,44.795,5.83
4-Dec-15,45.82,45.13,45.94,44.99,5.61
7-Dec-15,45,45.57,45.79,44.71,6.16
8-Dec-15,44.15,44.53,44.91,44.09,7.43
9-Dec-15,45.48,45.29,46.06,45.01,12.96
10-Dec-15,45.14,45.2,45.57,44.84,5.29
11-Dec-15,43.94,43.97,44.47,43.88,9.54
14-Dec-15,43.36,43.71,43.86,42.97,8.89
15-Dec-15,43.6,43.8,44.0599,43.505,5.05
16-Dec-15,44.05,43.83,44.09,43.23,8.07
17-Dec-15,43.17,44.12,44.12,43.17,9.2
18-Dec-15,42.27,42.76,43.05,42.27,14.25
21-Dec-15,42.65,42.56,42.77,42.29,5.89
22-Dec-15,43.19,42.87,43.39,42.73,5.27
23-Dec-15,44.21,43.5,44.28,43.5,5.82
24-Dec-15,44.11,44.11,44.29,44.02,3.72
28-Dec-15,43.8,43.92,43.92,43.54,4.16
29-Dec-15,44.21,44.05,44.365,44.03,3.89
30-Dec-15,43.8,44.07,44.21,43.74,3.34
31-Dec-15,43.42,43.7,43.93,43.42,4.68
4-Jan-16,42.74,42.72,42.86,42.255,14.43
5-Jan-16,42.72,42.92,42.92,42.4,9.5
6-Jan-16,41.6,42.14,42.18,41.365,9.31
7-Jan-16,40.47,40.84,41.245,40.25,12.58
8-Jan-16,40.06,40.86,40.9,39.95,8.7
11-Jan-16,39.38,40.27,40.28,39.07,10.07
12-Jan-16,39.44,39.96,39.96,38.95,7.27
13-Jan-16,38.53,39.73,39.81,38.48,10.81
14-Jan-16,39.05,38.68,39.335,38.21,10.37
15-Jan-16,38.25,38.25,38.51,37.75,9.36
19-Jan-16,37.78,38.6,38.73,37.29,9.87
20-Jan-16,37.5,36.94,37.82,36.2926,12.83
21-Jan-16,37.83,37.68,38.11,37.175,11.7
22-Jan-16,38.51,38.54,39.08,38.15,9.54
25-Jan-16,37.28,38.14,38.22,37.22,11.14
26-Jan-16,37.92,37.68,38.02,37.285,7.59
27-Jan-16,37.62,37.85,38.5,37.52,7.81
28-Jan-16,37.68,37.96,38.02,37.3435,6.66
29-Jan-16,38.77,37.99,38.8,37.7,8
1-Feb-16,38.93,38.55,39.03,38.08,13.6
2-Feb-16,38.67,38.78,38.87,38.22,11.51
3-Feb-16,39.97,39.13,39.97,38.63,14.41
4-Feb-16,41.08,40.13,41.35,40.1,14.59
5-Feb-16,40.61,40.77,41.1875,40.47,11.43
8-Feb-16,39.54,40,40.32,38.965,11.6
9-Feb-16,40.03,39.16,40.23,39.16,10.26
10-Feb-16,39.65,40.2,40.61,39.55,11.37
11-Feb-16,38.79,38.84,39.3501,38.47,13.54
12-Feb-16,39.94,39.34,39.94,38.9,8.6
16-Feb-16,40.55,40.34,40.6,39.83,6.79
17-Feb-16,41.35,40.88,41.58,40.87,7.49
18-Feb-16,41.23,41.4,41.41,40.93,5.41
19-Feb-16,40.75,41.01,41.04,40.58,5.93
22-Feb-16,41.53,41.21,41.67,41.15,5.36
23-Feb-16,40.51,41.2,41.22,40.44,6.53
24-Feb-16,40.93,40.1,40.98,39.91,10.14
25-Feb-16,41.46,41.03,41.49,40.665,5.14
26-Feb-16,42.06,41.8,42.29,41.8,6.75
29-Feb-16,41.8,42.14,42.56,41.78,6.84
1-Mar-16,42.87,42.3,42.98,42.0312,12.09
2-Mar-16,42.7,42.39,42.79,42.2625,9.86
3-Mar-16,42.96,42.61,43.07,42.53,8.61
4-Mar-16,43.46,43.01,43.74,42.865,9.91
7-Mar-16,43.96,43.48,44.06,43.47,7.88
8-Mar-16,43.1,43.6,43.61,42.85,6.29
9-Mar-16,43.37,43.33,43.58,43.07,5.61
10-Mar-16,43.6,43.48,43.86,43.1,7.58
11-Mar-16,44.4,44.03,44.52,44.03,5.02
14-Mar-16,44.1,44.12,44.34,43.93,5.47
15-Mar-16,44.2,43.7,44.2,43.44,4.98
16-Mar-16,44.57,43.5,44.57,43.5,7.29
17-Mar-16,45.39,44.49,45.53,44.49,7.78
18-Mar-16,45.42,45.51,45.74,45.17,7.63
21-Mar-16,45.63,45.32,45.63,44.76,5.07
22-Mar-16,45.11,44.75,45.28,44.68,4.1
23-Mar-16,44.55,44.73,44.87,44.47,5.66
24-Mar-16,44.55,44.18,44.57,43.99,3.76
28-Mar-16,44.74,44.5,44.9,44.46,3.95
29-Mar-16,44.99,44.43,45,44.28,4.1
30-Mar-16,45.19,45.19,45.3822,45,4.04
31-Mar-16,44.81,45.24,45.3,44.661,5.56
1-Apr-16,45.24,44.49,45.24,44.16,8.59
4-Apr-16,44.65,44.95,45.21,44.57,5.66
5-Apr-16,44.37,44.32,44.59,44.26,5.48
6-Apr-16,44.88,44.26,44.88,43.97,5.67
7-Apr-16,44.23,44.54,44.61,44.04,5.07
8-Apr-16,44.52,44.47,45.02,44.47,4.41
11-Apr-16,44.72,44.92,45.19,44.72,3.85
12-Apr-16,45.34,44.99,45.42,44.74,4.7
13-Apr-16,45.79,45.63,45.94,45.59,4.83
14-Apr-16,45.82,45.99,46.07,45.72,3.54
15-Apr-16,46.03,45.94,46.06,45.6467,3.44
18-Apr-16,46.24,45.8,46.245,45.63,4.47
19-Apr-16,47.23,46.42,47.26,46.35,6.33
20-Apr-16,47.09,47.29,47.32,46.9699,6.51
21-Apr-16,46.88,47.23,47.41,46.87,6.07
22-Apr-16,47.21,47.03,47.3565,46.9501,5.43
25-Apr-16,47.05,47.16,47.16,46.69,4.6
26-Apr-16,47.43,47.09,47.49,47.05,5.04
27-Apr-16,47.83,47.55,47.88,47.3367,5.71
28-Apr-16,47.38,47.47,47.91,47.18,5.66
29-Apr-16,47.1,47.22,47.54,46.78,6.37
2-May-16,47.27,47.29,47.3001,46.81,6.2
3-May-16,46.49,46.83,46.86,46.29,9.32
4-May-16,46.02,46.08,46.37,45.72,8.07
5-May-16,45.79,46.31,46.38,45.71,6.97
6-May-16,46.16,45.69,46.2,45.54,6.78
9-May-16,45.6,45.81,45.8789,45.54,6.57
10-May-16,46.36,45.83,46.4,45.74,6.79
11-May-16,46.2,46.44,46.6,46.17,5.68
12-May-16,46.4,47.04,47.19,46.24,9.94
13-May-16,45.95,46.38,46.62,45.78,5.62
16-May-16,46.74,46.05,46.79,46.03,5.84
17-May-16,46.5,46.51,46.97,46.4,6.42
18-May-16,45.79,46.24,46.58,45.58,9.59
19-May-16,45.95,45.7,46.01,45.4185,6.26
20-May-16,46.28,46.14,46.47,46.11,4.91
23-May-16,46.82,46.5,47.03,46.48,4.28
24-May-16,47.13,46.97,47.24,46.89,4.51
25-May-16,47.71,48.02,48.02,47.4,5.62
26-May-16,47.2,47.86,48.18,47.17,3.33
27-May-16,47.18,47,47.35,47,4.31
31-May-16,46.94,47.4,47.4,46.865,4.45
1-Jun-16,47,46.85,47.09,46.37,4.91
2-Jun-16,47.26,46.95,47.29,46.74,3.38
3-Jun-16,47.66,47.47,47.77,47.17,4.97
6-Jun-16,48.15,47.87,48.2,47.79,6.93
7-Jun-16,48.17,48.19,48.33,47.96,3.64
8-Jun-16,48.45,48.48,48.6,48.28,3.94
9-Jun-16,48.1,48.2,48.216,47.88,3.97
10-Jun-16,47.74,47.8,48.02,47.62,4.81
13-Jun-16,47.21,47.76,47.9299,47.2,5.32
14-Jun-16,46.86,47.07,47.22,46.545,7.56
15-Jun-16,47.07,47.04,47.4,46.96,4.17
16-Jun-16,47.23,46.87,47.25,46.46,5.87
17-Jun-16,47.2,46.9,47.3,46.79,5.93
20-Jun-16,47.47,47.65,48.06,47.44,5.97
21-Jun-16,47.34,47.51,47.58,47.165,3.06
22-Jun-16,47.39,47.38,47.56,47.31,3.04
23-Jun-16,48.12,47.86,48.14,47.8,3.56
24-Jun-16,46.02,46.48,47.07,45.9,12.45
27-Jun-16,44.47,45.67,45.67,44.22,9.06
28-Jun-16,44.85,44.83,45.12,44.38,10.37
29-Jun-16,45.61,45.4,45.76,45.29,6.66
30-Jun-16,46.34,45.74,46.36,45.49,5.98
1-Jul-16,46.36,46.34,46.6565,46.21,4.96
5-Jul-16,45.52,46.12,46.3,45.36,5.57
6-Jul-16,45.7,45.36,45.76,45.0134,5.84
7-Jul-16,45.82,45.54,46.19,45.54,4.26
8-Jul-16,46.96,46.14,47.05,46.14,5.24
11-Jul-16,47.19,47.12,47.32,47,4.62
12-Jul-16,48.05,47.55,48.31,47.52,6.75
13-Jul-16,48.18,48.13,48.25,47.8901,3.93
14-Jul-16,48.61,48.37,48.6999,48.3164,4.98
15-Jul-16,48.78,48.78,48.92,48.65,3.63
18-Jul-16,49.1,48.78,49.15,48.47,2.96
19-Jul-16,48.81,48.84,49.02,48.61,3.51
20-Jul-16,48.83,48.69,48.96,48.47,4.01
21-Jul-16,48.53,48.86,48.87,48.35,3.63
22-Jul-16,48.66,48.58,48.77,48.45,3.89
25-Jul-16,48.58,48.61,48.61,48.25,4.84
26-Jul-16,48.95,48.57,48.98,48.53,4.17
27-Jul-16,49.01,48.99,49.18,48.65,4.26
28-Jul-16,48.94,48.9,49.1,48.655,3.67
29-Jul-16,48.69,48.8,48.84,48.35,4.27
1-Aug-16,48.42,48.7,48.7,48.2236,3.57
2-Aug-16,48.29,48.38,48.5235,47.97,6.05
3-Aug-16,48.41,48.37,48.6,48.06,3.48
4-Aug-16,48.61,48.41,48.74,48.31,3.55
5-Aug-16,48.77,48.68,48.87,48.595,3.16
8-Aug-16,48.87,48.82,49.01,48.75,4.73
9-Aug-16,48.72,48.89,49.06,48.62,3.99
10-Aug-16,48.73,48.81,48.9455,48.66,2.26
11-Aug-16,48.94,48.97,49.03,48.68,2.7
12-Aug-16,48.42,48.94,48.99,48.32,3.38
15-Aug-16,48.91,48.59,49.03,48.56,2.32
16-Aug-16,48.65,48.99,49.18,48.63,3.38
17-Aug-16,48.61,48.61,48.715,48.205,3.08
18-Aug-16,48.92,48.63,48.92,48.6101,3.38
19-Aug-16,48.99,48.8,49.06,48.51,4.91
22-Aug-16,48.92,48.81,48.99,48.55,3.05
23-Aug-16,49.34,49.35,49.57,49.23,4.13
24-Aug-16,48.77,49.27,49.27,48.71,3.9
25-Aug-16,49.01,48.72,49.07,48.71,3.39
26-Aug-16,48.73,49.2,49.52,48.53,5.98
29-Aug-16,49.17,48.66,49.2799,48.65,2.98
30-Aug-16,49.05,49.15,49.41,48.96,3.77
31-Aug-16,48.56,48.8,48.88,48.45,4.19
1-Sep-16,48.76,48.71,48.82,48.4,4.73
2-Sep-16,49.25,49.13,49.25,48.98,3.3
6-Sep-16,49.14,49.3,49.43,48.93,3.2
7-Sep-16,49.07,49.03,49.21,48.76,5.74
8-Sep-16,48.86,48.98,49.09,48.71,2.87
9-Sep-16,47.44,48.5,48.53,47.39,8.67
12-Sep-16,47.89,47.16,48.02,47.07,6.51
13-Sep-16,47,47.4,47.59,46.69,10.47
14-Sep-16,46.89,47,47.18,46.75,7.79
15-Sep-16,47.19,46.82,47.29,46.71,6.13
16-Sep-16,46.76,46.63,46.84,46.55,8.58
19-Sep-16,46.83,46.97,47.135,46.75,3.68
20-Sep-16,46.69,47.18,47.24,46.68,4
21-Sep-16,47.4,46.95,47.46,46.86,5.6
22-Sep-16,47.55,47.74,47.96,47.43,3
23-Sep-16,47.31,47.39,47.62,47.3,4.31
26-Sep-16,47.09,47.34,47.41,47.03,3.76
27-Sep-16,47.23,46.93,47.27,46.85,3.32
28-Sep-16,47.77,47.34,47.82,47.12,4.57
29-Sep-16,47.4,47.58,47.9,47.25,4.66
30-Sep-16,47.75,47.69,47.92,47.54,4.7
3-Oct-16,47.69,47.78,47.91,47.63,8.1
4-Oct-16,47.04,47.76,47.85,46.9601,5.92
5-Oct-16,47.36,47.13,47.5699,47.13,6.74
6-Oct-16,47.75,47.25,47.775,47.18,5.23
7-Oct-16,46.86,47.81,47.81,46.7,5.89
10-Oct-16,47.14,47.14,47.48,47.04,3.09
11-Oct-16,46.5,46.81,46.86,46.2,11.35
12-Oct-16,46.41,46.54,46.58,46.181,4.06
13-Oct-16,46.17,45.91,46.28,45.56,4.95
14-Oct-16,46.32,46.37,46.65,46.27,4.77
17-Oct-16,46.36,46.34,46.53,46.27,3.27
18-Oct-16,46.78,46.82,46.92,46.62,2.92
19-Oct-16,47.12,46.89,47.2,46.71,2.68
20-Oct-16,47.08,47.06,47.235,46.755,2.73
21-Oct-16,47.06,46.7,47.09,46.6,3.86
24-Oct-16,47.17,47.24,47.32,47.05,3.02
25-Oct-16,46.74,46.96,47.15,46.635,3.37
26-Oct-16,46.67,46.68,46.75,46.4562,3.35
27-Oct-16,46.61,46.79,46.87,46.4,4.76
28-Oct-16,46.73,46.75,47.115,46.48,5.31
31-Oct-16,46.75,46.74,46.89,46.655,7.16
1-Nov-16,46.48,46.85,47.04,46.22,14.23
2-Nov-16,46.23,46.55,46.64,46.23,5.84
3-Nov-16,46.24,46.2,46.475,46.12,4.24
4-Nov-16,46.4,46.24,46.65,46.17,4.42
7-Nov-16,47.11,46.94,47.11,46.79,7.1
8-Nov-16,47.26,46.99,47.41,46.89,5.29
9-Nov-16,48.26,47.23,48.37,46.85,14.77
10-Nov-16,48.82,48.48,49.06,48.46,20.34
11-Nov-16,48.15,48.75,48.8,47.85,6.71
14-Nov-16,48.26,48.37,48.42,47.96,8.34
15-Nov-16,48.46,48.23,48.47,47.89,6.96
16-Nov-16,48.37,48.35,48.54,48.2069,3.72
17-Nov-16,48.39,48.52,48.56,48.14,4.14
18-Nov-16,48.32,48.38,48.38,48.175,3.89
21-Nov-16,48.89,48.39,48.91,48.39,3.8
22-Nov-16,49.19,49.02,49.29,48.88,5.14
23-Nov-16,49.41,49.1,49.44,48.96,3.5
25-Nov-16,49.56,49.46,49.59,49.375,1.6
28-Nov-16,49.36,49.59,49.59,49.2501,4.53
29-Nov-16,49.41,49.19,49.6099,49,3.43
30-Nov-16,49.94,49.67,50.06,49.51,7.43
1-Dec-16,49.96,50.11,50.33,49.81,8.21
2-Dec-16,49.98,49.92,50.135,49.69,6.26
5-Dec-16,50.37,50.18,50.54,50.06,5.31
6-Dec-16,50.43,50.37,50.44,50.05,6.71
7-Dec-16,51.15,50.53,51.18,50.43,7.45
8-Dec-16,51.49,51.21,51.69,51.1899,7.01
9-Dec-16,51.5,51.62,51.62,51.24,4.49
12-Dec-16,51.27,51.57,51.69,51.24,4.74
13-Dec-16,51.19,51.46,51.49,50.875,4.64
14-Dec-16,50.58,51.18,51.26,50.4901,9.37
15-Dec-16,50.91,50.4,51.04,50.31,6.43
16-Dec-16,50.42,50.79,50.79,50.29,5.18
19-Dec-16,50.32,50.27,50.46,50.13,3.2
20-Dec-16,50.36,50.26,50.4,50.09,4.43
21-Dec-16,50.38,50.55,50.586,50.3,3.28
22-Dec-16,50.17,50.33,50.39,50.02,3.32
23-Dec-16,50.27,50.31,50.31,49.97,2.16
27-Dec-16,50.54,50.41,50.601,50.21,3.89
28-Dec-16,50.03,50.73,50.97,49.99,3.08
29-Dec-16,50.03,50.01,50.24,49.9515,2.86
30-Dec-16,49.7,50.1,50.18,49.5,4.93
3-Jan-17,49.99,49.83,50.27,49.63,7.74
4-Jan-17,50.72,50.19,50.81,50.19,4.54
5-Jan-17,50.57,50.66,50.85,50.4,3.9
6-Jan-17,50.62,50.57,50.66,50.3326,2.95
9-Jan-17,50.61,50.58,51.09,50.53,7.1
10-Jan-17,50.64,50.64,50.83,50.4207,2.84
11-Jan-17,51.05,50.55,51.075,50.55,6.6
12-Jan-17,50.95,51.05,51.05,50.63,3.16
13-Jan-17,50.87,50.96,51.01,50.74,2.45
17-Jan-17,50.64,50.74,50.86,50.48,3.68
18-Jan-17,50.96,50.78,51.01,50.61,3.04
19-Jan-17,50.64,51.02,51.13,50.45,3.3
20-Jan-17,51.09,50.82,51.175,50.78,5.01
23-Jan-17,51.19,51.09,51.27,50.895,4.16
24-Jan-17,52.51,51.38,52.63,51.38,7.98
25-Jan-17,52.86,52.73,52.91,52.3999,8.22
26-Jan-17,53,52.87,53.26,52.74,5.32
27-Jan-17,52.81,52.87,52.97,52.7,4.65
30-Jan-17,52.27,52.62,52.62,52.0475,6.04
31-Jan-17,51.96,52.25,52.29,51.75,5.53
1-Feb-17,52.22,51.94,52.32,51.785,10.07
2-Feb-17,51.99,52.2,52.2,51.81,5.07
3-Feb-17,52.08,52.07,52.1559,51.91,5.54
6-Feb-17,51.94,51.96,52.01,51.72,2.72
7-Feb-17,51.53,51.8,51.88,51.4543,4.2
8-Feb-17,51.65,51.5,51.67,51.33,4.69
9-Feb-17,51.63,51.67,51.79,51.52,8.12
10-Feb-17,52.1,51.86,52.18,51.83,3.48
13-Feb-17,52.53,52.3,52.67,52.3,3.71
14-Feb-17,52.52,52.44,52.545,52.175,3.66
15-Feb-17,52.45,52.38,52.62,52.35,3.1
16-Feb-17,52.45,52.5,52.7545,52.28,3.2
17-Feb-17,52.3,52.35,52.42,52.11,3.96
21-Feb-17,52.47,52.27,52.62,52.18,7.38
22-Feb-17,52.61,52.26,52.9,52.23,5.11
23-Feb-17,52.32,52.72,52.91,52.27,3.54
24-Feb-17,52.43,52.1,52.47,52.02,4.81
27-Feb-17,52.3,52.43,52.73,52.22,6.3
28-Feb-17,52.25,52.26,52.5,52.17,3.86
1-Mar-17,53.27,52.73,53.44,52.73,5.9
2-Mar-17,52.7,53.23,53.253,52.7,4.57
3-Mar-17,52.66,52.7,52.87,52.52,2.96
6-Mar-17,52.32,52.47,52.61,52.24,3.56
7-Mar-17,52.03,52.35,52.4,52.005,3.84
8-Mar-17,52.03,52.07,52.57,51.95,5.09
9-Mar-17,51.87,52.1,52.165,51.62,4.52
10-Mar-17,52.11,52.15,52.275,51.87,4.77
13-Mar-17,52.26,52.17,52.27,52.03,3.54
14-Mar-17,51.81,52.05,52.09,51.75,5.66
15-Mar-17,52.64,52.03,52.73,51.985,5.7
16-Mar-17,52.28,52.76,52.83,52.2,6.54
17-Mar-17,52.34,52.36,52.53,52.29,5.13
20-Mar-17,52.6217,52.38,52.655,52.18,2.76
21-Mar-17,51.75,52.67,52.78,51.67,7.34
22-Mar-17,51.9,51.71,51.94,51.37,5.65
23-Mar-17,52.12,51.82,52.28,51.7,4.77
24-Mar-17,51.66,52.09,52.23,51.44,6.02
27-Mar-17,51.77,51.17,51.87,51.04,4.29
28-Mar-17,52.37,51.84,52.55,51.71,3.93
29-Mar-17,52.41,52.29,52.55,52.23,3.01
30-Mar-17,52.42,52.38,52.7,52.36,2.99
31-Mar-17,52.41,52.46,52.7,52.36,3.71
3-Apr-17,52.21,52.43,52.6425,51.79,4.52
4-Apr-17,52.4,52.17,52.415,52.03,3.26
5-Apr-17,52.36,52.56,52.9866,52.31,5
6-Apr-17,52.64,52.41,52.84,52.24,3.08
7-Apr-17,52.59,52.49,52.77,52.43,2.53
10-Apr-17,52.6,52.59,52.745,52.4,3.46
11-Apr-17,52.46,52.44,52.56,52.16,3.92
12-Apr-17,51.81,52.39,52.4799,51.775,3.89
13-Apr-17,51.31,51.71,51.81,51.27,4.19
17-Apr-17,51.68,51.45,51.7,51.35,3.85
18-Apr-17,51.62,51.45,51.78,51.39,2.54
19-Apr-17,51.69,51.8,51.95,51.5999,3.13
20-Apr-17,52.26,51.92,52.47,51.88,4.07
21-Apr-17,52.2,52.22,52.335,52.055,3.59
24-Apr-17,52.8,52.77,52.94,52.68,5.57
25-Apr-17,53.65,53.26,53.72,53.23,7.94
26-Apr-17,53.64,53.57,53.82,53.44,3.17
27-Apr-17,53.52,53.57,53.68,53.17,4.6
28-Apr-17,53.07,53.41,53.57,53.07,4.04
1-May-17,53.1,53.32,53.32,52.95,3.97
2-May-17,53.19,53.12,53.27,52.95,3.47
3-May-17,52.67,52.97,53.09,52.515,6.6
4-May-17,52.73,52.82,52.86,52.56,3.74
5-May-17,53.48,52.83,53.52,52.83,5.72
8-May-17,53.05,53.36,53.43,52.94,5.11
9-May-17,52.65,53,53.1,52.58,4.69
10-May-17,52.82,52.73,52.89,52.6,3.19
11-May-17,52.74,52.68,52.86,52.26,3.34
12-May-17,52.61,52.7,52.77,52.57,2.36
15-May-17,53.07,52.77,53.23,52.77,3.26
16-May-17,53.08,53.09,53.21,53.005,3.03
17-May-17,51.96,52.71,52.75,51.95,8.13
18-May-17,51.99,51.76,52.12,51.35,6.96
19-May-17,52.44,52.09,52.66,52.08,4.99
22-May-17,52.5,52.62,52.75,52.345,2.87
23-May-17,52.54,52.61,52.735,52.47,3.55
24-May-17,52.89,52.65,53.01,52.64,3.15
25-May-17,52.83,53.08,53.21,52.705,4.85
26-May-17,52.93,52.75,52.98,52.69,2.12
30-May-17,52.92,52.85,53.015,52.74,2.8
31-May-17,53.08,52.99,53.09,52.57,6.17
1-Jun-17,53.72,53.05,53.78,53.04,7.9
2-Jun-17,53.85,53.7,53.965,53.59,4.91
5-Jun-17,53.68,53.8,53.91,53.605,2.83
6-Jun-17,53.71,53.53,53.86,53.405,4.13
7-Jun-17,53.78,53.88,53.97,53.61,4.17
8-Jun-17,53.94,53.69,54.11,53.68,3.58
9-Jun-17,54.63,54.06,54.69,54.06,7.5
12-Jun-17,54.42,54.56,54.86,54.3,5.76
13-Jun-17,55.1,54.39,55.12,54.39,3.36
14-Jun-17,54.52,55.18,55.22,54.37,5.59
15-Jun-17,54.04,54.14,54.34,53.81,4.86
16-Jun-17,54.02,54.04,54.05,53.72,4.58
19-Jun-17,54.45,54.29,54.52,54.22,2.51
20-Jun-17,54.15,54.34,54.34,54.14,3.46
21-Jun-17,53.58,54.22,54.27,53.51,4.76
22-Jun-17,53.64,53.58,53.8366,53.54,3.35
23-Jun-17,53.85,53.77,54.01,53.56,3.35
26-Jun-17,54.01,54.03,54.1,53.79,4.05
27-Jun-17,53.68,54.12,54.19,53.66,3.61
28-Jun-17,54.17,54.07,54.3,53.97,3.3
29-Jun-17,53.52,54.15,54.24,53.375,4.41
30-Jun-17,53.81,53.61,54.05,53.6,3.13
3-Jul-17,54.28,53.94,54.415,53.89,3.11
5-Jul-17,54.1,54.34,54.36,53.92,5.71
6-Jul-17,53.86,53.8,54.15,53.7,4.93
7-Jul-17,54.14,53.95,54.2,53.74,2.62
10-Jul-17,54.48,54.13,54.695,53.9101,3.86
11-Jul-17,54.4,54.48,54.54,54.07,2.01
12-Jul-17,55.03,54.69,55.08,54.6,2.9
13-Jul-17,54.97,55.08,55.175,54.89,2.13
14-Jul-17,55.25,55.17,55.36,55.02,3.25
17-Jul-17,55.36,55.28,55.5,55.16,2.99
18-Jul-17,55.13,55.21,55.22,54.92,2.32
19-Jul-17,55.66,55.15,55.695,55.15,3.42
20-Jul-17,55.25,55.53,55.55,55.075,4.52
21-Jul-17,55.26,55.09,55.2699,55.01,2.72
24-Jul-17,55.21,55.2,55.29,54.975,2.76
25-Jul-17,55.8,55.69,55.92,55.615,4.56
26-Jul-17,55.46,55.76,55.76,55.375,3.81
27-Jul-17,55.26,55.52,55.62,55,3.79
28-Jul-17,55.06,55.31,55.48,54.85,4.69
31-Jul-17,54.64,55.18,55.245,54.605,4.51
1-Aug-17,54.68,54.87,54.87,54.41,10.53
2-Aug-17,54.73,54.52,54.81,54.28,3.22
3-Aug-17,54.32,54.91,54.91,54.26,3.99
4-Aug-17,54.58,54.48,54.64,54.45,2.64
7-Aug-17,54.61,54.66,54.805,54.57,2.53
8-Aug-17,54.18,54.5,54.55,54.065,4.16
9-Aug-17,54.23,54.14,54.295,54.05,3.45
10-Aug-17,53.61,54.03,54.12,53.56,6.48
11-Aug-17,53.48,53.45,53.68,53.41,3.91
14-Aug-17,53.98,53.76,54.065,53.76,3.58
15-Aug-17,53.99,54.02,54.09,53.83,1.99
16-Aug-17,54.52,54.17,54.52,54.16,5.33
17-Aug-17,53.69,54.34,54.43,53.68,4.45
18-Aug-17,53.71,53.5,53.945,53.47,3.77
21-Aug-17,53.76,53.8,53.905,53.63,2.7
22-Aug-17,54.46,53.91,54.46,53.91,3.12
23-Aug-17,54.36,54.22,54.535,54.16,4.11
24-Aug-17,54.26,54.35,54.45,54.19,2.67
25-Aug-17,54.43,54.46,54.545,54.315,2.91
28-Aug-17,54.51,54.63,54.63,54.28,2.31
29-Aug-17,54.25,54.18,54.32,54.035,3.01
30-Aug-17,54.65,54.21,54.705,54.055,5.14
31-Aug-17,55.07,54.9,55.1899,54.85,4.64
1-Sep-17,55.43,55.26,55.4863,55.125,5.28
5-Sep-17,54.8,55.48,55.62,54.74,6.83
6-Sep-17,54.94,54.85,55.015,54.535,6.26
7-Sep-17,55.03,55.01,55.06,54.68,4.44
8-Sep-17,55.01,54.99,55.07,54.765,2.72
11-Sep-17,55.73,55.31,55.875,55.21,5.07
12-Sep-17,56.2,55.98,56.39,55.97,6.64
13-Sep-17,56.18,56.21,56.23,55.9,4.39
14-Sep-17,56.37,56.18,56.455,56.0489,4.28
15-Sep-17,56.07,56.03,56.17,55.88,4.7
18-Sep-17,56.38,56.18,56.44,56.08,4.43
19-Sep-17,56.67,56.56,56.7,56.32,3.03
20-Sep-17,56.87,56.85,56.985,56.56,4.43
21-Sep-17,56.75,56.76,56.955,56.74,3.17
22-Sep-17,56.55,56.65,56.73,56.46,2.94
25-Sep-17,56.65,56.51,56.65,56.25,5.49
26-Sep-17,56.4,56.7,56.77,56.38,2.75
27-Sep-17,56.4,56.47,56.55,55.99,3.97
28-Sep-17,56.8,56.35,56.81,56.2,4.36
29-Sep-17,56.8,56.76,56.875,56.53,4.14
2-Oct-17,57.42,56.73,57.42,56.71,7.52
3-Oct-17,57.66,57.5,57.685,57.335,3.67
4-Oct-17,57.68,57.72,57.85,57.64,3.84
5-Oct-17,58.03,57.8,58.03,57.72,3.67
6-Oct-17,57.9,57.78,57.93,57.67,2.63
9-Oct-17,57.89,57.96,57.985,57.7,1.67
10-Oct-17,57.93,58.11,58.11,57.73,2.57
11-Oct-17,57.96,57.9,57.96,57.66,2.02
12-Oct-17,58.07,57.84,58.15,57.82,3.19
13-Oct-17,58.35,58.44,58.5,58.32,3.36
16-Oct-17,58.31,58.61,58.64,58.14,3.31
17-Oct-17,58.16,58.24,58.28,58.01,2.74
18-Oct-17,58.02,58.18,58.22,57.97,4.44
19-Oct-17,58.24,57.9,58.24,57.7,2.73
20-Oct-17,58.74,58.46,58.74,58.44,4.74
23-Oct-17,58.63,58.92,59.17,58.6,3.15
24-Oct-17,58.96,58.78,59.0482,58.74,4.23
25-Oct-17,58.65,58.96,59.03,58.3901,5.66
26-Oct-17,59.43,59.15,59.6175,58.93,6.99
27-Oct-17,59.12,59.38,59.38,58.78,5.19
30-Oct-17,58.84,59.05,59.17,58.72,5.25
31-Oct-17,59,58.91,59.15,58.89,4.01
1-Nov-17,59.29,59.3,59.48,59.07,5.6
2-Nov-17,58.86,59.37,59.37,58.73,12.82
3-Nov-17,58.83,58.9,58.9048,58.5544,3.79
6-Nov-17,58.58,58.75,58.995,58.52,3.7
7-Nov-17,58.64,58.67,58.76,58.46,3.63
8-Nov-17,58.7,58.73,58.81,58.54,2.57
9-Nov-17,58.2,58.4,58.495,58.02,4.73
10-Nov-17,58.11,58.01,58.265,57.985,2.85
13-Nov-17,58.41,57.89,58.49,57.7,2.7
14-Nov-17,57.88,58.06,58.12,57.73,3.69
15-Nov-17,57.53,57.53,57.68,57.26,5.48
16-Nov-17,58.23,57.73,58.3,57.68,3.51
17-Nov-17,58.31,58.08,58.495,58.03,2.83
20-Nov-17,58.39,58.26,58.5552,58.18,4.16
21-Nov-17,58.7,58.72,58.99,58.63,3.1
22-Nov-17,58.54,58.76,58.78,58.54,2.38
24-Nov-17,58.84,58.67,58.91,58.64,1.22
27-Nov-17,58.49,58.87,58.87,58.48,3.8
28-Nov-17,59.14,58.59,59.17,58.56,4.4
29-Nov-17,59.23,59.21,59.27,59.02,3.87
30-Nov-17,59.56,59.36,59.97,59.25,7.51
1-Dec-17,59.07,59.67,59.75,58.615,8.18
4-Dec-17,59.68,59.49,60.1662,59.47,6.52
5-Dec-17,59.38,59.7,59.8,59.36,8.23
6-Dec-17,59.03,59.27,59.4,59.01,4.04
7-Dec-17,59.43,58.97,59.44,58.85,3.58
8-Dec-17,59.43,59.5,59.7,59.295,5.14
11-Dec-17,59.51,59.59,59.76,59.42,5.23
12-Dec-17,59.52,59.63,59.71,59.46,6.01
13-Dec-17,59.68,59.56,59.76,59.535,4.18
14-Dec-17,59.02,59.83,59.83,58.99,4.18
15-Dec-17,59.08,58.96,59.25,58.87,5.03
18-Dec-17,59.95,59.47,60,59.43,4.87
19-Dec-17,59.88,59.99,60.09,59.83,3.15
20-Dec-17,59.9,60.16,60.19,59.895,4.76
21-Dec-17,60.11,60.17,60.24,59.88,3.21
22-Dec-17,60.34,60.21,60.39,60.09,3.01
26-Dec-17,60.29,60.37,60.44,60.25,1.66
27-Dec-17,60.37,60.4,60.485,60.32,4.19
28-Dec-17,60.64,60.44,60.65,60.305,1.57
29-Dec-17,60.53,60.87,60.87,60.47,2.48
2-Jan-18,61.39,60.85,61.41,60.69,8.98
3-Jan-18,61.82,61.55,61.89,61.41,4.95
4-Jan-18,62.36,62.08,62.4872,62.05,4.12
5-Jan-18,62.86,62.63,62.925,62.49,4.67
8-Jan-18,62.95,62.92,63.01,62.6444,4.54
9-Jan-18,62.85,63.03,63.32,62.81,4.76
10-Jan-18,62.47,62.73,62.74,62.34,4.22
11-Jan-18,63.29,62.72,63.29,62.67,5.82
12-Jan-18,63.39,63.53,63.57,63.17,4.55
13-Jan-18,63.39,63.39,63.39,63.39,
15-Jan-18,63.39,63.39,63.39,63.39,
16-Jan-18,62.65,63.58,63.66,62.26,8.51
17-Jan-18,62.94,63.1,63.22,62.68,10.85
18-Jan-18,62.9,62.75,63.13,62.53,5.89
19-Jan-18,63.28,63.19,63.3125,62.93,4.93
20-Jan-18,63.28,63.28,63.28,63.28,
22-Jan-18,63.13,63.19,63.19,62.79,5.72
23-Jan-18,63.12,63,63.17,62.67,4.02
24-Jan-18,63.39,63.28,63.71,63.12,5.74
25-Jan-18,63.81,63.68,64.08,63.5548,7.77
26-Jan-18,64.09,63.85,64.17,63.39,3.88
27-Jan-18,64.09,64.09,64.09,64.09,
29-Jan-18,63.36,64.04,64.12,63.32,5.33
30-Jan-18,62.9,63.09,63.39,62.76,8.82
31-Jan-18,62.95,63.1,63.16,62.53,9.91
1-Feb-18,62.09,62.51,62.92,61.98,9.49
2-Feb-18,60.46,61.75,61.84,60.411,9.67
3-Feb-18,60.46,60.46,60.46,60.46,
5-Feb-18,58.15,60.21,60.874,58.15,18.57
6-Feb-18,60.05,57.3,60.15,57.14,19.34
7-Feb-18,59.51,59.78,60.6,59.51,16.75
8-Feb-18,57.42,59.6,59.73,57.4,12.8
9-Feb-18,58.42,58.05,58.81,56.62,26.42
10-Feb-18,58.42,58.42,58.42,58.42,
12-Feb-18,59.6,58.88,59.95,58.71,10.47
13-Feb-18,59.45,59.36,59.72,59.22,6.78
14-Feb-18,60.25,58.96,60.37,58.84,8
15-Feb-18,60.7,60.68,60.74,59.96,6.15
16-Feb-18,60.48,60.42,61.07,60.21,8.46
17-Feb-18,60.48,60.48,60.48,60.48,
19-Feb-18,60.48,60.48,60.48,60.48,
20-Feb-18,60.21,60.22,60.6639,59.99,5.24
21-Feb-18,60,60.26,61.07,59.99,5
22-Feb-18,60.4,60.26,60.96,60.18,4.53
23-Feb-18,61.29,60.75,61.31,60.44,3.53
24-Feb-18,61.29,61.29,61.29,61.29,
26-Feb-18,61.56,61.55,61.595,60.946,3.25
27-Feb-18,60.71,61.5,61.59,60.71,5.92
28-Feb-18,59.63,60.88,60.94,59.62,5.57
1-Mar-18,59.02,59.6,59.85,58.58,9.96
2-Mar-18,58.96,58.67,59.12,58.365,8.01
3-Mar-18,58.96,58.96,58.96,58.96,
5-Mar-18,59.74,58.69,59.91,58.61,6.58
6-Mar-18,60.4,60.01,60.85,59.72,8.81
7-Mar-18,60.18,59.76,60.34,59.66,8.39
8-Mar-18,60.23,60.31,60.43,59.82,5.17
9-Mar-18,61.32,60.61,61.35,60.38,5.86
10-Mar-18,61.32,61.32,61.32,61.32,
12-Mar-18,61.17,61.39,61.69,61.05,4.78
13-Mar-18,60.92,61.5,61.7448,60.85,6.07
14-Mar-18,60.17,61.19,61.2,60.05,5.43
15-Mar-18,59.38,60.25,60.3,59.37,5.24
16-Mar-18,59.15,59.04,59.47,58.93,5.53
17-Mar-18,59.15,59.15,59.15,59.15,
19-Mar-18,58.3,58.98,59.02,57.874,6.34
20-Mar-18,58.24,58.51,58.7,58.12,3.61
21-Mar-18,58.9,58.38,59.43,58.18,4.85
22-Mar-18,57.14,58.43,58.6364,57.105,7.7
23-Mar-18,56.02,57.27,57.56,55.97,7.91
24-Mar-18,56.02,56.02,56.02,56.02,
26-Mar-18,57.17,56.68,57.22,56.15,5.84
27-Mar-18,56.59,57.32,57.68,56.3,7.29
28-Mar-18,55.87,56.69,56.9,55.69,11.84
29-Mar-18,56.94,56.13,57.24,56.075,6.21
30-Mar-18,56.94,56.94,56.94,56.94,
31-Mar-18,56.94,56.94,56.94,56.94,
2-Apr-18,55.7,56.75,57.03,55.21,9.33
3-Apr-18,56.49,55.83,56.65,55.48,6.79
4-Apr-18,56.86,55.55,56.905,55.2302,6.44
5-Apr-18,57.92,57.13,58.12,57.04,7.69
6-Apr-18,56.51,57.35,57.62,56.15,7.91
7-Apr-18,56.51,56.51,56.51,56.51,
9-Apr-18,56.82,56.82,57.5,56.42,6.29
10-Apr-18,57.99,57.58,58.3115,57.495,12.83
11-Apr-18,57.56,57.57,57.795,57.34,6.46
12-Apr-18,58.17,57.82,58.41,57.67,3.54
13-Apr-18,58.11,58.49,58.65,57.9,4.32
14-Apr-18,58.11,58.11,58.11,58.11,
16-Apr-18,58.89,58.54,58.975,58.24,6.33
17-Apr-18,59.56,59.27,59.73,59.01,4.78
18-Apr-18,59.99,59.9,60.25,59.76,4.74
19-Apr-18,59.32,60.06,60.06,59.1,5.82
20-Apr-18,59,59.33,59.51,58.75,4.35
21-Apr-18,59,59,59,59,
23-Apr-18,58.83,58.88,59.07,58.67,3.1
24-Apr-18,57.24,59.05,59.05,56.64,8.72
25-Apr-18,57.55,57.34,57.73,56.82,7.95
26-Apr-18,57.91,57.82,58.15,57.49,4.94
27-Apr-18,57.76,57.92,58.07,57.345,7.9
28-Apr-18,57.76,57.76,57.76,57.76,
30-Apr-18,57.01,57.85,58.05,56.95,4.88
1-May-18,56.96,56.7,56.98,56.22,6.28
2-May-18,56.83,57.05,57.27,56.72,6.37
3-May-18,57.09,56.9,57.46,56.29,9.76
4-May-18,57.8,56.72,58.115,56.69,4.45
5-May-18,57.8,57.8,57.8,57.8,
7-May-18,57.78,57.86,58.14,57.5849,4.95
8-May-18,57.66,57.64,57.9,57.35,3.67
9-May-18,58.49,57.88,58.57,57.88,12.03
10-May-18,58.91,58.54,59.25,58.5,4.83
11-May-18,58.89,58.95,59.3655,58.81,3.55
12-May-18,58.89,58.89,58.89,58.89,
14-May-18,59.12,59.06,59.31,58.89,2.79
15-May-18,58.94,58.82,59.04,58.46,7.16
16-May-18,59.64,58.94,59.72,58.94,3.36
17-May-18,59.78,59.5,60,59.5,10.37
18-May-18,59.86,59.71,60.03,59.68,3.28
19-May-18,59.86,59.86,59.86,59.86,
21-May-18,60.18,60.18,60.32,59.97,5.3
22-May-18,59.68,60.18,60.36,59.62,3.85
23-May-18,59.54,59.29,59.56,59.01,3.65
24-May-18,59.33,59.42,59.64,59.03,3.55
25-May-18,59.01,59.08,59.19,58.795,4.06
26-May-18,59.01,59.01,59.01,59.01,
27-May-18,59.01,59.01,59.01,59.01,
28-May-18,59.01,59.01,59.01,59.01,
29-May-18,57.99,58.51,58.86,57.8,5.85
30-May-18,58.67,58.41,58.85,58.23,4.35
31-May-18,58.18,58.74,58.83,58.1501,5.78
1-Jun-18,59.07,58.61,59.255,58.61,3.8
2-Jun-18,59.07,59.07,59.07,59.07,
4-Jun-18,59.41,59.3,59.53,59.26,4.54
5-Jun-18,59.86,59.48,60.065,59.4,3.33
6-Jun-18,60.97,59.93,60.99,59.76,8.19
7-Jun-18,60.66,61,61.05,60.39,5.16
8-Jun-18,60.83,60.6,60.94,60.27,3.79
9-Jun-18,60.83,60.83,60.83,60.83,
11-Jun-18,60.92,60.75,61.07,60.64,2.89
12-Jun-18,61,61.01,61.205,60.77,4.48
13-Jun-18,60.34,61.07,61.1,60.27,4.06
14-Jun-18,60.43,60.59,60.73,60.19,2.54
15-Jun-18,59.73,59.76,59.932,59.31,6.53
16-Jun-18,59.73,59.73,59.73,59.73,
18-Jun-18,59.58,59.27,59.69,59.2,8.99
19-Jun-18,58.49,58.88,59,57.99,7.21
20-Jun-18,58.3,58.73,58.73,58.055,5.34
21-Jun-18,57.68,58.16,58.22,57.58,7.19
22-Jun-18,58.52,58.11,58.66,58.11,7.11
23-Jun-18,58.52,58.52,58.52,58.52,
25-Jun-18,57.61,58.23,58.23,57.1351,9.79
26-Jun-18,57.83,57.71,58.0063,57.59,3.71
27-Jun-18,57.65,58.14,58.75,57.63,5.79
28-Jun-18,57.87,57.67,58.01,57.26,5.89
29-Jun-18,58.07,57.99,58.77,57.99,5.04
30-Jun-18,58.07,58.07,58.07,58.07,
2-Jul-18,57.76,57.65,57.89,57.35,7.68
3-Jul-18,57.66,58.13,58.49,57.53,3.39
5-Jul-18,58.16,58.06,58.21,57.61,5.56
6-Jul-18,58.45,58.06,58.62,57.79,4.53
7-Jul-18,58.45,58.45,58.45,58.45,
9-Jul-18,58.97,58.73,59,58.68,4.54
10-Jul-18,59.47,58.95,59.5,58.95,5.97
11-Jul-18,58.47,58.85,59.02,58.21,11.35
12-Jul-18,58.61,58.83,58.88,58.37,6.62
13-Jul-18,58.58,58.51,58.79,58.42,3.46
16-Jul-18,58.11,58.61,58.73,57.98,4.49
17-Jul-18,58.87,58.16,59.065,57.94,7.68
18-Jul-18,58.32,58.8,59.14,58.32,5.89
19-Jul-18,58.53,58.53,58.6,58.12,6.42
20-Jul-18,58.29,58.29,58.4968,58.02,7.32
21-Jul-18,58.29,58.29,58.29,58.29,
23-Jul-18,57.97,58.27,58.29,57.92,4.15
24-Jul-18,58.72,58.38,59.045,58.38,7.12
25-Jul-18,59.18,58.75,59.26,58.335,4.73
26-Jul-18,59.52,59.17,59.63,58.98,6.2
27-Jul-18,59.3,59.7,59.75,59.15,5.52
28-Jul-18,59.3,59.3,59.3,59.3,
30-Jul-18,59.19,59.36,59.73,59.09,3.47
31-Jul-18,59.73,59.32,59.8848,59.295,5.24
1-Aug-18,59.12,59.6,59.73,59.01,6.06
2-Aug-18,58.73,58.63,58.76,58.06,9.27
3-Aug-18,59.29,58.93,59.315,58.89,5.33
4-Aug-18,59.29,59.29,59.29,59.29,
6-Aug-18,59.27,58.83,59.5,58.64,4.63
7-Aug-18,59.47,59.44,59.82,59.405,4.76
8-Aug-18,59.22,59.52,59.69,59.185,6.51
9-Aug-18,59.54,59.41,59.8654,59.41,4.24
10-Aug-18,58.68,59.14,59.249,58.61,6.05
11-Aug-18,58.68,58.68,58.68,58.68,
13-Aug-18,58.09,58.73,58.965,57.865,5.44
14-Aug-18,58.58,58.33,58.885,58.29,4.14
15-Aug-18,57.65,58,58.02,57.015,8.5
16-Aug-18,58,57.87,58.32,57.87,6.34
17-Aug-18,58.43,57.89,58.54,57.87,5.26
20-Aug-18,58.84,58.54,58.95,58.54,4.84
21-Aug-18,59.07,58.96,59.34,58.86,4.96
22-Aug-18,58.77,59.04,59.135,58.695,5.43
23-Aug-18,58.37,58.65,58.65,58.21,4.44
24-Aug-18,59.13,58.68,59.205,58.62,4.95
25-Aug-18,59.13,59.13,59.13,59.13,
27-Aug-18,59.94,59.25,60.13,59.25,5.61
28-Aug-18,59.71,60.03,60.295,59.52,3.84
29-Aug-18,60.16,59.72,60.265,59.46,4.28
30-Aug-18,59.45,59.88,60.16,59.27,5.84
31-Aug-18,59.27,59.36,59.74,59.14,4.28
1-Sep-18,59.27,59.27,59.27,59.27,
3-Sep-18,59.27,59.27,59.27,59.27,
4-Sep-18,58.86,59.11,59.14,58.555,5.97
5-Sep-18,59.25,58.81,59.36,58.64,4.64
6-Sep-18,59.37,59.32,59.72,58.96,6
7-Sep-18,58.98,58.93,59.2,58.59,7.3
8-Sep-18,58.98,58.98,58.98,58.98,
10-Sep-18,59.05,59.14,59.37,59.02,4.77
11-Sep-18,59.17,58.62,59.32,58.41,7.75
12-Sep-18,59.2,59.16,59.47,58.93,6.24
13-Sep-18,59.43,59.67,59.87,59.4,4.1
14-Sep-18,59.41,59.56,59.67,59.26,4.85
15-Sep-18,59.41,59.41,59.41,59.41,
17-Sep-18,59.62,59.39,59.97,59.39,3.88
18-Sep-18,59.68,59.79,60,59.47,4.08
19-Sep-18,60.33,59.74,60.58,59.74,7.93
20-Sep-18,60.98,60.75,61.16,60.7299,5.6
21-Sep-18,60.56,60.94,61.05,60.4,8.14
22-Sep-18,60.56,60.56,60.56,60.56,
24-Sep-18,59.71,60.36,60.435,59.61,4.6
25-Sep-18,59.4,59.85,59.91,59.33,5.07
26-Sep-18,58.81,59.11,59.37,58.69,8.51
27-Sep-18,58.3,58.77,58.77,58.23,6.28
28-Sep-18,57.93,58.13,58.22,57.82,5.38
29-Sep-18,57.93,57.93,57.93,57.93,
1-Oct-18,58.51,58.25,58.75,58.25,4.39
2-Oct-18,58.76,58.55,58.9138,58.4592,3.67
3-Oct-18,58.34,58.96,59.04,58.29,3.94
4-Oct-18,58.07,58.32,58.32,57.61,5.58
5-Oct-18,57.64,57.96,58.18,57.4,5.35
6-Oct-18,57.64,57.64,57.64,57.64,
8-Oct-18,57.61,57.41,57.71,57.17,6.29
9-Oct-18,55.7,56.86,56.86,55.61,11.36
10-Oct-18,54.24,55.73,55.76,54.22,13.2
11-Oct-18,53.61,54.2,54.68,53.42,18.29
12-Oct-18,53.76,54.47,54.63,53.37,10.65
13-Oct-18,53.76,53.76,53.76,53.76,
15-Oct-18,53.58,53.75,54.09,53.56,5.13
16-Oct-18,54.44,53.75,54.56,53.56,5.53
17-Oct-18,54.09,54.38,54.5,53.74,8.53
18-Oct-18,53.48,53.84,54.36,53.19,7.69
19-Oct-18,53.1,53.35,53.83,53.01,7.11
20-Oct-18,53.1,53.1,53.1,53.1,
22-Oct-18,52.68,53.33,53.52,52.5,13.33
23-Oct-18,52.16,51.83,52.43,51.03,20.2
24-Oct-18,50.51,51.97,52.23,50.395,20.63
25-Oct-18,51.16,50.81,51.55,50.74,14.26
26-Oct-18,50.86,50.45,51.39,50.09,23.98
27-Oct-18,50.86,50.86,50.86,50.86,
29-Oct-18,50.74,51.51,51.88,50.22,17.41
30-Oct-18,51.9,50.6,51.995,50.55,23.17
31-Oct-18,52.61,52.49,52.95,52.27,13.17
1-Nov-18,54.09,53.57,54.215,53.19,13.72
2-Nov-18,53.96,54.46,54.61,53.25,13.44
3-Nov-18,53.96,53.96,53.96,53.96,
5-Nov-18,54.12,54,54.25,53.72,7.86
6-Nov-18,55.01,54.28,55.06,54.13,6.57
7-Nov-18,56,55.43,56.03,55.09,6.78
8-Nov-18,55.76,55.69,56.005,55.47,6.45
9-Nov-18,54.98,55.43,55.43,54.57,9.01
10-Nov-18,54.98,54.98,54.98,54.98,
12-Nov-18,54.17,54.91,55.02,54.06,10.06
13-Nov-18,54.01,54.29,54.87,53.93,9.51
14-Nov-18,53.95,54.33,54.72,53.67,9.73
15-Nov-18,54.69,53.77,54.945,53.91,8.9
16-Nov-18,55.24,54.52,55.38,54.37,8.73
17-Nov-18,55.24,55.24,55.24,55.24,
19-Nov-18,54.45,55.12,55.42,54.3,12.28
20-Nov-18,53.46,53.93,54.04,53.22,11.26
21-Nov-18,53.89,53.64,54.41,53.64,7.01
22-Nov-18,53.89,53.89,53.89,53.89,
23-Nov-18,53.31,53.39,53.67,53.15,3.15
26-Nov-18,53.92,53.77,54.11,53.6,5.36
27-Nov-18,53.26,53.51,53.81,52.9,5.87
28-Nov-18,54.08,53.4,54.08,52.68,8.53
29-Nov-18,54.47,54.07,54.78,53.95,7.14
30-Nov-18,54.61,54.09,54.77,54.03,6.06
1-Dec-18,54.61,54.61,54.61,54.61,
3-Dec-18,55.57,55.74,56.14,54.98,8.57
4-Dec-18,53.92,55.5,55.605,53.83,9.05
5-Dec-18,53.92,53.92,53.92,53.92,
6-Dec-18,53.19,53.02,53.19,51.88,13.23
7-Dec-18,51.91,53.14,54,51.74,14.03
8-Dec-18,51.91,51.91,51.91,51.91,
10-Dec-18,52.05,51.93,52.27,51.11,11.66
11-Dec-18,51.88,52.97,53.27,51.67,10.07
12-Dec-18,52.33,52.65,52.94,52.3,7.45
13-Dec-18,51.72,52.49,52.66,51.53,14.63
14-Dec-18,51.32,51.32,51.84,51.13,7.98
15-Dec-18,51.32,51.32,51.32,51.32,
17-Dec-18,50.44,51.39,51.735,50.11,15.25
18-Dec-18,50.72,50.82,51.34,50.41,11.68
19-Dec-18,50.03,50.8,51.79,49.8,19.7
20-Dec-18,49.36,49.89,50.37,48.86,23.17
21-Dec-18,48.6,49.31,50.12,48.55,20.56
22-Dec-18,48.6,48.6,48.6,48.6,
24-Dec-18,47.34,48.28,48.66,47.31,11.33
26-Dec-18,49.46,47.56,49.479,47.05,17.12
27-Dec-18,50.37,48.85,50.39,48.64,14.92
28-Dec-18,50.1,50.64,50.9072,49.91,9.45
29-Dec-18,50.1,50.1,50.1,50.1,
31-Dec-18,50.52,50.27,50.61,49.96,7.8
1-Jan-19,50.52,50.52,50.52,50.52,
2-Jan-19,50.78,49.78,50.97,49.5,9.1
3-Jan-19,49.34,50.51,50.51,49.24,9.83
4-Jan-19,51.28,50.14,51.48,50.06,8.95
5-Jan-19,51.28,51.28,51.28,51.28,
7-Jan-19,51.46,51.3,52.065,50.96,7.47
8-Jan-19,52,51.71,52.08,51.42,10.33
9-Jan-19,52.02,52.13,52.22,51.53,8.13
10-Jan-19,52.48,51.65,52.51,51.6,8.47
11-Jan-19,52.27,52.21,52.4,51.93,6.19
12-Jan-19,52.27,52.27,52.27,52.27,
14-Jan-19,51.87,51.81,52.15,51.55,11.5
15-Jan-19,51.53,51.54,51.86,51.21,7.55
16-Jan-19,51.73,51.54,52,51.46,13.72
17-Jan-19,52.64,51.45,52.76,51.45,10.21
18-Jan-19,53.51,53.08,53.76,52.93,8.76
19-Jan-19,53.51,53.51,53.51,53.51,
21-Jan-19,53.51,53.51,53.51,53.51,
22-Jan-19,52.77,53.26,53.35,52.46,7.43
23-Jan-19,52.41,52.85,52.99,51.91,5.7
24-Jan-19,52.13,52.12,52.45,51.9,5.25
25-Jan-19,53.12,52.93,53.41,52.71,4.92
26-Jan-19,53.12,53.12,53.12,53.12,
28-Jan-19,53.04,52.74,53.08,52.58,5.97
29-Jan-19,53.59,53.17,53.7399,53.17,8.22
30-Jan-19,54.16,53.81,54.59,53.5901,7.07
31-Jan-19,53.35,53,53.58,52.43,12.48
1-Feb-19,53.51,53.32,53.635,53.08,5.54
2-Feb-19,53.51,53.51,53.51,53.51,
4-Feb-19,53.42,53.41,53.4675,53.0599,3.56
5-Feb-19,53.81,53.54,53.94,53.51,4.43
6-Feb-19,53.49,53.55,53.76,53.3915,4.96
7-Feb-19,52.75,53.15,53.25,52.315,6.37
8-Feb-19,52.7,52.46,52.71,52.03,4.52
9-Feb-19,52.7,52.7,52.7,52.7,
11-Feb-19,52.78,52.89,52.96,52.53,4.16
12-Feb-19,53.96,53.27,54.03,53.12,10.07
13-Feb-19,54.03,54.26,54.42,54.01,7.35
14-Feb-19,53.75,53.78,54.14,53.6,4.88
15-Feb-19,54.48,54.34,54.62,54.08,7.65
16-Feb-19,54.48,54.48,54.48,54.48,
18-Feb-19,54.48,54.48,54.48,54.48,
19-Feb-19,54.82,54.28,55.08,54.23,12.26
20-Feb-19,55.76,54.92,56.1,54.84,11.31
21-Feb-19,55.54,55.83,55.96,55.31,8.55
22-Feb-19,55.78,55.82,55.95,55.58,4.79
23-Feb-19,55.78,55.78,55.78,55.78,
25-Feb-19,56.14,56.01,56.295,55.89,6.19
26-Feb-19,55.82,56.01,56.18,55.8,6.19
27-Feb-19,55.73,55.7,55.9,55.37,4.63
28-Feb-19,55.05,55.67,55.72,54.93,8.76
1-Mar-19,54.98,55.45,55.74,54.79,9.84
2-Mar-19,54.98,54.98,54.98,54.98,
4-Mar-19,55.23,55.1,55.455,54.39,7.96
5-Mar-19,54.97,55.11,55.25,54.91,5.23
6-Mar-19,55.09,55.13,55.48,55.01,4.62
7-Mar-19,54.64,54.97,54.98,54.23,11.96
8-Mar-19,54.73,54.35,54.77,54.06,7.14
9-Mar-19,54.73,54.73,54.73,54.73,
11-Mar-19,55.51,54.96,55.53,54.88,6.86
12-Mar-19,55.72,55.59,56.04,55.59,7.22
13-Mar-19,55.99,56.03,56.34,55.875,5.52
14-Mar-19,55.57,55.83,55.95,55.44,5.04
15-Mar-19,55.4,55.56,55.83,55.19,7.26
16-Mar-19,55.4,55.4,55.4,55.4,
18-Mar-19,55.53,55.44,55.61,55.11,4.35
19-Mar-19,55.46,55.8,56.15,55.21,5.27
20-Mar-19,55.41,55.43,55.7,54.88,11.23
21-Mar-19,56,55.22,56.205,55.16,7.96
22-Mar-19,54.33,55.51,55.52,54.23,9.12
23-Mar-19,54.33,54.33,54.33,54.33,
25-Mar-19,54.23,54.3,54.72,54.14,6.56
26-Mar-19,54.56,54.59,54.73,54.17,5.9
27-Mar-19,54.49,54.42,54.685,54.1,9.78
28-Mar-19,55.02,54.57,55.045,54.55,4.87
29-Mar-19,55.5,55.08,55.52,54.83,6.33
30-Mar-19,55.5,55.5,55.5,55.5,
1-Apr-19,56.33,55.89,56.41,55.815,6.45
2-Apr-19,56.52,56.47,56.76,56.24,7.11
3-Apr-19,57.26,56.98,57.62,56.81,17.36
4-Apr-19,57.84,57.3,57.86,57.27,6.1
5-Apr-19,57.82,57.85,58.05,57.65,3.67
6-Apr-19,57.82,57.82,57.82,57.82,
8-Apr-19,57.84,57.78,57.895,57.54,6.57
9-Apr-19,57.42,57.6,57.68,57.25,6.11
10-Apr-19,57.39,57.47,57.58,57.17,3.8
11-Apr-19,57.36,57.37,57.57,57.2,3.49
12-Apr-19,58.12,57.83,58.12,57.65,3.61
13-Apr-19,58.12,58.12,58.12,58.12,
15-Apr-19,57.85,58.12,58.155,57.75,2.71
16-Apr-19,58.11,57.79,58.12,57.52,3.74
17-Apr-19,57.75,58.23,58.5,57.73,3.37
18-Apr-19,57.82,57.8,57.97,57.52,3.63
19-Apr-19,57.82,57.82,57.82,57.82,
20-Apr-19,57.82,57.82,57.82,57.82,
22-Apr-19,57.43,57.6,57.79,57.35,5.99
23-Apr-19,57.69,57.34,57.87,57.2,7.65
24-Apr-19,57.33,57.63,57.81,57.33,3.81
25-Apr-19,56.6,57.07,57.145,56.42,5.18
26-Apr-19,57.07,56.6,57.22,56.49,4.95
27-Apr-19,57.07,57.07,57.07,57.07,
29-Apr-19,56.96,56.92,57.12,56.75,6.06
30-Apr-19,57.45,57.11,57.52,56.82,3.4
1-May-19,56.41,57.53,57.53,56.4,6.55
2-May-19,56.12,56.14,56.44,55.725,10.97
3-May-19,56.67,56.23,56.7,56.18,6.03
4-May-19,56.67,56.67,56.67,56.67,
6-May-19,55.86,55.32,56.08,55.32,15.6
7-May-19,54.88,55.33,55.43,54.59,9.75
8-May-19,54.83,54.84,55.09,54.6,6.16
9-May-19,54.4,54.21,54.61,53.7799,6.71
10-May-19,55.14,54.3,55.34,54.07,6.47
11-May-19,55.14,55.14,55.14,55.14,
13-May-19,53.9,54.12,55.1029,53.49,7.05
14-May-19,54.36,54.09,54.7698,53.95,6.1
15-May-19,54.22,54,54.61,53.77,5.26
16-May-19,54.98,54.63,55.16,54.63,4.91
17-May-19,54.65,54.56,55.035,54.41,6.08
18-May-19,54.65,54.65,54.65,54.65,
20-May-19,53.87,54.16,54.38,53.78,5.02
21-May-19,54.7,54.26,54.78,54.18,4.37
22-May-19,54.32,54.6,54.8,54.315,5.31
23-May-19,53.49,53.74,53.92,53.245,4.92
24-May-19,53.79,54.03,54.19,53.5,4.09
25-May-19,53.79,53.79,53.79,53.79,
27-May-19,53.79,53.79,53.79,53.79,
28-May-19,53.25,53.78,53.95,53.21,4.83
29-May-19,53.26,52.84,53.335,52.7,8.74
30-May-19,53.35,53.28,53.59,53.205,4.48
31-May-19,52.75,52.72,52.975,52.52,5.99
1-Jun-19,52.75,52.75,52.75,52.75,
3-Jun-19,54.41,52.9,54.43,52.75,13.16
4-Jun-19,55.94,55,56.05,54.68,17.78
5-Jun-19,56.35,56.29,56.48,55.51,19.7
6-Jun-19,57.02,56.63,57.21,56.43,19.91
7-Jun-19,57.53,57.39,57.74,57.27,23.21
8-Jun-19,57.53,57.53,57.53,57.53,
10-Jun-19,57.63,57.89,57.97,57.58,14.36
11-Jun-19,57.59,57.93,58.15,57.49,7.87
12-Jun-19,57.78,57.62,57.86,57.545,3.55
13-Jun-19,58.12,57.99,58.1901,57.92,7.39
14-Jun-19,57.87,58,58.06,57.67,3.94
17-Jun-19,57.34,57.78,57.815,57.26,7.51
18-Jun-19,57.79,57.65,58.19,57.585,6.89
19-Jun-19,57.47,57.79,57.81,57.17,7.17
20-Jun-19,58.2,58.2,58.36,57.7,6.74
21-Jun-19,57.67,57.82,57.92,57.61,5.83
24-Jun-19,57.89,57.69,58.01,57.44,4.6
25-Jun-19,57.92,57.96,58.145,57.73,5.72
26-Jun-19,57.82,57.89,58.07,57.74,4.18
27-Jun-19,58.01,57.91,58.11,57.87,3.44
28-Jun-19,58.5,58.1,58.58,58.04,5.01
1-Jul-19,58.95,58.93,58.96,58.46,5.98
2-Jul-19,58.89,58.95,58.95,58.51,6.32
3-Jul-19,59.19,58.85,59.19,58.74,2.48
5-Jul-19,58.92,58.62,58.92,58.34,3.81
8-Jul-19,58.24,58.68,58.81,58.14,9.79
9-Jul-19,57.67,58.03,58.11,57.535,5.19
10-Jul-19,57.55,58.01,58.14,57.48,7.31
11-Jul-19,57.8,57.5,57.8098,57.27,11.09
12-Jul-19,58.37,57.96,58.39,57.93,4.41
15-Jul-19,58.41,58.34,58.45,58.15,4.54
16-Jul-19,58.55,58.45,59.06,58.39,4.53
17-Jul-19,58.03,58.56,58.64,58.02,7.17
18-Jul-19,58.28,57.83,58.33,57.76,3.77
19-Jul-19,58.41,58.23,58.71,58.23,3.81
22-Jul-19,58.26,58.54,58.62,58.17,2.91
23-Jul-19,59.46,58.53,59.46,58.53,4.2
24-Jul-19,59.42,59.28,59.525,59.14,3.76
