us13wdate,us13wopen,us13whigh,us13wlow,us13wclose,us13wadjclose
1-Oct-10,0.155,0.155,0.145,0.15,0.15
4-Oct-10,0.15,0.15,0.145,0.145,0.145
5-Oct-10,0.12,0.12,0.11,0.115,0.115
6-Oct-10,0.11,0.12,0.11,0.115,0.115
7-Oct-10,0.115,0.12,0.115,0.115,0.115
8-Oct-10,0.115,0.115,0.115,0.115,0.115
11-Oct-10,0.115,0.115,0.115,0.115,0.115
12-Oct-10,0.115,0.12,0.11,0.115,0.115
13-Oct-10,0.13,0.13,0.13,0.13,0.13
14-Oct-10,0.125,0.14,0.125,0.135,0.135
15-Oct-10,0.13,0.135,0.13,0.135,0.135
18-Oct-10,0.135,0.14,0.135,0.135,0.135
19-Oct-10,0.135,0.14,0.135,0.135,0.135
20-Oct-10,0.135,0.135,0.135,0.135,0.135
21-Oct-10,0.13,0.13,0.12,0.12,0.12
22-Oct-10,0.12,0.125,0.12,0.12,0.12
25-Oct-10,0.12,0.12,0.11,0.115,0.115
26-Oct-10,0.13,0.13,0.13,0.13,0.13
27-Oct-10,0.13,0.135,0.13,0.13,0.13
28-Oct-10,0.125,0.13,0.125,0.125,0.125
29-Oct-10,0.125,0.125,0.11,0.11,0.11
1-Nov-10,0.11,0.11,0.1,0.105,0.105
2-Nov-10,0.125,0.13,0.125,0.125,0.125
3-Nov-10,0.11,0.125,0.1,0.12,0.12
4-Nov-10,0.115,0.12,0.115,0.115,0.115
5-Nov-10,0.115,0.12,0.11,0.12,0.12
8-Nov-10,0.12,0.12,0.11,0.11,0.11
9-Nov-10,0.125,0.125,0.12,0.125,0.125
10-Nov-10,0.12,0.125,0.12,0.125,0.125
11-Nov-10,0.125,0.125,0.125,0.125,0.125
12-Nov-10,0.125,0.125,0.125,0.125,0.125
15-Nov-10,0.125,0.13,0.125,0.13,0.13
16-Nov-10,0.135,0.14,0.135,0.135,0.135
17-Nov-10,0.135,0.14,0.13,0.135,0.135
18-Nov-10,0.135,0.135,0.135,0.135,0.135
19-Nov-10,0.13,0.13,0.13,0.13,0.13
22-Nov-10,0.13,0.13,0.115,0.125,0.125
23-Nov-10,0.135,0.145,0.125,0.14,0.14
24-Nov-10,0.145,0.16,0.14,0.15,0.15
26-Nov-10,0.145,0.155,0.145,0.155,0.155
29-Nov-10,0.15,0.16,0.15,0.155,0.155
30-Nov-10,0.165,0.165,0.16,0.16,0.16
1-Dec-10,0.16,0.16,0.155,0.155,0.155
2-Dec-10,0.155,0.155,0.145,0.145,0.145
3-Dec-10,0.145,0.145,0.13,0.13,0.13
6-Dec-10,0.135,0.135,0.125,0.125,0.125
7-Dec-10,0.14,0.145,0.125,0.14,0.14
8-Dec-10,0.14,0.14,0.13,0.135,0.135
9-Dec-10,0.135,0.14,0.13,0.135,0.135
10-Dec-10,0.135,0.135,0.115,0.115,0.115
13-Dec-10,0.12,0.125,0.11,0.12,0.12
14-Dec-10,0.14,0.14,0.12,0.135,0.135
15-Dec-10,0.14,0.14,0.13,0.135,0.135
16-Dec-10,0.135,0.14,0.12,0.125,0.125
17-Dec-10,0.12,0.12,0.1,0.105,0.105
20-Dec-10,0.095,0.105,0.09,0.1,0.1
21-Dec-10,0.125,0.135,0.125,0.13,0.13
22-Dec-10,0.135,0.135,0.13,0.13,0.13
23-Dec-10,0.13,0.135,0.13,0.13,0.13
27-Dec-10,0.135,0.15,0.12,0.12,0.12
28-Dec-10,0.16,0.16,0.115,0.14,0.14
29-Dec-10,0.135,0.135,0.125,0.125,0.125
30-Dec-10,0.135,0.135,0.1,0.11,0.11
31-Dec-10,0.12,0.125,0.115,0.115,0.115
3-Jan-11,0.135,0.135,0.11,0.12,0.12
4-Jan-11,0.135,0.14,0.13,0.135,0.135
5-Jan-11,0.13,0.14,0.13,0.135,0.135
6-Jan-11,0.135,0.145,0.135,0.14,0.14
7-Jan-11,0.14,0.14,0.135,0.135,0.135
10-Jan-11,0.135,0.135,0.135,0.135,0.135
11-Jan-11,0.145,0.145,0.145,0.145,0.145
12-Jan-11,0.145,0.145,0.145,0.145,0.145
13-Jan-11,0.14,0.145,0.14,0.14,0.14
14-Jan-11,0.14,0.145,0.14,0.145,0.145
18-Jan-11,0.145,0.15,0.145,0.145,0.145
19-Jan-11,0.15,0.155,0.145,0.155,0.155
20-Jan-11,0.155,0.155,0.155,0.155,0.155
21-Jan-11,0.15,0.155,0.15,0.15,0.15
24-Jan-11,0.15,0.15,0.15,0.15,0.15
25-Jan-11,0.15,0.15,0.15,0.15,0.15
26-Jan-11,0.15,0.16,0.15,0.155,0.155
27-Jan-11,0.155,0.155,0.135,0.14,0.14
28-Jan-11,0.14,0.14,0.13,0.135,0.135
31-Jan-11,0.135,0.15,0.135,0.145,0.145
1-Feb-11,0.15,0.155,0.15,0.15,0.15
2-Feb-11,0.15,0.155,0.15,0.15,0.15
3-Feb-11,0.15,0.15,0.145,0.145,0.145
4-Feb-11,0.14,0.145,0.14,0.145,0.145
7-Feb-11,0.145,0.15,0.14,0.14,0.14
8-Feb-11,0.145,0.145,0.14,0.145,0.145
9-Feb-11,0.14,0.14,0.13,0.13,0.13
10-Feb-11,0.13,0.13,0.1,0.11,0.11
11-Feb-11,0.11,0.11,0.11,0.11,0.11
14-Feb-11,0.11,0.115,0.11,0.11,0.11
15-Feb-11,0.125,0.125,0.105,0.125,0.125
16-Feb-11,0.115,0.125,0.11,0.11,0.11
17-Feb-11,0.105,0.11,0.075,0.09,0.09
18-Feb-11,0.09,0.095,0.085,0.09,0.09
22-Feb-11,0.09,0.105,0.09,0.1,0.1
23-Feb-11,0.12,0.125,0.105,0.115,0.115
24-Feb-11,0.115,0.12,0.115,0.12,0.12
25-Feb-11,0.12,0.14,0.12,0.125,0.125
28-Feb-11,0.125,0.135,0.125,0.135,0.135
1-Mar-11,0.14,0.14,0.13,0.13,0.13
2-Mar-11,0.13,0.13,0.12,0.12,0.12
3-Mar-11,0.12,0.125,0.12,0.125,0.125
4-Mar-11,0.12,0.125,0.11,0.11,0.11
7-Mar-11,0.11,0.115,0.1,0.1,0.1
8-Mar-11,0.105,0.105,0.105,0.105,0.105
9-Mar-11,0.1,0.105,0.09,0.095,0.095
10-Mar-11,0.08,0.085,0.06,0.065,0.065
11-Mar-11,0.07,0.075,0.065,0.07,0.07
14-Mar-11,0.07,0.08,0.065,0.075,0.075
15-Mar-11,0.085,0.1,0.06,0.095,0.095
16-Mar-11,0.09,0.095,0.085,0.085,0.085
17-Mar-11,0.085,0.09,0.065,0.07,0.07
18-Mar-11,0.075,0.075,0.06,0.065,0.065
21-Mar-11,0.07,0.07,0.06,0.07,0.07
22-Mar-11,0.09,0.09,0.09,0.09,0.09
23-Mar-11,0.09,0.09,0.085,0.085,0.085
24-Mar-11,0.09,0.09,0.07,0.08,0.08
25-Mar-11,0.08,0.085,0.07,0.08,0.08
28-Mar-11,0.085,0.09,0.08,0.08,0.08
29-Mar-11,0.095,0.095,0.08,0.095,0.095
30-Mar-11,0.095,0.105,0.095,0.095,0.095
31-Mar-11,0.085,0.09,0.085,0.09,0.09
1-Apr-11,0.045,0.09,0.04,0.055,0.055
4-Apr-11,0.04,0.05,0.025,0.035,0.035
5-Apr-11,0.05,0.07,0.03,0.065,0.065
6-Apr-11,0.06,0.065,0.05,0.05,0.05
7-Apr-11,0.05,0.05,0.035,0.035,0.035
8-Apr-11,0.035,0.04,0.025,0.035,0.035
11-Apr-11,0.03,0.04,0.03,0.035,0.035
12-Apr-11,0.045,0.05,0.045,0.045,0.045
13-Apr-11,0.045,0.06,0.045,0.05,0.05
14-Apr-11,0.05,0.065,0.045,0.065,0.065
15-Apr-11,0.065,0.07,0.06,0.06,0.06
18-Apr-11,0.06,0.065,0.035,0.055,0.055
19-Apr-11,0.06,0.06,0.055,0.055,0.055
20-Apr-11,0.06,0.06,0.055,0.055,0.055
21-Apr-11,0.055,0.06,0.045,0.045,0.045
25-Apr-11,0.05,0.05,0.045,0.045,0.045
26-Apr-11,0.06,0.06,0.055,0.055,0.055
27-Apr-11,0.055,0.055,0.05,0.05,0.05
28-Apr-11,0.045,0.05,0.015,0.035,0.035
29-Apr-11,0.035,0.04,0.035,0.04,0.04
2-May-11,0.04,0.04,0.025,0.03,0.03
3-May-11,0.025,0.03,0.005,0.025,0.025
4-May-11,0.025,0.035,0.02,0.02,0.02
5-May-11,0.015,0.02,0.005,0.01,0.01
6-May-11,0.005,0.015,0.005,0.005,0.005
9-May-11,0.005,0.01,0.005,0.005,0.005
10-May-11,0.03,0.035,0.005,0.025,0.025
11-May-11,0.025,0.03,0.015,0.02,0.02
12-May-11,0.02,0.025,0.015,0.02,0.02
13-May-11,0.02,0.02,0.02,0.02,0.02
16-May-11,0.02,0.025,0.02,0.02,0.02
17-May-11,0.03,0.04,0.03,0.035,0.035
18-May-11,0.035,0.05,0.035,0.04,0.04
19-May-11,0.045,0.055,0.04,0.04,0.04
20-May-11,0.04,0.045,0.04,0.04,0.04
23-May-11,0.04,0.045,0.04,0.045,0.045
24-May-11,0.05,0.05,0.05,0.05,0.05
25-May-11,0.05,0.05,0.045,0.045,0.045
26-May-11,0.045,0.05,0.045,0.045,0.045
27-May-11,0.045,0.05,0.035,0.035,0.035
31-May-11,0.045,0.05,0.04,0.04,0.04
1-Jun-11,0.055,0.055,0.04,0.04,0.04
2-Jun-11,0.035,0.04,0.03,0.035,0.035
3-Jun-11,0.035,0.035,0.025,0.03,0.03
6-Jun-11,0.03,0.03,0.03,0.03,0.03
7-Jun-11,0.04,0.04,0.025,0.04,0.04
8-Jun-11,0.035,0.04,0.035,0.035,0.035
9-Jun-11,0.035,0.04,0.035,0.04,0.04
10-Jun-11,0.035,0.035,0.035,0.035,0.035
13-Jun-11,0.035,0.04,0.035,0.04,0.04
14-Jun-11,0.045,0.055,0.045,0.05,0.05
15-Jun-11,0.05,0.055,0.045,0.045,0.045
16-Jun-11,0.04,0.045,0.035,0.035,0.035
17-Jun-11,0.035,0.035,0.02,0.025,0.025
20-Jun-11,0.025,0.025,0.015,0.015,0.015
21-Jun-11,0.02,0.025,0.02,0.02,0.02
22-Jun-11,0.02,0.02,0.01,0.01,0.01
23-Jun-11,0.005,0.005,0.005,0.005,0.005
24-Jun-11,0.01,0.01,0.01,0.01,0.01
27-Jun-11,0.015,0.02,0.01,0.015,0.015
28-Jun-11,0.025,0.03,0.01,0.025,0.025
29-Jun-11,0.03,0.03,0.005,0.02,0.02
30-Jun-11,0.025,0.025,0.01,0.015,0.015
1-Jul-11,0.025,0.025,0.01,0.01,0.01
5-Jul-11,0.015,0.015,0.005,0.01,0.01
6-Jul-11,0.005,0.01,0.005,0.005,0.005
7-Jul-11,0.01,0.035,0.01,0.02,0.02
8-Jul-11,0.02,0.02,0.015,0.02,0.02
11-Jul-11,0.02,0.02,0.015,0.015,0.015
12-Jul-11,0.03,0.03,0.03,0.03,0.03
13-Jul-11,0.025,0.025,0.005,0.005,0.005
14-Jul-11,0.025,0.025,0.005,0.005,0.005
15-Jul-11,0.005,0.005,0.005,0.005,0.005
18-Jul-11,0.015,0.015,0.005,0.005,0.005
19-Jul-11,0.015,0.03,0.01,0.025,0.025
20-Jul-11,0.02,0.025,0.015,0.02,0.02
21-Jul-11,0.02,0.04,0.02,0.035,0.035
22-Jul-11,0.035,0.035,0.03,0.03,0.03
25-Jul-11,0.04,0.04,0.025,0.035,0.035
26-Jul-11,0.06,0.07,0.035,0.065,0.065
27-Jul-11,0.07,0.075,0.065,0.07,0.07
28-Jul-11,0.07,0.08,0.065,0.065,0.065
29-Jul-11,0.065,0.095,0.065,0.09,0.09
1-Aug-11,0.075,0.09,0.065,0.075,0.075
2-Aug-11,0.085,0.09,0.045,0.05,0.05
3-Aug-11,0.045,0.045,0.005,0.01,0.01
4-Aug-11,0.005,0.01,0.005,0.01,0.01
5-Aug-11,0.01,0.01,0.005,0.01,0.01
8-Aug-11,0.015,0.02,0.005,0.015,0.015
9-Aug-11,0.05,0.05,0.02,0.03,0.03
10-Aug-11,0.025,0.025,0.01,0.015,0.015
11-Aug-11,0.015,0.025,0.01,0.01,0.01
12-Aug-11,0.005,0.005,0.005,0.005,0.005
15-Aug-11,0.005,0.015,0.005,0.005,0.005
16-Aug-11,0.02,0.02,0.015,0.02,0.02
17-Aug-11,0.015,0.015,0.005,0.005,0.005
18-Aug-11,0.01,0.01,0.005,0.01,0.01
19-Aug-11,0.01,0.01,0.01,0.01,0.01
22-Aug-11,0.01,0.01,0.005,0.005,0.005
23-Aug-11,0.005,0.01,0.005,0.005,0.005
24-Aug-11,0.005,0.01,0.005,0.01,0.01
25-Aug-11,0.01,0.01,0.01,0.01,0.01
26-Aug-11,0.01,0.01,0.01,0.01,0.01
29-Aug-11,0.01,0.01,0.005,0.005,0.005
30-Aug-11,0.01,0.015,0.005,0.015,0.015
31-Aug-11,0.01,0.02,0.005,0.015,0.015
1-Sep-11,0.01,0.01,0.005,0.01,0.01
2-Sep-11,0.01,0.02,0.01,0.015,0.015
6-Sep-11,0.02,0.025,0.01,0.015,0.015
7-Sep-11,0.025,0.025,0.015,0.015,0.015
8-Sep-11,0.015,0.015,0.01,0.01,0.01
9-Sep-11,0.01,0.01,0.005,0.005,0.005
12-Sep-11,0.005,0.005,0.005,0.005,0.005
13-Sep-11,0.005,0.005,0.005,0.005,0.005
14-Sep-11,0.005,0.005,0.005,0.005,0.005
15-Sep-11,0.01,0.01,0.005,0.005,0.005
16-Sep-11,0.005,0.005,0.005,0.005,0.005
19-Sep-11,0.005,0.005,0.005,0.005,0.005
20-Sep-11,0.005,0.01,0.005,0.005,0.005
21-Sep-11,0.005,0.01,0.005,0.005,0.005
22-Sep-11,0.005,0.005,0.005,0.005,0.005
23-Sep-11,0.005,0.005,0.005,0.005,0.005
26-Sep-11,0.005,0.005,0.005,0.005,0.005
27-Sep-11,0.01,0.01,0.005,0.01,0.01
28-Sep-11,0.005,0.01,0.005,0.01,0.01
29-Sep-11,0.005,0.01,0.005,0.01,0.01
30-Sep-11,0.01,0.025,0.01,0.01,0.01
3-Oct-11,0.015,0.02,0.005,0.02,0.02
4-Oct-11,0.005,0.005,0.005,0.005,0.005
5-Oct-11,0.005,0.005,0.005,0.005,0.005
6-Oct-11,0.005,0.005,0.005,0.005,0.005
7-Oct-11,0.005,0.005,0.005,0.005,0.005
10-Oct-11,0.005,0.005,0.005,0.005,0.005
11-Oct-11,0.01,0.01,0.005,0.005,0.005
12-Oct-11,0.01,0.02,0.01,0.015,0.015
13-Oct-11,0.01,0.02,0.01,0.015,0.015
14-Oct-11,0.015,0.02,0.01,0.015,0.015
17-Oct-11,0.015,0.02,0.015,0.02,0.02
18-Oct-11,0.025,0.03,0.025,0.025,0.025
19-Oct-11,0.025,0.025,0.02,0.02,0.02
20-Oct-11,0.015,0.02,0.015,0.015,0.015
21-Oct-11,0.01,0.015,0.01,0.015,0.015
24-Oct-11,0.015,0.015,0.005,0.005,0.005
25-Oct-11,0.01,0.015,0.01,0.015,0.015
26-Oct-11,0.01,0.015,0.01,0.015,0.015
27-Oct-11,0.015,0.015,0.01,0.01,0.01
28-Oct-11,0.01,0.01,0.005,0.01,0.01
31-Oct-11,0.005,0.005,0.005,0.005,0.005
1-Nov-11,0.005,0.005,0.005,0.005,0.005
2-Nov-11,0.005,0.02,0.005,0.005,0.005
3-Nov-11,0.005,0.005,0.005,0.005,0.005
4-Nov-11,0.005,0.005,0.005,0.005,0.005
7-Nov-11,0.005,0.005,0.005,0.005,0.005
8-Nov-11,0.005,0.01,0.005,0.005,0.005
9-Nov-11,0.005,0.005,0.005,0.005,0.005
10-Nov-11,0.005,0.005,0.005,0.005,0.005
11-Nov-11,0.005,0.005,0.005,0.005,0.005
14-Nov-11,0.005,0.01,0.005,0.005,0.005
15-Nov-11,0.005,0.015,0.005,0.01,0.01
16-Nov-11,0.01,0.015,0.005,0.005,0.005
17-Nov-11,0.005,0.005,0.005,0.005,0.005
18-Nov-11,0.005,0.005,0.005,0.005,0.005
21-Nov-11,0.005,0.005,0.005,0.005,0.005
22-Nov-11,0.015,0.02,0.015,0.015,0.015
23-Nov-11,0.015,0.02,0.015,0.015,0.015
25-Nov-11,0.015,0.015,0.005,0.005,0.005
28-Nov-11,0.02,0.02,0.005,0.01,0.01
29-Nov-11,0.02,0.02,0.015,0.015,0.015
30-Nov-11,0.01,0.015,0.005,0.015,0.015
1-Dec-11,0.015,0.015,0.015,0.015,0.015
2-Dec-11,0.015,0.015,0.015,0.015,0.015
5-Dec-11,0.015,0.015,0.015,0.015,0.015
6-Dec-11,0.005,0.015,0.005,0.005,0.005
7-Dec-11,0.005,0.005,0.005,0.005,0.005
8-Dec-11,0.005,0.01,0.005,0.005,0.005
9-Dec-11,0.005,0.005,0.005,0.005,0.005
12-Dec-11,0.005,0.005,0.005,0.005,0.005
13-Dec-11,0.005,0.005,0.005,0.005,0.005
14-Dec-11,0.005,0.005,0.005,0.005,0.005
15-Dec-11,0.005,0.005,0.005,0.005,0.005
16-Dec-11,0.005,0.005,0.005,0.005,0.005
19-Dec-11,0.005,0.005,0.005,0.005,0.005
20-Dec-11,0.005,0.01,0.005,0.005,0.005
21-Dec-11,0.005,0.005,0.005,0.005,0.005
22-Dec-11,0.005,0.005,0.005,0.005,0.005
23-Dec-11,0.005,0.005,0.005,0.005,0.005
27-Dec-11,0.005,0.01,0.005,0.005,0.005
28-Dec-11,0.015,0.015,0.005,0.005,0.005
29-Dec-11,0.005,0.005,0.005,0.005,0.005
30-Dec-11,0.005,0.015,0.005,0.005,0.005
3-Jan-12,0.015,0.015,0.005,0.005,0.005
4-Jan-12,0.01,0.015,0.01,0.01,0.01
5-Jan-12,0.01,0.01,0.01,0.01,0.01
6-Jan-12,0.01,0.02,0.01,0.015,0.015
9-Jan-12,0.01,0.01,0.005,0.005,0.005
10-Jan-12,0.005,0.015,0.005,0.01,0.01
11-Jan-12,0.01,0.015,0.01,0.015,0.015
12-Jan-12,0.02,0.025,0.015,0.02,0.02
13-Jan-12,0.02,0.025,0.02,0.02,0.02
17-Jan-12,0.02,0.025,0.02,0.02,0.02
18-Jan-12,0.025,0.025,0.025,0.025,0.025
19-Jan-12,0.03,0.04,0.025,0.04,0.04
20-Jan-12,0.045,0.045,0.04,0.04,0.04
23-Jan-12,0.04,0.04,0.035,0.035,0.035
24-Jan-12,0.035,0.035,0.035,0.035,0.035
25-Jan-12,0.035,0.035,0.035,0.035,0.035
26-Jan-12,0.035,0.05,0.035,0.045,0.045
27-Jan-12,0.045,0.055,0.045,0.05,0.05
30-Jan-12,0.045,0.05,0.035,0.045,0.045
31-Jan-12,0.055,0.055,0.05,0.055,0.055
1-Feb-12,0.055,0.065,0.055,0.055,0.055
2-Feb-12,0.055,0.075,0.055,0.075,0.075
3-Feb-12,0.075,0.08,0.065,0.07,0.07
6-Feb-12,0.07,0.07,0.06,0.065,0.065
7-Feb-12,0.075,0.08,0.075,0.08,0.08
8-Feb-12,0.075,0.08,0.075,0.075,0.075
9-Feb-12,0.075,0.09,0.075,0.085,0.085
10-Feb-12,0.085,0.085,0.08,0.08,0.08
13-Feb-12,0.085,0.1,0.085,0.095,0.095
14-Feb-12,0.105,0.12,0.095,0.11,0.11
15-Feb-12,0.11,0.11,0.095,0.105,0.105
16-Feb-12,0.095,0.095,0.085,0.095,0.095
17-Feb-12,0.08,0.085,0.055,0.075,0.075
21-Feb-12,0.07,0.07,0.06,0.07,0.07
22-Feb-12,0.08,0.085,0.08,0.08,0.08
23-Feb-12,0.08,0.095,0.08,0.085,0.085
24-Feb-12,0.085,0.09,0.085,0.09,0.09
27-Feb-12,0.095,0.1,0.09,0.1,0.1
28-Feb-12,0.105,0.105,0.095,0.095,0.095
29-Feb-12,0.085,0.085,0.075,0.075,0.075
1-Mar-12,0.07,0.07,0.065,0.07,0.07
2-Mar-12,0.07,0.07,0.06,0.06,0.06
5-Mar-12,0.06,0.06,0.055,0.06,0.06
6-Mar-12,0.08,0.08,0.07,0.07,0.07
7-Mar-12,0.07,0.075,0.065,0.075,0.075
8-Mar-12,0.075,0.075,0.07,0.075,0.075
9-Mar-12,0.075,0.08,0.075,0.08,0.08
12-Mar-12,0.08,0.095,0.075,0.075,0.075
13-Mar-12,0.08,0.08,0.075,0.08,0.08
14-Mar-12,0.08,0.08,0.08,0.08,0.08
15-Mar-12,0.075,0.08,0.075,0.075,0.075
16-Mar-12,0.075,0.08,0.075,0.08,0.08
19-Mar-12,0.08,0.08,0.075,0.075,0.075
20-Mar-12,0.09,0.095,0.09,0.095,0.095
21-Mar-12,0.09,0.095,0.085,0.085,0.085
22-Mar-12,0.08,0.085,0.065,0.07,0.07
23-Mar-12,0.065,0.075,0.065,0.07,0.07
26-Mar-12,0.07,0.075,0.07,0.07,0.07
27-Mar-12,0.08,0.08,0.075,0.08,0.08
28-Mar-12,0.08,0.08,0.075,0.075,0.075
29-Mar-12,0.07,0.07,0.055,0.055,0.055
30-Mar-12,0.06,0.065,0.06,0.065,0.065
2-Apr-12,0.065,0.065,0.055,0.06,0.06
3-Apr-12,0.065,0.075,0.065,0.075,0.075
4-Apr-12,0.07,0.075,0.065,0.07,0.07
5-Apr-12,0.065,0.07,0.065,0.07,0.07
9-Apr-12,0.065,0.075,0.065,0.075,0.075
10-Apr-12,0.08,0.085,0.08,0.085,0.085
11-Apr-12,0.08,0.085,0.08,0.085,0.085
12-Apr-12,0.08,0.085,0.08,0.085,0.085
13-Apr-12,0.08,0.085,0.08,0.08,0.08
16-Apr-12,0.075,0.08,0.075,0.075,0.075
17-Apr-12,0.075,0.075,0.075,0.075,0.075
18-Apr-12,0.075,0.075,0.065,0.065,0.065
19-Apr-12,0.065,0.065,0.06,0.065,0.065
20-Apr-12,0.065,0.07,0.065,0.065,0.065
23-Apr-12,0.065,0.075,0.065,0.07,0.07
24-Apr-12,0.075,0.085,0.075,0.08,0.08
25-Apr-12,0.085,0.09,0.08,0.085,0.085
26-Apr-12,0.08,0.09,0.08,0.085,0.085
27-Apr-12,0.085,0.09,0.085,0.085,0.085
30-Apr-12,0.09,0.095,0.09,0.09,0.09
1-May-12,0.095,0.1,0.085,0.085,0.085
2-May-12,0.085,0.085,0.08,0.08,0.08
3-May-12,0.075,0.08,0.07,0.075,0.075
4-May-12,0.075,0.075,0.065,0.07,0.07
7-May-12,0.075,0.085,0.075,0.075,0.075
8-May-12,0.085,0.09,0.085,0.09,0.09
9-May-12,0.085,0.09,0.085,0.09,0.09
10-May-12,0.09,0.095,0.09,0.09,0.09
11-May-12,0.085,0.095,0.085,0.09,0.09
14-May-12,0.09,0.09,0.085,0.085,0.085
15-May-12,0.09,0.095,0.09,0.09,0.09
16-May-12,0.095,0.095,0.09,0.095,0.095
17-May-12,0.09,0.095,0.09,0.09,0.09
18-May-12,0.09,0.09,0.075,0.075,0.075
21-May-12,0.055,0.07,0.055,0.06,0.06
22-May-12,0.08,0.085,0.08,0.085,0.085
23-May-12,0.085,0.085,0.08,0.08,0.08
24-May-12,0.085,0.09,0.085,0.09,0.09
25-May-12,0.09,0.09,0.08,0.08,0.08
29-May-12,0.08,0.085,0.075,0.075,0.075
30-May-12,0.075,0.075,0.06,0.065,0.065
31-May-12,0.065,0.07,0.05,0.06,0.06
1-Jun-12,0.055,0.065,0.055,0.065,0.065
4-Jun-12,0.065,0.07,0.06,0.065,0.065
5-Jun-12,0.075,0.085,0.075,0.08,0.08
6-Jun-12,0.08,0.085,0.08,0.08,0.08
7-Jun-12,0.08,0.085,0.075,0.08,0.08
8-Jun-12,0.075,0.085,0.075,0.08,0.08
11-Jun-12,0.08,0.08,0.075,0.075,0.075
12-Jun-12,0.085,0.1,0.085,0.09,0.09
13-Jun-12,0.09,0.1,0.09,0.09,0.09
14-Jun-12,0.09,0.095,0.09,0.095,0.095
15-Jun-12,0.095,0.095,0.08,0.085,0.085
18-Jun-12,0.085,0.09,0.075,0.075,0.075
19-Jun-12,0.085,0.09,0.085,0.09,0.09
20-Jun-12,0.085,0.09,0.08,0.08,0.08
21-Jun-12,0.08,0.08,0.075,0.075,0.075
22-Jun-12,0.075,0.075,0.07,0.075,0.075
25-Jun-12,0.075,0.08,0.075,0.075,0.075
26-Jun-12,0.085,0.095,0.085,0.095,0.095
27-Jun-12,0.095,0.1,0.08,0.08,0.08
28-Jun-12,0.08,0.085,0.075,0.075,0.075
29-Jun-12,0.08,0.085,0.075,0.08,0.08
2-Jul-12,0.085,0.085,0.06,0.07,0.07
3-Jul-12,0.08,0.085,0.075,0.075,0.075
5-Jul-12,0.075,0.075,0.06,0.075,0.075
6-Jul-12,0.07,0.07,0.065,0.07,0.07
9-Jul-12,0.075,0.075,0.07,0.07,0.07
10-Jul-12,0.085,0.09,0.085,0.09,0.09
11-Jul-12,0.09,0.095,0.09,0.09,0.09
12-Jul-12,0.095,0.1,0.09,0.095,0.095
13-Jul-12,0.095,0.095,0.09,0.09,0.09
16-Jul-12,0.085,0.085,0.085,0.085,0.085
17-Jul-12,0.09,0.095,0.09,0.095,0.095
18-Jul-12,0.09,0.09,0.085,0.085,0.085
19-Jul-12,0.08,0.085,0.075,0.08,0.08
20-Jul-12,0.075,0.09,0.075,0.085,0.085
23-Jul-12,0.085,0.095,0.085,0.09,0.09
24-Jul-12,0.095,0.1,0.095,0.095,0.095
25-Jul-12,0.095,0.1,0.095,0.095,0.095
26-Jul-12,0.095,0.105,0.095,0.1,0.1
27-Jul-12,0.1,0.1,0.1,0.1,0.1
30-Jul-12,0.1,0.1,0.09,0.09,0.09
31-Jul-12,0.105,0.105,0.095,0.1,0.1
1-Aug-12,0.09,0.095,0.085,0.09,0.09
2-Aug-12,0.085,0.09,0.08,0.085,0.085
3-Aug-12,0.08,0.08,0.075,0.075,0.075
6-Aug-12,0.08,0.085,0.07,0.075,0.075
7-Aug-12,0.095,0.1,0.09,0.1,0.1
8-Aug-12,0.1,0.11,0.1,0.105,0.105
9-Aug-12,0.105,0.115,0.105,0.11,0.11
10-Aug-12,0.105,0.11,0.09,0.095,0.095
13-Aug-12,0.1,0.1,0.095,0.095,0.095
14-Aug-12,0.105,0.105,0.105,0.105,0.105
15-Aug-12,0.105,0.105,0.08,0.08,0.08
16-Aug-12,0.08,0.085,0.07,0.075,0.075
17-Aug-12,0.08,0.085,0.075,0.08,0.08
20-Aug-12,0.085,0.09,0.085,0.085,0.085
21-Aug-12,0.105,0.105,0.1,0.105,0.105
22-Aug-12,0.1,0.105,0.1,0.1,0.1
23-Aug-12,0.1,0.105,0.09,0.095,0.095
24-Aug-12,0.09,0.095,0.09,0.09,0.09
27-Aug-12,0.095,0.095,0.095,0.095,0.095
28-Aug-12,0.1,0.1,0.095,0.1,0.1
29-Aug-12,0.1,0.1,0.095,0.095,0.095
30-Aug-12,0.095,0.095,0.09,0.09,0.09
31-Aug-12,0.085,0.085,0.08,0.085,0.085
4-Sep-12,0.095,0.095,0.09,0.09,0.09
5-Sep-12,0.1,0.105,0.1,0.1,0.1
6-Sep-12,0.1,0.105,0.1,0.1,0.1
7-Sep-12,0.1,0.105,0.1,0.1,0.1
10-Sep-12,0.1,0.1,0.095,0.095,0.095
11-Sep-12,0.095,0.1,0.095,0.1,0.1
12-Sep-12,0.095,0.1,0.095,0.095,0.095
13-Sep-12,0.09,0.1,0.09,0.095,0.095
14-Sep-12,0.09,0.1,0.09,0.095,0.095
17-Sep-12,0.095,0.1,0.085,0.09,0.09
18-Sep-12,0.1,0.105,0.1,0.1,0.1
19-Sep-12,0.105,0.11,0.1,0.105,0.105
20-Sep-12,0.1,0.105,0.1,0.105,0.105
21-Sep-12,0.1,0.105,0.1,0.1,0.1
24-Sep-12,0.1,0.1,0.095,0.095,0.095
25-Sep-12,0.105,0.11,0.105,0.105,0.105
26-Sep-12,0.105,0.105,0.1,0.1,0.1
27-Sep-12,0.09,0.1,0.08,0.085,0.085
28-Sep-12,0.095,0.095,0.085,0.09,0.09
1-Oct-12,0.09,0.09,0.08,0.08,0.08
2-Oct-12,0.08,0.09,0.08,0.09,0.09
3-Oct-12,0.085,0.085,0.085,0.085,0.085
4-Oct-12,0.085,0.1,0.085,0.095,0.095
5-Oct-12,0.09,0.1,0.09,0.1,0.1
8-Oct-12,0.095,0.095,0.095,0.095,0.095
9-Oct-12,0.105,0.105,0.09,0.095,0.095
10-Oct-12,0.095,0.1,0.095,0.095,0.095
11-Oct-12,0.09,0.1,0.09,0.095,0.095
12-Oct-12,0.095,0.1,0.095,0.1,0.1
15-Oct-12,0.1,0.1,0.095,0.095,0.095
16-Oct-12,0.105,0.105,0.1,0.1,0.1
17-Oct-12,0.1,0.105,0.1,0.105,0.105
18-Oct-12,0.1,0.105,0.095,0.095,0.095
19-Oct-12,0.095,0.095,0.09,0.09,0.09
22-Oct-12,0.09,0.095,0.09,0.09,0.09
23-Oct-12,0.1,0.1,0.1,0.1,0.1
24-Oct-12,0.1,0.105,0.1,0.105,0.105
25-Oct-12,0.105,0.11,0.105,0.11,0.11
26-Oct-12,0.105,0.11,0.105,0.105,0.105
31-Oct-12,0.115,0.115,0.105,0.105,0.105
1-Nov-12,0.1,0.105,0.085,0.09,0.09
2-Nov-12,0.095,0.095,0.09,0.09,0.09
5-Nov-12,0.085,0.095,0.075,0.09,0.09
6-Nov-12,0.105,0.105,0.1,0.1,0.1
7-Nov-12,0.1,0.1,0.09,0.09,0.09
8-Nov-12,0.09,0.095,0.08,0.085,0.085
9-Nov-12,0.08,0.09,0.08,0.09,0.09
12-Nov-12,0.087,0.087,0.087,0.087,0.087
13-Nov-12,0.085,0.09,0.085,0.085,0.085
14-Nov-12,0.105,0.105,0.085,0.095,0.095
15-Nov-12,0.09,0.09,0.065,0.075,0.075
16-Nov-12,0.075,0.075,0.075,0.075,0.075
19-Nov-12,0.075,0.075,0.07,0.075,0.075
20-Nov-12,0.085,0.095,0.075,0.085,0.085
21-Nov-12,0.09,0.095,0.09,0.09,0.09
23-Nov-12,0.085,0.09,0.085,0.09,0.09
26-Nov-12,0.09,0.095,0.09,0.09,0.09
27-Nov-12,0.095,0.095,0.095,0.095,0.095
28-Nov-12,0.095,0.095,0.092,0.092,0.092
29-Nov-12,0.09,0.09,0.08,0.08,0.08
30-Nov-12,0.075,0.075,0.068,0.075,0.075
3-Dec-12,0.08,0.08,0.075,0.077,0.077
4-Dec-12,0.09,0.09,0.09,0.09,0.09
5-Dec-12,0.09,0.092,0.087,0.09,0.09
6-Dec-12,0.087,0.09,0.085,0.09,0.09
7-Dec-12,0.08,0.083,0.08,0.08,0.08
10-Dec-12,0.08,0.08,0.075,0.075,0.075
11-Dec-12,0.077,0.085,0.075,0.075,0.075
12-Dec-12,0.077,0.077,0.06,0.06,0.06
13-Dec-12,0.06,0.06,0.05,0.052,0.052
14-Dec-12,0.048,0.048,0.018,0.025,0.025
17-Dec-12,0.028,0.03,0.01,0.022,0.022
18-Dec-12,0.04,0.055,0.037,0.055,0.055
19-Dec-12,0.045,0.05,0.045,0.045,0.045
20-Dec-12,0.045,0.052,0.045,0.05,0.05
21-Dec-12,0.045,0.05,0.043,0.05,0.05
24-Dec-12,0.052,0.055,0.05,0.05,0.05
26-Dec-12,0.052,0.065,0.052,0.055,0.055
27-Dec-12,0.075,0.077,0.068,0.07,0.07
28-Dec-12,0.065,0.065,0.005,0.01,0.01
31-Dec-12,0.013,0.04,0.01,0.035,0.035
2-Jan-13,0.052,0.06,0.05,0.055,0.055
3-Jan-13,0.065,0.065,0.063,0.065,0.065
4-Jan-13,0.07,0.07,0.06,0.065,0.065
7-Jan-13,0.065,0.065,0.055,0.058,0.058
8-Jan-13,0.065,0.065,0.06,0.06,0.06
9-Jan-13,0.063,0.063,0.055,0.055,0.055
10-Jan-13,0.05,0.058,0.048,0.055,0.055
11-Jan-13,0.058,0.065,0.058,0.063,0.063
14-Jan-13,0.065,0.065,0.058,0.06,0.06
15-Jan-13,0.075,0.083,0.072,0.08,0.08
16-Jan-13,0.08,0.08,0.072,0.072,0.072
17-Jan-13,0.07,0.072,0.07,0.07,0.07
18-Jan-13,0.07,0.072,0.07,0.07,0.07
22-Jan-13,0.07,0.07,0.06,0.06,0.06
23-Jan-13,0.06,0.075,0.06,0.07,0.07
24-Jan-13,0.07,0.077,0.07,0.075,0.075
25-Jan-13,0.075,0.075,0.065,0.07,0.07
28-Jan-13,0.07,0.072,0.06,0.06,0.06
29-Jan-13,0.063,0.065,0.06,0.063,0.063
30-Jan-13,0.065,0.065,0.06,0.06,0.06
31-Jan-13,0.063,0.065,0.058,0.065,0.065
1-Feb-13,0.065,0.065,0.06,0.06,0.06
4-Feb-13,0.06,0.063,0.055,0.055,0.055
5-Feb-13,0.07,0.07,0.068,0.07,0.07
6-Feb-13,0.068,0.07,0.065,0.065,0.065
7-Feb-13,0.065,0.065,0.065,0.065,0.065
8-Feb-13,0.065,0.07,0.065,0.065,0.065
11-Feb-13,0.068,0.077,0.065,0.065,0.065
12-Feb-13,0.08,0.083,0.08,0.083,0.083
13-Feb-13,0.083,0.085,0.083,0.085,0.085
14-Feb-13,0.09,0.098,0.09,0.095,0.095
15-Feb-13,0.095,0.098,0.095,0.095,0.095
19-Feb-13,0.095,0.1,0.092,0.1,0.1
20-Feb-13,0.113,0.12,0.113,0.115,0.115
21-Feb-13,0.115,0.12,0.113,0.12,0.12
22-Feb-13,0.12,0.12,0.117,0.12,0.12
25-Feb-13,0.117,0.12,0.115,0.115,0.115
26-Feb-13,0.113,0.113,0.11,0.11,0.11
27-Feb-13,0.105,0.105,0.1,0.1,0.1
28-Feb-13,0.1,0.102,0.1,0.1,0.1
1-Mar-13,0.1,0.102,0.1,0.1,0.1
4-Mar-13,0.1,0.1,0.085,0.085,0.085
5-Mar-13,0.085,0.085,0.085,0.085,0.085
6-Mar-13,0.09,0.092,0.09,0.092,0.092
7-Mar-13,0.09,0.092,0.09,0.09,0.09
8-Mar-13,0.09,0.09,0.087,0.087,0.087
11-Mar-13,0.087,0.09,0.085,0.087,0.087
12-Mar-13,0.09,0.095,0.09,0.092,0.092
13-Mar-13,0.09,0.092,0.085,0.085,0.085
14-Mar-13,0.083,0.09,0.083,0.09,0.09
15-Mar-13,0.085,0.085,0.08,0.083,0.083
18-Mar-13,0.08,0.08,0.072,0.072,0.072
19-Mar-13,0.077,0.077,0.07,0.07,0.07
20-Mar-13,0.072,0.072,0.058,0.063,0.063
21-Mar-13,0.06,0.063,0.055,0.06,0.06
22-Mar-13,0.063,0.065,0.063,0.065,0.065
25-Mar-13,0.06,0.063,0.058,0.058,0.058
26-Mar-13,0.072,0.072,0.07,0.072,0.072
27-Mar-13,0.07,0.08,0.07,0.08,0.08
28-Mar-13,0.08,0.08,0.06,0.065,0.065
1-Apr-13,0.07,0.07,0.065,0.065,0.065
2-Apr-13,0.065,0.07,0.065,0.068,0.068
3-Apr-13,0.068,0.068,0.055,0.055,0.055
4-Apr-13,0.055,0.068,0.055,0.065,0.065
5-Apr-13,0.063,0.063,0.055,0.06,0.06
8-Apr-13,0.06,0.06,0.052,0.055,0.055
9-Apr-13,0.06,0.063,0.058,0.063,0.063
10-Apr-13,0.063,0.065,0.063,0.065,0.065
11-Apr-13,0.065,0.065,0.055,0.063,0.063
12-Apr-13,0.055,0.058,0.055,0.055,0.055
15-Apr-13,0.05,0.055,0.05,0.055,0.055
16-Apr-13,0.052,0.055,0.05,0.052,0.052
17-Apr-13,0.05,0.05,0.048,0.05,0.05
18-Apr-13,0.045,0.05,0.043,0.05,0.05
19-Apr-13,0.045,0.048,0.045,0.045,0.045
22-Apr-13,0.048,0.048,0.045,0.045,0.045
23-Apr-13,0.045,0.045,0.045,0.045,0.045
24-Apr-13,0.045,0.052,0.045,0.048,0.048
25-Apr-13,0.05,0.05,0.045,0.05,0.05
26-Apr-13,0.045,0.048,0.045,0.045,0.045
29-Apr-13,0.05,0.05,0.045,0.045,0.045
30-Apr-13,0.045,0.045,0.045,0.045,0.045
1-May-13,0.048,0.05,0.045,0.05,0.05
2-May-13,0.05,0.05,0.048,0.05,0.05
3-May-13,0.045,0.048,0.045,0.045,0.045
6-May-13,0.045,0.048,0.03,0.03,0.03
7-May-13,0.035,0.035,0.035,0.035,0.035
8-May-13,0.035,0.04,0.035,0.035,0.035
9-May-13,0.035,0.037,0.035,0.035,0.035
10-May-13,0.035,0.035,0.033,0.035,0.035
13-May-13,0.035,0.035,0.033,0.035,0.035
14-May-13,0.04,0.04,0.04,0.04,0.04
15-May-13,0.04,0.04,0.037,0.037,0.037
16-May-13,0.025,0.028,0.022,0.025,0.025
17-May-13,0.025,0.03,0.025,0.03,0.03
20-May-13,0.03,0.037,0.028,0.035,0.035
21-May-13,0.037,0.04,0.037,0.04,0.04
22-May-13,0.035,0.035,0.035,0.035,0.035
23-May-13,0.035,0.04,0.035,0.04,0.04
24-May-13,0.04,0.04,0.035,0.037,0.037
28-May-13,0.035,0.04,0.035,0.035,0.035
29-May-13,0.04,0.04,0.04,0.04,0.04
30-May-13,0.03,0.03,0.022,0.025,0.025
31-May-13,0.025,0.033,0.025,0.03,0.03
3-Jun-13,0.03,0.03,0.03,0.03,0.03
4-Jun-13,0.043,0.043,0.04,0.04,0.04
5-Jun-13,0.043,0.045,0.04,0.045,0.045
6-Jun-13,0.045,0.045,0.043,0.045,0.045
7-Jun-13,0.045,0.045,0.04,0.04,0.04
10-Jun-13,0.04,0.04,0.04,0.04,0.04
11-Jun-13,0.043,0.045,0.043,0.045,0.045
12-Jun-13,0.045,0.045,0.04,0.04,0.04
13-Jun-13,0.043,0.045,0.04,0.043,0.043
14-Jun-13,0.04,0.043,0.037,0.04,0.04
17-Jun-13,0.04,0.043,0.037,0.04,0.04
18-Jun-13,0.043,0.045,0.043,0.045,0.045
19-Jun-13,0.043,0.045,0.04,0.04,0.04
20-Jun-13,0.045,0.045,0.04,0.04,0.04
21-Jun-13,0.04,0.043,0.04,0.04,0.04
24-Jun-13,0.045,0.045,0.04,0.04,0.04
25-Jun-13,0.055,0.058,0.055,0.058,0.058
26-Jun-13,0.055,0.055,0.055,0.055,0.055
27-Jun-13,0.05,0.052,0.045,0.045,0.045
28-Jun-13,0.05,0.05,0.025,0.03,0.03
1-Jul-13,0.035,0.035,0.01,0.01,0.01
2-Jul-13,0.03,0.037,0.015,0.035,0.035
3-Jul-13,0.033,0.035,0.03,0.035,0.035
5-Jul-13,0.037,0.045,0.035,0.035,0.035
8-Jul-13,0.04,0.04,0.033,0.035,0.035
9-Jul-13,0.04,0.04,0.035,0.035,0.035
10-Jul-13,0.035,0.035,0.03,0.03,0.03
11-Jul-13,0.03,0.03,0.028,0.03,0.03
12-Jul-13,0.028,0.03,0.028,0.03,0.03
15-Jul-13,0.03,0.03,0.02,0.02,0.02
16-Jul-13,0.033,0.035,0.033,0.035,0.035
17-Jul-13,0.033,0.035,0.025,0.025,0.025
18-Jul-13,0.025,0.025,0.022,0.022,0.022
19-Jul-13,0.02,0.022,0.015,0.02,0.02
22-Jul-13,0.022,0.022,0.005,0.005,0.005
23-Jul-13,0.022,0.025,0.02,0.02,0.02
24-Jul-13,0.02,0.025,0.02,0.02,0.02
25-Jul-13,0.015,0.02,0.013,0.015,0.015
26-Jul-13,0.015,0.015,0.013,0.015,0.015
29-Jul-13,0.015,0.02,0.015,0.02,0.02
30-Jul-13,0.03,0.033,0.025,0.03,0.03
31-Jul-13,0.028,0.033,0.028,0.03,0.03
1-Aug-13,0.03,0.035,0.03,0.035,0.035
2-Aug-13,0.035,0.035,0.028,0.03,0.03
5-Aug-13,0.03,0.035,0.03,0.035,0.035
6-Aug-13,0.037,0.043,0.037,0.04,0.04
7-Aug-13,0.043,0.043,0.037,0.04,0.04
8-Aug-13,0.045,0.045,0.04,0.045,0.045
9-Aug-13,0.045,0.048,0.045,0.048,0.048
12-Aug-13,0.045,0.05,0.045,0.048,0.048
13-Aug-13,0.05,0.052,0.05,0.052,0.052
14-Aug-13,0.05,0.05,0.045,0.05,0.05
15-Aug-13,0.045,0.048,0.045,0.045,0.045
16-Aug-13,0.045,0.045,0.037,0.04,0.04
19-Aug-13,0.04,0.04,0.04,0.04,0.04
20-Aug-13,0.048,0.048,0.043,0.045,0.045
21-Aug-13,0.04,0.04,0.03,0.033,0.033
22-Aug-13,0.03,0.03,0.02,0.02,0.02
23-Aug-13,0.02,0.025,0.02,0.022,0.022
26-Aug-13,0.025,0.03,0.013,0.013,0.013
27-Aug-13,0.033,0.033,0.033,0.033,0.033
28-Aug-13,0.03,0.033,0.03,0.03,0.03
29-Aug-13,0.028,0.028,0.018,0.02,0.02
30-Aug-13,0.02,0.02,0.018,0.02,0.02
3-Sep-13,0.02,0.022,0.015,0.015,0.015
4-Sep-13,0.018,0.018,0.015,0.015,0.015
5-Sep-13,0.013,0.018,0.013,0.015,0.015
6-Sep-13,0.015,0.018,0.015,0.015,0.015
9-Sep-13,0.015,0.015,0.005,0.01,0.01
10-Sep-13,0.015,0.018,0.015,0.015,0.015
11-Sep-13,0.018,0.018,0.015,0.015,0.015
12-Sep-13,0.015,0.015,0.01,0.01,0.01
13-Sep-13,0.01,0.013,0.01,0.01,0.01
16-Sep-13,0.01,0.01,0.003,0.003,0.003
17-Sep-13,0.007,0.007,0.005,0.005,0.005
18-Sep-13,0.005,0.007,0.005,0.005,0.005
19-Sep-13,0.005,0.005,0.003,0.005,0.005
20-Sep-13,0.003,0.03,0.003,0.005,0.005
23-Sep-13,0.005,0.01,0.005,0.005,0.005
24-Sep-13,0.015,0.015,0.013,0.015,0.015
25-Sep-13,0.02,0.02,0.013,0.015,0.015
26-Sep-13,0.02,0.02,0.003,0.003,0.003
27-Sep-13,0.005,0.015,0.003,0.005,0.005
30-Sep-13,0.005,0.01,0.003,0.005,0.005
1-Oct-13,0.01,0.015,0.01,0.013,0.013
2-Oct-13,0.013,0.013,0.005,0.01,0.01
3-Oct-13,0.007,0.025,0.007,0.02,0.02
4-Oct-13,0.02,0.022,0.018,0.018,0.018
7-Oct-13,0.02,0.025,0.013,0.018,0.018
8-Oct-13,0.033,0.052,0.03,0.045,0.045
9-Oct-13,0.048,0.048,0.035,0.037,0.037
10-Oct-13,0.035,0.043,0.033,0.04,0.04
11-Oct-13,0.04,0.072,0.04,0.063,0.063
14-Oct-13,0.058,0.058,0.058,0.058,0.058
15-Oct-13,0.05,0.095,0.05,0.092,0.092
16-Oct-13,0.135,0.135,0.08,0.092,0.092
17-Oct-13,0.043,0.05,0.035,0.037,0.037
18-Oct-13,0.04,0.04,0.022,0.025,0.025
21-Oct-13,0.025,0.025,0.022,0.025,0.025
22-Oct-13,0.033,0.035,0.028,0.033,0.033
23-Oct-13,0.03,0.03,0.03,0.03,0.03
24-Oct-13,0.03,0.035,0.03,0.03,0.03
25-Oct-13,0.03,0.03,0.03,0.03,0.03
28-Oct-13,0.03,0.035,0.02,0.02,0.02
29-Oct-13,0.035,0.043,0.033,0.04,0.04
30-Oct-13,0.035,0.037,0.035,0.035,0.035
31-Oct-13,0.033,0.033,0.028,0.033,0.033
1-Nov-13,0.033,0.035,0.03,0.033,0.033
4-Nov-13,0.035,0.035,0.033,0.033,0.033
5-Nov-13,0.045,0.045,0.045,0.045,0.045
6-Nov-13,0.045,0.048,0.045,0.045,0.045
7-Nov-13,0.045,0.048,0.045,0.048,0.048
8-Nov-13,0.05,0.055,0.05,0.052,0.052
11-Nov-13,0.052,0.052,0.052,0.052,0.052
12-Nov-13,0.052,0.058,0.052,0.058,0.058
13-Nov-13,0.07,0.07,0.07,0.07,0.07
14-Nov-13,0.068,0.068,0.065,0.068,0.068
15-Nov-13,0.068,0.07,0.068,0.07,0.07
18-Nov-13,0.068,0.07,0.065,0.065,0.065
19-Nov-13,0.077,0.08,0.075,0.08,0.08
20-Nov-13,0.083,0.083,0.075,0.077,0.077
21-Nov-13,0.072,0.075,0.068,0.07,0.07
22-Nov-13,0.07,0.07,0.065,0.065,0.065
25-Nov-13,0.07,0.07,0.06,0.06,0.06
26-Nov-13,0.065,0.068,0.065,0.068,0.068
27-Nov-13,0.068,0.068,0.063,0.063,0.063
29-Nov-13,0.058,0.058,0.055,0.055,0.055
2-Dec-13,0.055,0.055,0.05,0.05,0.05
3-Dec-13,0.05,0.05,0.035,0.035,0.035
4-Dec-13,0.055,0.058,0.052,0.052,0.052
5-Dec-13,0.045,0.05,0.045,0.048,0.048
6-Dec-13,0.05,0.055,0.05,0.052,0.052
9-Dec-13,0.052,0.055,0.052,0.052,0.052
10-Dec-13,0.065,0.07,0.065,0.07,0.07
11-Dec-13,0.068,0.068,0.065,0.068,0.068
12-Dec-13,0.065,0.065,0.063,0.063,0.063
13-Dec-13,0.06,0.06,0.058,0.06,0.06
16-Dec-13,0.06,0.06,0.058,0.058,0.058
17-Dec-13,0.063,0.063,0.063,0.063,0.063
18-Dec-13,0.06,0.065,0.06,0.06,0.06
19-Dec-13,0.058,0.06,0.058,0.058,0.058
20-Dec-13,0.058,0.06,0.055,0.055,0.055
23-Dec-13,0.055,0.058,0.052,0.058,0.058
24-Dec-13,0.068,0.07,0.065,0.068,0.068
26-Dec-13,0.065,0.068,0.058,0.06,0.06
27-Dec-13,0.06,0.06,0.058,0.058,0.058
30-Dec-13,0.052,0.055,0.052,0.055,0.055
31-Dec-13,0.06,0.065,0.055,0.063,0.063
2-Jan-14,0.06,0.06,0.055,0.058,0.058
3-Jan-14,0.06,0.06,0.058,0.058,0.058
6-Jan-14,0.055,0.055,0.045,0.045,0.045
7-Jan-14,0.048,0.048,0.04,0.043,0.043
8-Jan-14,0.037,0.043,0.035,0.04,0.04
9-Jan-14,0.035,0.035,0.03,0.033,0.033
10-Jan-14,0.035,0.035,0.033,0.033,0.033
13-Jan-14,0.035,0.035,0.028,0.03,0.03
14-Jan-14,0.033,0.035,0.033,0.033,0.033
15-Jan-14,0.035,0.043,0.035,0.035,0.035
16-Jan-14,0.03,0.03,0.03,0.03,0.03
17-Jan-14,0.03,0.033,0.03,0.03,0.03
21-Jan-14,0.033,0.033,0.025,0.028,0.028
22-Jan-14,0.033,0.035,0.03,0.03,0.03
23-Jan-14,0.03,0.033,0.03,0.03,0.03
24-Jan-14,0.03,0.048,0.03,0.033,0.033
27-Jan-14,0.048,0.052,0.045,0.048,0.048
28-Jan-14,0.045,0.048,0.043,0.045,0.045
29-Jan-14,0.045,0.045,0.037,0.04,0.04
30-Jan-14,0.03,0.03,0.013,0.015,0.015
31-Jan-14,0.015,0.015,0.007,0.01,0.01
3-Feb-14,0.013,0.02,0.013,0.02,0.02
4-Feb-14,0.052,0.058,0.05,0.055,0.055
5-Feb-14,0.052,0.055,0.05,0.055,0.055
6-Feb-14,0.052,0.075,0.048,0.06,0.06
7-Feb-14,0.063,0.075,0.06,0.072,0.072
10-Feb-14,0.077,0.083,0.055,0.055,0.055
11-Feb-14,0.045,0.05,0.043,0.045,0.045
12-Feb-14,0.048,0.048,0.043,0.043,0.043
13-Feb-14,0.025,0.028,0.01,0.025,0.025
14-Feb-14,0.02,0.025,0.007,0.01,0.01
18-Feb-14,0.015,0.022,0.015,0.015,0.015
19-Feb-14,0.045,0.045,0.045,0.045,0.045
20-Feb-14,0.045,0.045,0.04,0.04,0.04
21-Feb-14,0.04,0.04,0.035,0.035,0.035
24-Feb-14,0.035,0.035,0.033,0.033,0.033
25-Feb-14,0.033,0.043,0.033,0.04,0.04
26-Feb-14,0.04,0.04,0.04,0.04,0.04
27-Feb-14,0.037,0.037,0.035,0.035,0.035
28-Feb-14,0.035,0.043,0.035,0.043,0.043
3-Mar-14,0.04,0.045,0.04,0.043,0.043
4-Mar-14,0.045,0.048,0.045,0.048,0.048
5-Mar-14,0.05,0.05,0.05,0.05,0.05
6-Mar-14,0.045,0.045,0.045,0.045,0.045
7-Mar-14,0.045,0.045,0.045,0.045,0.045
10-Mar-14,0.045,0.045,0.04,0.04,0.04
11-Mar-14,0.045,0.045,0.045,0.045,0.045
12-Mar-14,0.045,0.045,0.04,0.04,0.04
13-Mar-14,0.04,0.04,0.037,0.04,0.04
14-Mar-14,0.04,0.04,0.04,0.04,0.04
17-Mar-14,0.043,0.043,0.043,0.043,0.043
18-Mar-14,0.05,0.05,0.05,0.05,0.05
19-Mar-14,0.05,0.052,0.048,0.05,0.05
20-Mar-14,0.048,0.052,0.048,0.052,0.052
21-Mar-14,0.05,0.05,0.045,0.045,0.045
24-Mar-14,0.048,0.048,0.043,0.043,0.043
25-Mar-14,0.045,0.045,0.04,0.045,0.045
26-Mar-14,0.04,0.04,0.035,0.037,0.037
27-Mar-14,0.035,0.035,0.033,0.033,0.033
28-Mar-14,0.028,0.033,0.028,0.033,0.033
31-Mar-14,0.033,0.035,0.028,0.028,0.028
1-Apr-14,0.04,0.04,0.03,0.03,0.03
2-Apr-14,0.028,0.028,0.018,0.018,0.018
3-Apr-14,0.01,0.015,0.01,0.015,0.015
4-Apr-14,0.015,0.022,0.015,0.02,0.02
7-Apr-14,0.02,0.02,0.02,0.02,0.02
8-Apr-14,0.028,0.028,0.025,0.025,0.025
9-Apr-14,0.025,0.03,0.025,0.028,0.028
10-Apr-14,0.025,0.028,0.025,0.028,0.028
11-Apr-14,0.03,0.03,0.028,0.03,0.03
14-Apr-14,0.03,0.03,0.03,0.03,0.03
15-Apr-14,0.028,0.03,0.028,0.03,0.03
16-Apr-14,0.03,0.03,0.025,0.025,0.025
17-Apr-14,0.025,0.025,0.022,0.025,0.025
21-Apr-14,0.025,0.025,0.025,0.025,0.025
22-Apr-14,0.025,0.025,0.025,0.025,0.025
23-Apr-14,0.025,0.025,0.015,0.015,0.015
24-Apr-14,0.015,0.015,0.003,0.007,0.007
25-Apr-14,0.01,0.01,0.007,0.007,0.007
28-Apr-14,0.005,0.005,0.003,0.003,0.003
29-Apr-14,0.015,0.02,0.015,0.015,0.015
30-Apr-14,0.015,0.02,0.015,0.02,0.02
1-May-14,0.02,0.02,0.018,0.018,0.018
2-May-14,0.02,0.022,0.015,0.015,0.015
5-May-14,0.015,0.018,0.015,0.015,0.015
6-May-14,0.02,0.022,0.02,0.02,0.02
7-May-14,0.02,0.02,0.02,0.02,0.02
8-May-14,0.02,0.022,0.02,0.022,0.022
9-May-14,0.022,0.022,0.02,0.022,0.022
12-May-14,0.02,0.022,0.02,0.02,0.02
13-May-14,0.02,0.02,0.02,0.02,0.02
14-May-14,0.02,0.02,0.02,0.02,0.02
15-May-14,0.02,0.02,0.018,0.018,0.018
16-May-14,0.015,0.018,0.015,0.015,0.015
19-May-14,0.015,0.02,0.015,0.018,0.018
20-May-14,0.025,0.025,0.022,0.025,0.025
21-May-14,0.025,0.025,0.025,0.025,0.025
22-May-14,0.028,0.028,0.025,0.028,0.028
23-May-14,0.028,0.028,0.028,0.028,0.028
27-May-14,0.025,0.028,0.025,0.028,0.028
28-May-14,0.03,0.03,0.028,0.028,0.028
29-May-14,0.03,0.03,0.03,0.03,0.03
30-May-14,0.03,0.03,0.03,0.03,0.03
2-Jun-14,0.03,0.03,0.025,0.025,0.025
3-Jun-14,0.03,0.03,0.03,0.03,0.03
4-Jun-14,0.03,0.03,0.028,0.03,0.03
5-Jun-14,0.03,0.03,0.028,0.03,0.03
6-Jun-14,0.03,0.03,0.028,0.028,0.028
9-Jun-14,0.03,0.03,0.03,0.03,0.03
10-Jun-14,0.03,0.035,0.03,0.035,0.035
11-Jun-14,0.033,0.035,0.03,0.033,0.033
12-Jun-14,0.033,0.035,0.033,0.033,0.033
13-Jun-14,0.035,0.035,0.03,0.03,0.03
16-Jun-14,0.03,0.03,0.022,0.025,0.025
17-Jun-14,0.035,0.035,0.033,0.033,0.033
18-Jun-14,0.035,0.035,0.018,0.018,0.018
19-Jun-14,0.018,0.018,0.01,0.01,0.01
20-Jun-14,0.013,0.013,0.01,0.01,0.01
23-Jun-14,0.013,0.013,0.005,0.005,0.005
24-Jun-14,0.02,0.025,0.02,0.022,0.022
25-Jun-14,0.02,0.022,0.018,0.02,0.02
26-Jun-14,0.018,0.025,0.018,0.025,0.025
27-Jun-14,0.02,0.022,0.018,0.018,0.018
30-Jun-14,0.02,0.022,0.02,0.02,0.02
1-Jul-14,0.033,0.033,0.022,0.025,0.025
2-Jul-14,0.02,0.02,0.005,0.007,0.007
3-Jul-14,0.005,0.007,0.003,0.003,0.003
7-Jul-14,0.005,0.01,0.005,0.007,0.007
8-Jul-14,0.025,0.025,0.025,0.025,0.025
9-Jul-14,0.025,0.025,0.015,0.015,0.015
10-Jul-14,0.015,0.018,0.013,0.015,0.015
11-Jul-14,0.015,0.015,0.015,0.015,0.015
14-Jul-14,0.015,0.015,0.015,0.015,0.015
15-Jul-14,0.02,0.02,0.018,0.02,0.02
16-Jul-14,0.02,0.022,0.018,0.018,0.018
17-Jul-14,0.015,0.015,0.007,0.007,0.007
18-Jul-14,0.01,0.013,0.01,0.01,0.01
21-Jul-14,0.01,0.015,0.01,0.013,0.013
22-Jul-14,0.02,0.02,0.02,0.02,0.02
23-Jul-14,0.02,0.025,0.02,0.02,0.02
24-Jul-14,0.02,0.02,0.02,0.02,0.02
25-Jul-14,0.02,0.02,0.02,0.02,0.02
28-Jul-14,0.022,0.025,0.022,0.025,0.025
29-Jul-14,0.03,0.03,0.028,0.028,0.028
30-Jul-14,0.03,0.03,0.028,0.028,0.028
31-Jul-14,0.02,0.02,0.018,0.018,0.018
1-Aug-14,0.02,0.02,0.015,0.018,0.018
4-Aug-14,0.015,0.015,0.015,0.015,0.015
5-Aug-14,0.025,0.025,0.022,0.025,0.025
6-Aug-14,0.022,0.022,0.02,0.02,0.02
7-Aug-14,0.02,0.02,0.018,0.02,0.02
8-Aug-14,0.02,0.02,0.02,0.02,0.02
11-Aug-14,0.02,0.025,0.02,0.025,0.025
12-Aug-14,0.025,0.03,0.025,0.025,0.025
13-Aug-14,0.028,0.03,0.025,0.03,0.03
14-Aug-14,0.03,0.03,0.028,0.028,0.028
15-Aug-14,0.028,0.028,0.022,0.022,0.022
18-Aug-14,0.022,0.025,0.022,0.022,0.022
19-Aug-14,0.025,0.025,0.025,0.025,0.025
20-Aug-14,0.025,0.025,0.025,0.025,0.025
21-Aug-14,0.02,0.02,0.01,0.015,0.015
22-Aug-14,0.013,0.015,0.01,0.015,0.015
25-Aug-14,0.015,0.015,0.01,0.015,0.015
26-Aug-14,0.025,0.025,0.022,0.025,0.025
27-Aug-14,0.025,0.025,0.025,0.025,0.025
28-Aug-14,0.025,0.025,0.022,0.022,0.022
29-Aug-14,0.02,0.02,0.018,0.018,0.018
2-Sep-14,0.025,0.025,0.018,0.02,0.02
3-Sep-14,0.02,0.02,0.02,0.02,0.02
4-Sep-14,0.018,0.022,0.018,0.02,0.02
5-Sep-14,0.022,0.022,0.018,0.02,0.02
8-Sep-14,0.022,0.022,0.018,0.02,0.02
9-Sep-14,0.018,0.018,0.013,0.015,0.015
10-Sep-14,0.015,0.015,0.013,0.015,0.015
11-Sep-14,0.01,0.01,0.007,0.01,0.01
12-Sep-14,0.01,0.01,0.01,0.01,0.01
15-Sep-14,0.01,0.01,0.01,0.01,0.01
16-Sep-14,0.013,0.015,0.013,0.015,0.015
17-Sep-14,0.015,0.015,0.013,0.013,0.013
18-Sep-14,0.013,0.013,0.007,0.01,0.01
19-Sep-14,0.01,0.01,0.005,0.007,0.007
22-Sep-14,0.007,0.01,0.003,0.003,0.003
23-Sep-14,0.005,0.007,0.005,0.007,0.007
24-Sep-14,0.005,0.01,0.005,0.007,0.007
25-Sep-14,0.007,0.007,0.003,0.005,0.005
26-Sep-14,0.003,0.007,0.003,0.005,0.005
29-Sep-14,0.003,0.005,0.003,0.005,0.005
30-Sep-14,0.01,0.022,0.01,0.013,0.013
1-Oct-14,0.015,0.015,0.01,0.013,0.013
2-Oct-14,0.01,0.01,0.007,0.01,0.01
3-Oct-14,0.01,0.015,0.007,0.01,0.01
6-Oct-14,0.01,0.01,0.007,0.01,0.01
7-Oct-14,0.01,0.01,0.007,0.01,0.01
8-Oct-14,0.007,0.01,0.003,0.005,0.005
9-Oct-14,0.003,0.01,0.003,0.005,0.005
10-Oct-14,0.005,0.005,0.003,0.005,0.005
13-Oct-14,0.005,0.005,0.005,0.005,0.005
14-Oct-14,0.003,0.005,0.003,0.005,0.005
15-Oct-14,0.01,0.01,0.007,0.01,0.01
16-Oct-14,0.013,0.02,0.013,0.02,0.02
17-Oct-14,0.02,0.022,0.02,0.022,0.022
20-Oct-14,0.02,0.02,0.018,0.02,0.02
21-Oct-14,0.018,0.018,0.018,0.018,0.018
22-Oct-14,0.02,0.02,0.015,0.015,0.015
23-Oct-14,0.015,0.015,0.003,0.015,0.015
24-Oct-14,0.015,0.015,0.003,0.005,0.005
27-Oct-14,0.005,0.007,0.005,0.005,0.005
28-Oct-14,0.015,0.015,0.015,0.015,0.015
29-Oct-14,0.015,0.015,0.01,0.015,0.015
30-Oct-14,0.005,0.005,0.003,0.003,0.003
31-Oct-14,0.003,0.003,0.003,0.003,0.003
3-Nov-14,0.003,0.003,0.003,0.003,0.003
4-Nov-14,0.013,0.022,0.013,0.022,0.022
5-Nov-14,0.022,0.025,0.02,0.02,0.02
6-Nov-14,0.02,0.02,0.015,0.018,0.018
7-Nov-14,0.018,0.02,0.015,0.018,0.018
10-Nov-14,0.02,0.02,0.013,0.015,0.015
11-Nov-14,0.015,0.015,0.015,0.015,0.015
12-Nov-14,0.015,0.015,0.01,0.013,0.013
13-Nov-14,0.013,0.013,0.003,0.005,0.005
14-Nov-14,0.007,0.013,0.003,0.003,0.003
17-Nov-14,0.01,0.01,0.003,0.01,0.01
18-Nov-14,0.02,0.02,0.013,0.015,0.015
19-Nov-14,0.015,0.015,0.003,0.015,0.015
20-Nov-14,0.015,0.015,0.003,0.015,0.015
21-Nov-14,0.003,0.003,0.003,0.003,0.003
24-Nov-14,0.015,0.015,0.003,0.005,0.005
25-Nov-14,0.015,0.02,0.015,0.018,0.018
26-Nov-14,0.018,0.018,0.007,0.01,0.01
28-Nov-14,0.005,0.005,0.005,0.005,0.005
1-Dec-14,0.005,0.013,0.005,0.007,0.007
2-Dec-14,0.02,0.02,0.015,0.015,0.015
3-Dec-14,0.013,0.015,0.003,0.005,0.005
4-Dec-14,0.005,0.015,0.003,0.013,0.013
5-Dec-14,0.015,0.015,0.01,0.01,0.01
8-Dec-14,0.01,0.01,0.003,0.005,0.005
9-Dec-14,0.02,0.028,0.02,0.028,0.028
10-Dec-14,0.028,0.028,0.022,0.025,0.025
11-Dec-14,0.02,0.025,0.02,0.022,0.022
12-Dec-14,0.025,0.025,0.015,0.015,0.015
15-Dec-14,0.015,0.015,0.01,0.01,0.01
16-Dec-14,0.025,0.03,0.025,0.03,0.03
17-Dec-14,0.03,0.03,0.018,0.02,0.02
18-Dec-14,0.02,0.035,0.018,0.033,0.033
19-Dec-14,0.03,0.03,0.025,0.025,0.025
22-Dec-14,0.025,0.025,0.015,0.015,0.015
23-Dec-14,0.04,0.04,0.02,0.02,0.02
24-Dec-14,0.018,0.023,0.003,0.02,0.02
26-Dec-14,0.003,0.01,0.003,0.01,0.01
29-Dec-14,0.003,0.005,0.003,0.003,0.003
30-Dec-14,0.02,0.02,0.02,0.02,0.02
31-Dec-14,0.022,0.037,0.01,0.037,0.037
2-Jan-15,0.03,0.03,0.015,0.015,0.015
5-Jan-15,0.008,0.018,0.003,0.003,0.003
6-Jan-15,0.023,0.023,0.018,0.02,0.02
7-Jan-15,0.023,0.025,0.02,0.02,0.02
8-Jan-15,0.02,0.02,0.015,0.018,0.018
9-Jan-15,0.015,0.018,0.015,0.015,0.015
12-Jan-15,0.015,0.015,0.01,0.013,0.013
13-Jan-15,0.02,0.023,0.02,0.023,0.023
14-Jan-15,0.025,0.025,0.023,0.025,0.025
15-Jan-15,0.023,0.025,0.02,0.023,0.023
16-Jan-15,0.02,0.023,0.015,0.018,0.018
20-Jan-15,0.015,0.015,0.008,0.008,0.008
21-Jan-15,0.02,0.023,0.015,0.02,0.02
22-Jan-15,0.02,0.02,0.013,0.015,0.015
23-Jan-15,0.015,0.015,0.01,0.013,0.013
26-Jan-15,0.013,0.015,0.003,0.005,0.005
27-Jan-15,0.005,0.018,0.005,0.018,0.018
28-Jan-15,0.015,0.018,0.015,0.015,0.015
29-Jan-15,0.015,0.015,0.005,0.01,0.01
30-Jan-15,0.005,0.008,0.003,0.005,0.005
2-Feb-15,0.005,0.008,0.003,0.005,0.005
3-Feb-15,0.013,0.018,0.013,0.015,0.015
4-Feb-15,0.013,0.013,0.005,0.005,0.005
5-Feb-15,0.005,0.01,0.005,0.008,0.008
6-Feb-15,0.008,0.02,0.008,0.015,0.015
9-Feb-15,0.015,0.015,0.003,0.003,0.003
10-Feb-15,0.005,0.005,0.005,0.005,0.005
11-Feb-15,0.005,0.01,0.005,0.005,0.005
12-Feb-15,0.008,0.01,0.008,0.008,0.008
13-Feb-15,0.005,0.005,0.003,0.005,0.005
17-Feb-15,0.003,0.008,0.003,0.008,0.008
18-Feb-15,0.01,0.013,0.01,0.013,0.013
19-Feb-15,0.01,0.013,0.01,0.013,0.013
20-Feb-15,0.015,0.015,0.01,0.01,0.01
23-Feb-15,0.01,0.015,0.01,0.015,0.015
24-Feb-15,0.015,0.018,0.013,0.018,0.018
25-Feb-15,0.015,0.018,0.015,0.015,0.015
26-Feb-15,0.013,0.013,0.01,0.013,0.013
27-Feb-15,0.01,0.013,0.005,0.008,0.008
2-Mar-15,0.01,0.01,0.005,0.005,0.005
3-Mar-15,0.013,0.013,0.013,0.013,0.013
4-Mar-15,0.013,0.015,0.01,0.01,0.01
5-Mar-15,0.005,0.005,0.003,0.003,0.003
6-Mar-15,0.005,0.01,0.003,0.005,0.005
9-Mar-15,0.005,0.005,0.003,0.005,0.005
10-Mar-15,0.01,0.01,0.01,0.01,0.01
11-Mar-15,0.013,0.013,0.01,0.013,0.013
12-Mar-15,0.015,0.018,0.015,0.018,0.018
13-Mar-15,0.02,0.023,0.018,0.023,0.023
16-Mar-15,0.025,0.03,0.023,0.03,0.03
17-Mar-15,0.035,0.05,0.035,0.048,0.048
18-Mar-15,0.048,0.048,0.035,0.038,0.038
19-Mar-15,0.01,0.013,0.008,0.01,0.01
20-Mar-15,0.005,0.005,0.003,0.003,0.003
23-Mar-15,0.003,0.005,0.003,0.003,0.003
24-Mar-15,0.013,0.015,0.013,0.015,0.015
25-Mar-15,0.015,0.018,0.015,0.018,0.018
26-Mar-15,0.023,0.03,0.023,0.028,0.028
27-Mar-15,0.025,0.03,0.02,0.03,0.03
30-Mar-15,0.028,0.03,0.023,0.023,0.023
31-Mar-15,0.03,0.035,0.025,0.025,0.025
1-Apr-15,0.028,0.033,0.025,0.033,0.033
2-Apr-15,0.015,0.018,0.01,0.01,0.01
6-Apr-15,0.01,0.01,0.003,0.003,0.003
7-Apr-15,0.015,0.015,0.015,0.015,0.015
8-Apr-15,0.015,0.018,0.015,0.018,0.018
9-Apr-15,0.02,0.02,0.02,0.02,0.02
10-Apr-15,0.02,0.02,0.013,0.015,0.015
13-Apr-15,0.015,0.015,0.005,0.005,0.005
14-Apr-15,0.01,0.01,0.008,0.01,0.01
15-Apr-15,0.015,0.015,0.015,0.015,0.015
16-Apr-15,0.01,0.015,0.01,0.01,0.01
17-Apr-15,0.013,0.013,0.01,0.013,0.013
20-Apr-15,0.015,0.015,0.013,0.013,0.013
21-Apr-15,0.02,0.02,0.02,0.02,0.02
22-Apr-15,0.02,0.02,0.02,0.02,0.02
23-Apr-15,0.02,0.02,0.015,0.02,0.02
24-Apr-15,0.015,0.018,0.015,0.015,0.015
27-Apr-15,0.015,0.018,0.013,0.013,0.013
28-Apr-15,0.015,0.015,0.013,0.013,0.013
29-Apr-15,0.008,0.008,0.003,0.003,0.003
30-Apr-15,0.003,0.005,0.003,0.005,0.005
1-May-15,0.003,0.003,0.003,0.003,0.003
4-May-15,0.005,0.005,0.003,0.003,0.003
5-May-15,0.013,0.013,0.005,0.008,0.008
6-May-15,0.005,0.01,0.005,0.01,0.01
7-May-15,0.01,0.01,0.003,0.005,0.005
8-May-15,0.005,0.005,0.003,0.003,0.003
11-May-15,0.005,0.008,0.005,0.005,0.005
12-May-15,0.013,0.015,0.013,0.013,0.013
13-May-15,0.015,0.015,0.01,0.01,0.01
14-May-15,0.013,0.013,0.01,0.01,0.01
15-May-15,0.01,0.01,0.008,0.01,0.01
18-May-15,0.008,0.008,0.008,0.008,0.008
19-May-15,0.01,0.01,0.01,0.01,0.01
20-May-15,0.013,0.013,0.01,0.013,0.013
21-May-15,0.015,0.015,0.013,0.013,0.013
22-May-15,0.01,0.013,0.01,0.01,0.01
26-May-15,0.01,0.01,0.01,0.01,0.01
27-May-15,0.01,0.013,0.01,0.013,0.013
28-May-15,0.005,0.005,0.003,0.003,0.003
29-May-15,0.003,0.003,0.003,0.003,0.003
1-Jun-15,0.008,0.008,0.008,0.008,0.008
2-Jun-15,0.01,0.01,0.01,0.01,0.01
3-Jun-15,0.01,0.01,0.01,0.01,0.01
4-Jun-15,0.005,0.005,0.005,0.005,0.005
5-Jun-15,0.008,0.01,0.005,0.01,0.01
8-Jun-15,0.013,0.013,0.01,0.01,0.01
9-Jun-15,0.015,0.015,0.01,0.013,0.013
10-Jun-15,0.015,0.015,0.013,0.013,0.013
11-Jun-15,0.013,0.013,0.008,0.008,0.008
12-Jun-15,0.008,0.008,0.005,0.005,0.005
15-Jun-15,0.005,0.005,0.003,0.003,0.003
16-Jun-15,0.008,0.008,0.008,0.008,0.008
17-Jun-15,0.01,0.01,0.003,0.003,0.003
18-Jun-15,0.003,0.003,0.003,0.003,0.003
19-Jun-15,0.003,0.003,0.003,0.003,0.003
22-Jun-15,0.003,0.003,0.003,0.003,0.003
23-Jun-15,0.005,0.008,0.005,0.008,0.008
24-Jun-15,0.005,0.005,0.003,0.005,0.005
25-Jun-15,0.003,0.005,0.003,0.005,0.005
26-Jun-15,0.003,0.005,0.003,0.005,0.005
29-Jun-15,0.005,0.005,0.005,0.005,0.005
30-Jun-15,0.008,0.01,0.005,0.01,0.01
1-Jul-15,0.008,0.008,0.003,0.003,0.003
2-Jul-15,0.013,0.013,0.003,0.003,0.003
6-Jul-15,0.005,0.008,0.005,0.005,0.005
7-Jul-15,0.008,0.01,0.008,0.01,0.01
8-Jul-15,0.01,0.01,0.01,0.01,0.01
9-Jul-15,0.008,0.008,0.008,0.008,0.008
10-Jul-15,0.01,0.01,0.008,0.008,0.008
13-Jul-15,0.01,0.01,0.003,0.008,0.008
14-Jul-15,0.01,0.01,0.01,0.01,0.01
15-Jul-15,0.013,0.013,0.01,0.013,0.013
16-Jul-15,0.01,0.01,0.01,0.01,0.01
17-Jul-15,0.01,0.013,0.01,0.013,0.013
20-Jul-15,0.01,0.023,0.01,0.023,0.023
21-Jul-15,0.03,0.03,0.028,0.03,0.03
22-Jul-15,0.028,0.03,0.028,0.03,0.03
23-Jul-15,0.03,0.03,0.03,0.03,0.03
24-Jul-15,0.03,0.03,0.03,0.03,0.03
27-Jul-15,0.033,0.033,0.025,0.028,0.028
28-Jul-15,0.043,0.048,0.043,0.043,0.043
29-Jul-15,0.048,0.048,0.043,0.045,0.045
30-Jul-15,0.05,0.06,0.05,0.06,0.06
31-Jul-15,0.058,0.058,0.055,0.058,0.058
3-Aug-15,0.058,0.063,0.058,0.063,0.063
4-Aug-15,0.073,0.075,0.073,0.075,0.075
5-Aug-15,0.075,0.078,0.073,0.075,0.075
6-Aug-15,0.06,0.06,0.015,0.028,0.028
7-Aug-15,0.028,0.06,0.028,0.055,0.055
10-Aug-15,0.055,0.068,0.055,0.065,0.065
11-Aug-15,0.098,0.103,0.098,0.098,0.098
12-Aug-15,0.095,0.095,0.088,0.09,0.09
13-Aug-15,0.095,0.098,0.078,0.083,0.083
14-Aug-15,0.08,0.09,0.08,0.08,0.08
17-Aug-15,0.08,0.08,0.06,0.06,0.06
18-Aug-15,0.088,0.088,0.085,0.085,0.085
19-Aug-15,0.083,0.083,0.04,0.04,0.04
20-Aug-15,0.015,0.02,0.01,0.015,0.015
21-Aug-15,0.005,0.02,0.005,0.02,0.02
24-Aug-15,0.01,0.02,0.005,0.015,0.015
25-Aug-15,0.053,0.053,0.05,0.053,0.053
26-Aug-15,0.053,0.055,0.05,0.055,0.055
27-Aug-15,0.048,0.053,0.048,0.05,0.05
28-Aug-15,0.05,0.053,0.045,0.05,0.05
31-Aug-15,0.045,0.048,0.003,0.003,0.003
1-Sep-15,0.063,0.063,0.038,0.038,0.038
2-Sep-15,0.043,0.043,0.025,0.025,0.025
3-Sep-15,0.005,0.015,0.005,0.015,0.015
4-Sep-15,0.015,0.028,0.015,0.025,0.025
8-Sep-15,0.033,0.04,0.025,0.025,0.025
9-Sep-15,0.05,0.05,0.035,0.035,0.035
10-Sep-15,0.018,0.02,0.015,0.015,0.015
11-Sep-15,0.015,0.025,0.015,0.023,0.023
14-Sep-15,0.023,0.033,0.023,0.025,0.025
15-Sep-15,0.053,0.058,0.053,0.058,0.058
16-Sep-15,0.058,0.058,0.053,0.053,0.053
17-Sep-15,0.043,0.045,0.003,0.003,0.003
18-Sep-15,0.005,0.013,0.003,0.01,0.01
21-Sep-15,0.015,0.015,0.01,0.013,0.013
22-Sep-15,0.003,0.003,0.003,0.003,0.003
23-Sep-15,0.003,0.008,0.003,0.003,0.003
24-Sep-15,0.003,0.005,0.003,0.005,0.005
25-Sep-15,0.01,0.023,0.003,0.02,0.02
28-Sep-15,0.025,0.025,0.01,0.013,0.013
29-Sep-15,0.005,0.005,0.003,0.003,0.003
30-Sep-15,0.005,0.005,0.003,0.005,0.005
1-Oct-15,0.003,0.02,0.003,0.018,0.018
2-Oct-15,0.018,0.018,0.005,0.008,0.008
5-Oct-15,0.01,0.01,0.008,0.008,0.008
6-Oct-15,0.005,0.005,0.005,0.005,0.005
7-Oct-15,0.005,0.005,0.005,0.005,0.005
8-Oct-15,0.005,0.008,0.003,0.003,0.003
9-Oct-15,0.005,0.005,0.003,0.003,0.003
12-Oct-15,0.01,0.01,0.01,0.01,0.01
13-Oct-15,0.005,0.005,0.003,0.005,0.005
14-Oct-15,0.008,0.01,0.008,0.01,0.01
15-Oct-15,0.008,0.008,0.005,0.005,0.005
16-Oct-15,0.005,0.005,0.003,0.005,0.005
19-Oct-15,0.003,0.005,0.003,0.005,0.005
20-Oct-15,0.013,0.013,0.01,0.01,0.01
21-Oct-15,0.01,0.013,0.003,0.005,0.005
22-Oct-15,0.005,0.008,0.003,0.005,0.005
23-Oct-15,0.003,0.005,0.003,0.003,0.003
26-Oct-15,0.003,0.008,0.003,0.008,0.008
27-Oct-15,0.01,0.02,0.01,0.01,0.01
28-Oct-15,0.03,0.035,0.02,0.035,0.035
29-Oct-15,0.028,0.06,0.028,0.053,0.053
30-Oct-15,0.053,0.068,0.053,0.068,0.068
2-Nov-15,0.073,0.098,0.053,0.053,0.053
3-Nov-15,0.06,0.063,0.058,0.058,0.058
4-Nov-15,0.063,0.065,0.055,0.055,0.055
5-Nov-15,0.035,0.043,0.033,0.04,0.04
6-Nov-15,0.038,0.095,0.035,0.073,0.073
9-Nov-15,0.073,0.09,0.073,0.075,0.075
10-Nov-15,0.128,0.128,0.125,0.125,0.125
11-Nov-15,0.123,0.123,0.123,0.123,0.123
12-Nov-15,0.125,0.125,0.118,0.123,0.123
13-Nov-15,0.12,0.12,0.113,0.113,0.113
16-Nov-15,0.113,0.115,0.098,0.098,0.098
17-Nov-15,0.135,0.135,0.135,0.135,0.135
18-Nov-15,0.138,0.138,0.12,0.123,0.123
19-Nov-15,0.098,0.1,0.088,0.088,0.088
20-Nov-15,0.09,0.093,0.09,0.093,0.093
23-Nov-15,0.095,0.11,0.095,0.105,0.105
24-Nov-15,0.135,0.153,0.133,0.153,0.153
25-Nov-15,0.15,0.175,0.15,0.175,0.175
27-Nov-15,0.163,0.17,0.16,0.16,0.16
30-Nov-15,0.168,0.173,0.163,0.17,0.17
1-Dec-15,0.21,0.213,0.203,0.203,0.203
2-Dec-15,0.2,0.215,0.198,0.2,0.2
3-Dec-15,0.205,0.205,0.195,0.198,0.198
4-Dec-15,0.2,0.21,0.198,0.205,0.205
7-Dec-15,0.208,0.24,0.208,0.235,0.235
8-Dec-15,0.265,0.27,0.265,0.268,0.268
9-Dec-15,0.26,0.263,0.233,0.245,0.245
10-Dec-15,0.235,0.235,0.23,0.23,0.23
11-Dec-15,0.223,0.223,0.21,0.213,0.213
14-Dec-15,0.22,0.223,0.193,0.198,0.198
15-Dec-15,0.25,0.25,0.25,0.25,0.25
16-Dec-15,0.255,0.258,0.23,0.235,0.235
17-Dec-15,0.235,0.235,0.21,0.213,0.213
18-Dec-15,0.21,0.21,0.173,0.175,0.175
21-Dec-15,0.178,0.18,0.153,0.153,0.153
22-Dec-15,0.225,0.225,0.193,0.193,0.193
23-Dec-15,0.195,0.228,0.18,0.19,0.19
24-Dec-15,0.185,0.185,0.178,0.183,0.183
28-Dec-15,0.203,0.22,0.188,0.19,0.19
29-Dec-15,0.215,0.218,0.208,0.215,0.215
30-Dec-15,0.2,0.22,0.193,0.195,0.195
31-Dec-15,0.14,0.165,0.135,0.148,0.148
4-Jan-16,0.165,0.17,0.153,0.155,0.155
5-Jan-16,0.205,0.205,0.205,0.205,0.205
6-Jan-16,0.205,0.205,0.198,0.205,0.205
7-Jan-16,0.19,0.195,0.185,0.19,0.19
8-Jan-16,0.19,0.195,0.188,0.19,0.19
11-Jan-16,0.188,0.188,0.168,0.175,0.175
12-Jan-16,0.208,0.21,0.208,0.21,0.21
13-Jan-16,0.208,0.215,0.205,0.215,0.215
14-Jan-16,0.21,0.24,0.21,0.24,0.24
15-Jan-16,0.228,0.23,0.215,0.223,0.223
19-Jan-16,0.228,0.23,0.228,0.23,0.23
20-Jan-16,0.25,0.253,0.25,0.253,0.253
21-Jan-16,0.25,0.275,0.25,0.273,0.273
22-Jan-16,0.275,0.288,0.275,0.288,0.288
25-Jan-16,0.285,0.285,0.265,0.275,0.275
26-Jan-16,0.298,0.303,0.298,0.3,0.3
27-Jan-16,0.3,0.303,0.3,0.3,0.3
28-Jan-16,0.303,0.32,0.298,0.318,0.318
29-Jan-16,0.305,0.305,0.3,0.3,0.3
1-Feb-16,0.3,0.3,0.295,0.295,0.295
2-Feb-16,0.343,0.343,0.33,0.33,0.33
3-Feb-16,0.333,0.34,0.33,0.333,0.333
4-Feb-16,0.318,0.318,0.283,0.283,0.283
5-Feb-16,0.285,0.288,0.268,0.278,0.278
8-Feb-16,0.26,0.265,0.255,0.26,0.26
9-Feb-16,0.31,0.31,0.3,0.3,0.3
10-Feb-16,0.3,0.303,0.298,0.298,0.298
11-Feb-16,0.268,0.273,0.263,0.273,0.273
12-Feb-16,0.273,0.273,0.265,0.27,0.27
16-Feb-16,0.278,0.278,0.273,0.273,0.273
17-Feb-16,0.293,0.295,0.293,0.293,0.293
18-Feb-16,0.293,0.293,0.285,0.288,0.288
19-Feb-16,0.283,0.283,0.28,0.283,0.283
22-Feb-16,0.288,0.293,0.285,0.293,0.293
23-Feb-16,0.318,0.318,0.315,0.318,0.318
24-Feb-16,0.315,0.318,0.315,0.315,0.315
25-Feb-16,0.32,0.32,0.31,0.31,0.31
26-Feb-16,0.31,0.31,0.303,0.303,0.303
29-Feb-16,0.303,0.308,0.295,0.308,0.308
1-Mar-16,0.318,0.32,0.315,0.32,0.32
2-Mar-16,0.32,0.32,0.303,0.303,0.303
3-Mar-16,0.278,0.28,0.255,0.263,0.263
4-Mar-16,0.273,0.278,0.265,0.265,0.265
7-Mar-16,0.268,0.27,0.263,0.265,0.265
8-Mar-16,0.308,0.308,0.305,0.305,0.305
9-Mar-16,0.3,0.303,0.288,0.288,0.288
10-Mar-16,0.288,0.303,0.288,0.303,0.303
11-Mar-16,0.305,0.308,0.305,0.308,0.308
14-Mar-16,0.31,0.313,0.308,0.308,0.308
15-Mar-16,0.325,0.328,0.325,0.325,0.325
16-Mar-16,0.325,0.328,0.278,0.3,0.3
17-Mar-16,0.273,0.275,0.268,0.275,0.275
18-Mar-16,0.265,0.28,0.265,0.28,0.28
21-Mar-16,0.28,0.288,0.28,0.288,0.288
22-Mar-16,0.298,0.298,0.293,0.295,0.295
23-Mar-16,0.293,0.293,0.293,0.293,0.293
24-Mar-16,0.29,0.29,0.273,0.275,0.275
28-Mar-16,0.278,0.28,0.255,0.255,0.255
29-Mar-16,0.278,0.278,0.223,0.225,0.225
30-Mar-16,0.21,0.21,0.185,0.185,0.185
31-Mar-16,0.168,0.193,0.15,0.193,0.193
1-Apr-16,0.193,0.223,0.193,0.218,0.218
4-Apr-16,0.213,0.213,0.183,0.183,0.183
5-Apr-16,0.213,0.218,0.21,0.218,0.218
6-Apr-16,0.22,0.223,0.215,0.22,0.22
7-Apr-16,0.213,0.22,0.213,0.22,0.22
8-Apr-16,0.22,0.22,0.215,0.218,0.218
11-Apr-16,0.218,0.223,0.21,0.21,0.21
12-Apr-16,0.225,0.23,0.225,0.23,0.23
13-Apr-16,0.23,0.23,0.22,0.223,0.223
14-Apr-16,0.22,0.22,0.215,0.215,0.215
15-Apr-16,0.215,0.215,0.208,0.21,0.21
18-Apr-16,0.21,0.21,0.198,0.198,0.198
19-Apr-16,0.215,0.215,0.215,0.215,0.215
20-Apr-16,0.215,0.22,0.215,0.218,0.218
21-Apr-16,0.223,0.225,0.223,0.225,0.225
22-Apr-16,0.225,0.225,0.223,0.225,0.225
25-Apr-16,0.223,0.243,0.223,0.238,0.238
26-Apr-16,0.245,0.248,0.243,0.245,0.245
27-Apr-16,0.245,0.245,0.24,0.245,0.245
28-Apr-16,0.228,0.228,0.21,0.21,0.21
29-Apr-16,0.193,0.195,0.19,0.193,0.193
2-May-16,0.193,0.193,0.183,0.185,0.185
3-May-16,0.205,0.205,0.203,0.203,0.203
4-May-16,0.203,0.203,0.195,0.198,0.198
5-May-16,0.185,0.188,0.18,0.183,0.183
6-May-16,0.188,0.188,0.18,0.18,0.18
9-May-16,0.185,0.203,0.185,0.203,0.203
10-May-16,0.235,0.243,0.235,0.243,0.243
11-May-16,0.245,0.248,0.24,0.248,0.248
12-May-16,0.25,0.263,0.248,0.258,0.258
13-May-16,0.258,0.263,0.258,0.258,0.258
16-May-16,0.26,0.265,0.255,0.258,0.258
17-May-16,0.268,0.273,0.263,0.268,0.268
18-May-16,0.27,0.27,0.248,0.27,0.27
19-May-16,0.285,0.293,0.285,0.29,0.29
20-May-16,0.29,0.305,0.288,0.298,0.298
23-May-16,0.308,0.315,0.305,0.313,0.313
24-May-16,0.345,0.348,0.343,0.343,0.343
25-May-16,0.345,0.345,0.315,0.315,0.315
26-May-16,0.275,0.28,0.273,0.275,0.275
27-May-16,0.285,0.298,0.28,0.298,0.298
31-May-16,0.303,0.303,0.283,0.283,0.283
1-Jun-16,0.33,0.333,0.295,0.295,0.295
2-Jun-16,0.28,0.283,0.265,0.27,0.27
3-Jun-16,0.268,0.27,0.255,0.27,0.27
6-Jun-16,0.27,0.27,0.25,0.25,0.25
7-Jun-16,0.268,0.27,0.26,0.265,0.265
8-Jun-16,0.268,0.27,0.23,0.235,0.235
9-Jun-16,0.228,0.24,0.228,0.24,0.24
10-Jun-16,0.245,0.245,0.24,0.24,0.24
13-Jun-16,0.235,0.245,0.235,0.245,0.245
14-Jun-16,0.26,0.263,0.26,0.263,0.263
15-Jun-16,0.263,0.263,0.255,0.255,0.255
16-Jun-16,0.243,0.245,0.228,0.245,0.245
17-Jun-16,0.245,0.248,0.245,0.248,0.248
20-Jun-16,0.253,0.253,0.248,0.248,0.248
21-Jun-16,0.265,0.273,0.265,0.265,0.265
22-Jun-16,0.268,0.268,0.265,0.268,0.268
23-Jun-16,0.263,0.275,0.263,0.275,0.275
24-Jun-16,0.228,0.253,0.228,0.238,0.238
27-Jun-16,0.228,0.235,0.225,0.235,0.235
28-Jun-16,0.258,0.26,0.255,0.26,0.26
29-Jun-16,0.253,0.258,0.248,0.255,0.255
30-Jun-16,0.245,0.248,0.238,0.248,0.248
1-Jul-16,0.243,0.245,0.243,0.243,0.243
5-Jul-16,0.24,0.24,0.238,0.238,0.238
6-Jul-16,0.26,0.263,0.26,0.263,0.263
7-Jul-16,0.263,0.273,0.26,0.27,0.27
8-Jul-16,0.273,0.273,0.265,0.273,0.273
11-Jul-16,0.273,0.283,0.27,0.275,0.275
12-Jul-16,0.295,0.298,0.295,0.295,0.295
13-Jul-16,0.293,0.298,0.29,0.298,0.298
14-Jul-16,0.298,0.308,0.295,0.303,0.303
15-Jul-16,0.295,0.298,0.293,0.298,0.298
18-Jul-16,0.298,0.298,0.288,0.288,0.288
19-Jul-16,0.313,0.315,0.31,0.31,0.31
20-Jul-16,0.31,0.315,0.31,0.315,0.315
21-Jul-16,0.308,0.308,0.303,0.303,0.303
22-Jul-16,0.303,0.305,0.303,0.303,0.303
25-Jul-16,0.303,0.303,0.298,0.298,0.298
26-Jul-16,0.313,0.315,0.308,0.308,0.308
27-Jul-16,0.305,0.308,0.275,0.283,0.283
28-Jul-16,0.27,0.27,0.22,0.22,0.22
29-Jul-16,0.22,0.24,0.215,0.24,0.24
1-Aug-16,0.258,0.258,0.235,0.238,0.238
2-Aug-16,0.275,0.28,0.273,0.28,0.28
3-Aug-16,0.275,0.275,0.268,0.268,0.268
4-Aug-16,0.263,0.263,0.245,0.248,0.248
5-Aug-16,0.245,0.253,0.243,0.25,0.25
8-Aug-16,0.253,0.26,0.243,0.25,0.25
9-Aug-16,0.293,0.295,0.29,0.293,0.293
10-Aug-16,0.295,0.295,0.27,0.273,0.273
11-Aug-16,0.268,0.275,0.255,0.275,0.275
12-Aug-16,0.27,0.27,0.263,0.263,0.263
15-Aug-16,0.265,0.275,0.263,0.275,0.275
16-Aug-16,0.285,0.29,0.285,0.288,0.288
17-Aug-16,0.288,0.29,0.288,0.288,0.288
18-Aug-16,0.283,0.285,0.283,0.285,0.285
19-Aug-16,0.283,0.293,0.283,0.293,0.293
22-Aug-16,0.295,0.295,0.278,0.28,0.28
23-Aug-16,0.305,0.308,0.303,0.305,0.305
24-Aug-16,0.305,0.308,0.305,0.305,0.305
25-Aug-16,0.3,0.31,0.3,0.305,0.305
26-Aug-16,0.3,0.31,0.3,0.305,0.305
29-Aug-16,0.31,0.313,0.303,0.305,0.305
30-Aug-16,0.325,0.328,0.323,0.325,0.325
31-Aug-16,0.325,0.328,0.32,0.32,0.32
1-Sep-16,0.32,0.32,0.315,0.315,0.315
2-Sep-16,0.308,0.315,0.29,0.303,0.303
6-Sep-16,0.31,0.31,0.303,0.303,0.303
7-Sep-16,0.328,0.33,0.328,0.33,0.33
8-Sep-16,0.328,0.335,0.325,0.333,0.333
9-Sep-16,0.33,0.335,0.33,0.333,0.333
12-Sep-16,0.333,0.358,0.33,0.35,0.35
13-Sep-16,0.36,0.36,0.345,0.345,0.345
14-Sep-16,0.34,0.343,0.315,0.315,0.315
15-Sep-16,0.295,0.295,0.278,0.278,0.278
16-Sep-16,0.27,0.278,0.27,0.273,0.273
19-Sep-16,0.268,0.268,0.238,0.238,0.238
20-Sep-16,0.285,0.293,0.285,0.288,0.288
21-Sep-16,0.29,0.29,0.215,0.223,0.223
22-Sep-16,0.183,0.188,0.158,0.16,0.16
23-Sep-16,0.165,0.165,0.16,0.165,0.165
26-Sep-16,0.163,0.185,0.163,0.173,0.173
27-Sep-16,0.243,0.258,0.24,0.255,0.255
28-Sep-16,0.265,0.273,0.263,0.263,0.263
29-Sep-16,0.25,0.25,0.223,0.235,0.235
30-Sep-16,0.23,0.26,0.23,0.26,0.26
3-Oct-16,0.273,0.288,0.273,0.288,0.288
4-Oct-16,0.308,0.32,0.308,0.315,0.315
5-Oct-16,0.32,0.32,0.313,0.313,0.313
6-Oct-16,0.308,0.315,0.308,0.31,0.31
7-Oct-16,0.315,0.315,0.303,0.31,0.31
10-Oct-16,0.308,0.308,0.308,0.308,0.308
11-Oct-16,0.325,0.325,0.32,0.32,0.32
12-Oct-16,0.348,0.348,0.34,0.34,0.34
13-Oct-16,0.318,0.318,0.275,0.275,0.275
14-Oct-16,0.27,0.29,0.268,0.29,0.29
17-Oct-16,0.29,0.295,0.288,0.295,0.295
18-Oct-16,0.33,0.333,0.33,0.333,0.333
19-Oct-16,0.328,0.328,0.318,0.323,0.323
20-Oct-16,0.323,0.323,0.32,0.32,0.32
21-Oct-16,0.318,0.318,0.315,0.315,0.315
24-Oct-16,0.318,0.32,0.313,0.313,0.313
25-Oct-16,0.34,0.34,0.325,0.325,0.325
26-Oct-16,0.325,0.328,0.313,0.313,0.313
27-Oct-16,0.31,0.31,0.273,0.275,0.275
28-Oct-16,0.275,0.278,0.27,0.273,0.273
31-Oct-16,0.275,0.295,0.275,0.295,0.295
1-Nov-16,0.343,0.348,0.343,0.345,0.345
2-Nov-16,0.345,0.348,0.345,0.345,0.345
3-Nov-16,0.345,0.358,0.345,0.358,0.358
4-Nov-16,0.35,0.358,0.35,0.358,0.358
7-Nov-16,0.358,0.39,0.358,0.39,0.39
8-Nov-16,0.415,0.423,0.415,0.42,0.42
9-Nov-16,0.408,0.42,0.398,0.418,0.418
10-Nov-16,0.425,0.458,0.425,0.458,0.458
11-Nov-16,null,null,null,null,null
14-Nov-16,0.47,0.503,0.47,0.503,0.503
15-Nov-16,0.508,0.51,0.485,0.488,0.488
16-Nov-16,0.48,0.48,0.448,0.453,0.453
17-Nov-16,0.448,0.45,0.415,0.42,0.42
18-Nov-16,0.413,0.418,0.413,0.418,0.418
21-Nov-16,0.418,0.43,0.418,0.42,0.42
22-Nov-16,0.473,0.475,0.473,0.475,0.475
23-Nov-16,0.475,0.488,0.473,0.485,0.485
25-Nov-16,0.48,0.485,0.48,0.48,0.48
28-Nov-16,0.48,0.483,0.45,0.45,0.45
29-Nov-16,0.478,0.478,0.468,0.468,0.468
30-Nov-16,0.465,0.468,0.465,0.468,0.468
1-Dec-16,0.47,0.47,0.458,0.458,0.458
2-Dec-16,0.458,0.458,0.455,0.455,0.455
5-Dec-16,0.455,0.46,0.45,0.453,0.453
6-Dec-16,0.483,0.488,0.483,0.485,0.485
7-Dec-16,0.483,0.488,0.48,0.488,0.488
8-Dec-16,0.48,0.49,0.48,0.49,0.49
9-Dec-16,0.49,0.52,0.49,0.52,0.52
12-Dec-16,0.518,0.518,0.498,0.5,0.5
13-Dec-16,0.515,0.523,0.515,0.523,0.523
14-Dec-16,0.52,0.523,0.51,0.523,0.523
15-Dec-16,0.503,0.503,0.483,0.488,0.488
16-Dec-16,0.488,0.493,0.483,0.485,0.485
19-Dec-16,0.48,0.48,0.473,0.478,0.478
20-Dec-16,0.51,0.513,0.51,0.513,0.513
21-Dec-16,0.51,0.51,0.503,0.503,0.503
22-Dec-16,0.485,0.495,0.483,0.493,0.493
23-Dec-16,0.485,0.5,0.485,0.5,0.5
27-Dec-16,0.505,0.528,0.495,0.495,0.495
28-Dec-16,0.518,0.525,0.495,0.495,0.495
29-Dec-16,0.483,0.483,0.42,0.44,0.44
30-Dec-16,0.445,0.488,0.445,0.48,0.48
3-Jan-17,0.488,0.49,0.475,0.475,0.475
4-Jan-17,0.518,0.52,0.518,0.518,0.518
5-Jan-17,0.51,0.51,0.503,0.508,0.508
6-Jan-17,0.503,0.508,0.5,0.503,0.503
9-Jan-17,0.5,0.5,0.483,0.485,0.485
10-Jan-17,0.5,0.505,0.5,0.503,0.503
11-Jan-17,0.498,0.503,0.495,0.498,0.498
12-Jan-17,0.493,0.503,0.493,0.503,0.503
13-Jan-17,0.503,0.513,0.503,0.513,0.513
17-Jan-17,0.508,0.518,0.505,0.513,0.513
18-Jan-17,0.528,0.535,0.513,0.515,0.515
19-Jan-17,0.508,0.508,0.498,0.503,0.503
20-Jan-17,0.48,0.488,0.478,0.48,0.48
23-Jan-17,0.485,0.485,0.473,0.473,0.473
24-Jan-17,0.5,0.5,0.493,0.493,0.493
25-Jan-17,0.493,0.493,0.48,0.483,0.483
26-Jan-17,0.483,0.49,0.483,0.488,0.488
27-Jan-17,0.488,0.498,0.488,0.498,0.498
30-Jan-17,0.498,0.505,0.495,0.495,0.495
31-Jan-17,0.508,0.508,0.5,0.5,0.5
1-Feb-17,0.505,0.51,0.498,0.5,0.5
2-Feb-17,0.493,0.493,0.48,0.488,0.488
3-Feb-17,0.485,0.488,0.483,0.488,0.488
6-Feb-17,0.488,0.508,0.488,0.503,0.503
7-Feb-17,0.518,0.525,0.518,0.525,0.525
8-Feb-17,0.523,0.525,0.52,0.525,0.525
9-Feb-17,0.523,0.528,0.523,0.528,0.528
10-Feb-17,0.523,0.528,0.52,0.523,0.523
13-Feb-17,0.52,0.523,0.515,0.523,0.523
14-Feb-17,0.533,0.538,0.528,0.535,0.535
15-Feb-17,0.525,0.53,0.52,0.52,0.52
16-Feb-17,0.518,0.518,0.503,0.508,0.508
17-Feb-17,0.5,0.508,0.5,0.508,0.508
21-Feb-17,0.505,0.508,0.505,0.505,0.505
22-Feb-17,0.528,0.528,0.51,0.51,0.51
23-Feb-17,0.5,0.5,0.495,0.498,0.498
24-Feb-17,0.495,0.498,0.49,0.498,0.498
27-Feb-17,0.495,0.498,0.488,0.49,0.49
28-Feb-17,0.513,0.523,0.51,0.523,0.523
1-Mar-17,0.625,0.643,0.608,0.615,0.615
2-Mar-17,0.655,0.69,0.625,0.645,0.645
3-Mar-17,0.633,0.69,0.633,0.683,0.683
6-Mar-17,0.683,0.718,0.68,0.705,0.705
7-Mar-17,0.728,0.743,0.725,0.735,0.735
8-Mar-17,0.753,0.755,0.708,0.708,0.708
9-Mar-17,0.703,0.713,0.698,0.713,0.713
10-Mar-17,0.71,0.733,0.708,0.725,0.725
13-Mar-17,0.725,0.743,0.72,0.728,0.728
14-Mar-17,0.765,0.765,0.753,0.753,0.753
15-Mar-17,0.75,0.753,0.715,0.715,0.715
16-Mar-17,0.7,0.723,0.7,0.708,0.708
17-Mar-17,0.71,0.718,0.705,0.708,0.708
20-Mar-17,0.708,0.713,0.708,0.71,0.71
21-Mar-17,0.758,0.758,0.753,0.753,0.753
22-Mar-17,0.753,0.755,0.748,0.748,0.748
23-Mar-17,0.745,0.75,0.745,0.748,0.748
24-Mar-17,0.748,0.755,0.748,0.748,0.748
27-Mar-17,0.748,0.76,0.748,0.758,0.758
28-Mar-17,0.773,0.775,0.773,0.773,0.773
29-Mar-17,0.77,0.77,0.755,0.755,0.755
30-Mar-17,0.753,0.758,0.75,0.758,0.758
31-Mar-17,0.74,0.74,0.738,0.738,0.738
3-Apr-17,0.74,0.745,0.738,0.74,0.74
4-Apr-17,0.778,0.78,0.778,0.78,0.78
5-Apr-17,0.78,0.785,0.78,0.78,0.78
6-Apr-17,0.778,0.79,0.778,0.788,0.788
7-Apr-17,0.785,0.798,0.783,0.798,0.798
10-Apr-17,0.795,0.798,0.785,0.788,0.788
11-Apr-17,0.805,0.805,0.8,0.8,0.8
12-Apr-17,0.795,0.8,0.79,0.793,0.793
13-Apr-17,0.788,0.793,0.788,0.79,0.79
17-Apr-17,0.79,0.8,0.79,0.79,0.79
18-Apr-17,0.805,0.81,0.8,0.805,0.805
19-Apr-17,0.81,0.81,0.785,0.785,0.785
20-Apr-17,0.78,0.785,0.77,0.77,0.77
21-Apr-17,0.768,0.77,0.76,0.763,0.763
24-Apr-17,0.778,0.778,0.768,0.77,0.77
25-Apr-17,0.808,0.81,0.803,0.808,0.808
26-Apr-17,0.805,0.81,0.798,0.803,0.803
27-Apr-17,0.793,0.795,0.785,0.785,0.785
28-Apr-17,0.778,0.783,0.778,0.78,0.78
1-May-17,0.78,0.795,0.778,0.785,0.785
2-May-17,0.84,0.845,0.84,0.843,0.843
3-May-17,0.845,0.855,0.843,0.848,0.848
4-May-17,0.848,0.855,0.848,0.855,0.855
5-May-17,0.858,0.87,0.853,0.868,0.868
8-May-17,0.87,0.883,0.87,0.87,0.87
9-May-17,0.89,0.89,0.89,0.89,0.89
10-May-17,0.888,0.888,0.875,0.875,0.875
11-May-17,0.87,0.873,0.858,0.86,0.86
12-May-17,0.86,0.86,0.85,0.855,0.855
15-May-17,0.86,0.87,0.86,0.863,0.863
16-May-17,0.89,0.893,0.89,0.89,0.89
17-May-17,0.88,0.883,0.875,0.875,0.875
18-May-17,0.868,0.893,0.868,0.893,0.893
19-May-17,0.89,0.895,0.888,0.888,0.888
22-May-17,0.893,0.895,0.878,0.878,0.878
23-May-17,0.905,0.915,0.903,0.913,0.913
24-May-17,0.905,0.91,0.905,0.905,0.905
25-May-17,0.9,0.908,0.9,0.908,0.908
26-May-17,0.905,0.91,0.903,0.91,0.91
30-May-17,0.91,0.92,0.91,0.91,0.91
31-May-17,0.95,0.955,0.95,0.95,0.95
1-Jun-17,0.953,0.953,0.948,0.948,0.948
2-Jun-17,0.948,0.955,0.943,0.953,0.953
5-Jun-17,0.955,0.963,0.945,0.948,0.948
6-Jun-17,0.96,0.96,0.958,0.958,0.958
7-Jun-17,0.96,0.975,0.96,0.973,0.973
8-Jun-17,0.965,0.975,0.965,0.973,0.973
9-Jun-17,0.975,0.985,0.975,0.98,0.98
12-Jun-17,0.98,0.985,0.973,0.973,0.973
13-Jun-17,0.983,0.985,0.983,0.983,0.983
14-Jun-17,0.983,0.995,0.975,0.983,0.983
15-Jun-17,0.983,0.993,0.978,0.993,0.993
16-Jun-17,0.988,0.988,0.983,0.985,0.985
19-Jun-17,0.988,0.995,0.985,0.985,0.985
20-Jun-17,1.003,1.003,0.993,0.993,0.993
21-Jun-17,0.99,0.99,0.963,0.968,0.968
22-Jun-17,0.958,0.958,0.93,0.933,0.933
23-Jun-17,0.928,0.938,0.928,0.933,0.933
26-Jun-17,0.94,0.943,0.928,0.933,0.933
27-Jun-17,0.99,0.995,0.99,0.99,0.99
28-Jun-17,0.99,0.99,0.985,0.985,0.985
29-Jun-17,0.988,1.01,0.985,1.003,1.003
30-Jun-17,0.995,1,0.993,0.993,0.993
3-Jul-17,1,1.005,0.998,1,1
5-Jul-17,1.03,1.03,1.02,1.02,1.02
6-Jul-17,1.02,1.02,1.005,1.008,1.008
7-Jul-17,1.01,1.015,1.008,1.008,1.008
10-Jul-17,1.01,1.013,1.008,1.013,1.013
11-Jul-17,1.033,1.035,1.033,1.033,1.033
12-Jul-17,1.03,1.03,1.023,1.023,1.023
13-Jul-17,1.023,1.023,1.013,1.013,1.013
14-Jul-17,1.013,1.013,1.008,1.008,1.008
17-Jul-17,1.005,1.02,1.005,1.02,1.02
18-Jul-17,1.038,1.043,1.038,1.04,1.04
19-Jul-17,1.04,1.095,1.04,1.085,1.085
20-Jul-17,1.095,1.14,1.093,1.113,1.113
21-Jul-17,1.12,1.138,1.12,1.138,1.138
24-Jul-17,1.14,1.158,1.138,1.15,1.15
25-Jul-17,1.17,1.173,1.135,1.143,1.143
26-Jul-17,1.14,1.14,1.095,1.095,1.095
27-Jul-17,1.09,1.09,1.075,1.078,1.078
28-Jul-17,1.078,1.078,1.05,1.053,1.053
31-Jul-17,1.05,1.053,1.035,1.053,1.053
1-Aug-17,1.058,1.07,1.055,1.058,1.058
2-Aug-17,1.06,1.06,1.048,1.05,1.05
3-Aug-17,1.045,1.058,1.045,1.058,1.058
4-Aug-17,1.055,1.058,1.053,1.053,1.053
7-Aug-17,1.053,1.053,1.02,1.033,1.033
8-Aug-17,1.02,1.03,1.02,1.03,1.03
9-Aug-17,1.025,1.025,1.025,1.025,1.025
10-Aug-17,1.025,1.025,1.018,1.018,1.018
11-Aug-17,1.013,1.015,1.01,1.013,1.013
14-Aug-17,1.015,1.018,1.003,1.003,1.003
15-Aug-17,1.003,1.008,1.003,1.008,1.008
16-Aug-17,1.005,1.01,0.985,0.985,0.985
17-Aug-17,0.985,0.985,0.973,0.978,0.978
18-Aug-17,0.975,0.99,0.973,0.988,0.988
21-Aug-17,0.985,0.985,0.965,0.965,0.965
22-Aug-17,0.995,0.995,0.993,0.995,0.995
23-Aug-17,0.993,0.995,0.98,0.98,0.98
24-Aug-17,0.983,0.998,0.983,0.998,0.998
25-Aug-17,0.993,0.998,0.993,0.995,0.995
28-Aug-17,0.995,1.005,0.99,1.005,1.005
29-Aug-17,1.013,1.013,1.005,1.01,1.01
30-Aug-17,1.01,1.01,0.995,0.998,0.998
31-Aug-17,0.983,0.988,0.97,0.978,0.978
1-Sep-17,0.98,0.993,0.973,0.985,0.985
5-Sep-17,0.98,0.985,0.97,0.983,0.983
6-Sep-17,1.018,1.04,1.015,1.038,1.038
7-Sep-17,1.028,1.028,1.018,1.023,1.023
8-Sep-17,1.018,1.023,1.018,1.02,1.02
11-Sep-17,1.02,1.028,1.018,1.02,1.02
12-Sep-17,1.023,1.023,1.018,1.018,1.018
13-Sep-17,1.02,1.025,1.013,1.018,1.018
14-Sep-17,1.018,1.028,1.018,1.028,1.028
15-Sep-17,1.025,1.025,1.01,1.01,1.01
18-Sep-17,1.013,1.015,1,1,1
19-Sep-17,1.028,1.028,1.018,1.018,1.018
20-Sep-17,1.015,1.023,1.01,1.02,1.02
21-Sep-17,1.005,1.02,1.005,1.008,1.008
22-Sep-17,1.005,1.008,1,1.003,1.003
25-Sep-17,1,1.003,0.998,0.998,0.998
26-Sep-17,1.04,1.045,1.04,1.043,1.043
27-Sep-17,1.043,1.053,1.038,1.038,1.038
28-Sep-17,1.033,1.035,1.03,1.03,1.03
29-Sep-17,1.028,1.033,1.025,1.028,1.028
2-Oct-17,1.033,1.033,1.013,1.013,1.013
3-Oct-17,1.035,1.035,1.035,1.035,1.035
4-Oct-17,1.04,1.045,1.04,1.043,1.043
5-Oct-17,1.043,1.043,1.04,1.043,1.043
6-Oct-17,1.048,1.05,1.043,1.043,1.043
9-Oct-17,1.045,1.045,1.045,1.045,1.045
10-Oct-17,1.048,1.06,1.048,1.055,1.055
11-Oct-17,1.075,1.075,1.068,1.068,1.068
12-Oct-17,1.063,1.063,1.053,1.053,1.053
13-Oct-17,1.053,1.053,1.05,1.05,1.05
16-Oct-17,1.05,1.058,1.05,1.055,1.055
17-Oct-17,1.08,1.083,1.073,1.073,1.073
18-Oct-17,1.075,1.075,1.068,1.068,1.068
19-Oct-17,1.058,1.065,1.058,1.065,1.065
20-Oct-17,1.065,1.075,1.065,1.075,1.075
23-Oct-17,1.08,1.08,1.07,1.07,1.07
24-Oct-17,1.098,1.098,1.098,1.098,1.098
25-Oct-17,1.095,1.098,1.08,1.083,1.083
26-Oct-17,1.08,1.083,1.075,1.08,1.08
27-Oct-17,1.075,1.075,1.073,1.073,1.073
30-Oct-17,1.073,1.08,1.073,1.075,1.075
31-Oct-17,1.12,1.123,1.118,1.123,1.123
1-Nov-17,1.123,1.138,1.123,1.138,1.138
2-Nov-17,1.133,1.143,1.133,1.138,1.138
3-Nov-17,1.135,1.148,1.135,1.148,1.148
6-Nov-17,1.158,1.16,1.153,1.158,1.158
7-Nov-17,1.185,1.208,1.185,1.188,1.188
8-Nov-17,1.188,1.2,1.188,1.195,1.195
9-Nov-17,1.205,1.228,1.203,1.203,1.203
10-Nov-17,1.205,1.205,1.2,1.2,1.2
13-Nov-17,1.2,1.2,1.18,1.185,1.185
14-Nov-17,1.228,1.24,1.228,1.24,1.24
15-Nov-17,1.233,1.245,1.23,1.23,1.23
16-Nov-17,1.223,1.235,1.223,1.23,1.23
17-Nov-17,1.23,1.24,1.23,1.24,1.24
20-Nov-17,1.24,1.245,1.235,1.24,1.24
21-Nov-17,1.283,1.29,1.275,1.278,1.278
22-Nov-17,1.275,1.278,1.255,1.265,1.265
24-Nov-17,1.263,1.263,1.235,1.24,1.24
27-Nov-17,1.243,1.243,1.223,1.223,1.223
28-Nov-17,1.27,1.27,1.265,1.265,1.265
29-Nov-17,1.265,1.265,1.25,1.258,1.258
30-Nov-17,1.263,1.263,1.238,1.238,1.238
1-Dec-17,1.238,1.255,1.23,1.235,1.235
4-Dec-17,1.238,1.25,1.238,1.245,1.245
5-Dec-17,1.263,1.283,1.26,1.283,1.283
6-Dec-17,1.285,1.29,1.263,1.263,1.263
7-Dec-17,1.26,1.27,1.25,1.26,1.26
8-Dec-17,1.263,1.263,1.253,1.253,1.253
11-Dec-17,1.25,1.265,1.25,1.263,1.263
12-Dec-17,1.313,1.313,1.31,1.31,1.31
13-Dec-17,1.31,1.315,1.27,1.273,1.273
14-Dec-17,1.278,1.293,1.278,1.283,1.283
15-Dec-17,1.28,1.29,1.28,1.285,1.285
18-Dec-17,1.29,1.32,1.29,1.315,1.315
19-Dec-17,1.348,1.353,1.343,1.353,1.353
20-Dec-17,1.353,1.37,1.35,1.35,1.35
21-Dec-17,1.35,1.35,1.32,1.32,1.32
22-Dec-17,1.32,1.32,1.295,1.298,1.298
26-Dec-17,1.313,1.315,1.293,1.303,1.303
27-Dec-17,1.433,1.435,1.408,1.408,1.408
28-Dec-17,1.393,1.413,1.37,1.37,1.37
29-Dec-17,1.365,1.38,1.35,1.355,1.355
2-Jan-18,1.388,1.4,1.375,1.378,1.378
3-Jan-18,1.388,1.39,1.368,1.37,1.37
4-Jan-18,1.37,1.375,1.37,1.37,1.37
5-Jan-18,1.37,1.37,1.37,1.37,1.37
8-Jan-18,1.37,1.38,1.37,1.38,1.38
9-Jan-18,1.418,1.42,1.413,1.415,1.415
10-Jan-18,1.42,1.423,1.395,1.395,1.395
11-Jan-18,1.39,1.405,1.39,1.403,1.403
12-Jan-18,1.398,1.415,1.395,1.41,1.41
16-Jan-18,1.415,1.425,1.395,1.395,1.395
17-Jan-18,1.413,1.415,1.408,1.415,1.415
18-Jan-18,1.41,1.418,1.405,1.405,1.405
19-Jan-18,1.4,1.403,1.398,1.403,1.403
22-Jan-18,1.4,1.4,1.39,1.39,1.39
23-Jan-18,1.418,1.418,1.41,1.413,1.413
24-Jan-18,1.413,1.415,1.403,1.41,1.41
25-Jan-18,1.398,1.4,1.39,1.393,1.393
26-Jan-18,1.388,1.388,1.38,1.388,1.388
29-Jan-18,1.395,1.395,1.375,1.375,1.375
30-Jan-18,1.413,1.428,1.413,1.425,1.425
31-Jan-18,1.428,1.443,1.42,1.43,1.43
1-Feb-18,1.425,1.455,1.42,1.453,1.453
2-Feb-18,1.445,1.455,1.445,1.45,1.45
5-Feb-18,1.445,1.463,1.445,1.458,1.458
6-Feb-18,1.498,1.498,1.478,1.488,1.488
7-Feb-18,1.5,1.533,1.495,1.515,1.515
8-Feb-18,1.513,1.533,1.51,1.515,1.515
9-Feb-18,1.513,1.525,1.513,1.525,1.525
12-Feb-18,1.535,1.558,1.533,1.535,1.535
13-Feb-18,1.563,1.58,1.553,1.57,1.57
14-Feb-18,1.563,1.575,1.538,1.55,1.55
15-Feb-18,1.538,1.56,1.538,1.56,1.56
16-Feb-18,1.56,1.57,1.56,1.57,1.57
20-Feb-18,1.583,1.585,1.57,1.573,1.573
21-Feb-18,1.61,1.613,1.603,1.608,1.608
22-Feb-18,1.613,1.613,1.605,1.605,1.605
23-Feb-18,1.603,1.605,1.603,1.605,1.605
26-Feb-18,1.6,1.613,1.6,1.608,1.608
27-Feb-18,1.64,1.64,1.635,1.635,1.635
28-Feb-18,1.63,1.63,1.618,1.618,1.618
1-Mar-18,1.61,1.618,1.59,1.59,1.59
2-Mar-18,1.588,1.605,1.588,1.605,1.605
5-Mar-18,1.61,1.63,1.61,1.625,1.625
6-Mar-18,1.638,1.653,1.638,1.643,1.643
7-Mar-18,1.643,1.65,1.64,1.65,1.65
8-Mar-18,1.645,1.645,1.635,1.635,1.635
9-Mar-18,1.63,1.64,1.63,1.635,1.635
12-Mar-18,1.635,1.645,1.635,1.643,1.643
13-Mar-18,1.665,1.69,1.665,1.69,1.69
14-Mar-18,1.71,1.718,1.7,1.718,1.718
15-Mar-18,1.723,1.735,1.723,1.733,1.733
16-Mar-18,1.728,1.74,1.728,1.738,1.738
19-Mar-18,1.758,1.76,1.728,1.728,1.728
20-Mar-18,1.76,1.76,1.758,1.758,1.758
21-Mar-18,1.755,1.76,1.695,1.71,1.71
22-Mar-18,1.683,1.693,1.67,1.683,1.683
23-Mar-18,1.688,1.695,1.685,1.688,1.688
26-Mar-18,1.705,1.713,1.698,1.705,1.705
27-Mar-18,1.753,1.755,1.733,1.733,1.733
28-Mar-18,1.71,1.72,1.693,1.695,1.695
29-Mar-18,1.695,1.705,1.67,1.67,1.67
2-Apr-18,1.683,1.688,1.683,1.683,1.683
3-Apr-18,1.738,1.74,1.713,1.713,1.713
4-Apr-18,1.705,1.705,1.668,1.668,1.668
5-Apr-18,1.66,1.678,1.66,1.675,1.675
6-Apr-18,1.675,1.68,1.675,1.68,1.68
9-Apr-18,1.68,1.68,1.675,1.675,1.675
10-Apr-18,1.71,1.715,1.693,1.695,1.695
11-Apr-18,1.693,1.695,1.688,1.693,1.693
12-Apr-18,1.69,1.705,1.69,1.705,1.705
13-Apr-18,1.71,1.718,1.71,1.718,1.718
16-Apr-18,1.718,1.733,1.713,1.713,1.713
17-Apr-18,1.74,1.755,1.74,1.755,1.755
18-Apr-18,1.75,1.783,1.75,1.77,1.77
19-Apr-18,1.768,1.79,1.768,1.783,1.783
20-Apr-18,1.77,1.783,1.765,1.765,1.765
23-Apr-18,1.77,1.783,1.77,1.783,1.783
24-Apr-18,1.833,1.835,1.823,1.823,1.823
25-Apr-18,1.815,1.818,1.813,1.815,1.815
26-Apr-18,1.785,1.8,1.785,1.785,1.785
27-Apr-18,1.78,1.785,1.768,1.77,1.77
30-Apr-18,1.773,1.788,1.763,1.763,1.763
1-May-18,1.823,1.823,1.808,1.81,1.81
2-May-18,1.815,1.82,1.785,1.785,1.785
3-May-18,1.79,1.79,1.78,1.788,1.788
4-May-18,1.785,1.798,1.785,1.793,1.793
7-May-18,1.79,1.8,1.79,1.793,1.793
8-May-18,1.84,1.845,1.835,1.835,1.835
9-May-18,1.835,1.845,1.835,1.845,1.845
10-May-18,1.84,1.85,1.84,1.845,1.845
11-May-18,1.85,1.86,1.85,1.86,1.86
14-May-18,1.863,1.868,1.855,1.855,1.855
15-May-18,1.875,1.875,1.87,1.875,1.875
16-May-18,1.87,1.883,1.865,1.865,1.865
17-May-18,1.863,1.875,1.863,1.863,1.863
18-May-18,1.863,1.863,1.853,1.855,1.855
21-May-18,1.858,1.868,1.858,1.863,1.863
22-May-18,1.89,1.893,1.89,1.893,1.893
23-May-18,1.888,1.89,1.873,1.873,1.873
24-May-18,1.86,1.865,1.858,1.86,1.86
25-May-18,1.855,1.858,1.84,1.853,1.853
29-May-18,1.85,1.858,1.84,1.84,1.84
30-May-18,1.893,1.893,1.875,1.878,1.878
31-May-18,1.88,1.88,1.87,1.87,1.87
1-Jun-18,1.868,1.878,1.865,1.868,1.868
4-Jun-18,1.865,1.88,1.86,1.865,1.865
5-Jun-18,1.905,1.91,1.9,1.903,1.903
6-Jun-18,1.913,1.915,1.9,1.9,1.9
7-Jun-18,1.9,1.9,1.883,1.885,1.885
8-Jun-18,1.885,1.885,1.88,1.88,1.88
11-Jun-18,1.878,1.878,1.86,1.868,1.868
12-Jun-18,1.905,1.905,1.888,1.888,1.888
13-Jun-18,1.885,1.898,1.883,1.895,1.895
14-Jun-18,1.883,1.883,1.873,1.883,1.883
15-Jun-18,1.88,1.888,1.88,1.888,1.888
18-Jun-18,1.885,1.893,1.883,1.883,1.883
19-Jun-18,1.89,1.898,1.89,1.898,1.898
20-Jun-18,1.888,1.89,1.88,1.888,1.888
21-Jun-18,1.888,1.89,1.885,1.89,1.89
22-Jun-18,1.888,1.888,1.868,1.87,1.87
25-Jun-18,1.865,1.87,1.853,1.853,1.853
26-Jun-18,1.893,1.898,1.89,1.893,1.893
27-Jun-18,1.883,1.89,1.88,1.88,1.88
28-Jun-18,1.878,1.893,1.878,1.88,1.88
29-Jun-18,1.878,1.885,1.875,1.88,1.88
2-Jul-18,1.875,1.895,1.875,1.895,1.895
3-Jul-18,1.935,1.935,1.933,1.933,1.933
5-Jul-18,1.915,1.915,1.91,1.91,1.91
6-Jul-18,1.905,1.908,1.905,1.905,1.905
9-Jul-18,1.91,1.92,1.91,1.915,1.915
10-Jul-18,1.938,1.94,1.935,1.935,1.935
11-Jul-18,1.928,1.933,1.918,1.92,1.92
12-Jul-18,1.92,1.928,1.905,1.928,1.928
13-Jul-18,1.92,1.928,1.92,1.928,1.928
16-Jul-18,1.935,1.945,1.935,1.938,1.938
17-Jul-18,1.968,1.978,1.968,1.975,1.975
18-Jul-18,1.97,1.97,1.958,1.96,1.96
19-Jul-18,1.95,1.953,1.943,1.948,1.948
20-Jul-18,1.945,1.945,1.933,1.933,1.933
23-Jul-18,1.925,1.93,1.92,1.92,1.92
24-Jul-18,1.96,1.963,1.96,1.96,1.96
25-Jul-18,1.965,1.965,1.953,1.953,1.953
26-Jul-18,1.948,1.95,1.945,1.945,1.945
27-Jul-18,1.943,1.945,1.943,1.945,1.945
30-Jul-18,1.95,1.958,1.945,1.945,1.945
31-Jul-18,1.99,1.995,1.983,1.985,1.985
1-Aug-18,1.98,1.988,1.978,1.978,1.978
2-Aug-18,1.973,1.973,1.955,1.965,1.965
3-Aug-18,1.96,1.965,1.96,1.96,1.96
6-Aug-18,1.97,1.973,1.965,1.968,1.968
7-Aug-18,2.01,2.013,2.005,2.008,2.008
8-Aug-18,2.008,2.013,2.005,2.008,2.008
9-Aug-18,2.01,2.01,2.003,2.005,2.005
10-Aug-18,2,2,1.995,2,2
13-Aug-18,2,2.005,1.995,1.995,1.995
14-Aug-18,2.025,2.033,2.023,2.033,2.033
15-Aug-18,2.035,2.038,2.02,2.02,2.02
16-Aug-18,2.02,2.02,2.013,2.015,2.015
17-Aug-18,2.003,2.005,1.993,1.995,1.995
20-Aug-18,1.995,1.995,1.993,1.993,1.993
21-Aug-18,2.03,2.035,2.03,2.035,2.035
22-Aug-18,2.035,2.035,2.035,2.035,2.035
23-Aug-18,2.028,2.033,2.025,2.033,2.033
24-Aug-18,2.035,2.048,2.035,2.048,2.048
27-Aug-18,2.05,2.06,2.05,2.06,2.06
28-Aug-18,2.075,2.078,2.075,2.078,2.078
29-Aug-18,2.075,2.08,2.075,2.08,2.08
30-Aug-18,2.073,2.073,2.055,2.058,2.058
31-Aug-18,2.055,2.06,2.055,2.055,2.055
4-Sep-18,2.058,2.078,2.058,2.068,2.068
5-Sep-18,2.09,2.09,2.09,2.09,2.09
6-Sep-18,2.08,2.083,2.078,2.08,2.08
7-Sep-18,2.083,2.093,2.083,2.088,2.088
10-Sep-18,2.085,2.093,2.083,2.083,2.083
11-Sep-18,2.105,2.108,2.105,2.108,2.108
12-Sep-18,2.105,2.105,2.105,2.105,2.105
13-Sep-18,2.093,2.093,2.09,2.093,2.093
14-Sep-18,2.095,2.103,2.095,2.103,2.103
17-Sep-18,2.11,2.11,2.105,2.108,2.108
18-Sep-18,2.118,2.133,2.118,2.125,2.125
19-Sep-18,2.125,2.138,2.12,2.12,2.12
20-Sep-18,2.118,2.125,2.118,2.118,2.118
21-Sep-18,2.12,2.125,2.12,2.123,2.123
24-Sep-18,2.128,2.133,2.123,2.123,2.123
25-Sep-18,2.17,2.17,2.165,2.168,2.168
26-Sep-18,2.16,2.17,2.15,2.16,2.16
27-Sep-18,2.14,2.153,2.135,2.14,2.14
28-Sep-18,2.145,2.158,2.145,2.15,2.15
1-Oct-18,2.158,2.163,2.153,2.155,2.155
2-Oct-18,2.173,2.178,2.168,2.175,2.175
3-Oct-18,2.175,2.175,2.17,2.17,2.17
4-Oct-18,2.17,2.173,2.168,2.17,2.17
5-Oct-18,2.165,2.168,2.163,2.165,2.165
8-Oct-18,2.165,2.165,2.165,2.165,2.165
9-Oct-18,2.17,2.195,2.17,2.185,2.185
10-Oct-18,2.22,2.225,2.22,2.22,2.22
11-Oct-18,2.218,2.22,2.215,2.215,2.215
12-Oct-18,2.218,2.218,2.218,2.218,2.218
15-Oct-18,2.225,2.235,2.223,2.23,2.23
16-Oct-18,2.265,2.265,2.255,2.26,2.26
17-Oct-18,2.26,2.27,2.26,2.26,2.26
18-Oct-18,2.258,2.26,2.255,2.255,2.255
19-Oct-18,2.255,2.26,2.255,2.26,2.26
22-Oct-18,2.258,2.26,2.258,2.258,2.258
23-Oct-18,2.285,2.29,2.285,2.29,2.29
24-Oct-18,2.29,2.29,2.285,2.285,2.285
25-Oct-18,2.28,2.285,2.28,2.28,2.28
26-Oct-18,2.27,2.275,2.27,2.273,2.273
29-Oct-18,2.28,2.283,2.26,2.26,2.26
30-Oct-18,2.29,2.29,2.283,2.283,2.283
31-Oct-18,2.285,2.288,2.275,2.278,2.278
1-Nov-18,2.278,2.278,2.27,2.27,2.27
2-Nov-18,2.278,2.28,2.27,2.273,2.273
5-Nov-18,2.27,2.273,2.268,2.268,2.268
6-Nov-18,2.313,2.315,2.308,2.31,2.31
7-Nov-18,2.315,2.315,2.305,2.31,2.31
8-Nov-18,2.3,2.303,2.298,2.303,2.303
9-Nov-18,2.3,2.3,2.3,2.3,2.3
12-Nov-18,2.3,2.3,2.3,2.3,2.3
13-Nov-18,2.295,2.295,2.295,2.295,2.295
14-Nov-18,2.325,2.33,2.325,2.325,2.325
15-Nov-18,2.32,2.32,2.31,2.31,2.31
16-Nov-18,2.308,2.308,2.298,2.3,2.3
19-Nov-18,2.305,2.31,2.3,2.3,2.3
20-Nov-18,2.333,2.338,2.333,2.335,2.335
21-Nov-18,2.35,2.358,2.348,2.35,2.35
23-Nov-18,2.353,2.353,2.348,2.348,2.348
26-Nov-18,2.353,2.358,2.343,2.343,2.343
27-Nov-18,2.355,2.355,2.353,2.353,2.353
28-Nov-18,2.355,2.355,2.33,2.335,2.335
29-Nov-18,2.325,2.33,2.303,2.31,2.31
30-Nov-18,2.308,2.318,2.308,2.308,2.308
3-Dec-18,2.31,2.313,2.288,2.288,2.288
4-Dec-18,2.363,2.368,2.36,2.365,2.365
6-Dec-18,2.365,2.365,2.35,2.353,2.353
7-Dec-18,2.355,2.355,2.338,2.34,2.34
10-Dec-18,2.34,2.34,2.32,2.33,2.33
11-Dec-18,2.37,2.373,2.368,2.37,2.37
12-Dec-18,2.358,2.378,2.358,2.375,2.375
13-Dec-18,2.373,2.373,2.358,2.363,2.363
14-Dec-18,2.355,2.368,2.355,2.368,2.368
17-Dec-18,2.36,2.365,2.34,2.34,2.34
18-Dec-18,2.353,2.353,2.328,2.328,2.328
19-Dec-18,2.328,2.343,2.328,2.338,2.338
20-Dec-18,2.34,2.345,2.335,2.335,2.335
21-Dec-18,2.32,2.338,2.318,2.33,2.33
24-Dec-18,2.33,2.343,2.33,2.333,2.333
26-Dec-18,2.385,2.39,2.373,2.38,2.38
27-Dec-18,2.373,2.373,2.348,2.348,2.348
28-Dec-18,2.355,2.358,2.318,2.328,2.328
31-Dec-18,2.345,2.4,2.3,2.3,2.3
2-Jan-19,2.395,2.4,2.36,2.365,2.365
3-Jan-19,2.363,2.368,2.355,2.355,2.355
4-Jan-19,2.358,2.373,2.358,2.358,2.358
7-Jan-19,2.355,2.37,2.353,2.353,2.353
8-Jan-19,2.395,2.403,2.388,2.4,2.4
9-Jan-19,2.4,2.403,2.39,2.39,2.39
10-Jan-19,2.38,2.388,2.375,2.375,2.375
11-Jan-19,2.37,2.373,2.365,2.37,2.37
14-Jan-19,2.365,2.37,2.358,2.36,2.36
15-Jan-19,2.385,2.385,2.383,2.383,2.383
16-Jan-19,2.378,2.378,2.363,2.363,2.363
17-Jan-19,2.36,2.365,2.353,2.355,2.355
18-Jan-19,2.355,2.355,2.345,2.348,2.348
22-Jan-19,2.35,2.355,2.343,2.345,2.345
23-Jan-19,2.373,2.373,2.353,2.353,2.353
24-Jan-19,2.345,2.35,2.305,2.305,2.305
25-Jan-19,2.315,2.333,2.315,2.328,2.328
28-Jan-19,2.333,2.338,2.33,2.333,2.333
29-Jan-19,2.365,2.365,2.363,2.365,2.365
30-Jan-19,2.365,2.375,2.365,2.365,2.365
31-Jan-19,2.355,2.36,2.34,2.34,2.34
1-Feb-19,2.34,2.345,2.34,2.34,2.34
4-Feb-19,2.34,2.34,2.335,2.335,2.335
5-Feb-19,2.368,2.37,2.363,2.365,2.365
6-Feb-19,2.36,2.365,2.358,2.365,2.365
7-Feb-19,2.348,2.363,2.348,2.355,2.355
8-Feb-19,2.355,2.368,2.355,2.365,2.365
11-Feb-19,2.368,2.383,2.368,2.375,2.375
12-Feb-19,2.388,2.388,2.378,2.378,2.378
13-Feb-19,2.375,2.378,2.373,2.373,2.373
14-Feb-19,2.373,2.375,2.37,2.373,2.373
15-Feb-19,2.37,2.373,2.37,2.37,2.37
19-Feb-19,2.373,2.373,2.365,2.373,2.373
20-Feb-19,2.38,2.383,2.38,2.383,2.383
21-Feb-19,2.383,2.395,2.383,2.395,2.395
22-Feb-19,2.393,2.395,2.388,2.393,2.393
25-Feb-19,2.393,2.398,2.388,2.393,2.393
26-Feb-19,2.398,2.4,2.398,2.4,2.4
27-Feb-19,2.398,2.4,2.393,2.393,2.393
28-Feb-19,2.388,2.39,2.38,2.383,2.383
1-Mar-19,2.385,2.388,2.378,2.378,2.378
4-Mar-19,2.378,2.385,2.375,2.375,2.375
5-Mar-19,2.4,2.405,2.4,2.4,2.4
6-Mar-19,2.405,2.405,2.403,2.405,2.405
7-Mar-19,2.395,2.4,2.395,2.395,2.395
8-Mar-19,2.395,2.395,2.39,2.393,2.393
11-Mar-19,2.393,2.393,2.38,2.38,2.38
12-Mar-19,2.395,2.395,2.393,2.395,2.395
13-Mar-19,2.393,2.395,2.388,2.388,2.388
14-Mar-19,2.388,2.393,2.385,2.388,2.388
15-Mar-19,2.388,2.39,2.385,2.388,2.388
18-Mar-19,2.388,2.39,2.385,2.385,2.385
19-Mar-19,2.398,2.405,2.398,2.405,2.405
20-Mar-19,2.405,2.415,2.398,2.408,2.408
21-Mar-19,2.403,2.418,2.403,2.408,2.408
22-Mar-19,2.405,2.408,2.395,2.398,2.398
25-Mar-19,2.4,2.4,2.39,2.39,2.39
26-Mar-19,2.403,2.405,2.403,2.405,2.405
27-Mar-19,2.398,2.403,2.375,2.378,2.378
28-Mar-19,2.373,2.378,2.368,2.37,2.37
29-Mar-19,2.363,2.363,2.328,2.328,2.328
1-Apr-19,2.343,2.345,2.32,2.323,2.323
2-Apr-19,2.363,2.373,2.363,2.37,2.37
3-Apr-19,2.375,2.378,2.37,2.373,2.373
4-Apr-19,2.37,2.378,2.37,2.37,2.37
5-Apr-19,2.37,2.375,2.37,2.37,2.37
8-Apr-19,2.37,2.37,2.365,2.365,2.365
9-Apr-19,2.365,2.365,2.365,2.365,2.365
10-Apr-19,2.365,2.365,2.36,2.363,2.363
11-Apr-19,2.36,2.365,2.36,2.365,2.365
12-Apr-19,2.365,2.375,2.365,2.375,2.375
15-Apr-19,2.373,2.375,2.36,2.36,2.36
16-Apr-19,2.373,2.38,2.373,2.378,2.378
17-Apr-19,2.38,2.39,2.38,2.38,2.38
18-Apr-19,2.37,2.373,2.365,2.365,2.365
22-Apr-19,2.368,2.378,2.368,2.375,2.375
23-Apr-19,2.388,2.39,2.385,2.39,2.39
24-Apr-19,2.38,2.38,2.375,2.375,2.375
25-Apr-19,2.365,2.365,2.36,2.365,2.365
26-Apr-19,2.363,2.363,2.358,2.36,2.36
29-Apr-19,2.36,2.365,2.36,2.36,2.36
30-Apr-19,2.375,2.375,2.368,2.368,2.368
1-May-19,2.37,2.373,2.345,2.363,2.363
2-May-19,2.36,2.373,2.36,2.373,2.373
3-May-19,2.37,2.37,2.365,2.368,2.368
6-May-19,2.36,2.365,2.36,2.363,2.363
7-May-19,2.37,2.373,2.368,2.368,2.368
8-May-19,2.368,2.37,2.368,2.37,2.37
9-May-19,2.368,2.37,2.365,2.37,2.37
10-May-19,2.368,2.37,2.365,2.37,2.37
13-May-19,2.36,2.36,2.35,2.35,2.35
14-May-19,2.35,2.355,2.35,2.353,2.353
15-May-19,2.348,2.355,2.348,2.35,2.35
16-May-19,2.345,2.345,2.338,2.338,2.338
17-May-19,2.335,2.335,2.328,2.33,2.33
20-May-19,2.328,2.328,2.32,2.32,2.32
21-May-19,2.33,2.333,2.33,2.33,2.33
22-May-19,2.33,2.33,2.32,2.32,2.32
23-May-19,2.31,2.31,2.303,2.303,2.303
24-May-19,2.303,2.305,2.288,2.288,2.288
28-May-19,2.29,2.303,2.29,2.298,2.298
29-May-19,2.298,2.3,2.295,2.298,2.298
30-May-19,2.3,2.31,2.3,2.31,2.31
31-May-19,2.293,2.295,2.29,2.293,2.293
3-Jun-19,2.28,2.283,2.275,2.28,2.28
4-Jun-19,2.295,2.3,2.293,2.295,2.295
5-Jun-19,2.283,2.285,2.278,2.285,2.285
6-Jun-19,2.278,2.278,2.248,2.255,2.255
7-Jun-19,2.253,2.253,2.203,2.215,2.215
10-Jun-19,2.228,2.228,2.22,2.22,2.22
11-Jun-19,2.225,2.228,2.213,2.213,2.213
12-Jun-19,2.203,2.205,2.16,2.165,2.165
13-Jun-19,2.163,2.163,2.138,2.14,2.14
14-Jun-19,2.13,2.143,2.12,2.125,2.125
17-Jun-19,2.125,2.138,2.125,2.138,2.138
18-Jun-19,2.163,2.17,2.163,2.168,2.168
19-Jun-19,2.165,2.168,2.12,2.125,2.125
20-Jun-19,2.09,2.105,2.07,2.078,2.078
21-Jun-19,2.07,2.07,2.055,2.055,2.055
24-Jun-19,2.058,2.065,2.058,2.058,2.058
25-Jun-19,2.073,2.085,2.07,2.083,2.083
26-Jun-19,2.085,2.098,2.085,2.093,2.093
27-Jun-19,2.088,2.095,2.083,2.085,2.085
28-Jun-19,2.075,2.075,2.035,2.035,2.035
1-Jul-19,2.055,2.07,2.053,2.065,2.065
2-Jul-19,2.143,2.148,2.125,2.148,2.148
3-Jul-19,2.14,2.15,2.14,2.15,2.15
5-Jul-19,2.143,2.175,2.143,2.163,2.163
8-Jul-19,2.16,2.18,2.158,2.178,2.178
9-Jul-19,2.2,2.208,2.195,2.195,2.195
10-Jul-19,2.203,2.203,2.125,2.13,2.13
11-Jul-19,2.098,2.118,2.093,2.098,2.098
12-Jul-19,2.09,2.095,2.088,2.09,2.09
15-Jul-19,2.088,2.093,2.085,2.085,2.085
16-Jul-19,2.103,2.105,2.1,2.103,2.103
17-Jul-19,2.098,2.098,2.073,2.073,2.073
18-Jul-19,2.065,2.065,2.013,2.013,2.013
19-Jul-19,2.003,2.02,1.993,2.013,2.013
22-Jul-19,2.033,2.033,2.015,2.025,2.025
23-Jul-19,2.033,2.038,2.028,2.033,2.033
24-Jul-19,2.033,2.043,2.03,2.04,2.04
