us5ydate,us5yprice,us5yopen,us5yhigh,us5ylow
1-Oct-10,1.26,1.26,1.26,1.26
4-Oct-10,1.229,1.229,1.229,1.229
5-Oct-10,1.196,1.196,1.196,1.196
6-Oct-10,1.155,1.155,1.155,1.155
7-Oct-10,1.127,1.127,1.127,1.127
8-Oct-10,1.106,1.106,1.106,1.106
12-Oct-10,1.136,1.136,1.136,1.136
13-Oct-10,1.118,1.118,1.118,1.118
14-Oct-10,1.178,1.178,1.178,1.178
15-Oct-10,1.188,1.188,1.188,1.188
18-Oct-10,1.13,1.13,1.13,1.13
19-Oct-10,1.104,1.104,1.104,1.104
20-Oct-10,1.102,1.102,1.102,1.102
21-Oct-10,1.133,1.133,1.133,1.133
22-Oct-10,1.152,1.152,1.152,1.152
25-Oct-10,1.176,1.176,1.176,1.176
26-Oct-10,1.253,1.253,1.253,1.253
27-Oct-10,1.317,1.317,1.317,1.317
28-Oct-10,1.24,1.24,1.24,1.24
29-Oct-10,1.169,1.169,1.169,1.169
1-Nov-10,1.168,1.168,1.168,1.168
2-Nov-10,1.16,1.16,1.16,1.16
3-Nov-10,1.116,1.116,1.116,1.116
4-Nov-10,1.032,1.032,1.032,1.032
5-Nov-10,1.096,1.096,1.096,1.096
8-Nov-10,1.127,1.127,1.127,1.127
9-Nov-10,1.245,1.245,1.245,1.245
10-Nov-10,1.209,1.209,1.209,1.209
12-Nov-10,1.363,1.363,1.363,1.363
15-Nov-10,1.524,1.524,1.524,1.524
16-Nov-10,1.458,1.458,1.458,1.458
17-Nov-10,1.47,1.47,1.47,1.47
18-Nov-10,1.502,1.502,1.502,1.502
19-Nov-10,1.523,1.523,1.523,1.523
22-Nov-10,1.423,1.423,1.423,1.423
23-Nov-10,1.401,1.401,1.401,1.401
24-Nov-10,1.566,1.566,1.566,1.566
26-Nov-10,1.531,1.531,1.531,1.531
29-Nov-10,1.505,1.505,1.505,1.505
30-Nov-10,1.466,1.466,1.466,1.466
1-Dec-10,1.635,1.635,1.635,1.635
2-Dec-10,1.673,1.673,1.673,1.673
3-Dec-10,1.617,1.617,1.617,1.617
6-Dec-10,1.515,1.515,1.515,1.515
7-Dec-10,1.729,1.729,1.729,1.729
8-Dec-10,1.882,1.882,1.882,1.882
9-Dec-10,1.896,1.896,1.896,1.896
10-Dec-10,1.989,1.989,1.989,1.989
13-Dec-10,1.88,1.88,1.88,1.88
14-Dec-10,2.066,2.066,2.066,2.066
15-Dec-10,2.123,2.123,2.123,2.123
16-Dec-10,2.036,2.036,2.036,2.036
17-Dec-10,1.963,1.963,1.963,1.963
20-Dec-10,1.953,1.953,1.953,1.953
21-Dec-10,1.947,1.947,1.947,1.947
22-Dec-10,2.004,2.004,2.004,2.004
23-Dec-10,2.059,2.059,2.059,2.059
27-Dec-10,2.023,2.023,2.023,2.023
28-Dec-10,2.159,2.159,2.159,2.159
29-Dec-10,2.036,2.036,2.036,2.036
30-Dec-10,2.066,2.066,2.066,2.066
31-Dec-10,2.008,2.008,2.008,2.008
3-Jan-11,2.011,2.011,2.011,2.011
4-Jan-11,2.016,2.016,2.016,2.016
5-Jan-11,2.133,2.133,2.133,2.133
6-Jan-11,2.073,2.073,2.073,2.073
7-Jan-11,1.959,1.959,1.959,1.959
10-Jan-11,1.915,1.915,1.915,1.915
11-Jan-11,1.959,1.959,1.959,1.959
12-Jan-11,1.979,1.979,1.979,1.979
13-Jan-11,1.903,1.903,1.903,1.903
14-Jan-11,1.927,1.927,1.927,1.927
18-Jan-11,1.954,1.954,1.954,1.954
19-Jan-11,1.932,1.932,1.932,1.932
20-Jan-11,2.053,2.053,2.053,2.053
21-Jan-11,2.015,2.015,2.015,2.015
24-Jan-11,2.008,2.008,2.008,2.008
25-Jan-11,1.939,1.939,1.939,1.939
26-Jan-11,1.988,1.988,1.988,1.988
27-Jan-11,1.988,1.988,1.988,1.988
28-Jan-11,1.924,1.924,1.924,1.924
31-Jan-11,1.946,1.946,1.946,1.946
1-Feb-11,2.007,2.007,2.007,2.007
2-Feb-11,2.096,2.096,2.096,2.096
3-Feb-11,2.174,2.174,2.174,2.174
4-Feb-11,2.265,2.265,2.265,2.265
7-Feb-11,2.272,2.272,2.272,2.272
8-Feb-11,2.395,2.395,2.395,2.395
9-Feb-11,2.329,2.329,2.329,2.329
10-Feb-11,2.394,2.394,2.394,2.394
11-Feb-11,2.359,2.359,2.359,2.359
14-Feb-11,2.359,2.359,2.359,2.359
15-Feb-11,2.327,2.327,2.327,2.327
16-Feb-11,2.354,2.354,2.354,2.354
17-Feb-11,2.275,2.275,2.275,2.275
18-Feb-11,2.27,2.27,2.27,2.27
22-Feb-11,2.134,2.134,2.134,2.134
23-Feb-11,2.171,2.171,2.171,2.171
24-Feb-11,2.196,2.196,2.196,2.196
25-Feb-11,2.163,2.163,2.163,2.163
28-Feb-11,2.137,2.137,2.137,2.137
1-Mar-11,2.107,2.107,2.107,2.107
2-Mar-11,2.171,2.171,2.171,2.171
3-Mar-11,2.285,2.285,2.285,2.285
4-Mar-11,2.183,2.183,2.183,2.183
7-Mar-11,2.197,2.197,2.197,2.197
8-Mar-11,2.21,2.21,2.21,2.21
9-Mar-11,2.147,2.147,2.147,2.147
10-Mar-11,2.03,2.03,2.03,2.03
11-Mar-11,2.053,2.053,2.053,2.053
14-Mar-11,1.982,1.982,1.982,1.982
15-Mar-11,1.96,1.96,1.96,1.96
16-Mar-11,1.856,1.856,1.856,1.856
17-Mar-11,1.914,1.914,1.914,1.914
18-Mar-11,1.932,1.932,1.932,1.932
21-Mar-11,2.023,2.023,2.023,2.023
22-Mar-11,2.04,2.04,2.04,2.04
23-Mar-11,2.043,2.043,2.043,2.043
24-Mar-11,2.116,2.116,2.116,2.116
25-Mar-11,2.155,2.155,2.155,2.155
28-Mar-11,2.179,2.179,2.179,2.179
29-Mar-11,2.228,2.228,2.228,2.228
30-Mar-11,2.214,2.214,2.214,2.214
31-Mar-11,2.272,2.272,2.272,2.272
1-Apr-11,2.242,2.242,2.242,2.242
4-Apr-11,2.192,2.192,2.192,2.192
5-Apr-11,2.272,2.272,2.272,2.272
6-Apr-11,2.318,2.318,2.318,2.318
7-Apr-11,2.277,2.277,2.277,2.277
8-Apr-11,2.313,2.313,2.313,2.313
11-Apr-11,2.32,2.32,2.32,2.32
12-Apr-11,2.201,2.201,2.201,2.201
13-Apr-11,2.17,2.17,2.17,2.17
14-Apr-11,2.22,2.22,2.22,2.22
15-Apr-11,2.125,2.125,2.125,2.125
18-Apr-11,2.073,2.073,2.073,2.073
19-Apr-11,2.065,2.065,2.065,2.065
20-Apr-11,2.116,2.116,2.116,2.116
21-Apr-11,2.109,2.109,2.109,2.109
25-Apr-11,2.067,2.067,2.067,2.067
26-Apr-11,2.012,2.012,2.012,2.012
27-Apr-11,2.019,2.019,2.019,2.019
28-Apr-11,2,2,2,2
29-Apr-11,1.974,1.974,1.974,1.974
2-May-11,1.967,1.967,1.967,1.967
3-May-11,1.949,1.949,1.949,1.949
4-May-11,1.939,1.939,1.939,1.939
5-May-11,1.881,1.881,1.881,1.881
6-May-11,1.858,1.858,1.858,1.858
9-May-11,1.848,1.848,1.848,1.848
10-May-11,1.914,1.914,1.914,1.914
11-May-11,1.851,1.851,1.851,1.851
12-May-11,1.874,1.874,1.874,1.874
13-May-11,1.833,1.833,1.833,1.833
16-May-11,1.803,1.803,1.803,1.803
17-May-11,1.783,1.783,1.783,1.783
18-May-11,1.854,1.854,1.854,1.854
19-May-11,1.826,1.826,1.826,1.826
20-May-11,1.794,1.794,1.794,1.794
23-May-11,1.782,1.782,1.782,1.782
24-May-11,1.776,1.776,1.776,1.776
25-May-11,1.762,1.762,1.762,1.762
26-May-11,1.727,1.727,1.727,1.727
27-May-11,1.719,1.719,1.719,1.719
31-May-11,1.698,1.698,1.698,1.698
1-Jun-11,1.595,1.595,1.595,1.595
2-Jun-11,1.652,1.652,1.652,1.652
3-Jun-11,1.599,1.599,1.599,1.599
6-Jun-11,1.594,1.594,1.594,1.594
7-Jun-11,1.57,1.57,1.57,1.57
8-Jun-11,1.503,1.503,1.503,1.503
9-Jun-11,1.588,1.588,1.588,1.588
10-Jun-11,1.563,1.563,1.563,1.563
13-Jun-11,1.579,1.579,1.579,1.579
14-Jun-11,1.691,1.691,1.691,1.691
15-Jun-11,1.548,1.548,1.548,1.548
16-Jun-11,1.523,1.523,1.523,1.523
17-Jun-11,1.526,1.526,1.526,1.526
20-Jun-11,1.534,1.534,1.534,1.534
21-Jun-11,1.542,1.542,1.542,1.542
22-Jun-11,1.539,1.539,1.539,1.539
23-Jun-11,1.459,1.459,1.459,1.459
24-Jun-11,1.381,1.381,1.381,1.381
27-Jun-11,1.448,1.448,1.448,1.448
28-Jun-11,1.587,1.587,1.587,1.587
29-Jun-11,1.696,1.696,1.696,1.696
30-Jun-11,1.762,1.762,1.762,1.762
1-Jul-11,1.783,1.783,1.783,1.783
5-Jul-11,1.681,1.681,1.681,1.681
6-Jul-11,1.666,1.666,1.666,1.666
7-Jul-11,1.725,1.725,1.725,1.725
8-Jul-11,1.574,1.574,1.574,1.574
11-Jul-11,1.479,1.479,1.479,1.479
12-Jul-11,1.439,1.439,1.439,1.439
13-Jul-11,1.439,1.439,1.439,1.439
14-Jul-11,1.5,1.5,1.5,1.5
15-Jul-11,1.441,1.441,1.441,1.441
18-Jul-11,1.429,1.429,1.429,1.429
19-Jul-11,1.429,1.429,1.429,1.429
20-Jul-11,1.475,1.475,1.475,1.475
21-Jul-11,1.546,1.546,1.546,1.546
22-Jul-11,1.508,1.508,1.508,1.508
25-Jul-11,1.53,1.53,1.53,1.53
26-Jul-11,1.482,1.482,1.482,1.482
27-Jul-11,1.523,1.523,1.523,1.523
28-Jul-11,1.529,1.529,1.529,1.529
29-Jul-11,1.351,1.351,1.351,1.351
1-Aug-11,1.327,1.327,1.327,1.327
2-Aug-11,1.217,1.217,1.217,1.217
3-Aug-11,1.257,1.257,1.257,1.257
4-Aug-11,1.09,1.09,1.09,1.09
5-Aug-11,1.255,1.255,1.255,1.255
8-Aug-11,1.081,1.081,1.081,1.081
9-Aug-11,1.012,1.012,1.012,1.012
10-Aug-11,0.91,0.91,0.91,0.91
11-Aug-11,1.009,1.009,1.009,1.009
12-Aug-11,0.961,0.961,0.961,0.961
15-Aug-11,0.988,0.988,0.988,0.988
16-Aug-11,0.934,0.934,0.934,0.934
17-Aug-11,0.911,0.911,0.911,0.911
18-Aug-11,0.881,0.881,0.881,0.881
19-Aug-11,0.894,0.894,0.894,0.894
22-Aug-11,0.922,0.922,0.922,0.922
23-Aug-11,0.949,0.949,0.949,0.949
24-Aug-11,1.018,1.018,1.018,1.018
25-Aug-11,0.995,0.995,0.995,0.995
26-Aug-11,0.941,0.941,0.941,0.941
29-Aug-11,0.994,0.994,0.994,0.994
30-Aug-11,0.929,0.929,0.929,0.929
31-Aug-11,0.97,0.97,0.97,0.97
1-Sep-11,0.897,0.897,0.897,0.897
2-Sep-11,0.868,0.868,0.868,0.868
6-Sep-11,0.886,0.886,0.886,0.886
7-Sep-11,0.915,0.915,0.915,0.915
8-Sep-11,0.863,0.863,0.863,0.863
9-Sep-11,0.802,0.802,0.802,0.802
12-Sep-11,0.865,0.865,0.865,0.865
13-Sep-11,0.886,0.886,0.886,0.886
14-Sep-11,0.892,0.892,0.892,0.892
15-Sep-11,0.942,0.942,0.942,0.942
16-Sep-11,0.921,0.921,0.921,0.921
19-Sep-11,0.846,0.846,0.846,0.846
20-Sep-11,0.838,0.838,0.838,0.838
21-Sep-11,0.846,0.846,0.846,0.846
22-Sep-11,0.78,0.78,0.78,0.78
23-Sep-11,0.86,0.86,0.86,0.86
26-Sep-11,0.907,0.907,0.907,0.907
27-Sep-11,0.946,0.946,0.946,0.946
28-Sep-11,0.938,0.938,0.938,0.938
29-Sep-11,1.002,1.002,1.002,1.002
30-Sep-11,0.955,0.955,0.955,0.955
3-Oct-11,0.849,0.849,0.849,0.849
4-Oct-11,0.904,0.904,0.904,0.904
5-Oct-11,0.95,0.95,0.95,0.95
6-Oct-11,1.005,1.005,1.005,1.005
7-Oct-11,1.081,1.081,1.081,1.081
11-Oct-11,1.14,1.14,1.14,1.14
12-Oct-11,1.149,1.149,1.149,1.149
13-Oct-11,1.101,1.101,1.101,1.101
14-Oct-11,1.119,1.119,1.119,1.119
17-Oct-11,1.063,1.063,1.063,1.063
18-Oct-11,1.059,1.059,1.059,1.059
19-Oct-11,1.041,1.041,1.041,1.041
20-Oct-11,1.059,1.059,1.059,1.059
21-Oct-11,1.064,1.064,1.064,1.064
24-Oct-11,1.088,1.088,1.088,1.088
25-Oct-11,0.987,0.987,0.987,0.987
26-Oct-11,1.065,1.065,1.065,1.065
27-Oct-11,1.195,1.195,1.195,1.195
28-Oct-11,1.135,1.135,1.135,1.135
31-Oct-11,0.966,0.966,0.966,0.966
1-Nov-11,0.909,0.909,0.909,0.909
2-Nov-11,0.888,0.888,0.888,0.888
3-Nov-11,0.921,0.921,0.921,0.921
4-Nov-11,0.883,0.883,0.883,0.883
7-Nov-11,0.889,0.889,0.889,0.889
8-Nov-11,0.926,0.926,0.926,0.926
9-Nov-11,0.87,0.87,0.87,0.87
10-Nov-11,0.91,0.91,0.91,0.91
11-Nov-11,0.91,0.91,0.91,0.91
14-Nov-11,0.898,0.898,0.898,0.898
15-Nov-11,0.908,0.908,0.908,0.908
16-Nov-11,0.882,0.882,0.882,0.882
17-Nov-11,0.866,0.866,0.866,0.866
18-Nov-11,0.914,0.914,0.914,0.914
21-Nov-11,0.909,0.909,0.909,0.909
22-Nov-11,0.875,0.875,0.875,0.875
23-Nov-11,0.88,0.88,0.88,0.88
25-Nov-11,0.934,0.934,0.934,0.934
28-Nov-11,0.922,0.922,0.922,0.922
29-Nov-11,0.925,0.925,0.925,0.925
30-Nov-11,0.957,0.957,0.957,0.957
1-Dec-11,0.96,0.96,0.96,0.96
2-Dec-11,0.915,0.915,0.915,0.915
5-Dec-11,0.93,0.93,0.93,0.93
6-Dec-11,0.941,0.941,0.941,0.941
7-Dec-11,0.89,0.89,0.89,0.89
8-Dec-11,0.838,0.838,0.838,0.838
9-Dec-11,0.89,0.89,0.89,0.89
12-Dec-11,0.862,0.862,0.862,0.862
13-Dec-11,0.851,0.851,0.851,0.851
14-Dec-11,0.854,0.854,0.854,0.854
15-Dec-11,0.854,0.854,0.854,0.854
16-Dec-11,0.802,0.802,0.802,0.802
19-Dec-11,0.809,0.809,0.809,0.809
20-Dec-11,0.857,0.857,0.857,0.857
21-Dec-11,0.92,0.92,0.92,0.92
22-Dec-11,0.917,0.917,0.917,0.917
23-Dec-11,0.976,0.976,0.976,0.976
27-Dec-11,0.96,0.96,0.96,0.96
28-Dec-11,0.91,0.91,0.91,0.91
29-Dec-11,0.88,0.88,0.88,0.88
30-Dec-11,0.833,0.833,0.833,0.833
3-Jan-12,0.885,0.885,0.885,0.885
4-Jan-12,0.881,0.881,0.881,0.881
5-Jan-12,0.883,0.883,0.883,0.883
6-Jan-12,0.854,0.854,0.854,0.854
9-Jan-12,0.843,0.843,0.843,0.843
10-Jan-12,0.849,0.849,0.849,0.849
11-Jan-12,0.822,0.822,0.822,0.822
12-Jan-12,0.835,0.835,0.835,0.835
13-Jan-12,0.791,0.791,0.791,0.791
17-Jan-12,0.785,0.785,0.785,0.785
18-Jan-12,0.807,0.807,0.807,0.807
19-Jan-12,0.859,0.859,0.859,0.859
20-Jan-12,0.886,0.886,0.886,0.886
23-Jan-12,0.909,0.909,0.909,0.909
24-Jan-12,0.899,0.899,0.899,0.899
25-Jan-12,0.799,0.799,0.799,0.799
26-Jan-12,0.776,0.776,0.776,0.776
27-Jan-12,0.749,0.749,0.749,0.749
30-Jan-12,0.735,0.735,0.735,0.735
31-Jan-12,0.706,0.706,0.706,0.706
1-Feb-12,0.72,0.72,0.72,0.72
2-Feb-12,0.711,0.711,0.711,0.711
3-Feb-12,0.769,0.769,0.769,0.769
6-Feb-12,0.755,0.755,0.755,0.755
7-Feb-12,0.814,0.814,0.814,0.814
8-Feb-12,0.83,0.83,0.83,0.83
9-Feb-12,0.853,0.853,0.853,0.853
10-Feb-12,0.82,0.82,0.82,0.82
13-Feb-12,0.838,0.838,0.838,0.838
14-Feb-12,0.819,0.819,0.819,0.819
15-Feb-12,0.791,0.791,0.791,0.791
16-Feb-12,0.859,0.859,0.859,0.859
17-Feb-12,0.86,0.86,0.86,0.86
21-Feb-12,0.909,0.909,0.909,0.909
22-Feb-12,0.86,0.86,0.86,0.86
23-Feb-12,0.889,0.889,0.889,0.889
24-Feb-12,0.894,0.894,0.894,0.894
27-Feb-12,0.846,0.846,0.846,0.846
28-Feb-12,0.843,0.843,0.843,0.843
29-Feb-12,0.864,0.864,0.864,0.864
1-Mar-12,0.891,0.891,0.891,0.891
2-Mar-12,0.841,0.841,0.841,0.841
3-Mar-12,0.841,0.838,0.841,0.838
5-Mar-12,0.869,0.869,0.869,0.869
6-Mar-12,0.824,0.824,0.824,0.824
7-Mar-12,0.849,0.849,0.849,0.849
8-Mar-12,0.881,0.881,0.881,0.881
9-Mar-12,0.898,0.898,0.898,0.898
10-Mar-12,0.898,0.896,0.898,0.896
12-Mar-12,0.909,0.909,0.909,0.909
13-Mar-12,0.983,0.983,0.983,0.983
14-Mar-12,1.104,1.104,1.104,1.104
15-Mar-12,1.091,1.091,1.091,1.091
16-Mar-12,1.117,1.117,1.117,1.117
17-Mar-12,1.117,1.117,1.117,1.117
19-Mar-12,1.193,1.193,1.193,1.193
20-Mar-12,1.197,1.197,1.197,1.197
21-Mar-12,1.139,1.139,1.139,1.139
22-Mar-12,1.121,1.121,1.121,1.121
23-Mar-12,1.084,1.084,1.084,1.084
24-Mar-12,1.084,1.084,1.084,1.084
26-Mar-12,1.086,1.086,1.086,1.086
27-Mar-12,1.02,1.02,1.02,1.02
28-Mar-12,1.037,1.037,1.037,1.037
29-Mar-12,1.018,1.018,1.018,1.018
30-Mar-12,1.04,1.04,1.04,1.04
31-Mar-12,1.04,1.04,1.04,1.04
2-Apr-12,1.006,1.006,1.006,1.006
3-Apr-12,1.107,1.107,1.107,1.107
4-Apr-12,1.039,1.039,1.039,1.039
5-Apr-12,1.006,1.006,1.006,1.006
6-Apr-12,0.891,0.891,0.891,0.891
7-Apr-12,0.891,0.891,0.891,0.891
8-Apr-12,0.891,0.891,0.891,0.891
9-Apr-12,0.908,0.908,0.908,0.908
10-Apr-12,0.854,0.854,0.854,0.854
11-Apr-12,0.884,0.884,0.884,0.884
12-Apr-12,0.894,0.894,0.894,0.894
13-Apr-12,0.852,0.852,0.852,0.852
14-Apr-12,0.852,0.852,0.852,0.852
16-Apr-12,0.847,0.847,0.847,0.847
17-Apr-12,0.856,0.856,0.856,0.856
18-Apr-12,0.843,0.843,0.843,0.843
19-Apr-12,0.845,0.845,0.845,0.845
20-Apr-12,0.841,0.841,0.841,0.841
21-Apr-12,0.841,0.841,0.841,0.841
23-Apr-12,0.82,0.82,0.82,0.82
24-Apr-12,0.848,0.848,0.848,0.848
25-Apr-12,0.841,0.841,0.841,0.841
26-Apr-12,0.83,0.83,0.83,0.83
27-Apr-12,0.826,0.826,0.826,0.826
28-Apr-12,0.826,0.826,0.826,0.826
30-Apr-12,0.813,0.813,0.813,0.813
1-May-12,0.83,0.83,0.83,0.83
2-May-12,0.824,0.824,0.824,0.824
3-May-12,0.822,0.822,0.822,0.822
4-May-12,0.784,0.784,0.784,0.784
5-May-12,0.784,0.784,0.784,0.784
6-May-12,0.784,0.784,0.784,0.784
7-May-12,0.779,0.779,0.779,0.779
8-May-12,0.764,0.764,0.764,0.764
9-May-12,0.76,0.76,0.76,0.76
10-May-12,0.764,0.764,0.764,0.764
11-May-12,0.75,0.75,0.75,0.75
12-May-12,0.75,0.75,0.75,0.75
14-May-12,0.713,0.713,0.713,0.713
15-May-12,0.73,0.73,0.73,0.73
16-May-12,0.74,0.74,0.74,0.74
17-May-12,0.727,0.727,0.727,0.727
18-May-12,0.746,0.746,0.746,0.746
19-May-12,0.746,0.746,0.746,0.746
21-May-12,0.743,0.743,0.743,0.743
22-May-12,0.763,0.763,0.763,0.763
23-May-12,0.733,0.733,0.733,0.733
24-May-12,0.786,0.786,0.786,0.786
25-May-12,0.762,0.762,0.762,0.762
26-May-12,0.762,0.762,0.762,0.762
28-May-12,0.762,0.762,0.762,0.762
29-May-12,0.777,0.777,0.777,0.777
30-May-12,0.69,0.69,0.69,0.69
31-May-12,0.657,0.657,0.657,0.657
1-Jun-12,0.622,0.622,0.622,0.622
2-Jun-12,0.622,0.622,0.622,0.622
4-Jun-12,0.676,0.676,0.676,0.676
5-Jun-12,0.684,0.684,0.684,0.684
6-Jun-12,0.732,0.732,0.732,0.732
7-Jun-12,0.713,0.713,0.713,0.713
8-Jun-12,0.711,0.711,0.711,0.711
9-Jun-12,0.711,0.711,0.711,0.711
11-Jun-12,0.686,0.686,0.686,0.686
12-Jun-12,0.744,0.744,0.744,0.744
13-Jun-12,0.707,0.707,0.707,0.707
14-Jun-12,0.741,0.741,0.741,0.741
15-Jun-12,0.675,0.675,0.675,0.675
16-Jun-12,0.675,0.675,0.675,0.675
18-Jun-12,0.68,0.68,0.68,0.68
19-Jun-12,0.704,0.704,0.704,0.704
20-Jun-12,0.751,0.751,0.751,0.751
21-Jun-12,0.727,0.727,0.727,0.727
22-Jun-12,0.754,0.754,0.754,0.754
23-Jun-12,0.754,0.754,0.754,0.754
25-Jun-12,0.707,0.707,0.707,0.707
26-Jun-12,0.725,0.725,0.725,0.725
27-Jun-12,0.717,0.717,0.717,0.717
28-Jun-12,0.694,0.694,0.694,0.694
29-Jun-12,0.716,0.716,0.716,0.716
30-Jun-12,0.716,0.716,0.716,0.716
1-Jul-12,0.716,0.716,0.716,0.716
2-Jul-12,0.672,0.672,0.672,0.672
3-Jul-12,0.696,0.696,0.696,0.696
4-Jul-12,0.696,0.696,0.696,0.696
5-Jul-12,0.672,0.672,0.672,0.672
6-Jul-12,0.645,0.645,0.645,0.645
7-Jul-12,0.645,0.645,0.645,0.645
8-Jul-12,0.645,0.645,0.645,0.645
9-Jul-12,0.625,0.625,0.625,0.625
10-Jul-12,0.621,0.621,0.621,0.621
11-Jul-12,0.64,0.64,0.64,0.64
12-Jul-12,0.625,0.625,0.625,0.625
13-Jul-12,0.622,0.622,0.622,0.622
14-Jul-12,0.622,0.622,0.622,0.622
16-Jul-12,0.599,0.599,0.599,0.599
17-Jul-12,0.623,0.623,0.623,0.623
18-Jul-12,0.604,0.604,0.604,0.604
19-Jul-12,0.61,0.61,0.61,0.61
20-Jul-12,0.576,0.576,0.576,0.576
21-Jul-12,0.576,0.576,0.576,0.576
23-Jul-12,0.563,0.563,0.563,0.563
24-Jul-12,0.544,0.544,0.544,0.544
25-Jul-12,0.549,0.549,0.549,0.549
26-Jul-12,0.592,0.592,0.592,0.592
27-Jul-12,0.656,0.656,0.656,0.656
28-Jul-12,0.656,0.656,0.656,0.656
30-Jul-12,0.611,0.611,0.611,0.611
31-Jul-12,0.586,0.586,0.586,0.586
1-Aug-12,0.635,0.635,0.635,0.635
2-Aug-12,0.611,0.611,0.611,0.611
3-Aug-12,0.666,0.666,0.666,0.666
4-Aug-12,0.666,0.666,0.666,0.666
5-Aug-12,0.666,0.666,0.666,0.666
6-Aug-12,0.65,0.65,0.65,0.65
7-Aug-12,0.705,0.705,0.705,0.705
8-Aug-12,0.727,0.727,0.727,0.727
9-Aug-12,0.734,0.734,0.734,0.734
10-Aug-12,0.707,0.707,0.707,0.707
11-Aug-12,0.707,0.707,0.707,0.707
13-Aug-12,0.71,0.71,0.71,0.71
14-Aug-12,0.751,0.751,0.751,0.751
15-Aug-12,0.804,0.804,0.804,0.804
16-Aug-12,0.818,0.818,0.818,0.818
17-Aug-12,0.799,0.799,0.799,0.799
18-Aug-12,0.799,0.799,0.799,0.799
20-Aug-12,0.792,0.792,0.792,0.792
21-Aug-12,0.789,0.789,0.789,0.789
22-Aug-12,0.698,0.698,0.698,0.698
23-Aug-12,0.694,0.694,0.694,0.694
24-Aug-12,0.71,0.71,0.71,0.71
25-Aug-12,0.71,0.71,0.71,0.71
27-Aug-12,0.686,0.686,0.686,0.686
28-Aug-12,0.678,0.678,0.678,0.678
29-Aug-12,0.678,0.678,0.678,0.678
30-Aug-12,0.666,0.666,0.666,0.666
31-Aug-12,0.588,0.588,0.588,0.588
1-Sep-12,0.588,0.588,0.588,0.588
4-Sep-12,0.615,0.615,0.615,0.615
5-Sep-12,0.622,0.622,0.622,0.622
6-Sep-12,0.676,0.676,0.676,0.676
7-Sep-12,0.644,0.644,0.644,0.644
8-Sep-12,0.644,0.644,0.644,0.644
10-Sep-12,0.639,0.639,0.639,0.639
11-Sep-12,0.663,0.663,0.663,0.663
12-Sep-12,0.691,0.691,0.691,0.691
13-Sep-12,0.646,0.646,0.646,0.646
14-Sep-12,0.718,0.718,0.718,0.718
15-Sep-12,0.718,0.718,0.718,0.718
17-Sep-12,0.718,0.718,0.718,0.718
18-Sep-12,0.702,0.702,0.702,0.702
19-Sep-12,0.686,0.686,0.686,0.686
20-Sep-12,0.689,0.689,0.689,0.689
21-Sep-12,0.67,0.67,0.67,0.67
22-Sep-12,0.67,0.67,0.67,0.67
23-Sep-12,0.67,0.67,0.67,0.67
24-Sep-12,0.654,0.654,0.654,0.654
25-Sep-12,0.646,0.646,0.646,0.646
26-Sep-12,0.607,0.607,0.607,0.607
27-Sep-12,0.642,0.642,0.642,0.642
28-Sep-12,0.625,0.625,0.625,0.625
29-Sep-12,0.625,0.625,0.625,0.625
1-Oct-12,0.615,0.615,0.615,0.615
2-Oct-12,0.615,0.615,0.615,0.615
3-Oct-12,0.603,0.603,0.603,0.603
4-Oct-12,0.631,0.631,0.631,0.631
5-Oct-12,0.676,0.676,0.676,0.676
6-Oct-12,0.676,0.676,0.676,0.676
9-Oct-12,0.662,0.662,0.662,0.662
10-Oct-12,0.654,0.654,0.654,0.654
11-Oct-12,0.659,0.659,0.659,0.659
12-Oct-12,0.66,0.66,0.66,0.66
13-Oct-12,0.66,0.66,0.66,0.66
15-Oct-12,0.664,0.664,0.664,0.664
16-Oct-12,0.694,0.694,0.694,0.694
17-Oct-12,0.78,0.78,0.78,0.78
18-Oct-12,0.786,0.786,0.786,0.786
19-Oct-12,0.749,0.749,0.749,0.749
20-Oct-12,0.749,0.749,0.749,0.749
22-Oct-12,0.791,0.791,0.791,0.791
23-Oct-12,0.756,0.756,0.756,0.756
24-Oct-12,0.762,0.762,0.762,0.762
25-Oct-12,0.816,0.816,0.816,0.816
26-Oct-12,0.761,0.833,0.833,0.756
27-Oct-12,0.761,0.761,0.761,0.761
29-Oct-12,0.742,0.742,0.76,0.733
30-Oct-12,0.742,0.742,0.742,0.742
31-Oct-12,0.721,0.768,0.779,0.715
1-Nov-12,0.742,0.729,0.744,0.718
2-Nov-12,0.721,0.742,0.774,0.718
3-Nov-12,0.721,0.721,0.721,0.721
5-Nov-12,0.697,0.721,0.724,0.688
6-Nov-12,0.755,0.704,0.758,0.697
7-Nov-12,0.673,0.748,0.748,0.649
8-Nov-12,0.64,0.678,0.68,0.637
9-Nov-12,0.643,0.643,0.659,0.622
10-Nov-12,0.643,0.641,0.643,0.641
13-Nov-12,0.624,0.64,0.646,0.617
14-Nov-12,0.625,0.627,0.652,0.617
15-Nov-12,0.622,0.622,0.636,0.614
16-Nov-12,0.61,0.628,0.63,0.598
17-Nov-12,0.61,0.609,0.61,0.609
19-Nov-12,0.633,0.62,0.639,0.615
20-Nov-12,0.665,0.625,0.666,0.625
21-Nov-12,0.679,0.663,0.689,0.655
22-Nov-12,0.679,0.681,0.681,0.679
23-Nov-12,0.69,0.679,0.692,0.673
24-Nov-12,0.69,0.69,0.69,0.69
26-Nov-12,0.669,0.695,0.695,0.656
27-Nov-12,0.647,0.666,0.682,0.645
28-Nov-12,0.634,0.648,0.648,0.622
29-Nov-12,0.631,0.639,0.654,0.628
30-Nov-12,0.619,0.63,0.639,0.612
1-Dec-12,0.617,0.619,0.619,0.617
3-Dec-12,0.623,0.617,0.646,0.614
4-Dec-12,0.622,0.625,0.636,0.614
5-Dec-12,0.608,0.623,0.631,0.598
6-Dec-12,0.603,0.609,0.612,0.591
7-Dec-12,0.619,0.604,0.635,0.593
8-Dec-12,0.619,0.619,0.619,0.619
10-Dec-12,0.619,0.619,0.623,0.598
11-Dec-12,0.636,0.617,0.643,0.611
12-Dec-12,0.654,0.636,0.66,0.625
13-Dec-12,0.697,0.651,0.699,0.639
14-Dec-12,0.688,0.694,0.709,0.678
15-Dec-12,0.688,0.689,0.689,0.688
17-Dec-12,0.733,0.705,0.738,0.691
18-Dec-12,0.765,0.733,0.777,0.726
19-Dec-12,0.772,0.784,0.793,0.755
20-Dec-12,0.777,0.764,0.777,0.75
21-Dec-12,0.763,0.777,0.782,0.734
22-Dec-12,0.763,0.763,0.763,0.763
23-Dec-12,0.763,0.763,0.763,0.763
24-Dec-12,0.772,0.763,0.775,0.758
25-Dec-12,0.772,0.772,0.772,0.772
26-Dec-12,0.76,0.782,0.795,0.752
27-Dec-12,0.733,0.763,0.775,0.715
28-Dec-12,0.709,0.739,0.739,0.705
29-Dec-12,0.709,0.71,0.71,0.709
30-Dec-12,0.709,0.709,0.709,0.709
31-Dec-12,0.725,0.709,0.732,0.705
1-Jan-13,0.725,0.725,0.725,0.725
2-Jan-13,0.764,0.725,0.798,0.725
3-Jan-13,0.821,0.764,0.824,0.753
4-Jan-13,0.811,0.817,0.859,0.808
5-Jan-13,0.811,0.809,0.811,0.809
7-Jan-13,0.811,0.813,0.819,0.797
8-Jan-13,0.78,0.806,0.816,0.779
9-Jan-13,0.769,0.787,0.797,0.758
10-Jan-13,0.797,0.772,0.801,0.769
11-Jan-13,0.777,0.806,0.819,0.771
12-Jan-13,0.777,0.78,0.78,0.777
13-Jan-13,0.777,0.777,0.777,0.777
14-Jan-13,0.763,0.777,0.777,0.755
15-Jan-13,0.75,0.769,0.769,0.734
16-Jan-13,0.736,0.752,0.752,0.728
17-Jan-13,0.793,0.737,0.795,0.729
18-Jan-13,0.761,0.794,0.808,0.758
19-Jan-13,0.761,0.763,0.763,0.761
22-Jan-13,0.756,0.779,0.789,0.745
23-Jan-13,0.748,0.758,0.761,0.735
24-Jan-13,0.766,0.742,0.782,0.731
25-Jan-13,0.849,0.769,0.854,0.766
26-Jan-13,0.849,0.849,0.849,0.849
28-Jan-13,0.865,0.86,0.898,0.841
29-Jan-13,0.878,0.864,0.882,0.849
30-Jan-13,0.877,0.897,0.918,0.87
31-Jan-13,0.88,0.873,0.891,0.856
1-Feb-13,0.888,0.873,0.907,0.817
2-Feb-13,0.888,0.883,0.888,0.883
4-Feb-13,0.837,0.904,0.92,0.825
5-Feb-13,0.867,0.84,0.881,0.836
6-Feb-13,0.837,0.87,0.873,0.832
7-Feb-13,0.83,0.836,0.857,0.812
8-Feb-13,0.827,0.832,0.856,0.812
9-Feb-13,0.827,0.828,0.828,0.827
11-Feb-13,0.851,0.827,0.854,0.825
12-Feb-13,0.865,0.851,0.872,0.84
13-Feb-13,0.907,0.865,0.91,0.86
14-Feb-13,0.852,0.904,0.914,0.852
15-Feb-13,0.864,0.86,0.888,0.843
16-Feb-13,0.864,0.864,0.864,0.864
17-Feb-13,0.864,0.864,0.864,0.864
19-Feb-13,0.886,0.872,0.89,0.852
20-Feb-13,0.86,0.885,0.898,0.859
21-Feb-13,0.838,0.862,0.868,0.822
22-Feb-13,0.826,0.838,0.852,0.826
23-Feb-13,0.826,0.828,0.828,0.826
25-Feb-13,0.762,0.838,0.851,0.755
26-Feb-13,0.768,0.771,0.778,0.741
27-Feb-13,0.782,0.784,0.785,0.755
28-Feb-13,0.766,0.782,0.785,0.76
1-Mar-13,0.744,0.763,0.771,0.739
2-Mar-13,0.744,0.742,0.744,0.742
4-Mar-13,0.758,0.74,0.76,0.729
5-Mar-13,0.776,0.756,0.784,0.753
6-Mar-13,0.804,0.776,0.808,0.772
7-Mar-13,0.854,0.8,0.858,0.795
8-Mar-13,0.89,0.856,0.921,0.85
9-Mar-13,0.89,0.887,0.89,0.887
11-Mar-13,0.898,0.893,0.908,0.881
12-Mar-13,0.871,0.905,0.905,0.866
13-Mar-13,0.879,0.871,0.897,0.855
14-Mar-13,0.879,0.881,0.911,0.869
15-Mar-13,0.834,0.876,0.887,0.826
16-Mar-13,0.834,0.834,0.834,0.834
17-Mar-13,0.834,0.834,0.834,0.834
18-Mar-13,0.806,0.771,0.816,0.765
19-Mar-13,0.777,0.802,0.819,0.765
20-Mar-13,0.81,0.777,0.813,0.774
21-Mar-13,0.787,0.807,0.811,0.784
22-Mar-13,0.797,0.785,0.808,0.774
23-Mar-13,0.797,0.797,0.797,0.797
25-Mar-13,0.787,0.815,0.829,0.774
26-Mar-13,0.776,0.787,0.812,0.773
27-Mar-13,0.735,0.777,0.781,0.724
28-Mar-13,0.769,0.755,0.777,0.739
29-Mar-13,0.769,0.769,0.769,0.769
1-Apr-13,0.755,0.788,0.792,0.748
2-Apr-13,0.772,0.756,0.777,0.747
3-Apr-13,0.728,0.771,0.782,0.72
4-Apr-13,0.697,0.72,0.737,0.686
5-Apr-13,0.691,0.702,0.718,0.657
8-Apr-13,0.705,0.681,0.71,0.678
9-Apr-13,0.7,0.702,0.715,0.686
10-Apr-13,0.734,0.702,0.742,0.694
11-Apr-13,0.728,0.734,0.747,0.716
12-Apr-13,0.689,0.729,0.729,0.687
13-Apr-13,0.689,0.689,0.689,0.689
15-Apr-13,0.679,0.691,0.7,0.671
16-Apr-13,0.702,0.684,0.711,0.678
17-Apr-13,0.697,0.702,0.71,0.676
18-Apr-13,0.695,0.694,0.706,0.684
19-Apr-13,0.707,0.702,0.713,0.695
20-Apr-13,0.706,0.706,0.706,0.706
22-Apr-13,0.69,0.71,0.723,0.686
23-Apr-13,0.697,0.692,0.7,0.653
24-Apr-13,0.692,0.7,0.71,0.685
25-Apr-13,0.711,0.713,0.725,0.705
26-Apr-13,0.682,0.711,0.713,0.678
27-Apr-13,0.682,0.682,0.682,0.682
29-Apr-13,0.676,0.682,0.687,0.671
30-Apr-13,0.678,0.676,0.679,0.65
1-May-13,0.654,0.674,0.679,0.639
2-May-13,0.646,0.652,0.67,0.644
3-May-13,0.727,0.646,0.734,0.646
4-May-13,0.727,0.727,0.727,0.727
6-May-13,0.739,0.727,0.748,0.719
7-May-13,0.748,0.734,0.756,0.727
8-May-13,0.744,0.747,0.761,0.735
9-May-13,0.749,0.742,0.752,0.726
10-May-13,0.817,0.75,0.833,0.75
11-May-13,0.817,0.817,0.817,0.817
13-May-13,0.821,0.841,0.842,0.805
14-May-13,0.859,0.817,0.862,0.804
15-May-13,0.828,0.856,0.865,0.815
16-May-13,0.786,0.828,0.84,0.768
17-May-13,0.832,0.788,0.841,0.77
18-May-13,0.832,0.832,0.832,0.832
20-May-13,0.837,0.837,0.85,0.809
21-May-13,0.819,0.834,0.861,0.813
22-May-13,0.896,0.817,0.901,0.779
23-May-13,0.893,0.909,0.93,0.847
24-May-13,0.888,0.897,0.906,0.869
25-May-13,0.888,0.888,0.888,0.888
28-May-13,1.018,0.905,1.023,0.903
29-May-13,0.99,1.02,1.089,0.987
30-May-13,1.013,1.016,1.051,0.995
31-May-13,1.024,1.01,1.09,0.97
1-Jun-13,1.024,1.024,1.024,1.024
3-Jun-13,1.032,1.043,1.077,0.979
4-Jun-13,1.058,1.027,1.061,1.015
5-Jun-13,1.021,1.06,1.061,1.003
6-Jun-13,1.008,1.023,1.045,0.947
7-Jun-13,1.097,1.003,1.102,0.976
8-Jun-13,1.097,1.097,1.097,1.097
10-Jun-13,1.125,1.1,1.141,1.076
11-Jun-13,1.112,1.126,1.203,1.097
12-Jun-13,1.141,1.11,1.148,1.092
13-Jun-13,1.055,1.148,1.148,1.045
14-Jun-13,1.026,1.052,1.055,1.002
15-Jun-13,1.026,1.026,1.026,1.026
16-Jun-13,1.026,1.026,1.026,1.026
17-Jun-13,1.054,1.042,1.068,1.002
18-Jun-13,1.057,1.06,1.086,1.042
19-Jun-13,1.247,1.059,1.28,1.037
20-Jun-13,1.308,1.275,1.357,1.258
21-Jun-13,1.429,1.291,1.436,1.275
22-Jun-13,1.429,1.429,1.429,1.429
23-Jun-13,1.429,1.429,1.429,1.429
24-Jun-13,1.453,1.428,1.558,1.411
25-Jun-13,1.492,1.43,1.495,1.38
26-Jun-13,1.422,1.505,1.505,1.39
27-Jun-13,1.385,1.447,1.46,1.377
28-Jun-13,1.396,1.38,1.455,1.347
29-Jun-13,1.396,1.396,1.396,1.396
1-Jul-13,1.38,1.403,1.453,1.375
2-Jul-13,1.378,1.385,1.403,1.359
3-Jul-13,1.416,1.38,1.421,1.323
4-Jul-13,1.416,1.416,1.416,1.416
5-Jul-13,1.609,1.427,1.614,1.424
6-Jul-13,1.609,1.609,1.609,1.609
8-Jul-13,1.504,1.609,1.634,1.499
9-Jul-13,1.494,1.506,1.527,1.476
10-Jul-13,1.521,1.499,1.532,1.452
11-Jul-13,1.391,1.406,1.432,1.383
12-Jul-13,1.424,1.39,1.436,1.349
13-Jul-13,1.424,1.424,1.424,1.424
15-Jul-13,1.38,1.424,1.46,1.373
16-Jul-13,1.372,1.377,1.393,1.354
17-Jul-13,1.311,1.373,1.393,1.282
18-Jul-13,1.332,1.31,1.349,1.285
19-Jul-13,1.296,1.329,1.345,1.296
20-Jul-13,1.296,1.296,1.296,1.296
22-Jul-13,1.301,1.295,1.316,1.275
23-Jul-13,1.311,1.301,1.337,1.296
24-Jul-13,1.377,1.311,1.41,1.311
25-Jul-13,1.38,1.411,1.446,1.372
26-Jul-13,1.37,1.383,1.393,1.355
27-Jul-13,1.37,1.37,1.37,1.37
29-Jul-13,1.383,1.362,1.395,1.351
30-Jul-13,1.39,1.388,1.396,1.364
31-Jul-13,1.386,1.385,1.481,1.375
1-Aug-13,1.489,1.383,1.5,1.377
2-Aug-13,1.357,1.495,1.527,1.355
3-Aug-13,1.357,1.357,1.357,1.357
5-Aug-13,1.386,1.36,1.406,1.357
6-Aug-13,1.39,1.385,1.403,1.372
7-Aug-13,1.369,1.385,1.388,1.355
8-Aug-13,1.359,1.368,1.378,1.344
9-Aug-13,1.355,1.368,1.375,1.347
10-Aug-13,1.355,1.355,1.355,1.355
11-Aug-13,1.352,1.355,1.355,1.35
12-Aug-13,1.385,1.355,1.388,1.337
13-Aug-13,1.482,1.393,1.488,1.388
14-Aug-13,1.472,1.482,1.486,1.447
15-Aug-13,1.52,1.464,1.577,1.46
16-Aug-13,1.561,1.52,1.611,1.513
18-Aug-13,1.578,1.578,1.579,1.574
19-Aug-13,1.609,1.578,1.622,1.573
20-Aug-13,1.545,1.601,1.606,1.535
21-Aug-13,1.641,1.551,1.646,1.536
22-Aug-13,1.681,1.649,1.703,1.635
23-Aug-13,1.623,1.684,1.727,1.607
25-Aug-13,1.628,1.628,1.63,1.628
26-Aug-13,1.59,1.628,1.653,1.582
27-Aug-13,1.52,1.595,1.608,1.515
28-Aug-13,1.577,1.53,1.602,1.52
29-Aug-13,1.611,1.617,1.673,1.591
30-Aug-13,1.646,1.613,1.651,1.587
1-Sep-13,1.646,1.646,1.646,1.646
2-Sep-13,1.693,1.698,1.698,1.69
3-Sep-13,1.682,1.698,1.74,1.652
4-Sep-13,1.743,1.684,1.751,1.669
5-Sep-13,1.851,1.746,1.854,1.74
6-Sep-13,1.758,1.848,1.864,1.689
7-Sep-13,1.758,1.758,1.758,1.758
8-Sep-13,1.765,1.758,1.767,1.758
9-Sep-13,1.717,1.763,1.77,1.691
10-Sep-13,1.769,1.722,1.777,1.717
11-Sep-13,1.708,1.77,1.775,1.698
12-Sep-13,1.709,1.714,1.716,1.661
13-Sep-13,1.698,1.718,1.772,1.686
15-Sep-13,1.698,1.698,1.698,1.698
16-Sep-13,1.627,1.698,1.698,1.553
17-Sep-13,1.61,1.628,1.63,1.591
18-Sep-13,1.429,1.604,1.66,1.403
19-Sep-13,1.487,1.426,1.493,1.385
20-Sep-13,1.482,1.487,1.516,1.456
22-Sep-13,1.482,1.482,1.482,1.482
23-Sep-13,1.449,1.482,1.507,1.442
24-Sep-13,1.424,1.452,1.456,1.401
25-Sep-13,1.388,1.428,1.434,1.38
26-Sep-13,1.432,1.43,1.453,1.412
27-Sep-13,1.404,1.432,1.454,1.383
29-Sep-13,1.364,1.404,1.404,1.36
30-Sep-13,1.385,1.362,1.421,1.36
1-Oct-13,1.429,1.386,1.43,1.385
2-Oct-13,1.38,1.435,1.437,1.365
3-Oct-13,1.357,1.377,1.411,1.339
4-Oct-13,1.411,1.362,1.417,1.362
6-Oct-13,1.395,1.393,1.395,1.393
7-Oct-13,1.403,1.393,1.409,1.367
8-Oct-13,1.427,1.396,1.434,1.383
9-Oct-13,1.422,1.398,1.44,1.395
10-Oct-13,1.426,1.427,1.473,1.422
11-Oct-13,1.419,1.429,1.439,1.39
14-Oct-13,1.457,1.462,1.462,1.452
15-Oct-13,1.434,1.455,1.459,1.418
16-Oct-13,1.391,1.447,1.472,1.388
17-Oct-13,1.334,1.395,1.395,1.318
18-Oct-13,1.336,1.339,1.342,1.29
20-Oct-13,1.339,1.337,1.34,1.337
21-Oct-13,1.354,1.34,1.367,1.327
22-Oct-13,1.283,1.355,1.36,1.28
23-Oct-13,1.282,1.277,1.288,1.254
24-Oct-13,1.298,1.286,1.306,1.267
25-Oct-13,1.283,1.296,1.303,1.273
27-Oct-13,1.285,1.283,1.285,1.283
28-Oct-13,1.288,1.286,1.304,1.273
29-Oct-13,1.265,1.283,1.294,1.262
30-Oct-13,1.316,1.292,1.329,1.25
31-Oct-13,1.326,1.32,1.347,1.278
1-Nov-13,1.373,1.333,1.383,1.329
3-Nov-13,1.373,1.373,1.373,1.373
4-Nov-13,1.354,1.36,1.365,1.344
5-Nov-13,1.383,1.352,1.405,1.344
6-Nov-13,1.338,1.38,1.385,1.318
7-Nov-13,1.307,1.333,1.336,1.276
8-Nov-13,1.415,1.309,1.435,1.27
11-Nov-13,1.425,1.415,1.425,1.415
12-Nov-13,1.455,1.425,1.461,1.417
13-Nov-13,1.379,1.448,1.451,1.345
14-Nov-13,1.33,1.351,1.379,1.325
15-Nov-13,1.345,1.333,1.366,1.33
17-Nov-13,1.355,1.345,1.358,1.345
18-Nov-13,1.314,1.355,1.36,1.307
19-Nov-13,1.357,1.315,1.361,1.311
20-Nov-13,1.38,1.348,1.385,1.312
21-Nov-13,1.365,1.383,1.408,1.343
22-Nov-13,1.349,1.363,1.38,1.347
24-Nov-13,1.357,1.355,1.357,1.355
25-Nov-13,1.335,1.358,1.373,1.335
26-Nov-13,1.311,1.329,1.349,1.301
27-Nov-13,1.367,1.344,1.398,1.339
28-Nov-13,1.377,1.365,1.38,1.365
29-Nov-13,1.372,1.375,1.398,1.364
1-Dec-13,1.373,1.372,1.375,1.372
2-Dec-13,1.416,1.375,1.439,1.372
3-Dec-13,1.396,1.418,1.429,1.385
4-Dec-13,1.442,1.398,1.46,1.391
5-Dec-13,1.487,1.441,1.49,1.428
6-Dec-13,1.489,1.488,1.545,1.464
8-Dec-13,1.499,1.492,1.502,1.492
9-Dec-13,1.484,1.497,1.502,1.471
10-Dec-13,1.454,1.485,1.489,1.444
11-Dec-13,1.502,1.469,1.504,1.451
12-Dec-13,1.534,1.504,1.542,1.489
13-Dec-13,1.531,1.535,1.552,1.519
15-Dec-13,1.538,1.538,1.538,1.534
16-Dec-13,1.534,1.536,1.539,1.511
17-Dec-13,1.496,1.531,1.534,1.492
18-Dec-13,1.543,1.5,1.601,1.47
19-Dec-13,1.637,1.582,1.685,1.577
20-Dec-13,1.677,1.649,1.714,1.637
22-Dec-13,1.67,1.67,1.67,1.67
23-Dec-13,1.698,1.677,1.744,1.67
24-Dec-13,1.736,1.696,1.747,1.678
25-Dec-13,1.759,1.736,1.759,1.736
26-Dec-13,1.744,1.736,1.759,1.716
27-Dec-13,1.738,1.736,1.756,1.711
29-Dec-13,1.739,1.739,1.741,1.739
30-Dec-13,1.706,1.737,1.752,1.706
31-Dec-13,1.748,1.721,1.749,1.716
1-Jan-14,1.748,1.748,1.748,1.748
2-Jan-14,1.72,1.751,1.806,1.712
3-Jan-14,1.735,1.718,1.737,1.702
5-Jan-14,1.748,1.737,1.753,1.737
6-Jan-14,1.692,1.75,1.75,1.686
7-Jan-14,1.681,1.691,1.7,1.674
8-Jan-14,1.764,1.687,1.77,1.686
9-Jan-14,1.75,1.76,1.777,1.737
10-Jan-14,1.622,1.754,1.755,1.617
12-Jan-14,1.622,1.622,1.622,1.622
13-Jan-14,1.594,1.632,1.632,1.581
14-Jan-14,1.648,1.594,1.651,1.589
15-Jan-14,1.673,1.65,1.7,1.635
16-Jan-14,1.642,1.676,1.678,1.632
17-Jan-14,1.627,1.643,1.655,1.617
20-Jan-14,1.63,1.625,1.632,1.625
21-Jan-14,1.647,1.63,1.68,1.629
22-Jan-14,1.702,1.649,1.702,1.647
23-Jan-14,1.602,1.707,1.707,1.571
24-Jan-14,1.543,1.602,1.611,1.493
26-Jan-14,1.546,1.543,1.546,1.543
27-Jan-14,1.569,1.548,1.593,1.545
28-Jan-14,1.558,1.579,1.611,1.546
29-Jan-14,1.498,1.588,1.599,1.485
30-Jan-14,1.512,1.508,1.546,1.497
31-Jan-14,1.492,1.547,1.552,1.49
2-Feb-14,1.51,1.508,1.51,1.507
3-Feb-14,1.438,1.51,1.52,1.43
4-Feb-14,1.469,1.446,1.474,1.433
5-Feb-14,1.492,1.466,1.495,1.422
6-Feb-14,1.521,1.489,1.525,1.485
7-Feb-14,1.469,1.516,1.544,1.436
9-Feb-14,1.47,1.472,1.472,1.469
10-Feb-14,1.474,1.469,1.479,1.446
11-Feb-14,1.534,1.485,1.538,1.482
12-Feb-14,1.564,1.528,1.582,1.523
13-Feb-14,1.505,1.562,1.564,1.502
14-Feb-14,1.526,1.515,1.535,1.484
17-Feb-14,1.53,1.53,1.533,1.53
18-Feb-14,1.48,1.531,1.536,1.47
19-Feb-14,1.518,1.479,1.518,1.446
20-Feb-14,1.54,1.512,1.559,1.47
21-Feb-14,1.535,1.543,1.574,1.53
23-Feb-14,1.539,1.541,1.541,1.539
24-Feb-14,1.544,1.539,1.566,1.518
25-Feb-14,1.515,1.548,1.549,1.503
26-Feb-14,1.477,1.52,1.528,1.475
27-Feb-14,1.482,1.505,1.508,1.467
28-Feb-14,1.503,1.487,1.549,1.48
2-Mar-14,1.454,1.507,1.507,1.454
3-Mar-14,1.459,1.456,1.5,1.449
4-Mar-14,1.538,1.462,1.541,1.461
5-Mar-14,1.546,1.531,1.567,1.523
6-Mar-14,1.57,1.541,1.584,1.536
7-Mar-14,1.638,1.574,1.664,1.557
9-Mar-14,1.64,1.638,1.645,1.638
10-Mar-14,1.623,1.64,1.653,1.617
11-Mar-14,1.617,1.63,1.643,1.605
12-Mar-14,1.59,1.613,1.62,1.566
13-Mar-14,1.521,1.594,1.627,1.51
14-Mar-14,1.536,1.523,1.551,1.485
16-Mar-14,1.526,1.53,1.53,1.526
17-Mar-14,1.569,1.528,1.576,1.526
18-Mar-14,1.548,1.572,1.576,1.538
19-Mar-14,1.708,1.549,1.748,1.535
20-Mar-14,1.702,1.703,1.735,1.687
21-Mar-14,1.71,1.702,1.732,1.696
23-Mar-14,1.725,1.707,1.725,1.707
24-Mar-14,1.732,1.727,1.774,1.719
25-Mar-14,1.731,1.739,1.744,1.706
26-Mar-14,1.674,1.729,1.739,1.662
27-Mar-14,1.717,1.702,1.74,1.697
28-Mar-14,1.75,1.713,1.75,1.702
30-Mar-14,1.756,1.756,1.758,1.756
31-Mar-14,1.72,1.758,1.786,1.718
1-Apr-14,1.733,1.728,1.748,1.725
2-Apr-14,1.796,1.738,1.801,1.737
3-Apr-14,1.798,1.799,1.799,1.773
4-Apr-14,1.702,1.798,1.811,1.696
6-Apr-14,1.699,1.697,1.699,1.696
7-Apr-14,1.679,1.701,1.709,1.656
8-Apr-14,1.668,1.686,1.697,1.658
9-Apr-14,1.625,1.674,1.711,1.625
10-Apr-14,1.591,1.627,1.63,1.548
11-Apr-14,1.577,1.587,1.607,1.553
13-Apr-14,1.548,1.577,1.577,1.544
14-Apr-14,1.613,1.546,1.615,1.546
15-Apr-14,1.622,1.613,1.64,1.587
16-Apr-14,1.65,1.617,1.66,1.615
17-Apr-14,1.731,1.65,1.741,1.633
20-Apr-14,1.734,1.731,1.736,1.728
21-Apr-14,1.721,1.736,1.751,1.703
22-Apr-14,1.733,1.724,1.751,1.708
23-Apr-14,1.721,1.736,1.739,1.686
24-Apr-14,1.74,1.753,1.779,1.725
25-Apr-14,1.725,1.738,1.741,1.695
27-Apr-14,1.732,1.733,1.733,1.73
28-Apr-14,1.748,1.733,1.763,1.713
29-Apr-14,1.74,1.75,1.769,1.735
30-Apr-14,1.677,1.736,1.755,1.676
1-May-14,1.659,1.686,1.695,1.64
2-May-14,1.666,1.661,1.765,1.643
4-May-14,1.666,1.666,1.666,1.666
5-May-14,1.677,1.656,1.687,1.645
6-May-14,1.679,1.681,1.701,1.669
7-May-14,1.651,1.681,1.704,1.637
8-May-14,1.62,1.658,1.664,1.615
9-May-14,1.628,1.627,1.641,1.61
11-May-14,1.635,1.635,1.637,1.633
12-May-14,1.665,1.637,1.664,1.635
13-May-14,1.615,1.664,1.673,1.613
14-May-14,1.567,1.62,1.625,1.535
15-May-14,1.53,1.564,1.6,1.507
16-May-14,1.554,1.531,1.559,1.526
18-May-14,1.554,1.554,1.556,1.554
19-May-14,1.548,1.556,1.556,1.511
20-May-14,1.511,1.548,1.554,1.498
21-May-14,1.526,1.506,1.552,1.49
22-May-14,1.544,1.531,1.556,1.529
23-May-14,1.529,1.547,1.551,1.519
25-May-14,1.529,1.529,1.529,1.529
26-May-14,1.536,1.537,1.539,1.534
27-May-14,1.529,1.536,1.555,1.524
28-May-14,1.481,1.527,1.531,1.465
29-May-14,1.534,1.508,1.534,1.466
30-May-14,1.539,1.526,1.559,1.521
1-Jun-14,1.547,1.546,1.547,1.546
2-Jun-14,1.591,1.549,1.605,1.538
3-Jun-14,1.642,1.592,1.646,1.583
4-Jun-14,1.644,1.639,1.659,1.613
5-Jun-14,1.625,1.634,1.671,1.6
6-Jun-14,1.649,1.62,1.654,1.58
8-Jun-14,1.648,1.648,1.649,1.646
9-Jun-14,1.681,1.649,1.692,1.649
10-Jun-14,1.711,1.678,1.717,1.666
11-Jun-14,1.699,1.719,1.727,1.681
12-Jun-14,1.683,1.706,1.719,1.645
13-Jun-14,1.695,1.698,1.738,1.685
15-Jun-14,1.701,1.706,1.706,1.701
16-Jun-14,1.698,1.701,1.71,1.683
17-Jun-14,1.751,1.701,1.755,1.691
18-Jun-14,1.675,1.753,1.758,1.665
19-Jun-14,1.68,1.668,1.71,1.645
20-Jun-14,1.682,1.677,1.719,1.668
22-Jun-14,1.69,1.687,1.69,1.685
23-Jun-14,1.704,1.692,1.705,1.677
24-Jun-14,1.669,1.699,1.711,1.669
25-Jun-14,1.656,1.669,1.681,1.616
26-Jun-14,1.651,1.684,1.695,1.636
27-Jun-14,1.638,1.646,1.646,1.62
29-Jun-14,1.633,1.633,1.635,1.633
30-Jun-14,1.633,1.635,1.653,1.623
1-Jul-14,1.659,1.633,1.664,1.627
2-Jul-14,1.71,1.659,1.712,1.651
3-Jul-14,1.74,1.707,1.783,1.702
6-Jul-14,1.765,1.762,1.765,1.762
7-Jul-14,1.732,1.763,1.77,1.73
8-Jul-14,1.694,1.735,1.74,1.681
9-Jul-14,1.673,1.694,1.75,1.669
10-Jul-14,1.653,1.674,1.678,1.605
11-Jul-14,1.64,1.655,1.673,1.623
12-Jul-14,1.64,1.64,1.64,1.64
13-Jul-14,1.643,1.64,1.645,1.64
14-Jul-14,1.671,1.645,1.678,1.643
15-Jul-14,1.691,1.674,1.707,1.641
16-Jul-14,1.694,1.689,1.712,1.674
17-Jul-14,1.615,1.689,1.689,1.612
18-Jul-14,1.666,1.622,1.678,1.617
20-Jul-14,1.666,1.666,1.666,1.666
21-Jul-14,1.679,1.671,1.684,1.648
22-Jul-14,1.656,1.683,1.699,1.653
23-Jul-14,1.65,1.656,1.668,1.64
24-Jul-14,1.694,1.65,1.709,1.645
25-Jul-14,1.676,1.693,1.718,1.673
27-Jul-14,1.681,1.676,1.683,1.676
28-Jul-14,1.705,1.683,1.711,1.681
29-Jul-14,1.69,1.71,1.718,1.68
30-Jul-14,1.771,1.704,1.804,1.704
31-Jul-14,1.756,1.773,1.807,1.753
1-Aug-14,1.664,1.758,1.789,1.655
2-Aug-14,1.664,1.664,1.664,1.664
3-Aug-14,1.669,1.669,1.669,1.668
4-Aug-14,1.651,1.668,1.682,1.64
5-Aug-14,1.666,1.653,1.694,1.64
6-Aug-14,1.645,1.664,1.674,1.62
7-Aug-14,1.595,1.65,1.663,1.594
8-Aug-14,1.62,1.604,1.625,1.535
10-Aug-14,1.63,1.62,1.632,1.62
11-Aug-14,1.617,1.628,1.64,1.607
12-Aug-14,1.618,1.618,1.627,1.6
13-Aug-14,1.582,1.627,1.646,1.571
14-Aug-14,1.571,1.579,1.59,1.543
15-Aug-14,1.538,1.577,1.584,1.495
17-Aug-14,1.558,1.538,1.559,1.538
18-Aug-14,1.574,1.556,1.577,1.549
19-Aug-14,1.58,1.577,1.582,1.543
20-Aug-14,1.631,1.577,1.64,1.574
21-Aug-14,1.631,1.635,1.645,1.613
22-Aug-14,1.661,1.633,1.685,1.605
24-Aug-14,1.668,1.668,1.668,1.663
25-Aug-14,1.668,1.668,1.686,1.645
26-Aug-14,1.661,1.666,1.671,1.643
27-Aug-14,1.638,1.656,1.658,1.627
28-Aug-14,1.631,1.65,1.651,1.613
29-Aug-14,1.627,1.635,1.645,1.618
31-Aug-14,1.627,1.627,1.627,1.627
1-Sep-14,1.638,1.627,1.64,1.627
2-Sep-14,1.687,1.638,1.689,1.636
3-Sep-14,1.676,1.686,1.738,1.673
4-Sep-14,1.715,1.679,1.725,1.646
5-Sep-14,1.691,1.724,1.743,1.628
7-Sep-14,1.686,1.686,1.687,1.686
8-Sep-14,1.717,1.686,1.722,1.661
9-Sep-14,1.76,1.73,1.77,1.729
10-Sep-14,1.79,1.76,1.79,1.753
11-Sep-14,1.79,1.783,1.793,1.752
12-Sep-14,1.817,1.787,1.827,1.787
13-Sep-14,1.817,1.817,1.817,1.817
14-Sep-14,1.817,1.817,1.817,1.817
15-Sep-14,1.794,1.817,1.859,1.789
16-Sep-14,1.776,1.787,1.792,1.759
17-Sep-14,1.829,1.772,1.834,1.734
18-Sep-14,1.832,1.842,1.874,1.826
19-Sep-14,1.816,1.844,1.879,1.813
21-Sep-14,1.804,1.816,1.816,1.804
22-Sep-14,1.783,1.806,1.811,1.774
23-Sep-14,1.759,1.776,1.784,1.759
24-Sep-14,1.798,1.763,1.801,1.763
25-Sep-14,1.752,1.816,1.816,1.752
26-Sep-14,1.796,1.757,1.816,1.745
27-Sep-14,1.796,1.796,1.796,1.796
28-Sep-14,1.798,1.796,1.801,1.794
29-Sep-14,1.758,1.799,1.811,1.757
30-Sep-14,1.763,1.763,1.801,1.758
1-Oct-14,1.673,1.771,1.775,1.668
2-Oct-14,1.696,1.673,1.704,1.648
3-Oct-14,1.72,1.694,1.768,1.686
5-Oct-14,1.732,1.737,1.737,1.732
6-Oct-14,1.692,1.732,1.738,1.678
7-Oct-14,1.624,1.697,1.704,1.622
8-Oct-14,1.547,1.635,1.656,1.54
9-Oct-14,1.57,1.563,1.579,1.511
10-Oct-14,1.537,1.563,1.606,1.533
13-Oct-14,1.473,1.468,1.476,1.468
14-Oct-14,1.444,1.475,1.499,1.416
15-Oct-14,1.332,1.452,1.474,1.115
16-Oct-14,1.37,1.309,1.399,1.198
17-Oct-14,1.42,1.382,1.438,1.343
19-Oct-14,1.443,1.42,1.444,1.42
20-Oct-14,1.405,1.443,1.449,1.382
21-Oct-14,1.433,1.395,1.439,1.35
22-Oct-14,1.428,1.424,1.464,1.39
23-Oct-14,1.494,1.426,1.516,1.411
24-Oct-14,1.492,1.496,1.505,1.452
26-Oct-14,1.515,1.514,1.515,1.514
27-Oct-14,1.486,1.514,1.525,1.473
28-Oct-14,1.518,1.494,1.52,1.479
29-Oct-14,1.589,1.515,1.617,1.502
30-Oct-14,1.577,1.593,1.619,1.567
31-Oct-14,1.609,1.575,1.633,1.562
2-Nov-14,1.61,1.61,1.61,1.61
3-Nov-14,1.631,1.596,1.666,1.587
4-Nov-14,1.628,1.624,1.639,1.6
5-Nov-14,1.633,1.631,1.662,1.624
6-Nov-14,1.671,1.634,1.679,1.613
7-Nov-14,1.587,1.677,1.701,1.585
9-Nov-14,1.59,1.592,1.592,1.59
10-Nov-14,1.64,1.59,1.645,1.549
11-Nov-14,1.658,1.661,1.661,1.656
12-Nov-14,1.653,1.66,1.661,1.605
13-Nov-14,1.625,1.651,1.661,1.62
14-Nov-14,1.605,1.625,1.667,1.597
16-Nov-14,1.597,1.605,1.609,1.597
17-Nov-14,1.627,1.599,1.63,1.566
18-Nov-14,1.607,1.62,1.627,1.599
19-Nov-14,1.642,1.605,1.66,1.605
20-Nov-14,1.629,1.644,1.645,1.591
21-Nov-14,1.609,1.632,1.649,1.606
23-Nov-14,1.609,1.609,1.609,1.609
24-Nov-14,1.601,1.612,1.636,1.594
25-Nov-14,1.569,1.597,1.621,1.568
26-Nov-14,1.56,1.578,1.582,1.546
27-Nov-14,1.533,1.541,1.541,1.529
28-Nov-14,1.494,1.534,1.542,1.479
30-Nov-14,1.493,1.493,1.493,1.487
1-Dec-14,1.538,1.495,1.542,1.454
2-Dec-14,1.595,1.536,1.596,1.533
3-Dec-14,1.606,1.593,1.621,1.585
4-Dec-14,1.575,1.605,1.623,1.574
5-Dec-14,1.681,1.582,1.699,1.58
7-Dec-14,1.694,1.681,1.702,1.681
8-Dec-14,1.666,1.694,1.73,1.644
9-Dec-14,1.617,1.668,1.677,1.594
10-Dec-14,1.567,1.628,1.638,1.554
11-Dec-14,1.599,1.564,1.638,1.539
12-Dec-14,1.513,1.602,1.607,1.493
14-Dec-14,1.51,1.513,1.513,1.51
15-Dec-14,1.569,1.508,1.582,1.502
16-Dec-14,1.518,1.569,1.571,1.433
17-Dec-14,1.609,1.512,1.617,1.5
18-Dec-14,1.662,1.625,1.678,1.584
19-Dec-14,1.645,1.665,1.678,1.63
21-Dec-14,1.652,1.645,1.654,1.645
22-Dec-14,1.66,1.65,1.674,1.632
23-Dec-14,1.742,1.654,1.744,1.651
24-Dec-14,1.764,1.75,1.791,1.725
25-Dec-14,1.761,1.761,1.761,1.761
26-Dec-14,1.759,1.759,1.766,1.741
28-Dec-14,1.755,1.759,1.759,1.755
29-Dec-14,1.71,1.753,1.763,1.705
30-Dec-14,1.682,1.709,1.71,1.668
31-Dec-14,1.653,1.677,1.677,1.651
1-Jan-15,1.653,1.653,1.653,1.653
2-Jan-15,1.609,1.689,1.705,1.6
4-Jan-15,1.599,1.599,1.6,1.599
5-Jan-15,1.568,1.6,1.637,1.56
6-Jan-15,1.478,1.568,1.569,1.408
7-Jan-15,1.478,1.476,1.522,1.455
8-Jan-15,1.494,1.486,1.517,1.48
9-Jan-15,1.422,1.496,1.507,1.404
11-Jan-15,1.422,1.422,1.422,1.422
12-Jan-15,1.383,1.434,1.442,1.38
13-Jan-15,1.372,1.382,1.409,1.334
14-Jan-15,1.32,1.372,1.373,1.247
15-Jan-15,1.177,1.324,1.372,1.152
16-Jan-15,1.294,1.169,1.306,1.156
19-Jan-15,1.259,1.267,1.267,1.256
20-Jan-15,1.286,1.259,1.307,1.241
21-Jan-15,1.354,1.289,1.354,1.265
22-Jan-15,1.372,1.348,1.411,1.299
23-Jan-15,1.308,1.374,1.374,1.283
25-Jan-15,1.279,1.282,1.285,1.277
26-Jan-15,1.344,1.28,1.363,1.277
27-Jan-15,1.339,1.344,1.35,1.272
28-Jan-15,1.239,1.331,1.349,1.224
29-Jan-15,1.271,1.247,1.304,1.239
30-Jan-15,1.153,1.284,1.284,1.153
1-Feb-15,1.171,1.153,1.173,1.153
2-Feb-15,1.187,1.173,1.218,1.164
3-Feb-15,1.292,1.184,1.297,1.169
4-Feb-15,1.244,1.287,1.336,1.234
5-Feb-15,1.304,1.229,1.328,1.222
6-Feb-15,1.482,1.302,1.49,1.276
8-Feb-15,1.466,1.482,1.482,1.461
9-Feb-15,1.507,1.464,1.512,1.416
10-Feb-15,1.519,1.497,1.543,1.487
11-Feb-15,1.547,1.489,1.554,1.484
12-Feb-15,1.494,1.525,1.565,1.479
13-Feb-15,1.536,1.499,1.543,1.489
16-Feb-15,1.498,1.5,1.503,1.498
17-Feb-15,1.609,1.5,1.636,1.491
18-Feb-15,1.525,1.609,1.646,1.492
19-Feb-15,1.583,1.52,1.586,1.488
20-Feb-15,1.59,1.583,1.617,1.509
22-Feb-15,1.592,1.59,1.595,1.59
23-Feb-15,1.542,1.59,1.609,1.54
24-Feb-15,1.451,1.55,1.601,1.449
25-Feb-15,1.458,1.464,1.484,1.441
26-Feb-15,1.54,1.473,1.548,1.435
27-Feb-15,1.5,1.53,1.558,1.494
1-Mar-15,1.512,1.515,1.517,1.512
2-Mar-15,1.579,1.512,1.582,1.494
3-Mar-15,1.609,1.573,1.619,1.564
4-Mar-15,1.589,1.609,1.624,1.579
5-Mar-15,1.576,1.578,1.611,1.56
6-Mar-15,1.697,1.579,1.711,1.539
8-Mar-15,1.706,1.707,1.707,1.704
9-Mar-15,1.649,1.706,1.706,1.646
10-Mar-15,1.601,1.656,1.669,1.583
11-Mar-15,1.605,1.605,1.645,1.582
12-Mar-15,1.59,1.602,1.615,1.528
13-Mar-15,1.587,1.595,1.627,1.554
15-Mar-15,1.579,1.579,1.579,1.579
16-Mar-15,1.554,1.579,1.589,1.538
17-Mar-15,1.554,1.564,1.564,1.521
18-Mar-15,1.391,1.559,1.591,1.37
19-Mar-15,1.474,1.385,1.488,1.365
20-Mar-15,1.416,1.46,1.47,1.408
22-Mar-15,1.41,1.414,1.414,1.41
23-Mar-15,1.39,1.41,1.424,1.385
24-Mar-15,1.36,1.398,1.41,1.355
25-Mar-15,1.415,1.367,1.421,1.34
26-Mar-15,1.466,1.416,1.481,1.386
27-Mar-15,1.433,1.463,1.468,1.414
29-Mar-15,1.427,1.434,1.434,1.425
30-Mar-15,1.409,1.425,1.443,1.398
31-Mar-15,1.372,1.408,1.414,1.37
1-Apr-15,1.321,1.383,1.399,1.313
2-Apr-15,1.352,1.323,1.354,1.294
3-Apr-15,1.258,1.339,1.355,1.239
5-Apr-15,1.25,1.248,1.25,1.247
6-Apr-15,1.305,1.339,1.355,1.239
7-Apr-15,1.325,1.305,1.349,1.302
8-Apr-15,1.347,1.326,1.368,1.308
9-Apr-15,1.399,1.344,1.403,1.321
10-Apr-15,1.396,1.4,1.408,1.37
12-Apr-15,1.401,1.4,1.401,1.4
13-Apr-15,1.37,1.4,1.427,1.367
14-Apr-15,1.341,1.365,1.375,1.301
15-Apr-15,1.316,1.331,1.347,1.308
16-Apr-15,1.303,1.323,1.342,1.285
17-Apr-15,1.308,1.301,1.334,1.26
19-Apr-15,1.311,1.308,1.313,1.308
20-Apr-15,1.318,1.311,1.334,1.29
21-Apr-15,1.334,1.316,1.344,1.301
22-Apr-15,1.396,1.334,1.403,1.321
23-Apr-15,1.363,1.396,1.401,1.349
24-Apr-15,1.317,1.37,1.383,1.316
26-Apr-15,1.317,1.317,1.317,1.316
27-Apr-15,1.342,1.316,1.36,1.309
28-Apr-15,1.401,1.342,1.405,1.332
29-Apr-15,1.425,1.393,1.474,1.386
30-Apr-15,1.43,1.421,1.507,1.409
1-May-15,1.499,1.443,1.51,1.44
3-May-15,1.499,1.499,1.499,1.499
4-May-15,1.504,1.522,1.524,1.471
5-May-15,1.548,1.512,1.56,1.476
6-May-15,1.593,1.55,1.596,1.537
7-May-15,1.557,1.583,1.652,1.542
8-May-15,1.485,1.558,1.58,1.454
10-May-15,1.483,1.49,1.49,1.483
11-May-15,1.602,1.481,1.603,1.476
12-May-15,1.56,1.598,1.673,1.556
13-May-15,1.572,1.57,1.579,1.496
14-May-15,1.508,1.562,1.575,1.501
15-May-15,1.464,1.508,1.511,1.446
17-May-15,1.465,1.465,1.465,1.464
18-May-15,1.536,1.465,1.541,1.455
19-May-15,1.604,1.535,1.609,1.487
20-May-15,1.558,1.599,1.599,1.538
21-May-15,1.515,1.555,1.566,1.508
22-May-15,1.562,1.515,1.593,1.492
25-May-15,1.565,1.562,1.565,1.56
26-May-15,1.524,1.565,1.587,1.519
27-May-15,1.529,1.532,1.565,1.522
28-May-15,1.516,1.539,1.542,1.502
29-May-15,1.485,1.515,1.52,1.466
30-May-15,1.485,1.485,1.485,1.485
31-May-15,1.49,1.489,1.492,1.487
1-Jun-15,1.549,1.49,1.559,1.471
2-Jun-15,1.608,1.549,1.621,1.544
3-Jun-15,1.685,1.606,1.7,1.601
4-Jun-15,1.643,1.685,1.735,1.633
5-Jun-15,1.744,1.646,1.79,1.646
7-Jun-15,1.753,1.743,1.757,1.743
8-Jun-15,1.707,1.752,1.753,1.697
9-Jun-15,1.757,1.714,1.769,1.683
10-Jun-15,1.787,1.752,1.8,1.75
11-Jun-15,1.729,1.78,1.811,1.724
12-Jun-15,1.743,1.734,1.759,1.695
14-Jun-15,1.706,1.709,1.711,1.704
15-Jun-15,1.705,1.704,1.72,1.661
16-Jun-15,1.662,1.698,1.701,1.658
17-Jun-15,1.63,1.66,1.753,1.61
18-Jun-15,1.627,1.609,1.677,1.574
19-Jun-15,1.574,1.62,1.624,1.564
21-Jun-15,1.601,1.607,1.609,1.601
22-Jun-15,1.669,1.599,1.669,1.594
23-Jun-15,1.697,1.669,1.711,1.661
24-Jun-15,1.669,1.689,1.711,1.661
25-Jun-15,1.713,1.679,1.738,1.677
26-Jun-15,1.756,1.705,1.766,1.697
28-Jun-15,1.6,1.599,1.605,1.599
29-Jun-15,1.623,1.599,1.694,1.586
30-Jun-15,1.641,1.623,1.669,1.607
1-Jul-15,1.71,1.651,1.718,1.64
2-Jul-15,1.631,1.714,1.752,1.62
5-Jul-15,1.532,1.525,1.533,1.525
6-Jul-15,1.56,1.533,1.607,1.527
7-Jul-15,1.545,1.568,1.581,1.473
8-Jul-15,1.492,1.545,1.545,1.473
9-Jul-15,1.584,1.491,1.587,1.481
10-Jul-15,1.659,1.617,1.688,1.597
12-Jul-15,1.651,1.66,1.66,1.65
13-Jul-15,1.714,1.65,1.724,1.638
14-Jul-15,1.655,1.714,1.721,1.646
15-Jul-15,1.63,1.648,1.704,1.615
16-Jul-15,1.655,1.645,1.686,1.637
17-Jul-15,1.671,1.661,1.696,1.646
18-Jul-15,1.671,1.671,1.671,1.671
19-Jul-15,1.671,1.671,1.671,1.671
20-Jul-15,1.711,1.688,1.723,1.676
21-Jul-15,1.656,1.704,1.724,1.655
22-Jul-15,1.673,1.663,1.675,1.645
23-Jul-15,1.635,1.675,1.694,1.63
24-Jul-15,1.618,1.645,1.648,1.6
26-Jul-15,1.617,1.618,1.618,1.615
27-Jul-15,1.562,1.617,1.618,1.557
28-Jul-15,1.59,1.569,1.61,1.565
29-Jul-15,1.618,1.598,1.63,1.59
30-Jul-15,1.617,1.628,1.676,1.617
31-Jul-15,1.534,1.623,1.653,1.529
2-Aug-15,1.543,1.542,1.543,1.542
3-Aug-15,1.517,1.543,1.563,1.503
4-Aug-15,1.605,1.514,1.61,1.512
5-Aug-15,1.645,1.617,1.671,1.592
6-Aug-15,1.615,1.645,1.65,1.599
7-Aug-15,1.574,1.618,1.65,1.571
9-Aug-15,1.586,1.581,1.586,1.581
10-Aug-15,1.615,1.587,1.627,1.586
11-Aug-15,1.525,1.615,1.617,1.499
12-Aug-15,1.522,1.535,1.541,1.43
13-Aug-15,1.576,1.513,1.581,1.476
14-Aug-15,1.599,1.574,1.612,1.553
16-Aug-15,1.595,1.587,1.595,1.587
17-Aug-15,1.567,1.597,1.6,1.544
18-Aug-15,1.579,1.562,1.592,1.536
19-Aug-15,1.505,1.581,1.613,1.487
20-Aug-15,1.474,1.505,1.507,1.47
21-Aug-15,1.431,1.482,1.482,1.418
23-Aug-15,1.414,1.418,1.421,1.413
24-Aug-15,1.378,1.414,1.423,1.292
25-Aug-15,1.424,1.38,1.481,1.375
26-Aug-15,1.485,1.401,1.508,1.395
27-Aug-15,1.507,1.481,1.531,1.461
28-Aug-15,1.518,1.505,1.533,1.451
30-Aug-15,1.543,1.543,1.543,1.538
31-Aug-15,1.548,1.541,1.551,1.484
1-Sep-15,1.494,1.546,1.546,1.482
2-Sep-15,1.514,1.494,1.528,1.476
3-Sep-15,1.483,1.504,1.52,1.469
4-Sep-15,1.471,1.487,1.509,1.432
7-Sep-15,1.489,1.486,1.491,1.486
8-Sep-15,1.517,1.489,1.531,1.463
9-Sep-15,1.529,1.522,1.575,1.509
10-Sep-15,1.55,1.517,1.562,1.506
11-Sep-15,1.511,1.547,1.55,1.501
13-Sep-15,1.528,1.519,1.528,1.519
14-Sep-15,1.508,1.526,1.528,1.493
15-Sep-15,1.615,1.513,1.617,1.493
16-Sep-15,1.611,1.6,1.617,1.572
17-Sep-15,1.478,1.61,1.612,1.475
18-Sep-15,1.439,1.485,1.488,1.431
20-Sep-15,1.439,1.439,1.439,1.439
21-Sep-15,1.492,1.459,1.505,1.459
22-Sep-15,1.429,1.494,1.494,1.413
23-Sep-15,1.446,1.423,1.462,1.421
24-Sep-15,1.453,1.474,1.487,1.409
25-Sep-15,1.476,1.489,1.531,1.469
27-Sep-15,1.473,1.476,1.476,1.471
28-Sep-15,1.421,1.474,1.482,1.417
29-Sep-15,1.385,1.419,1.438,1.367
30-Sep-15,1.355,1.386,1.424,1.354
1-Oct-15,1.37,1.364,1.391,1.341
2-Oct-15,1.291,1.377,1.395,1.213
3-Oct-15,1.291,1.291,1.291,1.291
4-Oct-15,1.286,1.291,1.291,1.284
5-Oct-15,1.344,1.286,1.351,1.274
6-Oct-15,1.329,1.339,1.359,1.321
7-Oct-15,1.369,1.329,1.382,1.325
8-Oct-15,1.396,1.37,1.414,1.334
9-Oct-15,1.399,1.391,1.436,1.377
12-Oct-15,1.385,1.4,1.4,1.383
13-Oct-15,1.351,1.383,1.39,1.347
14-Oct-15,1.271,1.359,1.359,1.269
15-Oct-15,1.333,1.276,1.339,1.274
16-Oct-15,1.352,1.339,1.357,1.314
18-Oct-15,1.345,1.352,1.352,1.345
19-Oct-15,1.342,1.344,1.373,1.334
20-Oct-15,1.39,1.34,1.398,1.336
21-Oct-15,1.357,1.383,1.393,1.344
22-Oct-15,1.35,1.354,1.378,1.332
23-Oct-15,1.418,1.365,1.426,1.354
25-Oct-15,1.416,1.418,1.418,1.414
26-Oct-15,1.395,1.416,1.426,1.39
27-Oct-15,1.365,1.391,1.398,1.342
28-Oct-15,1.462,1.37,1.472,1.365
29-Oct-15,1.53,1.479,1.536,1.461
30-Oct-15,1.522,1.518,1.558,1.507
1-Nov-15,1.515,1.522,1.522,1.515
2-Nov-15,1.558,1.517,1.568,1.512
3-Nov-15,1.594,1.55,1.602,1.527
4-Nov-15,1.634,1.589,1.652,1.583
5-Nov-15,1.634,1.635,1.664,1.619
6-Nov-15,1.732,1.634,1.774,1.624
8-Nov-15,1.737,1.737,1.74,1.737
9-Nov-15,1.746,1.735,1.779,1.732
10-Nov-15,1.714,1.739,1.741,1.696
11-Nov-15,1.719,1.719,1.719,1.718
12-Nov-15,1.714,1.718,1.735,1.698
13-Nov-15,1.66,1.724,1.727,1.653
15-Nov-15,1.625,1.66,1.66,1.624
16-Nov-15,1.655,1.627,1.659,1.619
17-Nov-15,1.655,1.662,1.702,1.642
18-Nov-15,1.686,1.666,1.706,1.652
19-Nov-15,1.672,1.684,1.699,1.656
20-Nov-15,1.691,1.684,1.693,1.658
22-Nov-15,1.691,1.691,1.691,1.691
23-Nov-15,1.675,1.705,1.732,1.67
24-Nov-15,1.663,1.676,1.687,1.637
25-Nov-15,1.671,1.672,1.687,1.656
26-Nov-15,1.661,1.659,1.661,1.645
27-Nov-15,1.648,1.658,1.664,1.64
29-Nov-15,1.645,1.648,1.648,1.645
30-Nov-15,1.646,1.646,1.682,1.645
1-Dec-15,1.589,1.653,1.677,1.582
2-Dec-15,1.633,1.602,1.656,1.6
3-Dec-15,1.738,1.643,1.773,1.633
4-Dec-15,1.709,1.725,1.781,1.691
6-Dec-15,1.719,1.709,1.722,1.709
7-Dec-15,1.679,1.719,1.73,1.66
8-Dec-15,1.664,1.676,1.692,1.648
9-Dec-15,1.638,1.671,1.694,1.623
10-Dec-15,1.679,1.643,1.681,1.637
11-Dec-15,1.559,1.681,1.688,1.553
13-Dec-15,1.584,1.559,1.584,1.559
14-Dec-15,1.655,1.587,1.656,1.574
15-Dec-15,1.696,1.655,1.712,1.633
16-Dec-15,1.749,1.696,1.776,1.683
17-Dec-15,1.703,1.741,1.742,1.701
18-Dec-15,1.676,1.711,1.714,1.656
20-Dec-15,1.678,1.681,1.681,1.678
21-Dec-15,1.67,1.678,1.701,1.65
22-Dec-15,1.706,1.671,1.708,1.658
23-Dec-15,1.724,1.704,1.734,1.704
24-Dec-15,1.716,1.724,1.735,1.713
27-Dec-15,1.731,1.716,1.731,1.716
28-Dec-15,1.718,1.731,1.766,1.7
29-Dec-15,1.79,1.72,1.798,1.713
30-Dec-15,1.793,1.801,1.829,1.789
31-Dec-15,1.758,1.801,1.803,1.755
3-Jan-16,1.778,1.758,1.778,1.758
4-Jan-16,1.732,1.78,1.78,1.697
5-Jan-16,1.716,1.734,1.755,1.704
6-Jan-16,1.643,1.714,1.722,1.642
7-Jan-16,1.603,1.658,1.67,1.591
8-Jan-16,1.56,1.612,1.678,1.556
10-Jan-16,1.56,1.56,1.56,1.56
11-Jan-16,1.594,1.564,1.612,1.561
12-Jan-16,1.542,1.594,1.625,1.512
13-Jan-16,1.527,1.559,1.584,1.483
14-Jan-16,1.51,1.512,1.545,1.481
15-Jan-16,1.456,1.527,1.527,1.389
18-Jan-16,1.459,1.454,1.459,1.454
19-Jan-16,1.484,1.461,1.506,1.453
20-Jan-16,1.42,1.482,1.484,1.373
21-Jan-16,1.441,1.428,1.454,1.384
22-Jan-16,1.484,1.451,1.509,1.431
24-Jan-16,1.494,1.485,1.496,1.485
25-Jan-16,1.442,1.493,1.499,1.44
26-Jan-16,1.435,1.442,1.461,1.396
27-Jan-16,1.415,1.424,1.491,1.409
28-Jan-16,1.401,1.416,1.46,1.396
29-Jan-16,1.33,1.408,1.412,1.325
31-Jan-16,1.343,1.33,1.346,1.33
1-Feb-16,1.367,1.344,1.385,1.313
2-Feb-16,1.274,1.359,1.367,1.262
3-Feb-16,1.271,1.271,1.309,1.195
4-Feb-16,1.234,1.268,1.292,1.229
5-Feb-16,1.247,1.236,1.297,1.209
7-Feb-16,1.256,1.247,1.258,1.247
8-Feb-16,1.163,1.256,1.274,1.148
9-Feb-16,1.156,1.155,1.174,1.1
10-Feb-16,1.125,1.158,1.208,1.122
11-Feb-16,1.137,1.122,1.141,0.976
12-Feb-16,1.206,1.137,1.219,1.12
14-Feb-16,1.206,1.206,1.206,1.206
15-Feb-16,1.233,1.206,1.236,1.206
16-Feb-16,1.22,1.232,1.256,1.194
17-Feb-16,1.262,1.223,1.29,1.184
18-Feb-16,1.197,1.257,1.277,1.194
19-Feb-16,1.221,1.194,1.257,1.174
21-Feb-16,1.226,1.221,1.228,1.221
22-Feb-16,1.236,1.228,1.268,1.223
23-Feb-16,1.193,1.239,1.283,1.192
24-Feb-16,1.223,1.197,1.226,1.127
25-Feb-16,1.167,1.211,1.224,1.136
26-Feb-16,1.24,1.178,1.261,1.172
28-Feb-16,1.238,1.24,1.24,1.235
29-Feb-16,1.217,1.238,1.258,1.209
1-Mar-16,1.316,1.214,1.32,1.185
2-Mar-16,1.336,1.305,1.365,1.293
3-Mar-16,1.343,1.331,1.364,1.318
4-Mar-16,1.376,1.341,1.402,1.325
6-Mar-16,1.387,1.376,1.389,1.376
7-Mar-16,1.414,1.387,1.427,1.386
8-Mar-16,1.343,1.42,1.42,1.327
9-Mar-16,1.384,1.34,1.402,1.337
10-Mar-16,1.449,1.383,1.46,1.353
11-Mar-16,1.489,1.444,1.499,1.432
13-Mar-16,1.489,1.482,1.489,1.482
14-Mar-16,1.481,1.49,1.499,1.459
15-Mar-16,1.493,1.479,1.497,1.438
16-Mar-16,1.385,1.493,1.534,1.38
17-Mar-16,1.374,1.377,1.397,1.323
18-Mar-16,1.335,1.377,1.377,1.328
20-Mar-16,1.335,1.335,1.335,1.335
21-Mar-16,1.378,1.297,1.381,1.297
22-Mar-16,1.416,1.378,1.418,1.342
23-Mar-16,1.357,1.423,1.428,1.348
24-Mar-16,1.379,1.361,1.38,1.344
27-Mar-16,1.398,1.378,1.398,1.378
28-Mar-16,1.364,1.398,1.4,1.347
29-Mar-16,1.268,1.364,1.377,1.266
30-Mar-16,1.263,1.295,1.313,1.257
31-Mar-16,1.206,1.25,1.273,1.205
1-Apr-16,1.224,1.219,1.263,1.211
3-Apr-16,1.214,1.224,1.224,1.214
4-Apr-16,1.206,1.214,1.239,1.201
5-Apr-16,1.172,1.208,1.209,1.168
6-Apr-16,1.203,1.187,1.224,1.177
7-Apr-16,1.133,1.203,1.211,1.133
8-Apr-16,1.153,1.15,1.18,1.15
10-Apr-16,1.167,1.153,1.169,1.153
11-Apr-16,1.157,1.166,1.185,1.14
12-Apr-16,1.211,1.161,1.216,1.159
13-Apr-16,1.216,1.216,1.237,1.198
14-Apr-16,1.252,1.222,1.258,1.204
15-Apr-16,1.212,1.245,1.258,1.198
17-Apr-16,1.19,1.212,1.212,1.186
18-Apr-16,1.229,1.188,1.238,1.181
19-Apr-16,1.255,1.242,1.265,1.234
20-Apr-16,1.312,1.248,1.325,1.224
21-Apr-16,1.332,1.309,1.353,1.304
22-Apr-16,1.36,1.335,1.367,1.317
24-Apr-16,1.363,1.367,1.367,1.363
25-Apr-16,1.378,1.363,1.378,1.332
26-Apr-16,1.393,1.37,1.405,1.357
27-Apr-16,1.32,1.395,1.398,1.318
28-Apr-16,1.289,1.305,1.341,1.283
29-Apr-16,1.294,1.302,1.333,1.275
1-May-16,1.286,1.288,1.289,1.284
2-May-16,1.321,1.288,1.325,1.27
3-May-16,1.252,1.305,1.307,1.234
4-May-16,1.234,1.258,1.274,1.228
5-May-16,1.198,1.248,1.265,1.192
6-May-16,1.23,1.213,1.24,1.155
8-May-16,1.239,1.239,1.239,1.234
9-May-16,1.195,1.239,1.24,1.188
10-May-16,1.203,1.2,1.222,1.195
11-May-16,1.201,1.214,1.221,1.179
12-May-16,1.235,1.203,1.25,1.194
13-May-16,1.207,1.238,1.256,1.206
15-May-16,1.204,1.201,1.207,1.201
16-May-16,1.264,1.204,1.264,1.204
17-May-16,1.298,1.262,1.301,1.253
18-May-16,1.39,1.301,1.413,1.293
19-May-16,1.375,1.382,1.419,1.362
20-May-16,1.367,1.375,1.395,1.362
22-May-16,1.36,1.367,1.367,1.36
23-May-16,1.37,1.359,1.391,1.35
24-May-16,1.406,1.375,1.416,1.36
25-May-16,1.408,1.403,1.424,1.398
26-May-16,1.349,1.395,1.401,1.343
27-May-16,1.386,1.351,1.39,1.344
30-May-16,1.404,1.411,1.411,1.404
31-May-16,1.38,1.403,1.422,1.357
1-Jun-16,1.383,1.373,1.39,1.339
2-Jun-16,1.349,1.383,1.388,1.347
3-Jun-16,1.229,1.362,1.367,1.223
5-Jun-16,1.234,1.229,1.234,1.227
6-Jun-16,1.253,1.236,1.276,1.231
7-Jun-16,1.231,1.247,1.258,1.216
8-Jun-16,1.232,1.234,1.242,1.217
9-Jun-16,1.218,1.23,1.235,1.198
10-Jun-16,1.169,1.217,1.221,1.157
12-Jun-16,1.148,1.151,1.151,1.148
13-Jun-16,1.131,1.149,1.161,1.122
14-Jun-16,1.138,1.128,1.146,1.081
15-Jun-16,1.075,1.138,1.162,1.07
16-Jun-16,1.091,1.065,1.095,1.033
17-Jun-16,1.116,1.104,1.126,1.089
19-Jun-16,1.16,1.156,1.161,1.155
20-Jun-16,1.171,1.161,1.184,1.145
21-Jun-16,1.2,1.166,1.202,1.155
22-Jun-16,1.198,1.214,1.225,1.193
23-Jun-16,1.259,1.215,1.264,1.209
24-Jun-16,1.075,1.196,1.215,0.894
26-Jun-16,1.017,1.075,1.075,1.005
27-Jun-16,0.985,1.017,1.035,0.979
28-Jun-16,1.006,0.981,1.03,0.969
29-Jun-16,1.059,1.008,1.059,1.001
30-Jun-16,1.001,1.049,1.085,0.998
1-Jul-16,1.004,0.997,1.014,0.926
4-Jul-16,0.993,0.991,0.995,0.991
5-Jul-16,0.94,0.991,0.993,0.924
6-Jul-16,0.951,0.93,0.972,0.9
7-Jul-16,0.961,0.946,0.998,0.933
8-Jul-16,0.948,0.962,1.033,0.927
10-Jul-16,0.959,0.954,0.959,0.954
11-Jul-16,1.022,0.959,1.028,0.956
12-Jul-16,1.083,1.02,1.101,1.013
13-Jul-16,1.057,1.084,1.084,1.036
14-Jul-16,1.101,1.055,1.117,1.042
15-Jul-16,1.112,1.079,1.156,1.076
17-Jul-16,1.112,1.112,1.112,1.112
18-Jul-16,1.131,1.125,1.149,1.107
19-Jul-16,1.114,1.125,1.127,1.087
20-Jul-16,1.135,1.118,1.153,1.104
21-Jul-16,1.094,1.136,1.169,1.091
22-Jul-16,1.118,1.089,1.143,1.076
24-Jul-16,1.127,1.118,1.128,1.118
25-Jul-16,1.141,1.125,1.151,1.117
26-Jul-16,1.135,1.138,1.163,1.112
27-Jul-16,1.091,1.152,1.181,1.088
28-Jul-16,1.088,1.093,1.12,1.078
29-Jul-16,1.022,1.078,1.144,1.02
31-Jul-16,1.033,1.032,1.033,1.032
1-Aug-16,1.072,1.035,1.08,1.033
2-Aug-16,1.086,1.074,1.11,1.061
3-Aug-16,1.073,1.089,1.104,1.062
4-Aug-16,1.03,1.069,1.081,1.017
5-Aug-16,1.136,1.028,1.14,0.996
6-Aug-16,1.136,1.136,1.136,1.136
7-Aug-16,1.143,1.136,1.146,1.136
8-Aug-16,1.146,1.141,1.164,1.125
9-Aug-16,1.109,1.141,1.149,1.101
10-Aug-16,1.075,1.105,1.105,1.064
11-Aug-16,1.144,1.078,1.156,1.07
12-Aug-16,1.096,1.148,1.153,1.057
13-Aug-16,1.096,1.096,1.096,1.096
14-Aug-16,1.092,1.096,1.096,1.092
15-Aug-16,1.135,1.092,1.138,1.083
16-Aug-16,1.159,1.13,1.172,1.084
17-Aug-16,1.131,1.151,1.179,1.115
18-Aug-16,1.109,1.122,1.146,1.104
19-Aug-16,1.166,1.122,1.176,1.117
21-Aug-16,1.189,1.184,1.189,1.184
22-Aug-16,1.136,1.187,1.199,1.13
23-Aug-16,1.135,1.143,1.159,1.118
24-Aug-16,1.145,1.143,1.151,1.127
25-Aug-16,1.162,1.138,1.164,1.128
26-Aug-16,1.233,1.159,1.241,1.125
28-Aug-16,1.233,1.233,1.238,1.232
29-Aug-16,1.173,1.233,1.235,1.17
30-Aug-16,1.18,1.186,1.209,1.168
31-Aug-16,1.194,1.18,1.199,1.157
1-Sep-16,1.18,1.198,1.233,1.17
2-Sep-16,1.198,1.183,1.221,1.14
5-Sep-16,1.201,1.198,1.203,1.198
6-Sep-16,1.117,1.203,1.203,1.114
7-Sep-16,1.122,1.125,1.133,1.104
8-Sep-16,1.179,1.123,1.193,1.117
9-Sep-16,1.222,1.182,1.231,1.17
11-Sep-16,1.216,1.222,1.222,1.214
12-Sep-16,1.2,1.218,1.24,1.19
13-Sep-16,1.247,1.192,1.27,1.167
14-Sep-16,1.208,1.241,1.252,1.192
15-Sep-16,1.184,1.205,1.224,1.153
16-Sep-16,1.202,1.177,1.213,1.156
17-Sep-16,1.202,1.202,1.202,1.202
18-Sep-16,1.202,1.202,1.202,1.202
19-Sep-16,1.216,1.198,1.223,1.187
20-Sep-16,1.202,1.216,1.223,1.185
21-Sep-16,1.189,1.195,1.258,1.179
22-Sep-16,1.167,1.185,1.197,1.151
23-Sep-16,1.159,1.172,1.177,1.153
24-Sep-16,1.159,1.159,1.159,1.159
25-Sep-16,1.154,1.159,1.159,1.154
26-Sep-16,1.12,1.156,1.159,1.11
27-Sep-16,1.115,1.122,1.145,1.092
28-Sep-16,1.135,1.125,1.143,1.11
29-Sep-16,1.115,1.146,1.157,1.104
30-Sep-16,1.149,1.109,1.161,1.094
2-Oct-16,1.157,1.149,1.162,1.149
3-Oct-16,1.183,1.157,1.186,1.148
4-Oct-16,1.232,1.19,1.232,1.177
5-Oct-16,1.247,1.225,1.269,1.214
6-Oct-16,1.281,1.248,1.284,1.239
7-Oct-16,1.26,1.274,1.306,1.253
10-Oct-16,1.306,1.26,1.306,1.26
11-Oct-16,1.296,1.306,1.312,1.28
12-Oct-16,1.294,1.299,1.332,1.293
13-Oct-16,1.262,1.293,1.296,1.25
14-Oct-16,1.29,1.272,1.293,1.246
15-Oct-16,1.29,1.29,1.29,1.29
16-Oct-16,1.278,1.277,1.278,1.277
17-Oct-16,1.257,1.277,1.298,1.249
18-Oct-16,1.226,1.262,1.282,1.226
19-Oct-16,1.231,1.233,1.252,1.216
20-Oct-16,1.251,1.234,1.254,1.22
21-Oct-16,1.243,1.257,1.266,1.241
23-Oct-16,1.246,1.246,1.248,1.246
24-Oct-16,1.274,1.248,1.279,1.233
25-Oct-16,1.276,1.274,1.296,1.259
26-Oct-16,1.302,1.276,1.311,1.266
27-Oct-16,1.342,1.305,1.359,1.302
28-Oct-16,1.326,1.346,1.368,1.313
30-Oct-16,1.32,1.316,1.32,1.316
31-Oct-16,1.305,1.318,1.331,1.305
1-Nov-16,1.294,1.32,1.354,1.278
2-Nov-16,1.265,1.294,1.294,1.237
3-Nov-16,1.261,1.266,1.282,1.239
4-Nov-16,1.235,1.26,1.279,1.229
6-Nov-16,1.3,1.3,1.302,1.296
7-Nov-16,1.287,1.3,1.3,1.276
8-Nov-16,1.33,1.287,1.348,1.278
9-Nov-16,1.482,1.335,1.495,1.153
10-Nov-16,1.549,1.474,1.56,1.42
13-Nov-16,1.592,1.6,1.6,1.592
14-Nov-16,1.675,1.59,1.72,1.587
15-Nov-16,1.664,1.674,1.692,1.615
16-Nov-16,1.666,1.671,1.736,1.649
17-Nov-16,1.73,1.654,1.74,1.634
18-Nov-16,1.792,1.758,1.806,1.712
20-Nov-16,1.803,1.792,1.809,1.792
21-Nov-16,1.766,1.803,1.804,1.749
22-Nov-16,1.778,1.761,1.801,1.753
23-Nov-16,1.837,1.76,1.882,1.752
24-Nov-16,1.867,1.867,1.87,1.867
25-Nov-16,1.837,1.865,1.906,1.835
27-Nov-16,1.824,1.837,1.837,1.819
28-Nov-16,1.791,1.822,1.832,1.788
29-Nov-16,1.778,1.789,1.832,1.776
30-Nov-16,1.849,1.783,1.865,1.778
1-Dec-16,1.905,1.855,1.935,1.839
2-Dec-16,1.831,1.89,1.901,1.816
4-Dec-16,1.803,1.789,1.813,1.788
5-Dec-16,1.852,1.801,1.887,1.788
6-Dec-16,1.836,1.849,1.854,1.826
7-Dec-16,1.793,1.842,1.847,1.791
8-Dec-16,1.839,1.798,1.857,1.791
9-Dec-16,1.887,1.837,1.894,1.821
11-Dec-16,1.911,1.887,1.914,1.887
12-Dec-16,1.889,1.911,1.937,1.871
13-Dec-16,1.909,1.882,1.919,1.862
14-Dec-16,2.04,1.906,2.053,1.868
15-Dec-16,2.097,2.056,2.124,2.041
16-Dec-16,2.074,2.093,2.099,2.035
18-Dec-16,2.057,2.074,2.074,2.057
19-Dec-16,2.025,2.055,2.065,2.007
20-Dec-16,2.041,2.022,2.074,2.02
21-Dec-16,2.022,2.047,2.059,2.019
22-Dec-16,2.037,2.019,2.056,2.012
23-Dec-16,2.03,2.041,2.045,2.019
26-Dec-16,2.03,2.03,2.03,2.03
27-Dec-16,2.055,2.038,2.062,2.038
28-Dec-16,2.001,2.062,2.067,1.994
29-Dec-16,1.959,2.016,2.016,1.949
30-Dec-16,1.934,1.957,1.974,1.923
2-Jan-17,1.934,1.934,1.934,1.934
3-Jan-17,1.942,1.922,2.003,1.922
4-Jan-17,1.932,1.949,1.977,1.922
5-Jan-17,1.845,1.931,1.947,1.837
6-Jan-17,1.925,1.848,1.932,1.827
8-Jan-17,1.926,1.926,1.926,1.926
9-Jan-17,1.878,1.949,1.949,1.873
10-Jan-17,1.879,1.878,1.897,1.864
11-Jan-17,1.881,1.881,1.902,1.828
12-Jan-17,1.864,1.872,1.872,1.815
13-Jan-17,1.899,1.866,1.935,1.829
16-Jan-17,1.875,1.899,1.899,1.874
17-Jan-17,1.823,1.874,1.877,1.804
18-Jan-17,1.932,1.831,1.942,1.826
19-Jan-17,1.96,1.935,1.988,1.923
20-Jan-17,1.937,1.967,1.997,1.93
22-Jan-17,1.912,1.913,1.913,1.908
23-Jan-17,1.867,1.912,1.945,1.849
24-Jan-17,1.935,1.872,1.938,1.858
25-Jan-17,1.978,1.926,1.995,1.918
26-Jan-17,1.971,1.977,2.017,1.957
27-Jan-17,1.948,1.966,1.987,1.941
29-Jan-17,1.938,1.947,1.947,1.934
30-Jan-17,1.951,1.939,1.956,1.918
31-Jan-17,1.921,1.944,1.952,1.89
1-Feb-17,1.934,1.921,1.984,1.916
2-Feb-17,1.925,1.933,1.934,1.888
3-Feb-17,1.911,1.928,1.968,1.868
5-Feb-17,1.913,1.911,1.921,1.911
6-Feb-17,1.853,1.915,1.916,1.844
7-Feb-17,1.85,1.847,1.877,1.817
8-Feb-17,1.804,1.849,1.857,1.794
9-Feb-17,1.868,1.804,1.875,1.802
10-Feb-17,1.887,1.877,1.901,1.87
12-Feb-17,1.9,1.887,1.906,1.887
13-Feb-17,1.915,1.9,1.928,1.895
14-Feb-17,1.966,1.915,1.99,1.906
15-Feb-17,1.995,1.97,2.02,1.958
16-Feb-17,1.936,1.998,1.998,1.93
17-Feb-17,1.905,1.953,1.956,1.89
20-Feb-17,1.921,1.905,1.923,1.905
21-Feb-17,1.921,1.921,1.952,1.905
22-Feb-17,1.907,1.928,1.957,1.888
23-Feb-17,1.862,1.91,1.914,1.86
24-Feb-17,1.806,1.867,1.868,1.799
26-Feb-17,1.814,1.813,1.816,1.811
27-Feb-17,1.867,1.816,1.873,1.809
28-Feb-17,1.938,1.865,1.949,1.845
1-Mar-17,1.992,1.959,2.006,1.946
2-Mar-17,2.019,2.009,2.049,1.982
3-Mar-17,2.012,2.02,2.061,2.009
5-Mar-17,2.007,2.011,2.012,2.006
6-Mar-17,2.017,2.006,2.027,1.986
7-Mar-17,2.051,2.014,2.053,2.011
8-Mar-17,2.091,2.054,2.113,2.039
9-Mar-17,2.138,2.093,2.14,2.084
10-Mar-17,2.098,2.138,2.148,2.093
12-Mar-17,2.11,2.108,2.112,2.106
13-Mar-17,2.139,2.112,2.142,2.078
14-Mar-17,2.13,2.135,2.147,2.11
15-Mar-17,2.006,2.127,2.13,2.005
16-Mar-17,2.045,2.005,2.052,1.996
17-Mar-17,2.02,2.053,2.053,2.002
18-Mar-17,2.02,2.02,2.02,2.02
19-Mar-17,2.02,2.02,2.02,2.02
20-Mar-17,1.987,2.027,2.028,1.985
21-Mar-17,1.945,1.988,2.023,1.941
22-Mar-17,1.938,1.943,1.958,1.908
23-Mar-17,1.952,1.943,1.97,1.918
24-Mar-17,1.952,1.953,1.972,1.922
26-Mar-17,1.915,1.952,1.952,1.907
27-Mar-17,1.918,1.915,1.92,1.883
28-Mar-17,1.965,1.918,1.967,1.9
29-Mar-17,1.928,1.979,1.98,1.928
30-Mar-17,1.966,1.934,1.972,1.923
31-Mar-17,1.925,1.957,1.972,1.923
2-Apr-17,1.929,1.933,1.933,1.929
3-Apr-17,1.854,1.931,1.939,1.85
4-Apr-17,1.891,1.859,1.893,1.84
5-Apr-17,1.855,1.888,1.906,1.837
6-Apr-17,1.86,1.85,1.883,1.842
7-Apr-17,1.92,1.865,1.923,1.784
9-Apr-17,1.92,1.921,1.923,1.916
10-Apr-17,1.903,1.918,1.934,1.882
11-Apr-17,1.83,1.883,1.891,1.82
12-Apr-17,1.774,1.835,1.85,1.768
13-Apr-17,1.764,1.779,1.802,1.744
16-Apr-17,1.721,1.764,1.764,1.718
17-Apr-17,1.774,1.72,1.787,1.72
18-Apr-17,1.703,1.781,1.787,1.696
19-Apr-17,1.742,1.713,1.754,1.706
20-Apr-17,1.767,1.731,1.784,1.726
21-Apr-17,1.77,1.774,1.779,1.737
22-Apr-17,1.77,1.77,1.77,1.77
24-Apr-17,1.802,1.77,1.857,1.77
25-Apr-17,1.855,1.8,1.863,1.8
26-Apr-17,1.828,1.858,1.875,1.825
27-Apr-17,1.824,1.84,1.849,1.808
28-Apr-17,1.819,1.819,1.863,1.809
30-Apr-17,1.813,1.819,1.819,1.808
1-May-17,1.844,1.814,1.865,1.814
2-May-17,1.809,1.837,1.863,1.803
3-May-17,1.854,1.816,1.859,1.804
4-May-17,1.883,1.854,1.9,1.854
5-May-17,1.88,1.872,1.928,1.868
7-May-17,1.895,1.88,1.896,1.88
8-May-17,1.913,1.898,1.916,1.86
9-May-17,1.925,1.911,1.943,1.901
10-May-17,1.935,1.913,1.941,1.893
11-May-17,1.92,1.935,1.951,1.916
12-May-17,1.845,1.92,1.921,1.844
14-May-17,1.844,1.845,1.845,1.842
15-May-17,1.862,1.845,1.868,1.84
16-May-17,1.848,1.857,1.878,1.83
17-May-17,1.751,1.815,1.825,1.744
18-May-17,1.771,1.766,1.784,1.713
19-May-17,1.78,1.777,1.802,1.769
21-May-17,1.794,1.78,1.795,1.78
22-May-17,1.795,1.794,1.805,1.78
23-May-17,1.827,1.779,1.835,1.772
24-May-17,1.784,1.83,1.843,1.782
25-May-17,1.793,1.789,1.801,1.776
26-May-17,1.791,1.789,1.794,1.766
29-May-17,1.785,1.785,1.788,1.783
30-May-17,1.756,1.786,1.791,1.755
31-May-17,1.753,1.768,1.78,1.747
1-Jun-17,1.763,1.762,1.788,1.757
2-Jun-17,1.72,1.768,1.775,1.702
4-Jun-17,1.719,1.715,1.72,1.714
5-Jun-17,1.743,1.72,1.747,1.714
6-Jun-17,1.712,1.738,1.738,1.692
7-Jun-17,1.74,1.722,1.745,1.712
8-Jun-17,1.752,1.748,1.78,1.742
9-Jun-17,1.766,1.735,1.791,1.727
11-Jun-17,1.775,1.766,1.776,1.766
12-Jun-17,1.78,1.776,1.79,1.755
13-Jun-17,1.783,1.781,1.795,1.773
14-Jun-17,1.717,1.781,1.783,1.673
15-Jun-17,1.762,1.715,1.768,1.715
16-Jun-17,1.743,1.765,1.781,1.735
18-Jun-17,1.747,1.745,1.747,1.743
19-Jun-17,1.791,1.745,1.793,1.73
20-Jun-17,1.76,1.795,1.8,1.757
21-Jun-17,1.775,1.77,1.786,1.755
22-Jun-17,1.76,1.773,1.775,1.747
23-Jun-17,1.756,1.763,1.773,1.755
25-Jun-17,1.76,1.757,1.76,1.757
26-Jun-17,1.756,1.758,1.778,1.743
27-Jun-17,1.812,1.765,1.825,1.75
28-Jun-17,1.819,1.822,1.86,1.812
29-Jun-17,1.85,1.821,1.882,1.814
30-Jun-17,1.887,1.849,1.893,1.837
1-Jul-17,1.887,1.887,1.887,1.887
2-Jul-17,1.897,1.887,1.898,1.887
3-Jul-17,1.932,1.895,1.941,1.877
4-Jul-17,1.92,1.925,1.925,1.92
5-Jul-17,1.917,1.922,1.945,1.908
6-Jul-17,1.937,1.918,1.968,1.907
7-Jul-17,1.947,1.937,1.96,1.922
9-Jul-17,1.947,1.947,1.95,1.945
10-Jul-17,1.932,1.947,1.954,1.922
11-Jul-17,1.916,1.939,1.952,1.912
12-Jul-17,1.876,1.912,1.914,1.849
13-Jul-17,1.894,1.879,1.909,1.864
14-Jul-17,1.868,1.897,1.902,1.819
16-Jul-17,1.868,1.868,1.868,1.868
17-Jul-17,1.858,1.864,1.871,1.844
18-Jul-17,1.815,1.856,1.861,1.811
19-Jul-17,1.826,1.821,1.835,1.81
20-Jul-17,1.816,1.825,1.831,1.803
21-Jul-17,1.803,1.826,1.83,1.795
23-Jul-17,1.8,1.798,1.801,1.798
24-Jul-17,1.823,1.798,1.83,1.795
25-Jul-17,1.888,1.825,1.893,1.816
26-Jul-17,1.835,1.892,1.893,1.816
27-Jul-17,1.857,1.829,1.867,1.824
28-Jul-17,1.834,1.84,1.877,1.827
30-Jul-17,1.829,1.834,1.834,1.827
31-Jul-17,1.837,1.827,1.842,1.822
1-Aug-17,1.801,1.844,1.857,1.798
2-Aug-17,1.826,1.806,1.831,1.799
3-Aug-17,1.785,1.821,1.822,1.78
4-Aug-17,1.817,1.789,1.842,1.786
6-Aug-17,1.826,1.817,1.826,1.817
7-Aug-17,1.814,1.826,1.84,1.809
8-Aug-17,1.817,1.814,1.842,1.811
9-Aug-17,1.807,1.809,1.812,1.768
10-Aug-17,1.774,1.809,1.814,1.769
11-Aug-17,1.745,1.766,1.779,1.735
13-Aug-17,1.751,1.75,1.753,1.748
14-Aug-17,1.774,1.75,1.781,1.75
15-Aug-17,1.825,1.781,1.83,1.779
16-Aug-17,1.782,1.822,1.837,1.774
17-Aug-17,1.749,1.787,1.804,1.746
18-Aug-17,1.764,1.758,1.78,1.728
20-Aug-17,1.775,1.774,1.777,1.774
21-Aug-17,1.751,1.775,1.775,1.744
22-Aug-17,1.787,1.757,1.79,1.755
23-Aug-17,1.746,1.787,1.792,1.744
24-Aug-17,1.777,1.75,1.777,1.75
25-Aug-17,1.76,1.778,1.788,1.752
27-Aug-17,1.767,1.765,1.768,1.765
28-Aug-17,1.74,1.768,1.77,1.74
29-Aug-17,1.705,1.705,1.722,1.669
30-Aug-17,1.72,1.712,1.736,1.71
31-Aug-17,1.705,1.727,1.736,1.702
1-Sep-17,1.74,1.71,1.743,1.676
3-Sep-17,1.74,1.74,1.74,1.74
5-Sep-17,1.645,1.705,1.719,1.643
6-Sep-17,1.686,1.64,1.689,1.635
7-Sep-17,1.627,1.681,1.681,1.618
8-Sep-17,1.637,1.625,1.658,1.599
10-Sep-17,1.669,1.671,1.671,1.668
11-Sep-17,1.714,1.669,1.716,1.661
12-Sep-17,1.747,1.707,1.757,1.706
13-Sep-17,1.77,1.745,1.779,1.734
14-Sep-17,1.78,1.764,1.81,1.762
15-Sep-17,1.806,1.77,1.812,1.77
17-Sep-17,1.806,1.806,1.806,1.806
18-Sep-17,1.831,1.812,1.832,1.807
19-Sep-17,1.836,1.821,1.839,1.807
20-Sep-17,1.879,1.831,1.893,1.811
21-Sep-17,1.888,1.886,1.893,1.858
22-Sep-17,1.865,1.886,1.886,1.853
24-Sep-17,1.875,1.87,1.878,1.87
25-Sep-17,1.838,1.877,1.877,1.828
26-Sep-17,1.858,1.838,1.868,1.83
27-Sep-17,1.907,1.863,1.922,1.86
28-Sep-17,1.893,1.91,1.954,1.893
29-Sep-17,1.939,1.9,1.939,1.887
1-Oct-17,1.943,1.943,1.944,1.941
2-Oct-17,1.934,1.944,1.971,1.919
3-Oct-17,1.918,1.938,1.953,1.915
4-Oct-17,1.916,1.921,1.939,1.893
5-Oct-17,1.946,1.923,1.954,1.913
6-Oct-17,1.958,1.948,2.003,1.944
9-Oct-17,1.961,1.958,1.963,1.958
10-Oct-17,1.953,1.959,1.969,1.926
11-Oct-17,1.958,1.959,1.968,1.938
12-Oct-17,1.941,1.956,1.956,1.93
13-Oct-17,1.9,1.941,1.96,1.896
15-Oct-17,1.918,1.918,1.92,1.918
16-Oct-17,1.951,1.92,1.958,1.91
17-Oct-17,1.961,1.948,1.976,1.943
18-Oct-17,1.993,1.96,1.997,1.956
19-Oct-17,1.955,1.992,1.992,1.946
20-Oct-17,2.019,1.955,2.027,1.952
22-Oct-17,2.029,2.019,2.03,2.019
23-Oct-17,2.002,2.027,2.034,1.998
24-Oct-17,2.044,2.003,2.051,1.998
25-Oct-17,2.049,2.04,2.089,2.036
26-Oct-17,2.079,2.048,2.081,2.028
27-Oct-17,2.033,2.074,2.093,2.028
29-Oct-17,2.023,2.033,2.033,2.022
30-Oct-17,1.995,2.022,2.031,1.993
31-Oct-17,2.015,1.99,2.018,1.987
1-Nov-17,2.018,2.018,2.038,1.998
2-Nov-17,2.002,2.016,2.023,1.985
3-Nov-17,1.993,2.002,2.059,1.975
5-Nov-17,2.002,1.993,2.002,1.993
6-Nov-17,1.985,2,2.01,1.978
7-Nov-17,1.988,1.988,2.007,1.977
8-Nov-17,2.01,1.98,2.013,1.98
9-Nov-17,2.012,2.012,2.026,1.993
10-Nov-17,2.055,2.012,2.058,2.008
12-Nov-17,2.055,2.055,2.056,2.053
13-Nov-17,2.076,2.056,2.078,2.036
14-Nov-17,2.062,2.075,2.092,2.056
15-Nov-17,2.035,2.06,2.062,2.018
16-Nov-17,2.072,2.033,2.073,2.032
17-Nov-17,2.055,2.07,2.072,2.045
19-Nov-17,2.052,2.047,2.052,2.047
20-Nov-17,2.094,2.053,2.095,2.038
21-Nov-17,2.1,2.09,2.115,2.082
22-Nov-17,2.043,2.099,2.111,2.042
23-Nov-17,2.055,2.058,2.058,2.055
24-Nov-17,2.064,2.057,2.075,2.053
26-Nov-17,2.072,2.064,2.074,2.064
27-Nov-17,2.05,2.07,2.085,2.045
28-Nov-17,2.059,2.061,2.073,2.038
29-Nov-17,2.106,2.064,2.118,2.055
30-Nov-17,2.143,2.104,2.156,2.101
1-Dec-17,2.119,2.142,2.171,2.068
3-Dec-17,2.168,2.161,2.168,2.159
4-Dec-17,2.143,2.168,2.169,2.136
5-Dec-17,2.144,2.146,2.173,2.139
6-Dec-17,2.126,2.148,2.153,2.103
7-Dec-17,2.136,2.126,2.146,2.111
8-Dec-17,2.142,2.146,2.162,2.12
10-Dec-17,2.147,2.141,2.148,2.141
11-Dec-17,2.16,2.145,2.16,2.118
12-Dec-17,2.172,2.157,2.185,2.148
13-Dec-17,2.108,2.168,2.199,2.107
14-Dec-17,2.138,2.112,2.164,2.112
15-Dec-17,2.152,2.138,2.177,2.138
16-Dec-17,2.152,2.152,2.152,2.152
17-Dec-17,2.169,2.164,2.169,2.164
18-Dec-17,2.167,2.171,2.179,2.151
19-Dec-17,2.22,2.174,2.23,2.169
20-Dec-17,2.237,2.216,2.245,2.204
21-Dec-17,2.243,2.235,2.252,2.223
22-Dec-17,2.251,2.249,2.256,2.242
25-Dec-17,2.252,2.254,2.283,2.249
26-Dec-17,2.242,2.254,2.263,2.237
27-Dec-17,2.195,2.246,2.248,2.193
28-Dec-17,2.238,2.223,2.243,2.221
29-Dec-17,2.206,2.236,2.238,2.206
1-Jan-18,2.206,2.206,2.206,2.206
2-Jan-18,2.248,2.231,2.265,2.215
3-Jan-18,2.243,2.248,2.257,2.228
4-Jan-18,2.268,2.257,2.292,2.255
5-Jan-18,2.285,2.272,2.29,2.243
7-Jan-18,2.287,2.287,2.287,2.287
8-Jan-18,2.287,2.295,2.297,2.273
9-Jan-18,2.329,2.29,2.334,2.282
10-Jan-18,2.331,2.329,2.359,2.321
11-Jan-18,2.324,2.329,2.343,2.312
12-Jan-18,2.346,2.333,2.382,2.328
15-Jan-18,2.352,2.346,2.352,2.346
16-Jan-18,2.353,2.353,2.367,2.326
17-Jan-18,2.403,2.348,2.406,2.347
18-Jan-18,2.418,2.408,2.423,2.401
19-Jan-18,2.453,2.416,2.454,2.408
21-Jan-18,2.458,2.453,2.459,2.453
22-Jan-18,2.453,2.458,2.464,2.432
23-Jan-18,2.415,2.454,2.458,2.412
24-Jan-18,2.438,2.41,2.444,2.409
25-Jan-18,2.425,2.437,2.47,2.413
26-Jan-18,2.47,2.425,2.482,2.422
28-Jan-18,2.47,2.472,2.474,2.47
29-Jan-18,2.495,2.47,2.532,2.467
30-Jan-18,2.509,2.5,2.527,2.475
31-Jan-18,2.522,2.507,2.553,2.482
1-Feb-18,2.566,2.532,2.575,2.522
2-Feb-18,2.588,2.575,2.621,2.56
4-Feb-18,2.59,2.588,2.59,2.587
5-Feb-18,2.444,2.59,2.61,2.428
6-Feb-18,2.543,2.452,2.545,2.343
7-Feb-18,2.557,2.545,2.582,2.494
8-Feb-18,2.545,2.533,2.612,2.53
9-Feb-18,2.543,2.548,2.579,2.461
11-Feb-18,2.543,2.543,2.543,2.543
12-Feb-18,2.557,2.581,2.589,2.54
13-Feb-18,2.547,2.557,2.562,2.527
14-Feb-18,2.642,2.549,2.649,2.522
15-Feb-18,2.647,2.644,2.687,2.622
16-Feb-18,2.627,2.652,2.66,2.609
18-Feb-18,2.627,2.627,2.627,2.627
19-Feb-18,2.653,2.627,2.653,2.627
20-Feb-18,2.646,2.653,2.689,2.639
21-Feb-18,2.686,2.651,2.693,2.635
22-Feb-18,2.659,2.689,2.691,2.647
23-Feb-18,2.62,2.66,2.672,2.605
25-Feb-18,2.625,2.62,2.628,2.62
26-Feb-18,2.612,2.625,2.625,2.585
27-Feb-18,2.665,2.61,2.682,2.603
28-Feb-18,2.645,2.667,2.687,2.642
1-Mar-18,2.585,2.645,2.657,2.563
2-Mar-18,2.632,2.588,2.637,2.563
4-Mar-18,2.61,2.608,2.611,2.605
5-Mar-18,2.645,2.61,2.657,2.569
6-Mar-18,2.654,2.64,2.669,2.625
7-Mar-18,2.648,2.611,2.654,2.607
8-Mar-18,2.628,2.648,2.655,2.618
9-Mar-18,2.652,2.644,2.677,2.633
11-Mar-18,2.66,2.652,2.666,2.652
12-Mar-18,2.635,2.661,2.669,2.632
13-Mar-18,2.622,2.642,2.648,2.601
14-Mar-18,2.613,2.622,2.645,2.591
15-Mar-18,2.623,2.613,2.632,2.589
16-Mar-18,2.643,2.632,2.65,2.611
18-Mar-18,2.654,2.644,2.657,2.644
19-Mar-18,2.655,2.654,2.676,2.625
20-Mar-18,2.7,2.652,2.701,2.649
21-Mar-18,2.674,2.698,2.735,2.669
22-Mar-18,2.621,2.676,2.681,2.599
23-Mar-18,2.603,2.601,2.642,2.586
25-Mar-18,2.606,2.603,2.608,2.603
26-Mar-18,2.64,2.608,2.647,2.601
27-Mar-18,2.57,2.645,2.65,2.564
28-Mar-18,2.596,2.582,2.607,2.54
29-Mar-18,2.562,2.597,2.602,2.56
1-Apr-18,2.582,2.562,2.599,2.562
2-Apr-18,2.55,2.58,2.596,2.535
3-Apr-18,2.599,2.555,2.609,2.552
4-Apr-18,2.626,2.592,2.626,2.567
5-Apr-18,2.64,2.623,2.645,2.623
6-Apr-18,2.587,2.623,2.64,2.581
8-Apr-18,2.601,2.599,2.601,2.599
9-Apr-18,2.598,2.598,2.623,2.588
10-Apr-18,2.625,2.599,2.633,2.596
11-Apr-18,2.613,2.621,2.626,2.582
12-Apr-18,2.679,2.615,2.679,2.606
13-Apr-18,2.671,2.659,2.691,2.65
15-Apr-18,2.688,2.69,2.69,2.688
16-Apr-18,2.681,2.686,2.708,2.676
17-Apr-18,2.69,2.685,2.702,2.676
18-Apr-18,2.733,2.686,2.736,2.685
19-Apr-18,2.757,2.729,2.772,2.722
20-Apr-18,2.802,2.76,2.802,2.748
22-Apr-18,2.809,2.802,2.81,2.802
23-Apr-18,2.822,2.807,2.831,2.803
24-Apr-18,2.828,2.824,2.843,2.807
25-Apr-18,2.842,2.823,2.854,2.817
26-Apr-18,2.814,2.838,2.845,2.806
27-Apr-18,2.804,2.817,2.826,2.796
29-Apr-18,2.804,2.804,2.804,2.804
30-Apr-18,2.801,2.848,2.848,2.787
1-May-18,2.814,2.802,2.821,2.797
2-May-18,2.804,2.814,2.834,2.797
3-May-18,2.782,2.797,2.802,2.762
4-May-18,2.787,2.785,2.796,2.745
6-May-18,2.789,2.787,2.792,2.787
7-May-18,2.789,2.789,2.799,2.777
8-May-18,2.811,2.79,2.823,2.784
9-May-18,2.841,2.816,2.843,2.814
10-May-18,2.83,2.84,2.84,2.792
11-May-18,2.838,2.835,2.843,2.821
13-May-18,2.843,2.845,2.845,2.842
14-May-18,2.862,2.845,2.864,2.828
15-May-18,2.917,2.864,2.936,2.859
16-May-18,2.944,2.915,2.944,2.901
17-May-18,2.939,2.938,2.957,2.92
18-May-18,2.888,2.941,2.948,2.886
20-May-18,2.91,2.888,2.91,2.888
21-May-18,2.895,2.912,2.917,2.89
22-May-18,2.898,2.895,2.917,2.888
23-May-18,2.825,2.895,2.902,2.82
24-May-18,2.814,2.828,2.841,2.787
25-May-18,2.764,2.811,2.831,2.757
28-May-18,2.731,2.763,2.763,2.73
29-May-18,2.601,2.733,2.738,2.571
30-May-18,2.683,2.559,2.705,2.559
31-May-18,2.7,2.669,2.716,2.661
1-Jun-18,2.747,2.696,2.77,2.696
3-Jun-18,2.753,2.748,2.753,2.748
4-Jun-18,2.796,2.755,2.796,2.753
5-Jun-18,2.768,2.79,2.794,2.741
6-Jun-18,2.811,2.767,2.818,2.767
7-Jun-18,2.77,2.814,2.829,2.725
8-Jun-18,2.785,2.784,2.792,2.73
10-Jun-18,2.792,2.787,2.794,2.786
11-Jun-18,2.796,2.794,2.811,2.79
12-Jun-18,2.813,2.799,2.826,2.789
13-Jun-18,2.837,2.811,2.871,2.803
14-Jun-18,2.808,2.835,2.843,2.797
15-Jun-18,2.799,2.811,2.811,2.769
17-Jun-18,2.797,2.799,2.799,2.797
18-Jun-18,2.792,2.799,2.803,2.779
19-Jun-18,2.772,2.772,2.779,2.723
20-Jun-18,2.808,2.769,2.809,2.755
21-Jun-18,2.768,2.808,2.82,2.758
22-Jun-18,2.767,2.77,2.794,2.762
24-Jun-18,2.765,2.76,2.765,2.76
25-Jun-18,2.753,2.767,2.769,2.736
26-Jun-18,2.746,2.753,2.77,2.734
27-Jun-18,2.699,2.751,2.755,2.695
28-Jun-18,2.718,2.707,2.731,2.694
29-Jun-18,2.74,2.721,2.746,2.714
1-Jul-18,2.736,2.734,2.736,2.733
2-Jul-18,2.756,2.736,2.76,2.704
3-Jul-18,2.723,2.758,2.773,2.723
4-Jul-18,2.733,2.733,2.733,2.733
5-Jul-18,2.731,2.735,2.755,2.718
6-Jul-18,2.718,2.726,2.745,2.701
8-Jul-18,2.72,2.721,2.721,2.72
9-Jul-18,2.752,2.723,2.755,2.723
10-Jul-18,2.764,2.753,2.774,2.747
11-Jul-18,2.738,2.737,2.766,2.723
12-Jul-18,2.748,2.752,2.774,2.743
13-Jul-18,2.727,2.757,2.761,2.725
15-Jul-18,2.727,2.727,2.727,2.727
16-Jul-18,2.751,2.723,2.773,2.723
17-Jul-18,2.763,2.757,2.766,2.745
18-Jul-18,2.773,2.764,2.776,2.747
19-Jul-18,2.734,2.78,2.795,2.725
20-Jul-18,2.764,2.746,2.771,2.732
22-Jul-18,2.766,2.768,2.768,2.764
23-Jul-18,2.823,2.764,2.83,2.751
24-Jul-18,2.821,2.821,2.837,2.809
25-Jul-18,2.849,2.818,2.852,2.809
26-Jul-18,2.865,2.855,2.866,2.829
27-Jul-18,2.846,2.856,2.868,2.839
29-Jul-18,2.846,2.848,2.848,2.845
30-Jul-18,2.851,2.848,2.866,2.841
31-Jul-18,2.848,2.845,2.853,2.819
1-Aug-18,2.875,2.841,2.887,2.839
2-Aug-18,2.855,2.877,2.877,2.848
3-Aug-18,2.814,2.863,2.867,2.814
5-Aug-18,2.819,2.821,2.821,2.819
6-Aug-18,2.809,2.821,2.829,2.794
7-Aug-18,2.845,2.807,2.846,2.806
8-Aug-18,2.835,2.843,2.848,2.826
9-Aug-18,2.809,2.831,2.838,2.804
10-Aug-18,2.747,2.809,2.811,2.724
12-Aug-18,2.738,2.741,2.743,2.738
13-Aug-18,2.747,2.74,2.758,2.714
14-Aug-18,2.774,2.75,2.777,2.75
15-Aug-18,2.735,2.772,2.772,2.707
16-Aug-18,2.745,2.736,2.767,2.73
17-Aug-18,2.743,2.745,2.757,2.723
19-Aug-18,2.746,2.746,2.746,2.746
20-Aug-18,2.699,2.748,2.75,2.695
21-Aug-18,2.726,2.702,2.733,2.699
22-Aug-18,2.704,2.704,2.719,2.692
23-Aug-18,2.724,2.706,2.724,2.699
24-Aug-18,2.716,2.721,2.745,2.714
26-Aug-18,2.723,2.724,2.724,2.723
27-Aug-18,2.741,2.724,2.748,2.716
28-Aug-18,2.777,2.746,2.779,2.741
29-Aug-18,2.784,2.769,2.789,2.757
30-Aug-18,2.752,2.779,2.784,2.748
31-Aug-18,2.738,2.755,2.755,2.726
3-Sep-18,2.74,2.741,2.741,2.74
4-Sep-18,2.774,2.738,2.777,2.733
5-Sep-18,2.77,2.774,2.784,2.757
6-Sep-18,2.747,2.767,2.775,2.74
7-Sep-18,2.819,2.745,2.828,2.741
9-Sep-18,2.821,2.819,2.823,2.819
10-Sep-18,2.825,2.823,2.83,2.811
11-Sep-18,2.87,2.826,2.872,2.825
12-Sep-18,2.862,2.869,2.869,2.85
13-Sep-18,2.876,2.864,2.886,2.843
14-Sep-18,2.905,2.874,2.907,2.867
16-Sep-18,2.905,2.853,2.905,2.852
17-Sep-18,2.893,2.89,2.92,2.888
18-Sep-18,2.946,2.881,2.948,2.878
19-Sep-18,2.95,2.943,2.969,2.931
20-Sep-18,2.955,2.946,2.977,2.941
21-Sep-18,2.952,2.958,2.974,2.948
23-Sep-18,2.952,2.952,2.952,2.952
24-Sep-18,2.969,2.954,2.976,2.95
25-Sep-18,2.983,2.969,2.99,2.969
26-Sep-18,2.944,2.987,2.99,2.944
27-Sep-18,2.958,2.946,2.97,2.927
28-Sep-18,2.955,2.953,2.958,2.927
30-Sep-18,2.963,2.961,2.963,2.961
1-Oct-18,2.965,2.96,2.982,2.951
2-Oct-18,2.95,2.967,2.967,2.931
3-Oct-18,3.042,2.948,3.047,2.936
4-Oct-18,3.045,3.057,3.086,3.036
5-Oct-18,3.073,3.048,3.092,3.039
8-Oct-18,3.061,3.066,3.066,3.059
9-Oct-18,3.054,3.059,3.086,3.049
10-Oct-18,3.011,3.057,3.087,3.003
11-Oct-18,3.001,2.999,3.035,2.98
12-Oct-18,3.022,3.008,3.037,2.984
14-Oct-18,3.013,3.011,3.015,3.011
15-Oct-18,3.01,3.015,3.018,2.994
16-Oct-18,3.024,3.017,3.034,3.011
17-Oct-18,3.062,3.025,3.063,3.007
18-Oct-18,3.025,3.06,3.074,3.007
19-Oct-18,3.048,3.025,3.06,3.02
21-Oct-18,3.046,3.046,3.046,3.046
22-Oct-18,3.05,3.048,3.062,3.034
23-Oct-18,3.014,3.046,3.046,2.964
24-Oct-18,2.948,3.014,3.014,2.928
25-Oct-18,2.968,2.938,2.99,2.936
26-Oct-18,2.909,2.951,2.958,2.885
28-Oct-18,2.914,2.916,2.916,2.914
29-Oct-18,2.922,2.914,2.949,2.892
30-Oct-18,2.951,2.917,2.958,2.917
31-Oct-18,2.978,2.956,2.999,2.956
1-Nov-18,2.961,2.982,2.997,2.958
2-Nov-18,3.042,2.967,3.045,2.963
4-Nov-18,3.03,3.03,3.03,3.03
5-Nov-18,3.028,3.03,3.033,3.013
6-Nov-18,3.061,3.036,3.061,3.018
7-Nov-18,3.083,3.045,3.088,3.02
8-Nov-18,3.093,3.079,3.098,3.061
9-Nov-18,3.041,3.09,3.092,3.035
12-Nov-18,3.001,3.004,3.004,3.001
13-Nov-18,2.984,2.999,3.025,2.979
14-Nov-18,2.957,2.991,3.003,2.919
15-Nov-18,2.936,2.953,2.969,2.904
16-Nov-18,2.882,2.934,2.952,2.878
18-Nov-18,2.873,2.873,2.873,2.873
19-Nov-18,2.871,2.875,2.907,2.856
20-Nov-18,2.885,2.871,2.888,2.853
21-Nov-18,2.893,2.888,2.918,2.885
22-Nov-18,2.894,2.894,2.894,2.894
23-Nov-18,2.873,2.89,2.902,2.861
25-Nov-18,2.873,2.871,2.873,2.871
26-Nov-18,2.888,2.875,2.907,2.873
27-Nov-18,2.89,2.887,2.902,2.873
28-Nov-18,2.868,2.888,2.9,2.851
29-Nov-18,2.848,2.856,2.86,2.809
30-Nov-18,2.823,2.845,2.851,2.814
2-Dec-18,2.872,2.873,2.873,2.872
3-Dec-18,2.816,2.87,2.887,2.816
4-Dec-18,2.791,2.824,2.834,2.769
5-Dec-18,2.797,2.79,2.797,2.79
6-Dec-18,2.753,2.799,2.804,2.679
7-Dec-18,2.701,2.76,2.767,2.691
9-Dec-18,2.674,2.671,2.674,2.671
10-Dec-18,2.718,2.674,2.719,2.672
11-Dec-18,2.743,2.706,2.756,2.701
12-Dec-18,2.77,2.746,2.776,2.741
13-Dec-18,2.756,2.77,2.773,2.748
14-Dec-18,2.734,2.756,2.758,2.705
16-Dec-18,2.737,2.732,2.737,2.732
17-Dec-18,2.692,2.736,2.741,2.683
18-Dec-18,2.654,2.695,2.695,2.648
19-Dec-18,2.627,2.648,2.715,2.597
20-Dec-18,2.671,2.631,2.673,2.615
21-Dec-18,2.637,2.664,2.681,2.628
23-Dec-18,2.637,2.637,2.637,2.637
24-Dec-18,2.572,2.638,2.642,2.569
25-Dec-18,2.578,2.578,2.578,2.578
26-Dec-18,2.65,2.578,2.657,2.556
27-Dec-18,2.62,2.664,2.669,2.583
28-Dec-18,2.555,2.617,2.628,2.551
30-Dec-18,2.555,2.555,2.555,2.555
31-Dec-18,2.51,2.585,2.585,2.498
1-Jan-19,2.51,2.51,2.51,2.51
2-Jan-19,2.468,2.524,2.53,2.459
3-Jan-19,2.355,2.454,2.498,2.351
4-Jan-19,2.501,2.371,2.509,2.355
6-Jan-19,2.502,2.502,2.502,2.502
7-Jan-19,2.538,2.501,2.541,2.462
8-Jan-19,2.581,2.534,2.586,2.522
9-Jan-19,2.549,2.583,2.596,2.541
10-Jan-19,2.569,2.547,2.571,2.506
11-Jan-19,2.527,2.554,2.564,2.507
13-Jan-19,2.527,2.527,2.527,2.527
14-Jan-19,2.527,2.517,2.532,2.482
15-Jan-19,2.534,2.525,2.54,2.492
16-Jan-19,2.542,2.535,2.562,2.525
17-Jan-19,2.576,2.537,2.588,2.513
18-Jan-19,2.625,2.571,2.635,2.566
21-Jan-19,2.608,2.606,2.608,2.606
22-Jan-19,2.579,2.606,2.611,2.56
23-Jan-19,2.584,2.574,2.611,2.569
24-Jan-19,2.55,2.576,2.588,2.533
25-Jan-19,2.598,2.557,2.601,2.552
27-Jan-19,2.596,2.596,2.596,2.596
28-Jan-19,2.582,2.596,2.609,2.567
29-Jan-19,2.545,2.579,2.582,2.54
30-Jan-19,2.485,2.552,2.567,2.483
31-Jan-19,2.44,2.492,2.493,2.425
1-Feb-19,2.503,2.451,2.518,2.433
3-Feb-19,2.515,2.515,2.515,2.515
4-Feb-19,2.537,2.515,2.545,2.505
5-Feb-19,2.517,2.532,2.55,2.503
6-Feb-19,2.508,2.513,2.515,2.483
7-Feb-19,2.465,2.505,2.505,2.456
8-Feb-19,2.445,2.465,2.468,2.429
10-Feb-19,2.444,2.444,2.444,2.444
11-Feb-19,2.47,2.446,2.485,2.444
12-Feb-19,2.493,2.466,2.503,2.466
13-Feb-19,2.529,2.503,2.537,2.495
14-Feb-19,2.473,2.52,2.535,2.456
15-Feb-19,2.493,2.48,2.507,2.466
18-Feb-19,2.5,2.5,2.5,2.5
19-Feb-19,2.459,2.501,2.503,2.458
20-Feb-19,2.471,2.463,2.476,2.453
21-Feb-19,2.513,2.468,2.518,2.466
22-Feb-19,2.471,2.51,2.513,2.452
24-Feb-19,2.485,2.483,2.485,2.483
25-Feb-19,2.481,2.485,2.5,2.474
26-Feb-19,2.447,2.465,2.472,2.442
27-Feb-19,2.482,2.445,2.494,2.437
28-Feb-19,2.516,2.47,2.529,2.455
1-Mar-19,2.561,2.514,2.566,2.509
3-Mar-19,2.57,2.573,2.573,2.57
4-Mar-19,2.529,2.57,2.57,2.524
5-Mar-19,2.529,2.533,2.563,2.524
6-Mar-19,2.499,2.529,2.531,2.484
7-Mar-19,2.442,2.494,2.497,2.434
8-Mar-19,2.432,2.447,2.45,2.4
10-Mar-19,2.43,2.429,2.43,2.429
11-Mar-19,2.444,2.429,2.451,2.422
12-Mar-19,2.405,2.464,2.476,2.4
13-Mar-19,2.432,2.415,2.435,2.408
14-Mar-19,2.43,2.43,2.444,2.412
15-Mar-19,2.397,2.427,2.437,2.382
17-Mar-19,2.4,2.402,2.402,2.4
18-Mar-19,2.415,2.402,2.417,2.388
19-Mar-19,2.429,2.41,2.437,2.4
20-Mar-19,2.326,2.429,2.429,2.319
21-Mar-19,2.341,2.323,2.35,2.299
22-Mar-19,2.24,2.341,2.341,2.224
24-Mar-19,2.25,2.252,2.252,2.25
25-Mar-19,2.187,2.254,2.27,2.158
26-Mar-19,2.208,2.197,2.242,2.18
27-Mar-19,2.17,2.205,2.213,2.118
28-Mar-19,2.209,2.165,2.223,2.138
29-Mar-19,2.236,2.214,2.26,2.206
31-Mar-19,2.26,2.256,2.26,2.256
1-Apr-19,2.325,2.261,2.327,2.246
2-Apr-19,2.283,2.31,2.312,2.28
3-Apr-19,2.33,2.285,2.333,2.28
4-Apr-19,2.318,2.322,2.33,2.293
5-Apr-19,2.309,2.32,2.352,2.302
7-Apr-19,2.315,2.315,2.315,2.315
8-Apr-19,2.326,2.314,2.331,2.295
9-Apr-19,2.307,2.324,2.334,2.29
10-Apr-19,2.27,2.307,2.316,2.265
11-Apr-19,2.314,2.282,2.319,2.277
12-Apr-19,2.377,2.312,2.382,2.306
14-Apr-19,2.373,2.372,2.373,2.372
15-Apr-19,2.372,2.373,2.394,2.365
16-Apr-19,2.406,2.372,2.411,2.363
17-Apr-19,2.404,2.402,2.43,2.391
18-Apr-19,2.369,2.399,2.399,2.356
21-Apr-19,2.366,2.368,2.368,2.366
22-Apr-19,2.385,2.368,2.391,2.364
23-Apr-19,2.361,2.385,2.391,2.352
24-Apr-19,2.312,2.361,2.363,2.305
25-Apr-19,2.33,2.317,2.337,2.306
26-Apr-19,2.29,2.323,2.345,2.28
29-Apr-19,2.312,2.33,2.33,2.288
30-Apr-19,2.278,2.307,2.335,2.277
1-May-19,2.303,2.283,2.317,2.217
2-May-19,2.347,2.303,2.353,2.303
3-May-19,2.327,2.349,2.395,2.312
5-May-19,2.327,2.327,2.327,2.327
6-May-19,2.293,2.273,2.297,2.265
7-May-19,2.253,2.27,2.297,2.248
8-May-19,2.288,2.262,2.295,2.23
9-May-19,2.253,2.28,2.282,2.215
10-May-19,2.268,2.257,2.272,2.218
12-May-19,2.225,2.227,2.228,2.225
13-May-19,2.185,2.225,2.237,2.17
14-May-19,2.191,2.178,2.21,2.173
15-May-19,2.151,2.188,2.201,2.128
16-May-19,2.171,2.148,2.2,2.13
17-May-19,2.176,2.176,2.195,2.138
19-May-19,2.188,2.178,2.188,2.178
20-May-19,2.206,2.186,2.208,2.168
21-May-19,2.228,2.203,2.238,2.196
22-May-19,2.179,2.228,2.231,2.179
23-May-19,2.118,2.184,2.184,2.082
24-May-19,2.122,2.116,2.134,2.104
27-May-19,2.117,2.119,2.119,2.117
28-May-19,2.07,2.115,2.126,2.064
29-May-19,2.071,2.061,2.076,2.007
30-May-19,2.025,2.068,2.098,2.015
31-May-19,1.916,1.99,1.993,1.908
2-Jun-19,1.906,1.909,1.909,1.906
3-Jun-19,1.84,1.908,1.916,1.821
4-Jun-19,1.886,1.847,1.921,1.844
5-Jun-19,1.871,1.899,1.899,1.804
6-Jun-19,1.883,1.868,1.901,1.835
7-Jun-19,1.851,1.891,1.894,1.791
9-Jun-19,1.901,1.902,1.902,1.899
10-Jun-19,1.917,1.899,1.919,1.874
11-Jun-19,1.915,1.906,1.945,1.902
12-Jun-19,1.874,1.912,1.916,1.863
13-Jun-19,1.835,1.877,1.882,1.818
14-Jun-19,1.836,1.825,1.866,1.796
16-Jun-19,1.849,1.842,1.851,1.842
17-Jun-19,1.852,1.847,1.872,1.836
18-Jun-19,1.831,1.852,1.86,1.776
19-Jun-19,1.765,1.839,1.875,1.76
20-Jun-19,1.776,1.76,1.801,1.709
21-Jun-19,1.797,1.77,1.82,1.753
23-Jun-19,1.796,1.794,1.797,1.794
24-Jun-19,1.748,1.794,1.804,1.744
25-Jun-19,1.729,1.744,1.762,1.709
26-Jun-19,1.798,1.742,1.804,1.741
27-Jun-19,1.77,1.799,1.835,1.762
28-Jun-19,1.768,1.775,1.789,1.753
30-Jun-19,1.814,1.809,1.814,1.809
1-Jul-19,1.796,1.816,1.816,1.762
2-Jul-19,1.743,1.78,1.788,1.74
3-Jul-19,1.737,1.74,1.747,1.709
4-Jul-19,1.73,1.729,1.732,1.729
5-Jul-19,1.837,1.729,1.862,1.722
7-Jul-19,1.842,1.844,1.844,1.842
8-Jul-19,1.854,1.841,1.861,1.806
9-Jul-19,1.889,1.847,1.889,1.841
10-Jul-19,1.828,1.876,1.919,1.814
11-Jul-19,1.899,1.819,1.907,1.803
12-Jul-19,1.871,1.889,1.901,1.856
14-Jul-19,1.871,1.871,1.871,1.871
15-Jul-19,1.846,1.921,1.921,1.843
16-Jul-19,1.871,1.844,1.903,1.839
17-Jul-19,1.811,1.874,1.878,1.81
18-Jul-19,1.766,1.818,1.844,1.765
19-Jul-19,1.816,1.795,1.826,1.788
21-Jul-19,1.821,1.823,1.823,1.821
22-Jul-19,1.805,1.82,1.831,1.786
23-Jul-19,1.828,1.808,1.836,1.798
24-Jul-19,1.815,1.831,1.835,1.791
