uscommdate,uscommprice,uscommopen,uscommhigh,uscommlow,uscommvol
1-Oct-10,54.1,54.76,54.79,53.99,15.93
4-Oct-10,53.67,53.89,53.89,53.44,11.96
5-Oct-10,54.63,54.27,54.65,54.08,43.54
6-Oct-10,54.85,54.76,54.93,54.53,57.14
7-Oct-10,54.39,55.19,55.19,54.36,74.23
8-Oct-10,56.26,56.3,57.75,55.03,32.88
11-Oct-10,56.47,56.82,57.03,56.26,24.41
12-Oct-10,56.68,56.66,56.73,56.04,17.06
13-Oct-10,56.94,56.83,57.02,56.77,32.26
14-Oct-10,57.26,57.23,57.36,57.08,24.6
15-Oct-10,56.45,57.37,57.37,56.15,23.8
18-Oct-10,56.86,56.49,56.86,56.44,9.29
19-Oct-10,55.76,55.95,56.35,55.7,43.68
20-Oct-10,57.09,56.25,57.1,56.25,44.71
21-Oct-10,56.83,56.36,57.45,56.2,204.82
22-Oct-10,57.09,56.85,57.3,56.81,51.73
25-Oct-10,57.82,58.18,58.18,57.48,50.31
26-Oct-10,58.06,57.66,58.07,57.56,22.86
27-Oct-10,57.43,57.63,57.63,57.03,36.88
28-Oct-10,57.54,57.86,57.86,57.54,42.76
29-Oct-10,57.73,57.6,57.82,57.44,27.53
1-Nov-10,57.93,58.36,58.36,57.8,39.63
2-Nov-10,58.64,58.7,58.72,58.35,53.52
3-Nov-10,58.72,58.91,58.91,57.96,47.88
4-Nov-10,60.32,61.15,61.15,59.73,60.94
5-Nov-10,60.58,60.4,60.58,60.23,48.26
8-Nov-10,61.07,60.7,61.1,60.52,62.8
9-Nov-10,61.29,62.18,63.17,61.15,88.76
10-Nov-10,61.41,61.75,61.75,60.81,74.1
11-Nov-10,60.75,61.5,61.5,60.58,40.01
12-Nov-10,58.37,59.9,59.9,58.09,64.42
15-Nov-10,58.43,58.35,58.81,58.15,42.9
16-Nov-10,56.73,58,58,56.44,58.48
17-Nov-10,56.65,56.67,56.95,56.23,34.76
18-Nov-10,58.37,57.99,58.59,57.9,23.39
19-Nov-10,57.75,57.76,58.6,57.37,55.51
22-Nov-10,57.32,57.53,57.53,56.75,23.52
23-Nov-10,57.13,56.62,57.22,56.4,34.46
24-Nov-10,58.05,57.63,58.55,57.63,73.68
26-Nov-10,57.74,57.37,57.74,57.05,14.43
29-Nov-10,57.99,58.03,58.03,57.61,15.8
30-Nov-10,58.02,57.99,58.24,57.94,12.51
1-Dec-10,59.2,58.67,59.39,58.67,22.66
2-Dec-10,59.69,59.67,59.77,59.55,9.62
3-Dec-10,60.6,59.92,60.61,59.92,18.4
6-Dec-10,60.44,60.56,60.56,60.23,37.51
7-Dec-10,59.85,61.22,61.22,59.8,17.33
8-Dec-10,60.2,59.96,60.32,59.45,17.74
9-Dec-10,60.31,60.42,60.53,60.12,25.36
10-Dec-10,60.43,60.7,60.7,60.11,31.89
13-Dec-10,61.66,61.1,61.8,61.1,23.57
14-Dec-10,61.72,61.86,61.86,61.59,16.7
15-Dec-10,61.22,61.5,61.69,60.95,56.29
16-Dec-10,61.41,61.17,61.52,60.79,17.09
17-Dec-10,62.3,61.85,62.53,61.51,128.75
20-Dec-10,63.12,62.56,63.18,62.45,43.72
21-Dec-10,63.5,63.8,64.1,63.4,74.01
22-Dec-10,63.64,63.85,63.85,63.2,32.48
23-Dec-10,63.72,63.46,63.75,63.42,18.32
27-Dec-10,63.6,63.7,63.75,63.21,23.37
28-Dec-10,64.14,64,64.31,63.95,74.18
29-Dec-10,63.89,64.49,64.49,63.85,69.52
30-Dec-10,63.44,64.19,64.19,63.1,43.81
31-Dec-10,64.5,63.75,64.65,63.75,30.71
3-Jan-11,64.63,64.76,65.48,64.5,52.53
4-Jan-11,63.7,64.5,64.5,63.14,104.77
5-Jan-11,64,63.5,64.24,62.81,73.26
6-Jan-11,63.31,64.35,64.35,63.22,70.98
7-Jan-11,63.26,63.45,63.6,63,37.81
10-Jan-11,63.58,63.37,63.69,63.25,61.48
11-Jan-11,64.25,64.15,64.3,63.92,56.15
12-Jan-11,65.12,65.01,65.43,64.84,77.59
13-Jan-11,64.76,65.45,65.45,64.5,43.37
14-Jan-11,64.69,64.5,64.71,64.19,115.9
18-Jan-11,64.99,66,66,64.75,67.37
19-Jan-11,60.94,60.69,60.94,60.69,36.34
20-Jan-11,64.31,64.63,64.63,63.3,48.72
21-Jan-11,65.12,64.73,65.17,64.6,135.14
24-Jan-11,65.03,65.19,65.32,64.93,24.85
25-Jan-11,64.17,64.75,64.75,63.98,103.35
26-Jan-11,65.64,64.8,65.9,64.52,40.02
27-Jan-11,65.84,66.09,66.38,65.5,48.15
28-Jan-11,66.23,66.2,66.38,65.95,113.63
31-Jan-11,67.16,66.6,70.97,66.37,97.11
1-Feb-11,67.82,67.28,67.82,67.14,60.75
2-Feb-11,68.49,68.07,68.57,68.04,268.98
3-Feb-11,68.09,68.51,68.55,67.72,55.76
4-Feb-11,68.18,68.5,68.5,67.57,74.05
7-Feb-11,68.19,68.88,68.88,68.01,538.03
8-Feb-11,68.6,68.13,68.61,67.9,134.48
9-Feb-11,69,68.89,69.19,68.54,244.25
10-Feb-11,69.49,69.26,69.54,69.07,96.57
11-Feb-11,69.3,69.25,69.48,69,155.61
14-Feb-11,69.72,69.7,70.07,69.51,164.01
15-Feb-11,69.11,69.73,69.88,68.79,179.85
16-Feb-11,69.86,69.54,70.02,69.37,131.34
17-Feb-11,71.01,69.97,71.01,69.83,175.68
18-Feb-11,70.25,70.13,70.93,70.05,271.9
22-Feb-11,68.8,70.19,70.19,68.57,129.09
23-Feb-11,69.37,68.5,69.37,68.22,172.81
24-Feb-11,68.39,68.64,68.79,68.2,102.41
25-Feb-11,69.8,68.87,70.12,68.46,122.64
28-Feb-11,70.88,70.43,70.88,70.35,166.8
1-Mar-11,71,70.98,71.99,70.16,176.81
2-Mar-11,71.31,70.98,71.31,70.73,96
3-Mar-11,71.86,71.82,72.01,71.34,76.76
4-Mar-11,71.98,72.48,72.48,71.62,83.41
7-Mar-11,71.67,72.45,72.49,71.44,102.93
8-Mar-11,71.29,71.4,71.41,71,111.94
9-Mar-11,70.65,71.5,71.51,70.35,66.51
10-Mar-11,69.17,69.95,69.95,68.83,210.08
11-Mar-11,68.92,68.08,69.11,68.04,69.66
14-Mar-11,68.52,68.6,68.74,68.34,57.64
15-Mar-11,66,66.43,66.43,65.59,128.64
16-Mar-11,66.05,66.43,67.38,65.52,195.1
17-Mar-11,68.25,67.22,68.51,67.22,126.6
18-Mar-11,69,68.47,69.37,68.47,80.42
21-Mar-11,69.41,69.54,69.56,69,159.54
22-Mar-11,69.82,69.14,69.82,68.75,185.29
23-Mar-11,69.86,69.86,69.95,69.59,146.28
24-Mar-11,70.36,69.78,70.51,69.5,69.01
25-Mar-11,70.33,70.64,70.87,70.04,122.87
28-Mar-11,69.33,69.71,69.82,69.26,103.63
29-Mar-11,69.38,68.68,69.53,68.68,85.16
30-Mar-11,69.27,69.69,69.69,68.66,64.78
31-Mar-11,70.58,69.45,70.71,69.25,134.48
1-Apr-11,70.65,70.33,70.73,70,80.72
4-Apr-11,71.37,70.58,71.39,70.58,71.54
5-Apr-11,71.66,71.2,71.85,70.99,74.31
6-Apr-11,71.74,72.05,72.29,71.67,75.64
7-Apr-11,71.92,72.19,72.35,71.46,84.09
8-Apr-11,73,72.61,73,72.28,175.5
11-Apr-11,72.39,72.99,73.01,72.26,95.93
12-Apr-11,70.77,72.06,72.1,70.44,104.57
13-Apr-11,71.02,71.06,71.57,70.5,80.29
14-Apr-11,70.89,70.62,70.9,70.45,58.68
15-Apr-11,71.27,71.07,71.29,70.78,129.1
18-Apr-11,71.32,71,71.32,70.44,67.13
19-Apr-11,71.28,71.21,71.43,70.83,93.04
20-Apr-11,71.92,72.21,72.43,71.75,64.76
21-Apr-11,72.25,72.2,72.35,71.66,146.26
25-Apr-11,72.03,72.73,72.73,71.65,72.32
26-Apr-11,71.7,71.83,71.97,71.5,381.34
27-Apr-11,71.63,72.05,72.06,70.84,117.01
28-Apr-11,70.89,71.53,71.76,70.5,133.05
29-Apr-11,71.58,70.75,71.77,70.72,116.21
2-May-11,70.53,70.89,71.48,70.52,111.03
3-May-11,70.14,70.74,70.82,69.89,83.07
4-May-11,68.43,69.81,69.81,68.41,134.74
5-May-11,65.22,67.01,67.01,65,376.64
6-May-11,65.46,65.28,66.6,65.25,107.51
9-May-11,66.93,66.2,66.93,65.97,118.17
10-May-11,67.64,67.24,67.73,66.96,145.45
11-May-11,65.7,67.7,67.7,64.9,162.14
12-May-11,65.46,64.4,65.82,64.4,1.62
13-May-11,65.22,65.55,65.97,64.89,212.98
16-May-11,64.86,65.19,65.64,64.86,339.24
17-May-11,65.55,64.72,65.55,64.55,225.09
18-May-11,66.82,66.04,67.09,66.01,117.61
19-May-11,66.13,67.03,67.03,66.09,54.87
20-May-11,66.37,66,66.41,65.49,31.04
23-May-11,65.2,65.2,65.55,65.01,105.88
24-May-11,65.65,65.78,66.02,65.4,88.62
25-May-11,66.87,66.12,67,66.12,23.98
26-May-11,66.86,67.21,67.21,66.6,29.78
27-May-11,67.15,67.12,67.2,66.94,44.86
31-May-11,67.61,68,68,67.32,168.88
1-Jun-11,66.62,67.46,68.16,66.5,286.95
2-Jun-11,67.22,67.23,67.32,66.63,70.6
3-Jun-11,67.43,66.74,67.5,66.74,70.02
6-Jun-11,66.34,67.56,67.56,66.22,65.53
7-Jun-11,66.74,66.42,66.82,66.3,79.48
8-Jun-11,67.23,66.76,67.23,66.68,27.13
9-Jun-11,67.7,68,68,67.31,80.53
10-Jun-11,67.28,67.84,67.84,66.97,66.99
13-Jun-11,66.79,67.24,67.5,66.48,50.63
14-Jun-11,67,66.93,67.18,66.73,28.45
15-Jun-11,65.53,66.55,66.82,65.2,59.07
16-Jun-11,65,65.04,65.3,64.91,33.95
17-Jun-11,65,65.05,65.26,64.7,24.06
20-Jun-11,64.84,64.81,65.07,64.67,47.06
21-Jun-11,65.04,65.08,65.42,64.5,59.59
22-Jun-11,64.72,64.96,65.22,64.52,53.41
23-Jun-11,63.87,63.3,63.89,62.51,80.8
24-Jun-11,63.12,63.45,63.78,63.02,177.98
27-Jun-11,62.89,62.55,62.97,62.36,170.13
28-Jun-11,64,62.97,64.29,62.97,63.4
29-Jun-11,64.94,64.25,65,64.25,78.08
30-Jun-11,63.71,64.87,64.87,63.46,26.66
1-Jul-11,63.81,66.71,66.71,63.39,36.55
5-Jul-11,64.75,64.53,64.85,64.4,53.57
6-Jul-11,64.61,64.52,64.75,64.38,30.41
7-Jul-11,66.02,65.51,66.18,65.45,114.98
8-Jul-11,66,66.2,66.24,65.62,51.41
11-Jul-11,65.54,65.36,65.61,64.88,23.22
12-Jul-11,66.27,65.19,66.41,65.19,15.05
13-Jul-11,67.53,66.58,67.8,66.58,93.58
14-Jul-11,66.8,67.38,67.5,66.59,23.91
15-Jul-11,66.82,66.75,67.22,66.62,35.64
18-Jul-11,66.65,66.38,66.71,66,39.1
19-Jul-11,66.84,67.39,67.61,66.75,35.7
20-Jul-11,66.89,66.82,66.99,66.65,31.09
21-Jul-11,66.55,67.05,67.2,66.4,46.98
22-Jul-11,67.23,66.91,67.32,66.68,47.4
25-Jul-11,66.77,66.87,66.93,66.54,146.18
26-Jul-11,67.54,67.15,67.55,66.66,33.67
27-Jul-11,67.39,67.67,67.69,67.23,19.66
28-Jul-11,66.82,67.19,67.36,66.77,16.81
29-Jul-11,66.34,66.35,66.61,66.23,32.1
1-Aug-11,66.6,67.08,67.08,66.03,115.99
2-Aug-11,66.48,66.29,66.72,66.28,76.59
3-Aug-11,65.54,65.93,65.96,65.4,99.65
4-Aug-11,63.66,65.05,65.05,63.59,81.12
5-Aug-11,63.27,63.76,64.03,62.57,49.13
8-Aug-11,61.15,62.33,62.59,61.13,222.99
9-Aug-11,61.54,61.59,62.18,60.6,103.13
10-Aug-11,61.51,61.57,61.91,61.37,150.34
11-Aug-11,62.82,62.15,62.98,62.05,53.82
12-Aug-11,62.98,62.77,63.29,62.77,25.97
15-Aug-11,63.76,63.25,63.8,63.25,30.67
16-Aug-11,63.74,63.27,63.84,63.15,156.04
17-Aug-11,64.6,64.39,64.76,64.3,66.42
18-Aug-11,63.47,63.84,63.84,63.21,27.38
19-Aug-11,64.47,63.85,64.57,63.79,32.19
22-Aug-11,64.42,64.58,64.58,64.22,64.91
23-Aug-11,64.93,64.76,65.01,64.47,20.99
24-Aug-11,64.42,64.96,65.16,64.25,122.83
25-Aug-11,64.68,64.63,64.76,64,40.39
26-Aug-11,65.23,64.49,65.23,64.22,23.63
29-Aug-11,65.3,65.42,65.42,65.18,33.14
30-Aug-11,65.76,65.4,65.84,65.18,46.83
31-Aug-11,66.15,65.78,66.28,65.78,33.95
1-Sep-11,65.75,65.86,66.18,65.75,23.06
2-Sep-11,65.51,65.59,65.91,65.36,71.45
6-Sep-11,65.28,64.61,65.28,64.61,42.65
7-Sep-11,65.65,65.19,65.71,65.19,19.52
8-Sep-11,65.71,65.59,65.87,65.59,49.96
9-Sep-11,64.79,65.25,65.29,64.67,90.73
12-Sep-11,64.43,64.34,64.64,64.17,30.24
13-Sep-11,64.33,64.35,64.58,64.16,41.86
14-Sep-11,64.4,64.16,64.43,63.93,34.14
15-Sep-11,64.25,64.82,64.83,64.14,22.75
16-Sep-11,63.79,64.42,64.42,63.79,17.55
19-Sep-11,63.17,63.75,63.75,62.86,21.27
20-Sep-11,63.27,63.13,63.63,63.05,29.1
21-Sep-11,62.06,63.31,63.35,62.06,120.01
22-Sep-11,60.05,60.57,60.9,59.91,174.01
23-Sep-11,58.57,59.46,59.65,58.4,71.97
26-Sep-11,58.91,58.15,58.91,57.94,31.33
27-Sep-11,59.71,59.82,60.3,59.7,26.85
28-Sep-11,58.27,59.79,59.79,58.27,28.18
29-Sep-11,58.88,58.94,59.44,58.71,56.65
30-Sep-11,58.15,58.78,58.79,58.12,70.2
3-Oct-11,57.37,57.23,58.24,57.23,47.52
4-Oct-11,57.67,57.35,57.79,56.34,137.42
5-Oct-11,58.45,57.52,58.61,57.52,491.7
6-Oct-11,59.44,58.56,59.55,58.52,73.52
7-Oct-11,59.05,59.71,59.71,58.83,48.13
10-Oct-11,59.98,59.72,60.22,59.72,102.75
11-Oct-11,60.09,59.25,60.19,57.83,38.44
12-Oct-11,60.5,60.25,60.9,60.25,16.25
13-Oct-11,60.7,60.28,60.85,60.02,34.08
14-Oct-11,61.78,61.55,61.88,61.48,26.47
17-Oct-11,61.1,64,64,61.01,55.85
18-Oct-11,61.42,60.75,61.47,60.36,28.85
19-Oct-11,60.18,61.17,61.22,60.03,20.14
20-Oct-11,59.92,60,60.09,59.05,93.86
21-Oct-11,60.68,60.78,61,60.44,27.89
24-Oct-11,61.51,61.29,61.64,60.98,29.88
25-Oct-11,61.28,61.51,61.57,60.98,35.72
26-Oct-11,61.08,61.66,61.79,60.86,39.92
27-Oct-11,62.41,62.01,62.59,61.92,23.03
28-Oct-11,62.17,62.03,62.37,61.98,29.7
31-Oct-11,61.36,61.43,61.7,61.12,21.81
1-Nov-11,60.84,61.2,61.21,60.03,42.31
2-Nov-11,61.14,61.48,61.68,60.94,35.25
3-Nov-11,61.69,61.64,61.76,61.15,45.05
4-Nov-11,61.85,61.75,61.89,61.5,95.08
7-Nov-11,62.29,62.28,62.35,61.97,10.13
8-Nov-11,62.44,62.6,62.6,62.2,20.56
9-Nov-11,61.6,62.02,62.24,61.52,79.56
10-Nov-11,61.72,61.94,62,61.21,18.11
11-Nov-11,61.96,61.81,62.07,61.81,12.15
14-Nov-11,61.53,61.74,61.82,61.42,28.46
15-Nov-11,62.17,61.75,62.31,61.71,26.4
16-Nov-11,61.87,61.76,62.25,61.67,32.3
17-Nov-11,60.62,61.15,61.44,60.38,44.5
18-Nov-11,60.23,60.8,60.98,60.2,95.29
21-Nov-11,59.81,59.9,60,59.27,52.66
22-Nov-11,60.34,59.8,60.34,59.73,45.57
23-Nov-11,59.4,59.39,59.62,59.23,50.5
25-Nov-11,58.93,59.12,59.4,58.92,25.55
28-Nov-11,59.54,59.85,59.95,59.36,31.76
29-Nov-11,60.06,59.86,60.06,59.58,8.91
30-Nov-11,60.75,60.63,61.2,60.63,30.78
1-Dec-11,60.26,60.42,60.7,60.09,63.81
2-Dec-11,60.4,60.54,60.59,60.32,18.54
5-Dec-11,60.17,60.69,60.88,60.06,24.64
6-Dec-11,60.52,60.07,60.65,60.03,30.78
7-Dec-11,60.23,60.32,60.36,59.92,79.63
8-Dec-11,59.64,60.13,60.21,59.58,58.48
9-Dec-11,59.72,58.2,59.82,58.2,50.93
12-Dec-11,58.72,58.8,58.87,58.5,52.03
13-Dec-11,58.62,58.75,59.33,58.52,120.53
14-Dec-11,56.97,57.99,57.99,56.93,79.22
15-Dec-11,56.89,57.29,57.39,56.85,56.03
16-Dec-11,57.26,57.55,57.55,56.96,37.94
19-Dec-11,57.12,57.15,57.42,57,50.65
20-Dec-11,58.14,57.97,58.23,57.87,185.57
21-Dec-11,58.33,58.02,58.4,57.93,82.61
22-Dec-11,58.41,58.32,58.62,57.6,1.28
23-Dec-11,58.79,57.06,58.94,57.06,34.17
27-Dec-11,58.72,58.5,58.85,58.45,51.47
28-Dec-11,58.64,58.83,58.83,58.24,85.31
29-Dec-11,58.46,58.41,58.55,58.01,88.09
30-Dec-11,58.37,58.58,58.77,58.3,35.88
3-Jan-12,60.18,59.08,60.18,59.08,76.53
4-Jan-12,60.47,60.54,60.54,60.28,25.66
5-Jan-12,59.89,60.25,60.26,59.79,17.38
6-Jan-12,60.05,59.92,60.05,59.76,43.78
9-Jan-12,60.09,60.1,60.19,59.68,26.57
10-Jan-12,60.7,60.56,60.83,60.46,57.34
11-Jan-12,60.54,60.57,60.62,60.29,68.98
12-Jan-12,59.95,60.72,60.89,59.94,31.04
13-Jan-12,60,59.73,60.02,59.5,15.4
17-Jan-12,60.58,60.37,60.79,60.37,41.04
18-Jan-12,60.64,60.58,60.78,60.39,63.11
19-Jan-12,60.94,60.69,60.94,60.69,12.83
20-Jan-12,60.86,60.86,60.96,60.46,11.4
23-Jan-12,61.28,61.14,61.3,61,29.11
24-Jan-12,61.1,60.99,61.29,60.98,16.26
25-Jan-12,61.57,61.1,61.6,60.55,22.98
26-Jan-12,61.51,61.81,61.96,61.42,12.42
27-Jan-12,61.74,61.34,61.75,61.34,19.66
30-Jan-12,61.26,61.27,61.44,61.08,8.73
31-Jan-12,61.08,61.79,61.8,60.95,120.85
1-Feb-12,61.45,61.5,61.69,61.31,55.8
2-Feb-12,61.6,61.32,61.67,61.14,25.54
3-Feb-12,61.99,61.78,62.04,61.68,97.9
6-Feb-12,62.34,61.96,62.38,61.89,35.33
7-Feb-12,62.6,62.09,62.72,62.09,78.34
8-Feb-12,62.73,62.78,62.9,62.24,16.75
9-Feb-12,62.81,63,63.07,62.77,17.79
10-Feb-12,62.11,62.2,62.36,61.94,24.21
13-Feb-12,62.24,62.42,62.52,62.07,67.76
14-Feb-12,62.2,62.27,62.27,61.95,33.23
15-Feb-12,62.34,62.54,62.54,62.08,18.42
16-Feb-12,62.64,62.14,62.65,62.09,16.25
17-Feb-12,62.4,62.46,62.61,62.29,20.96
21-Feb-12,63.61,63.13,63.77,63.1,41.09
22-Feb-12,64.01,63.65,64.05,63.5,75.35
23-Feb-12,64.22,63.95,64.22,63.75,32.97
24-Feb-12,64.53,64.34,64.53,63.97,32.7
27-Feb-12,64.16,64.18,64.54,64.1,32.77
28-Feb-12,64.22,64.54,64.54,64.15,16.51
29-Feb-12,63.52,64.22,64.36,62.95,190.38
1-Mar-12,64.53,63.65,64.75,63.55,47.83
2-Mar-12,63.71,64.12,64.17,63.57,22.54
5-Mar-12,63.39,63.66,63.66,63.22,42.78
6-Mar-12,62.22,62.38,62.66,62.15,25.61
7-Mar-12,62.31,62,62.38,61.79,5.01
8-Mar-12,62.83,62.73,62.92,62.58,19.48
9-Mar-12,62.94,62.62,63.11,62.46,30.58
12-Mar-12,62.67,62.46,62.76,62.28,18.12
13-Mar-12,62.76,62.67,63.02,62.49,31.98
14-Mar-12,62.24,62.66,62.83,62.22,12.37
15-Mar-12,62.25,62.29,62.42,61.95,17.72
16-Mar-12,62.8,62.33,62.81,62.29,24.97
19-Mar-12,62.72,62.78,62.89,62.49,42.92
20-Mar-12,62.24,62.49,62.54,62.14,77.45
21-Mar-12,62.14,62.27,62.55,62.12,14.9
22-Mar-12,61.63,61.61,61.72,61.43,31.61
23-Mar-12,62.04,61.9,62.18,61.7,18.58
26-Mar-12,62.29,62.47,62.47,62.15,31.81
27-Mar-12,62.34,62.66,62.66,62.2,20.74
28-Mar-12,61.54,61.96,61.96,61.33,44.88
29-Mar-12,60.74,61.6,61.67,60.62,104.14
30-Mar-12,61.31,61.47,61.6,60.79,23.85
2-Apr-12,62.38,61.08,62.38,61.07,78.05
3-Apr-12,61.83,62.3,62.35,61.71,64.24
4-Apr-12,61.04,61.45,61.79,60.94,73.89
5-Apr-12,61.57,61.32,61.59,61.05,34.46
9-Apr-12,61.32,61.16,61.46,61.14,17.03
10-Apr-12,60.62,61.29,61.38,60.57,29.58
11-Apr-12,60.85,60.84,60.94,60.64,33.3
12-Apr-12,61.62,61.08,61.79,61.08,8.41
13-Apr-12,61.26,61.51,61.59,61.12,27.47
16-Apr-12,60.58,60.91,60.91,60.45,23.53
17-Apr-12,60.77,60.83,60.97,60.68,8.46
18-Apr-12,60.2,60.51,60.72,60.04,197.94
19-Apr-12,60.44,60.68,60.68,60.3,16.12
20-Apr-12,60.71,60.71,60.77,60.51,8.18
23-Apr-12,60.39,60.12,60.4,60.12,12.21
24-Apr-12,60.33,60.47,60.59,60.15,11.33
25-Apr-12,60.62,60.35,60.64,60.31,19.44
26-Apr-12,60.62,60.72,60.85,60.51,21.63
27-Apr-12,60.68,60.58,60.77,60.46,13.2
30-Apr-12,60.96,60.54,60.97,60.54,9.48
1-May-12,61.12,60.91,61.21,60.86,29.39
2-May-12,60.44,60.78,60.94,60.37,43.47
3-May-12,60.2,60.23,60.26,60.08,30.62
4-May-12,59.79,60,60.15,59.41,27.9
7-May-12,59.74,59.47,59.83,59.41,26.63
8-May-12,59.47,59.52,59.52,58.98,19.52
9-May-12,59.16,59,59.21,58.78,25.32
10-May-12,59.24,59.14,59.41,59.14,18.72
11-May-12,58.52,58.72,59.13,58.52,34.64
14-May-12,57.9,58.19,58.19,57.89,33.94
15-May-12,58.15,58.17,58.41,58.09,24.45
16-May-12,58.24,58.03,58.3,58,75.17
17-May-12,58.02,58.18,58.35,57.92,88.38
18-May-12,57.95,58.23,58.52,57.93,79.69
21-May-12,58.24,58.26,58.46,58.19,11.68
22-May-12,57.5,57.98,58.19,57.5,76.58
23-May-12,56.89,57.05,57.05,56.6,45.57
24-May-12,57.05,57.33,57.33,56.78,52.41
25-May-12,57.15,57.09,57.28,56.24,43.71
29-May-12,57.17,57.53,57.71,56.99,11.82
30-May-12,56.5,56.75,56.75,56.37,21.31
31-May-12,56.28,56.41,56.65,56.1,114.86
1-Jun-12,55.49,55.65,55.92,55.38,147.89
4-Jun-12,55.74,55.31,55.83,55.31,47.76
5-Jun-12,55.62,55.56,55.89,55.51,28.86
6-Jun-12,56.26,56.39,56.52,56.25,17.01
7-Jun-12,56.77,57.09,57.15,56.67,51.92
8-Jun-12,56.76,56.32,56.77,56.25,14.74
11-Jun-12,56.04,56.78,56.78,56.04,23.54
12-Jun-12,56.3,56.36,56.55,56.2,14.12
13-Jun-12,56,56.08,56.41,55.96,12.42
14-Jun-12,56.23,56.16,56.33,55.94,18.08
15-Jun-12,56.11,56.13,56.33,56,15.88
18-Jun-12,56.39,55.7,56.48,55.7,47.24
19-Jun-12,57.02,56.92,57.19,56.88,9.88
20-Jun-12,56.47,56.74,56.77,56.32,22.01
21-Jun-12,55.15,56.05,56.05,55.12,19.55
22-Jun-12,55.57,55.57,55.6,55.39,90.65
25-Jun-12,55.98,55.73,56,55.65,28.42
26-Jun-12,55.97,56.05,56.05,55.68,4.21
27-Jun-12,56.29,56.25,56.5,56.23,61.13
28-Jun-12,56.15,56.04,56.17,55.96,37.46
29-Jun-12,57.64,57.12,57.64,56.93,50
2-Jul-12,57.74,57.8,57.84,57.52,184.44
3-Jul-12,58.9,58.39,58.9,58.39,4.77
5-Jul-12,59.43,58.8,59.54,58.8,17.84
6-Jul-12,58.73,58.96,58.96,58.66,23.58
9-Jul-12,59.66,59.6,59.75,59.43,47.6
10-Jul-12,59.17,59.5,59.5,59.05,17.62
11-Jul-12,59.21,59.58,59.85,58.84,15.93
12-Jul-12,59.23,58.88,59.41,58.88,14.78
13-Jul-12,59.64,59.68,59.75,59.49,25.21
16-Jul-12,60.47,60.23,60.53,60.05,75.71
17-Jul-12,60.2,60.55,60.55,60.03,28.07
18-Jul-12,61.21,60.33,61.21,60.2,45.21
19-Jul-12,62.02,61.77,62.16,61.51,39.04
20-Jul-12,62.34,62.14,62.43,61.9,34.83
23-Jul-12,61.1,61.02,61.34,60.33,34.34
24-Jul-12,60.18,60.54,60.54,59.52,24.21
25-Jul-12,60.83,60.77,60.98,60.49,56.26
26-Jul-12,60.3,60.87,60.96,60.3,28.15
27-Jul-12,61.12,60.76,61.18,60.73,8.05
30-Jul-12,61.81,61.67,61.86,61.58,34.23
31-Jul-12,61.25,61.78,61.82,61.21,77.71
1-Aug-12,60.96,61.05,61.18,60.68,90.49
2-Aug-12,60.31,60.45,60.57,60.2,90.92
3-Aug-12,60.51,60.71,60.87,60.51,25.92
6-Aug-12,60.36,60.18,60.49,60.11,37.32
7-Aug-12,60.42,60.57,60.64,60.42,53.72
8-Aug-12,60.76,60.44,60.76,60.4,10.78
9-Aug-12,61.21,60.73,61.37,60.73,18.97
10-Aug-12,60.97,60.89,61.05,60.81,8.8
13-Aug-12,60.4,60.58,60.65,60.37,25.32
14-Aug-12,60.48,60.58,60.58,60.23,25.24
15-Aug-12,60.74,60.48,60.75,60.48,20.89
16-Aug-12,60.61,60.68,60.88,60.6,15.61
17-Aug-12,60.93,60.87,60.96,60.77,20.53
20-Aug-12,61.38,61.04,61.45,60.93,12.18
21-Aug-12,61.94,61.79,62.05,61.79,35.11
22-Aug-12,62.03,61.92,62.04,61.73,29.86
23-Aug-12,61.66,62.26,62.26,60.56,13.39
24-Aug-12,61.5,61.87,61.87,61.48,6.33
27-Aug-12,61.21,61.5,61.59,61.2,19.65
28-Aug-12,61.37,61.16,61.37,61.15,8.25
29-Aug-12,61.67,61.34,61.72,61.29,20.09
30-Aug-12,61.83,61.83,61.98,61.73,9.37
31-Aug-12,62.18,61.96,62.19,61.73,110.46
4-Sep-12,62.08,62.26,62.33,61.99,34.42
5-Sep-12,61.96,62.12,62.16,61.92,75.54
6-Sep-12,62,62.19,62.4,61.99,29.2
7-Sep-12,62.52,62.15,62.59,62.02,91.14
10-Sep-12,62.35,62.35,62.56,62.31,16.6
11-Sep-12,62.34,62.62,62.62,62.27,19.99
12-Sep-12,62.69,62.45,62.74,62.44,16.38
13-Sep-12,62.93,62.8,63.05,62.53,153.16
14-Sep-12,63.33,63.44,63.6,63.24,59.17
17-Sep-12,61.78,62.96,62.96,61.75,44.05
18-Sep-12,61.48,61.74,61.93,61.38,58.84
19-Sep-12,61.24,61.25,61.28,61.03,48.68
20-Sep-12,61.12,61.15,61.22,60.87,105.02
21-Sep-12,61.52,61.27,61.52,61.27,71.61
24-Sep-12,61.01,60.98,61.05,60.78,18.99
25-Sep-12,60.92,61.26,61.35,60.89,45.27
26-Sep-12,60.34,60.6,60.6,60.12,38.2
27-Sep-12,60.62,60.65,60.7,60.34,41.09
28-Sep-12,61.35,61.11,61.44,60.94,70.13
1-Oct-12,61.17,61.31,61.54,61.05,120.78
2-Oct-12,61.08,61.16,61.26,61.02,5.44
3-Oct-12,60.43,60.67,60.71,60.4,79.02
4-Oct-12,61.18,61.04,61.34,60.96,43.19
5-Oct-12,60.81,61.24,61.24,60.74,67.1
8-Oct-12,60.74,60.51,60.79,60.51,20.63
9-Oct-12,60.98,60.97,61.2,60.93,77.97
10-Oct-12,60.9,61,61.03,60.85,27.8
11-Oct-12,61.45,61.33,61.49,61.24,16.74
12-Oct-12,60.66,60.99,61.05,60.55,91.92
15-Oct-12,60.23,60.32,60.33,59.99,29.14
16-Oct-12,60.37,60.45,60.58,60.29,28.38
17-Oct-12,60.63,60.4,60.64,60.34,17.83
18-Oct-12,60.74,60.48,60.86,60.39,20.4
19-Oct-12,60.12,60.78,60.8,60.1,474.27
22-Oct-12,59.84,60.12,60.23,59.69,29.6
23-Oct-12,59.18,59.1,59.26,58.86,38.74
24-Oct-12,59.18,59.25,59.43,59.02,45.13
25-Oct-12,59.25,59.37,59.4,59.03,28.12
26-Oct-12,59.31,59.43,59.45,59.16,16.25
31-Oct-12,59.09,59.27,59.55,58.39,103.63
1-Nov-12,59.36,59.32,59.6,59.28,133.15
2-Nov-12,58.7,59.31,59.42,58.67,36.95
5-Nov-12,59.03,58.71,59.04,58.64,12.57
6-Nov-12,59.76,59.31,59.83,59.28,11.66
7-Nov-12,59.14,59.38,59.38,58.99,14.52
8-Nov-12,59.03,59.12,59.18,58.92,23.67
9-Nov-12,59.08,58.8,59.16,58.8,9.91
12-Nov-12,58.51,58.86,58.95,58.5,11.79
13-Nov-12,58.27,58.15,58.39,58.12,82.24
14-Nov-12,58.51,58.61,58.84,58.49,29.01
15-Nov-12,58.42,58.75,58.77,58.35,19.88
16-Nov-12,58.38,58.07,58.38,57.91,36.37
19-Nov-12,59.19,58.85,59.24,58.85,13.46
20-Nov-12,59.11,59.01,59.13,58.88,25.01
21-Nov-12,59.19,59.16,59.24,58.99,14.91
23-Nov-12,59.67,59.45,59.74,59.45,9.63
26-Nov-12,59.48,59.53,59.55,59.39,25.84
27-Nov-12,59.6,59.58,59.64,59.37,19.01
28-Nov-12,59.35,59.06,59.44,58.87,41.64
29-Nov-12,59.8,59.8,59.98,59.75,78.39
30-Nov-12,59.77,59.82,59.9,59.61,57.5
3-Dec-12,60.06,60.02,60.16,59.92,12.18
4-Dec-12,59.58,59.72,59.77,59.4,11.42
5-Dec-12,59.81,59.62,59.84,59.56,30.78
6-Dec-12,59.62,59.59,59.75,59.44,27.84
7-Dec-12,59.43,59.44,59.54,59.39,49.2
10-Dec-12,59.8,59.77,59.85,59.66,83.27
11-Dec-12,59.63,59.61,59.66,59.46,10.97
12-Dec-12,59.99,59.83,60.01,59.62,24.57
13-Dec-12,59.55,59.46,59.63,59.36,33.44
14-Dec-12,59.73,59.55,59.8,59.55,107.51
17-Dec-12,59.7,59.62,59.72,59.49,43.47
18-Dec-12,59.59,59.54,59.73,59.45,91.86
19-Dec-12,59.22,59.32,59.47,59.2,101.37
20-Dec-12,58.68,58.57,58.72,58.55,64.02
21-Dec-12,58.74,58.2,58.75,58.2,23.67
24-Dec-12,58.5,58.98,58.98,58.47,7.07
26-Dec-12,58.73,58.9,59.09,58.61,19.93
27-Dec-12,58.66,58.57,58.68,58.46,55.72
28-Dec-12,58.5,58.63,58.63,58.34,64.07
31-Dec-12,58.63,58.29,58.72,58.21,53.06
2-Jan-13,58.92,58.28,59.53,58.2,118.64
3-Jan-13,58.53,58.53,58.69,58.47,63.73
4-Jan-13,58.03,58.24,58.29,57.74,92.89
7-Jan-13,58.17,57.8,58.22,57.8,103.42
8-Jan-13,58.41,58.3,58.42,58.22,64.17
9-Jan-13,58.46,58.69,58.69,58.32,66.45
10-Jan-13,58.59,58.8,58.88,58.59,15.3
11-Jan-13,58.36,58.34,58.47,58.01,23.33
14-Jan-13,58.77,58.55,58.83,58.4,17.29
15-Jan-13,58.7,58.72,58.91,58.68,39.13
16-Jan-13,58.83,58.69,58.84,58.65,8.46
17-Jan-13,58.86,58.99,59.05,58.81,24.09
18-Jan-13,59.07,58.93,59.08,58.72,18.59
22-Jan-13,59.26,59.2,59.29,59.08,46.98
23-Jan-13,59.23,59.24,59.34,59.09,27.65
24-Jan-13,59.27,58.89,59.27,58.89,27.55
25-Jan-13,59.14,59.2,59.21,58.97,17.34
28-Jan-13,59.22,59.14,59.23,59.01,22.23
29-Jan-13,59.56,59.36,59.6,59.32,30.94
30-Jan-13,60.13,59.98,60.15,59.89,55
31-Jan-13,60.11,59.9,60.13,59.85,34.26
1-Feb-13,60.24,60.27,60.58,60.23,37.31
4-Feb-13,60.18,60.22,60.43,60.07,38.05
5-Feb-13,60.61,60.29,60.63,60.25,88.39
6-Feb-13,60.43,60.28,60.45,60.19,146.66
7-Feb-13,60.04,60.29,60.34,59.94,52.16
8-Feb-13,59.96,60.25,60.36,59.91,41.48
11-Feb-13,59.63,59.58,59.67,59.42,52.06
12-Feb-13,59.68,59.69,59.7,59.5,75.16
13-Feb-13,59.71,59.68,59.75,59.59,24.2
14-Feb-13,59.52,59.51,59.54,59.35,33.39
15-Feb-13,59.49,59.31,59.5,59.19,36.73
19-Feb-13,59.31,59.33,59.37,59.13,53.24
20-Feb-13,58.97,59.27,59.27,58.91,55.42
21-Feb-13,58.17,58.38,58.45,58.17,134.37
22-Feb-13,58.23,58.46,58.47,58.13,21.8
25-Feb-13,58.02,58.44,58.45,58.01,28.74
26-Feb-13,58.01,57.99,58.02,57.83,34.99
27-Feb-13,57.76,58.04,58.16,57.74,50.43
28-Feb-13,57.7,57.77,58.04,57.68,75.08
1-Mar-13,57.29,57.27,57.44,57.21,62.19
4-Mar-13,57.14,57.22,57.22,56.86,59.85
5-Mar-13,57.4,57.39,57.47,57.29,32.51
6-Mar-13,57.03,57.16,57.19,56.92,17.07
7-Mar-13,57.42,57.2,57.43,57.16,33.8
8-Mar-13,57.48,57.43,57.54,57.21,32.12
11-Mar-13,57.59,57.34,57.62,57.32,59.94
12-Mar-13,57.71,57.81,57.86,57.65,51.96
13-Mar-13,57.52,57.76,57.78,57.46,102.4
14-Mar-13,57.82,57.5,57.82,57.5,103.49
15-Mar-13,57.73,57.84,57.84,57.66,47.9
18-Mar-13,57.27,57.18,57.37,57.18,34.51
19-Mar-13,57.15,57.26,57.35,57.07,47.33
20-Mar-13,57.63,57.4,57.66,57.3,23.74
21-Mar-13,57.54,57.62,57.69,57.5,16.22
22-Mar-13,57.53,57.59,57.67,57.41,29.85
25-Mar-13,57.41,57.59,57.66,57.38,66.2
26-Mar-13,57.55,57.5,57.57,57.29,60.99
27-Mar-13,57.82,57.39,57.83,57.35,46.58
28-Mar-13,57.01,57.58,57.76,56.97,47.26
1-Apr-13,56.94,56.81,56.95,56.76,47.18
2-Apr-13,56.5,56.74,56.82,56.45,16.57
3-Apr-13,56.11,56.61,56.67,56.05,65.76
4-Apr-13,56.16,56,56.18,55.9,45.63
5-Apr-13,56.14,56.2,56.2,56.02,15.67
8-Apr-13,56.25,56.75,56.75,56,101.41
9-Apr-13,56.49,56.22,56.53,56.14,76.69
10-Apr-13,56.2,56.6,56.63,56.1,152.08
11-Apr-13,56.14,56.06,56.35,56.01,11.54
12-Apr-13,55.7,55.52,56.39,55.44,35.24
15-Apr-13,54.12,54.74,54.81,54.12,45.2
16-Apr-13,54.72,54.67,54.77,54.42,68.2
17-Apr-13,54.32,54.46,54.49,54.25,22.28
18-Apr-13,54.78,54.55,54.78,54.37,17.16
19-Apr-13,54.76,54.66,54.81,54.61,68.9
22-Apr-13,54.58,54.71,54.71,54.4,26.95
23-Apr-13,54.13,54.37,54.37,54.13,89.63
24-Apr-13,54.48,54.44,54.48,54.31,46.61
25-Apr-13,55.04,54.75,55.1,54.72,38.67
26-Apr-13,54.88,54.92,54.92,54.65,62.32
29-Apr-13,55.71,55.15,55.78,55.15,119.34
30-Apr-13,55.62,55.72,55.72,55.51,133.58
1-May-13,55,55.13,55.22,55,157.5
2-May-13,55.01,55.12,55.12,54.81,170.65
3-May-13,55.37,55.25,55.45,55.1,28.64
6-May-13,54.87,54.99,55.15,54.87,37.65
7-May-13,54.91,54.97,54.97,54.73,23.3
8-May-13,54.83,55.02,55.18,54.81,201.17
9-May-13,54.97,54.68,55.09,54.68,17.06
10-May-13,54.49,54.73,55.44,54.26,58.38
13-May-13,54.69,54.45,54.76,54.45,63.11
14-May-13,54.69,54.5,54.77,54.5,57.96
15-May-13,54.37,54.5,54.62,54.37,116.4
16-May-13,54.26,54.36,54.41,54.23,54.13
17-May-13,54.43,54.37,54.48,54.22,61.05
20-May-13,54.76,54.25,54.78,54.25,38.94
21-May-13,54.77,54.5,54.82,54.5,77.83
22-May-13,54.95,55.23,55.23,54.89,95.01
23-May-13,54.86,54.78,55.05,54.64,125.08
24-May-13,55,54.99,55.01,54.81,27.34
28-May-13,55.51,55.45,55.51,55.21,37.38
29-May-13,55.49,55.43,55.6,55.32,27.51
30-May-13,55.51,55.47,55.52,55.34,95.31
31-May-13,55.36,55.46,55.6,55.34,24.86
3-Jun-13,56.02,55.85,56.04,55.58,22.86
4-Jun-13,56.14,55.66,56.14,55.66,9.59
5-Jun-13,55.85,56,56.07,55.83,29.03
6-Jun-13,56.04,55.92,56.05,55.87,48.69
7-Jun-13,56.17,55.99,56.29,55.99,522.1
10-Jun-13,55.93,56.24,56.24,55.85,15.99
11-Jun-13,55.77,55.44,55.83,55.44,31.56
12-Jun-13,55.7,55.68,55.7,55.6,14
13-Jun-13,55.61,55.3,55.65,55.16,15.76
14-Jun-13,55.21,55.53,55.53,55.19,18.4
17-Jun-13,55.32,55.37,55.37,55.02,16.01
18-Jun-13,55.39,55.17,55.4,55.14,16.57
19-Jun-13,55.59,55.24,55.74,55.24,58.62
20-Jun-13,54.47,54.78,54.79,54.46,20.77
21-Jun-13,54.34,54.4,54.51,54.31,14.09
24-Jun-13,53.86,53.86,53.97,53.75,29.06
25-Jun-13,54.06,54.25,54.26,53.97,24.76
26-Jun-13,53.97,54.14,54.18,53.8,152.75
27-Jun-13,53.94,53.98,54.14,53.94,16.7
28-Jun-13,53.5,54.04,54.07,53.44,39
1-Jul-13,53.67,53.68,53.81,53.57,71.55
2-Jul-13,53.86,53.99,53.99,53.78,28.4
3-Jul-13,54.29,54.16,54.29,54.16,26.2
5-Jul-13,54.05,54.13,54.13,53.93,77.98
8-Jul-13,54.36,53.62,55,53.62,101.47
9-Jul-13,54.69,54.63,54.75,54.47,515.49
10-Jul-13,55.02,54.96,55.12,54.93,19.39
11-Jul-13,55.18,55.36,55.36,54.91,88.35
12-Jul-13,55.08,55.2,55.24,55.01,15.54
15-Jul-13,55.15,54.82,55.17,54.82,17.6
16-Jul-13,55.54,55.41,55.67,55.38,20.05
17-Jul-13,55.37,55.86,55.86,55.29,23.14
18-Jul-13,55.62,55.43,55.7,55.34,34.47
19-Jul-13,55.71,56,56,55.55,22.27
22-Jul-13,55.61,55.64,55.72,55.57,45.64
23-Jul-13,55.61,55.65,55.73,55.54,16.6
24-Jul-13,55.31,55.59,55.61,55.3,21.88
25-Jul-13,55.18,55.17,55.21,54.94,81.49
26-Jul-13,54.8,55.1,55.1,54.67,27.84
29-Jul-13,54.61,54.48,54.66,54.48,122.45
30-Jul-13,54.23,54.56,54.56,54.22,55.73
31-Jul-13,54.58,54.21,54.65,54.13,35.69
1-Aug-13,54.73,54.8,54.85,54.61,28.25
2-Aug-13,54.57,54.8,54.85,54.44,46.9
5-Aug-13,54.6,54.25,54.62,54.25,18.94
6-Aug-13,54.27,54.36,54.44,54.2,12.65
7-Aug-13,54.09,54.47,54.47,54.06,23.69
8-Aug-13,54.61,54.33,54.69,54.3,32.15
9-Aug-13,54.74,54.82,54.95,54.71,63.16
12-Aug-13,55.56,55.06,55.59,54.99,35.9
13-Aug-13,55.54,55.7,55.7,55.43,34.88
14-Aug-13,55.97,55.66,55.99,55.66,19.28
15-Aug-13,56.41,56.06,56.49,55.97,47.03
16-Aug-13,56.45,56.59,56.59,56.38,16.81
19-Aug-13,56.88,56.68,56.95,56.68,30.12
20-Aug-13,56.59,56.73,56.81,56.49,26.36
21-Aug-13,56.39,56.67,56.67,56.35,19.11
22-Aug-13,56.25,56.5,56.5,56.18,15.64
23-Aug-13,56.7,56.47,56.73,56.47,20.32
26-Aug-13,57.25,57.18,57.38,57.05,24
27-Aug-13,57.4,57.54,57.63,57.27,44.83
28-Aug-13,57.35,57.32,57.46,57.31,29.63
29-Aug-13,57.1,57.05,57.35,57.05,14.72
30-Aug-13,56.88,56.87,56.91,56.7,322.12
3-Sep-13,57.22,57.32,57.37,57.13,229.73
4-Sep-13,56.74,56.86,56.86,56.5,119.51
5-Sep-13,56.77,56.69,56.79,56.48,146.41
6-Sep-13,57.15,57.01,57.22,56.98,22.15
9-Sep-13,56.85,57.19,58.37,56.85,31.94
10-Sep-13,56.69,56.51,56.72,56.51,61.05
11-Sep-13,56.66,56.78,56.78,56.55,77.23
12-Sep-13,56.98,56.54,56.98,56.31,44.18
13-Sep-13,56.86,56.92,56.92,56.73,41.76
16-Sep-13,56.42,56.48,56.69,56.33,82.59
17-Sep-13,56.03,56.51,56.52,56.03,63.83
18-Sep-13,56.76,56.24,57.69,55.8,47.34
19-Sep-13,56.62,57.05,57.15,56.58,58.73
20-Sep-13,56.13,56.27,56.32,56.01,25.05
23-Sep-13,55.86,55.85,56,55.81,95.27
24-Sep-13,55.92,55.87,55.94,55.76,92.81
25-Sep-13,56.1,56.06,56.22,56.02,69.19
26-Sep-13,56.32,56.19,56.42,56.09,84.4
27-Sep-13,56.45,56.33,56.58,56.33,31.06
30-Sep-13,55.97,56.29,56.31,55.81,360.03
1-Oct-13,55.78,55.72,55.84,55.58,248.45
2-Oct-13,56.04,55.83,56.12,55.8,35.3
3-Oct-13,55.84,56.07,56.23,55.84,18.76
4-Oct-13,56.3,56.09,56.37,56.06,31.57
7-Oct-13,56.49,56.36,56.57,56.17,69.12
8-Oct-13,56.68,56.75,56.86,56.63,19.62
9-Oct-13,56.15,56.29,56.33,56.1,44.75
10-Oct-13,56.68,56.42,56.74,56.36,36.97
11-Oct-13,56.49,56.4,56.62,56.4,68.65
14-Oct-13,56.55,56.5,56.65,56.5,23.29
15-Oct-13,56.52,56.58,56.64,56.45,46.33
16-Oct-13,56.76,56.72,56.93,56.61,57.46
17-Oct-13,56.56,56.87,56.87,56.53,24.9
18-Oct-13,56.56,56.64,56.64,56.43,273.14
21-Oct-13,56.49,56.57,56.59,56.47,67.71
22-Oct-13,56.6,56.74,56.78,56.6,62.85
23-Oct-13,55.91,56.22,56.28,55.91,40.08
24-Oct-13,56.06,55.91,56.07,55.85,38.54
25-Oct-13,56.26,55.98,56.3,55.98,28.2
28-Oct-13,56.3,56.26,56.37,56.08,32.87
29-Oct-13,56.07,56.1,56.2,56,36.43
30-Oct-13,56.06,56.2,56.2,56.05,28.35
31-Oct-13,55.63,56.03,56.04,55.6,22.06
1-Nov-13,55.02,55.36,55.42,54.98,40.14
4-Nov-13,54.99,54.88,55.07,54.88,40.9
5-Nov-13,54.99,55.09,55.1,54.95,39.04
6-Nov-13,55.04,55.18,55.26,55.04,45.39
7-Nov-13,54.86,54.83,54.88,54.71,21.87
8-Nov-13,55.21,54.76,55.25,54.76,11.73
11-Nov-13,55.22,54.99,55.22,54.98,21.03
12-Nov-13,55.04,55.12,55.25,54.96,72.28
13-Nov-13,55.22,55.09,55.34,55.08,429.16
14-Nov-13,55.45,55.28,55.62,55.28,51.86
15-Nov-13,55.38,55.48,55.48,55.31,41.86
18-Nov-13,55.15,55.31,55.41,55.13,73.99
19-Nov-13,55.09,55,55.33,55,55.99
20-Nov-13,55.15,55.08,55.26,54.98,62.5
21-Nov-13,55.61,55.28,55.62,55.2,58.09
22-Nov-13,55.89,55.84,55.89,55.63,50.23
25-Nov-13,55.76,55.63,55.84,55.5,188.99
26-Nov-13,55.84,55.69,55.86,55.63,137.74
27-Nov-13,55.68,55.77,55.83,55.55,47.26
29-Nov-13,55.85,55.92,55.96,55.77,39.67
2-Dec-13,55.7,55.76,55.85,55.64,47.82
3-Dec-13,55.85,55.76,55.93,55.73,41.55
4-Dec-13,56,55.96,56.15,55.85,49.35
5-Dec-13,55.87,55.96,56.04,55.86,29.23
6-Dec-13,56.13,56.05,56.15,55.97,96.31
9-Dec-13,56.03,56.13,56.22,56.03,33.22
10-Dec-13,56,55.94,56.15,55.94,34.52
11-Dec-13,56.04,55.98,56.08,55.9,67.58
12-Dec-13,55.85,56.02,56.05,55.85,54.37
13-Dec-13,55.9,55.78,55.9,55.76,107.4
16-Dec-13,56.05,55.53,56.22,55.53,52.65
17-Dec-13,55.84,55.8,56.09,55.8,187.14
18-Dec-13,55.95,55.67,56.11,55.67,185.86
19-Dec-13,56.06,55.68,56.15,55.68,556.87
20-Dec-13,56.42,56.23,56.43,56.12,95.72
23-Dec-13,56.3,56.26,56.37,56.22,256.75
24-Dec-13,56.48,56.32,56.56,56.32,588.27
26-Dec-13,56.41,56.45,56.55,56.39,90.21
27-Dec-13,56.55,56.46,56.74,56.37,96.95
30-Dec-13,56.22,56.42,56.54,56.21,158.56
31-Dec-13,56.08,56.11,56.27,56,100.94
2-Jan-14,55.5,55.81,55.88,55.5,70.38
3-Jan-14,55.37,55.42,55.56,55.31,13.47
6-Jan-14,55.49,55.41,55.54,55.39,91.41
7-Jan-14,55.45,55.48,55.53,55.4,38.97
8-Jan-14,55.19,55.38,55.44,55.11,39.76
9-Jan-14,54.84,55.14,55.19,54.73,52.49
10-Jan-14,55.08,54.98,55.09,54.9,60.97
13-Jan-14,55.17,55.05,55.21,55.03,25.92
14-Jan-14,55.33,55.33,55.37,55.16,15.68
15-Jan-14,55.61,55.31,55.7,55.31,113.87
16-Jan-14,55.57,55.87,55.87,55.57,57.21
17-Jan-14,55.71,55.75,55.97,55.61,13.12
21-Jan-14,55.77,55.77,55.93,55.75,25.31
22-Jan-14,56.3,55.92,56.31,55.88,13.74
23-Jan-14,56.21,56.34,56.52,56.13,19.51
24-Jan-14,56.27,56.14,56.32,56.06,50.87
27-Jan-14,56.01,56.25,56.32,55.91,22.61
28-Jan-14,56.13,56.18,56.21,56.09,36.98
29-Jan-14,56.29,56.12,56.38,56,16.87
30-Jan-14,56.07,56.24,56.33,56.07,26.32
31-Jan-14,56,55.95,56.09,55.92,61.51
3-Feb-14,55.81,55.85,56.02,55.4,122.1
4-Feb-14,56,56.12,56.12,55.92,25.42
5-Feb-14,56.04,56.11,56.2,56,26.51
6-Feb-14,56.35,56.37,56.43,56.25,42.95
7-Feb-14,56.86,56.43,56.87,56.43,25.49
10-Feb-14,56.6,56.77,56.87,56.52,126.12
11-Feb-14,56.86,56.46,56.95,56.46,31.84
12-Feb-14,56.98,57.12,57.24,56.91,18.02
13-Feb-14,57.29,56.85,57.31,56.85,19.87
14-Feb-14,57.31,57.38,57.47,57.29,45.27
18-Feb-14,58.02,57.69,58.08,57.69,63.24
19-Feb-14,57.92,58.09,58.17,57.92,118.26
20-Feb-14,57.93,57.82,58,57.82,34.21
21-Feb-14,58.09,58.13,58.13,57.79,17.85
24-Feb-14,57.97,58.13,58.71,57.87,45.28
25-Feb-14,57.73,57.72,57.88,57.59,24.18
26-Feb-14,57.68,57.7,57.76,57.58,60.5
27-Feb-14,57.71,57.88,57.9,57.67,46.79
28-Feb-14,57.95,57.75,58.16,57.72,143.98
3-Mar-14,58.38,58.07,58.4,57.95,36.23
4-Mar-14,58.44,57.28,58.58,57.28,38.19
5-Mar-14,58.62,58.52,58.7,58.35,128.61
6-Mar-14,58.87,58.74,58.87,58.63,23.89
7-Mar-14,58.9,59.31,59.34,58.8,328.24
10-Mar-14,58.92,58.83,59.11,58.76,128.78
11-Mar-14,58.8,59.11,59.23,58.75,51.52
12-Mar-14,58.63,58.41,58.68,58.34,76.78
13-Mar-14,58.64,58.7,58.82,58.56,104.34
14-Mar-14,58.63,58.65,58.69,58.58,40.5
17-Mar-14,58.62,58.58,58.8,58.51,35.43
18-Mar-14,58.88,58.77,58.93,58.74,20.37
19-Mar-14,58.8,58.7,58.89,58.61,36.81
20-Mar-14,58.18,58.6,58.63,58.14,27.65
21-Mar-14,57.95,58.23,58.23,57.87,19.95
24-Mar-14,57.95,58.07,58.1,57.92,17.19
25-Mar-14,58.21,58.06,58.22,58.02,16.61
26-Mar-14,58.15,58.26,58.34,58.1,17.04
27-Mar-14,58.66,58.35,58.69,58.35,20.49
28-Mar-14,58.84,58.87,58.91,58.8,15.7
31-Mar-14,58.61,58.84,58.84,58.41,57.68
1-Apr-14,58.39,58.65,58.65,58.34,53.27
2-Apr-14,58.16,58.6,58.6,58.11,19.11
3-Apr-14,58.44,58.2,58.48,58.17,16.98
4-Apr-14,58.7,58.72,58.72,58.5,21.49
7-Apr-14,58.79,58.8,58.84,58.64,16.86
8-Apr-14,59.13,59,59.35,58.86,35.02
9-Apr-14,59.43,59.02,59.5,58.99,15.78
10-Apr-14,59.46,59.57,59.57,59.42,12.88
11-Apr-14,59.31,59.54,59.54,59.31,36
14-Apr-14,59.78,59.36,59.8,59.36,58.03
15-Apr-14,59.33,59.63,59.65,59.32,22.21
16-Apr-14,59.51,59.55,59.63,59.41,17.31
17-Apr-14,59.96,59.54,60,59.47,32.48
21-Apr-14,59.63,59.78,59.78,59.49,31.27
22-Apr-14,59.94,60.04,60.07,59.83,82.61
23-Apr-14,60.05,59.92,60.08,59.85,14.47
24-Apr-14,60.24,60.34,60.34,60.14,55.26
25-Apr-14,59.99,60.11,60.18,59.98,24.64
28-Apr-14,59.98,60.22,60.29,59.86,130.43
29-Apr-14,60.44,59.98,60.45,59.92,43.84
30-Apr-14,60.13,60.19,60.23,60,495.98
1-May-14,60,59.86,60.02,59.8,259.2
2-May-14,60.08,60.11,60.21,60.01,47.83
5-May-14,59.99,60.01,60.11,59.92,38.59
6-May-14,59.99,60.1,60.13,59.97,65.79
7-May-14,59.93,59.95,59.97,59.82,198.69
8-May-14,60.07,59.98,60.12,59.98,36.12
9-May-14,60.11,60.13,60.13,59.92,55.85
12-May-14,60.53,60.44,60.53,60.29,41
13-May-14,60.62,60.49,60.65,60.48,28.63
14-May-14,60.6,60.56,60.69,60.53,88.17
15-May-14,60.31,60.53,60.57,60.24,138.03
16-May-14,60.35,60.4,60.47,60.26,42.87
19-May-14,60.76,60.62,60.83,60.56,37.24
20-May-14,60.71,60.59,60.86,60.5,32.21
21-May-14,60.81,60.77,60.84,60.69,54.36
22-May-14,60.85,60.97,61.11,60.77,35.94
23-May-14,60.69,60.74,60.77,60.57,19.07
27-May-14,60.39,60.51,60.62,60.37,36.82
28-May-14,60.21,60.31,60.31,59.95,29.82
29-May-14,60.39,60.26,60.41,60.16,34.76
30-May-14,60.06,60.32,60.32,60.02,751.54
2-Jun-14,60.09,59.87,60.1,59.87,190.64
3-Jun-14,59.96,60,60.01,59.83,49.29
4-Jun-14,59.83,59.9,60.02,59.81,19.98
5-Jun-14,59.82,59.7,59.82,59.7,47.73
6-Jun-14,60.1,59.79,60.1,59.75,79.99
9-Jun-14,60.11,60,60.16,59.95,33.24
10-Jun-14,60.14,60.09,60.24,60.09,44.35
11-Jun-14,60.1,60.2,60.26,60,22.51
12-Jun-14,60.33,60.12,60.33,59.94,58.07
13-Jun-14,60.49,60.53,60.53,60.37,30.81
16-Jun-14,60.42,60.54,60.55,60.38,20.26
17-Jun-14,60.26,60.46,60.46,60.23,126.87
18-Jun-14,60.29,60.35,60.35,60.11,74.84
19-Jun-14,60.72,60.39,60.72,60.39,91.96
20-Jun-14,60.86,60.64,60.87,60.55,258.31
23-Jun-14,60.78,60.91,60.91,60.55,92.12
24-Jun-14,60.78,60.76,60.81,60.61,85.85
25-Jun-14,61.03,60.88,61.03,60.78,89.97
26-Jun-14,61.21,61.03,61.23,60.85,178.13
27-Jun-14,61.1,61.3,61.37,61.05,62.21
30-Jun-14,60.62,61.03,61.25,60.5,157.59
1-Jul-14,60.58,60.5,60.6,60.27,3.14
2-Jul-14,60.7,60.52,60.73,60.41,107.03
3-Jul-14,60.53,60.69,60.69,60.44,93.1
7-Jul-14,59.92,60.13,60.13,59.7,120.27
8-Jul-14,59.84,59.96,60.02,59.69,96.95
9-Jul-14,59.44,59.74,59.82,59.22,110.48
10-Jul-14,58.7,59.08,59.08,58.68,90.8
11-Jul-14,58.36,58.54,58.55,57.89,63.58
14-Jul-14,58.54,58.34,58.55,58.27,105.64
15-Jul-14,58.06,58.28,58.28,57.96,105.9
16-Jul-14,58.15,58.17,58.28,58.03,82.6
17-Jul-14,58.09,58.26,58.33,58.04,95.49
18-Jul-14,58.05,58.02,58.08,57.93,48.31
21-Jul-14,58.09,57.98,58.15,57.91,118.14
22-Jul-14,58.06,58.3,58.3,58.06,52.77
23-Jul-14,58.4,58.21,58.4,58.04,50.98
24-Jul-14,58.31,58.52,58.64,58.19,57.81
25-Jul-14,58.4,58.19,58.41,58.16,50.6
28-Jul-14,58.58,58.58,58.7,58.4,66.71
29-Jul-14,58.3,58.31,58.32,58.13,34.97
30-Jul-14,58.16,58.35,58.36,58.09,32
31-Jul-14,57.97,58.04,58.34,57.96,253.22
1-Aug-14,57.48,57.91,57.95,57.43,119.61
4-Aug-14,57.86,57.73,57.91,57.65,70.28
5-Aug-14,57.5,57.64,57.69,57.42,53.28
6-Aug-14,57.78,57.55,57.82,57.5,35.5
7-Aug-14,57.48,57.75,57.75,57.42,70.38
8-Aug-14,56.96,57.18,57.22,56.92,151.36
11-Aug-14,57.29,57.01,57.39,57,79.1
12-Aug-14,56.88,57.27,57.29,56.75,216.96
13-Aug-14,56.77,56.9,56.93,56.69,39.47
14-Aug-14,56.55,56.7,56.73,56.35,158.94
15-Aug-14,56.89,56.78,56.96,56.68,68.84
18-Aug-14,56.83,56.71,56.87,56.71,66.63
19-Aug-14,56.61,56.99,57,56.58,64.48
20-Aug-14,56.57,56.79,56.83,56.55,62.48
21-Aug-14,56.66,56.59,56.68,56.46,48.86
22-Aug-14,56.72,56.67,56.73,56.57,88.89
25-Aug-14,56.63,56.58,56.72,56.56,42.03
26-Aug-14,56.96,56.91,56.99,56.84,70.74
27-Aug-14,57.02,57.19,57.23,56.88,90.32
28-Aug-14,57.23,57.07,57.24,56.95,61.72
29-Aug-14,57.52,57.31,57.52,57.26,38.55
2-Sep-14,57.51,57.42,57.62,57.37,89.73
3-Sep-14,57.43,57.44,57.45,57.19,49.43
4-Sep-14,57.34,57.59,57.59,57.16,37.83
5-Sep-14,57.5,57.32,57.5,57.2,50.03
8-Sep-14,57.44,57.37,57.47,57.27,60.71
9-Sep-14,57.06,57.09,57.1,56.96,35.38
10-Sep-14,56.76,56.89,56.95,56.73,42.64
11-Sep-14,56.26,56.35,56.37,56.06,41.96
12-Sep-14,56.18,56.05,56.26,55.96,32.16
15-Sep-14,55.87,55.9,56.03,55.84,46.48
16-Sep-14,56.21,55.77,56.26,55.01,49.85
17-Sep-14,56.06,56.17,56.25,56.03,94.91
18-Sep-14,55.71,55.81,55.81,55.56,62.51
19-Sep-14,55.62,55.52,55.63,55.44,84.97
22-Sep-14,55.24,55.2,55.27,54.96,39.54
23-Sep-14,55.24,55.3,55.43,55.17,90.27
24-Sep-14,55.54,55.16,55.55,55.16,42.21
25-Sep-14,55.15,55.18,55.26,54.98,85.56
26-Sep-14,55.17,55.09,55.21,55.02,44.82
29-Sep-14,55.59,55.01,55.67,55.01,48.27
30-Sep-14,55.09,55.61,55.64,55.07,75.51
1-Oct-14,54.96,55.03,55.22,54.85,58.07
2-Oct-14,54.96,54.92,55.01,54,114.99
3-Oct-14,54.71,55.06,55.06,54.56,48.51
6-Oct-14,55.46,55.04,55.5,55.02,30.2
7-Oct-14,55.47,55.62,55.76,55.47,104.44
8-Oct-14,55.25,55.42,55.45,55.06,58.46
9-Oct-14,55.2,55.46,55.68,55.16,54.45
10-Oct-14,55.11,55.1,55.18,54.89,75.27
13-Oct-14,55.12,54.96,55.24,54.95,48.95
14-Oct-14,54.91,55.16,55.19,54.91,44.45
15-Oct-14,54.16,54.72,54.72,54.01,63.2
16-Oct-14,54.22,53.91,54.29,53.85,57.7
17-Oct-14,54.22,54.23,54.32,54.13,189.25
20-Oct-14,53.64,53.64,53.82,53.57,40.33
21-Oct-14,54,53.88,54.01,53.76,73.42
22-Oct-14,53.64,54.17,54.17,53.62,97.62
23-Oct-14,53.95,53.75,54.04,53.75,55.06
24-Oct-14,53.65,53.8,53.82,53.52,100.84
27-Oct-14,53.78,53.4,53.8,53.25,77.67
28-Oct-14,54.11,54.09,54.25,53.94,278.61
29-Oct-14,54.58,54.32,54.77,54.32,74.04
30-Oct-14,54.25,54.31,54.31,54.13,108.48
31-Oct-14,54.22,54.08,54.26,53.94,163.05
3-Nov-14,54.31,54.33,54.47,54.22,69.16
4-Nov-14,54.02,54.01,54.08,53.9,68.79
5-Nov-14,53.84,53.72,53.91,53.56,82.91
6-Nov-14,54.3,53.85,54.31,53.79,37.85
7-Nov-14,54.48,54.28,54.58,54.28,64.16
10-Nov-14,54.05,54.74,54.81,54.02,64.14
11-Nov-14,54.44,53.94,54.52,53.85,89.88
12-Nov-14,54.21,54.57,54.63,54.21,54.23
13-Nov-14,53.69,54.13,54.28,53.61,51.36
14-Nov-14,54.12,53.69,54.12,53.68,131.82
17-Nov-14,54.27,54.09,54.32,54.02,46.37
18-Nov-14,54.17,54.09,54.23,53.93,83.25
19-Nov-14,54.3,54.51,54.6,54.3,183.71
20-Nov-14,54.29,54.36,54.49,54.18,70.84
21-Nov-14,54.55,54.47,54.61,54.36,92.88
24-Nov-14,54.22,54.57,54.68,54.18,47.7
25-Nov-14,54.49,54.42,54.51,54.13,135.24
26-Nov-14,54.31,54.38,54.55,54.29,119.89
28-Nov-14,52.9,53.44,53.56,52.86,49.05
1-Dec-14,53.33,52.89,53.41,52.5,82.84
2-Dec-14,52.49,52.94,53.2,52.45,171.05
3-Dec-14,52.25,52.32,52.47,52.14,64.41
4-Dec-14,52.24,52.21,52.35,52.17,101.58
5-Dec-14,52.09,52.22,52.23,52.02,100.13
8-Dec-14,51.5,51.93,51.93,51.43,676.49
9-Dec-14,51.82,51.43,51.89,51.43,103.96
10-Dec-14,51.27,51.63,51.63,51.17,268.17
11-Dec-14,50.83,51.01,51.2,50.83,260
12-Dec-14,50.62,50.82,50.89,50.6,373.59
15-Dec-14,50.16,50.77,50.83,50.11,109.97
16-Dec-14,49.54,49.86,49.86,49.53,302.41
17-Dec-14,49.4,49.31,49.81,49.06,565.41
18-Dec-14,49.6,49.82,49.9,49.36,149.5
19-Dec-14,49.84,49.79,49.93,49.61,448.95
22-Dec-14,49.14,49.37,49.54,49.11,491.72
23-Dec-14,49.3,49.07,49.41,49.07,270.68
24-Dec-14,48.83,48.96,48.97,48.75,151.77
26-Dec-14,48.7,48.8,48.8,48.43,168.92
29-Dec-14,48.63,48.91,48.93,48.49,822.47
30-Dec-14,48.52,48.26,48.76,48.26,497.99
31-Dec-14,48.29,48.35,48.36,48.1,384.05
2-Jan-15,48.12,48.14,48.16,47.95,61.9
5-Jan-15,48.42,48.28,48.45,48.19,43.95
6-Jan-15,48.35,48.52,48.58,48.29,76.41
7-Jan-15,48.26,48.48,48.52,48.16,41.58
8-Jan-15,48.17,48.38,48.42,48.08,69.86
9-Jan-15,47.98,48.2,48.2,47.79,103.47
12-Jan-15,47.72,47.84,47.98,47.66,66.24
13-Jan-15,46.87,47.74,47.74,46.69,45.08
14-Jan-15,46.84,46.75,46.99,46.59,82.8
15-Jan-15,46.51,47.06,47.06,46.43,67.1
16-Jan-15,46.7,46.42,46.75,46.42,48.85
20-Jan-15,46.38,46.61,46.61,46.25,91.97
21-Jan-15,46.57,46.59,46.59,46.4,50.71
22-Jan-15,46.44,46.64,46.64,46.38,123.8
23-Jan-15,45.89,46.04,46.06,45.83,208.57
26-Jan-15,46.14,46.17,46.27,45.96,87.19
27-Jan-15,46.18,46.21,46.29,46.04,55.87
28-Jan-15,46,46.17,46.26,45.99,69.15
29-Jan-15,45.59,45.94,45.94,45.47,80.59
30-Jan-15,46.04,45.59,46.16,45.47,95.08
2-Feb-15,46.19,46.25,46.25,46.04,63.1
3-Feb-15,46.85,46.58,47.06,46.41,58.19
4-Feb-15,46.36,46.66,46.66,46.21,52.54
5-Feb-15,46.48,46.23,46.5,46.19,334.42
6-Feb-15,46.75,46.54,46.77,46.5,156.75
9-Feb-15,47.13,46.8,47.23,46.75,56.57
10-Feb-15,46.62,47.03,47.03,46.51,52.57
11-Feb-15,46.4,46.64,46.64,46.23,103.45
12-Feb-15,47.04,46.83,47.14,46.74,56.45
13-Feb-15,47.48,47.36,47.52,47.24,45.13
17-Feb-15,47.15,47.65,47.65,46.8,81.5
18-Feb-15,46.92,47.03,47.15,46.88,49.88
19-Feb-15,46.88,46.68,46.98,46.54,105.35
20-Feb-15,46.84,47.06,47.11,46.81,71.2
23-Feb-15,46.47,46.64,46.72,46.45,65.17
24-Feb-15,46.65,46.51,46.95,46.51,56.64
25-Feb-15,46.65,46.66,46.67,46.44,40.39
26-Feb-15,46.66,46.63,46.74,46.58,46.32
27-Feb-15,46.88,46.86,46.95,46.63,109.21
2-Mar-15,46.45,46.59,46.77,46.37,78.92
3-Mar-15,46.11,46.31,46.32,46.05,72.1
4-Mar-15,46.26,46.07,46.31,45.88,101.87
5-Mar-15,46.19,46.35,46.41,46.15,62.21
6-Mar-15,46.12,46.05,46.14,45.97,61.66
9-Mar-15,46.14,46.21,46.34,46.08,39.42
10-Mar-15,45.66,45.79,45.79,45.55,125.87
11-Mar-15,45.61,45.64,45.71,45.42,67.76
12-Mar-15,45.56,45.73,45.73,45.36,71.14
13-Mar-15,44.97,45.32,45.32,44.92,114.25
16-Mar-15,44.98,45.1,45.1,44.7,83.67
17-Mar-15,44.71,44.63,44.82,44.41,48.38
18-Mar-15,45.39,44.6,45.39,44.47,3.83
19-Mar-15,45.1,45.19,45.19,45.02,156.51
20-Mar-15,45.75,45.43,45.8,45.42,144.45
23-Mar-15,46.49,45.94,46.5,45.88,84.66
24-Mar-15,45.82,45.98,45.98,45.77,35.01
25-Mar-15,45.79,45.95,45.95,45.76,57
26-Mar-15,46.06,46.11,46.11,45.96,28.7
27-Mar-15,45.56,45.75,45.77,45.55,31.61
30-Mar-15,45.35,45.47,45.55,45.24,60.5
31-Mar-15,44.92,45.11,45.35,44.85,62.05
1-Apr-15,45.45,45.01,45.56,44.93,398.17
2-Apr-15,45.38,45.41,45.5,45.22,74.77
6-Apr-15,45.56,45.73,45.85,45.4,77.77
7-Apr-15,45.61,45.65,45.72,45.53,59.62
8-Apr-15,45.21,45.53,45.66,45.16,45.69
9-Apr-15,45.22,45.32,45.37,45.2,70.28
10-Apr-15,45.46,45.5,45.7,45.38,505.63
13-Apr-15,45.25,45.55,45.6,45.25,31.64
14-Apr-15,45.56,45.4,45.6,45.27,23.69
15-Apr-15,45.99,45.68,46.07,45.68,51.37
16-Apr-15,46.34,46.37,46.46,46.22,52.6
17-Apr-15,46.16,46.35,46.49,46.02,330.42
20-Apr-15,45.75,45.89,45.92,45.69,188.76
21-Apr-15,45.71,45.65,45.74,45.6,146.07
22-Apr-15,45.71,45.78,45.78,45.61,18.82
23-Apr-15,45.98,45.73,46.08,45.67,23.85
24-Apr-15,46.33,46.2,46.41,46.12,86.08
27-Apr-15,46.72,46.63,46.85,46.51,62.36
28-Apr-15,46.93,46.95,47.04,46.83,44.07
29-Apr-15,47.11,46.98,47.21,46.93,248.07
30-Apr-15,47.27,47.18,47.29,46.97,109.39
1-May-15,47.05,47.14,47.16,46.87,51.55
4-May-15,47.14,47.09,47.19,47.05,57.24
5-May-15,47.65,47.42,47.68,47.42,47.82
6-May-15,47.35,23.79,47.64,23.78,145.3
7-May-15,47.04,47.26,47.26,46.91,14.62
8-May-15,47.22,47.92,47.92,46.96,29.92
11-May-15,46.96,47.15,47.15,46.88,58.27
12-May-15,47.25,47.07,47.36,47.02,36.11
13-May-15,47.37,47.59,47.59,47.3,36.06
14-May-15,47.45,47.5,47.55,47.32,111.58
15-May-15,47.48,47.37,47.49,47.29,36.67
18-May-15,47.31,47.44,47.44,47.19,45.21
19-May-15,46.75,46.96,46.96,46.62,82.8
20-May-15,46.62,46.67,46.68,46.52,49.45
21-May-15,46.77,46.8,46.83,46.72,101.83
22-May-15,46.49,46.51,46.6,46.44,27.94
26-May-15,46.09,46.17,46.2,46.04,21.14
27-May-15,45.92,45.87,46.05,45.84,36.12
28-May-15,46.28,46.17,46.31,46.08,34.21
29-May-15,46.11,46.16,46.19,46.07,99.84
1-Jun-15,46.07,46.1,46.28,46.07,77.08
2-Jun-15,46.43,46.37,46.44,46.25,83.4
3-Jun-15,46.3,46,46.54,46,39.84
4-Jun-15,46.15,46.18,46.2,46.06,20.98
5-Jun-15,46.04,45.86,46.28,45.84,28.38
8-Jun-15,46.14,46.14,46.19,46.03,26.41
9-Jun-15,46.47,46.39,46.55,46.39,33.69
10-Jun-15,46.57,46.91,46.91,46.47,21.06
11-Jun-15,46.04,46.38,46.38,46,32.73
12-Jun-15,45.93,45.98,46.05,45.9,37.6
15-Jun-15,45.64,45.77,45.77,45.59,39.8
16-Jun-15,45.81,45.88,45.88,45.56,24.49
17-Jun-15,45.84,45.97,45.97,45.68,50.07
18-Jun-15,45.87,45.94,46.02,45.85,78.88
19-Jun-15,45.69,45.77,45.77,45.55,21.01
22-Jun-15,45.95,45.69,46.01,45.61,33.13
23-Jun-15,46.16,45.85,46.21,45.85,32.78
24-Jun-15,46.02,46.19,46.27,45.99,29.3
25-Jun-15,46.16,46.05,46.16,46.04,30.07
26-Jun-15,46.45,46.55,46.89,46.35,80.99
29-Jun-15,46.5,46.4,46.61,46.4,42.74
30-Jun-15,47.17,46.38,47.18,46.33,47.67
1-Jul-15,47.15,47.13,47.22,47,45
2-Jul-15,47.15,47.08,47.39,47.08,83.6
6-Jul-15,46.68,46.51,46.78,46.51,84.31
7-Jul-15,46.12,46.29,46.29,45.7,67.34
8-Jul-15,46.14,46.11,46.33,46.07,101.93
9-Jul-15,46.52,46.61,46.76,46.5,57.39
10-Jul-15,46.46,46.58,46.68,46.45,53.75
13-Jul-15,46.7,47.17,47.17,46.4,38.28
14-Jul-15,46.75,46.64,46.86,46.58,28.66
15-Jul-15,46.66,46.65,46.71,46.5,25.25
16-Jul-15,46.46,46.63,46.8,46.45,33.12
17-Jul-15,46.25,46.32,46.32,46.1,27.78
20-Jul-15,45.69,45.89,46.02,45.68,29.42
21-Jul-15,45.44,45.68,45.72,45.43,42.91
22-Jul-15,45.17,45.04,45.41,44.98,66.58
23-Jul-15,44.67,45.2,45.2,44.64,46.45
24-Jul-15,44.34,44.47,44.47,44.23,39.44
27-Jul-15,43.59,43.9,44.03,43.59,33.76
28-Jul-15,44.24,44,44.26,43.94,47.29
29-Jul-15,44.09,44.19,44.29,44.06,150.65
30-Jul-15,44.14,44.26,44.32,44.06,43.08
31-Jul-15,43.76,44.23,44.23,43.76,43.3
3-Aug-15,43.62,43.42,43.69,43.37,90.14
4-Aug-15,43.65,43.82,43.87,43.62,23.23
5-Aug-15,43.7,43.73,43.73,43.55,17.6
6-Aug-15,43.38,43.54,43.55,43.31,62.36
7-Aug-15,43.42,43.34,43.54,43.33,44
10-Aug-15,44.1,43.6,44.19,43.53,36.08
11-Aug-15,43.61,43.76,43.77,43.51,42.37
12-Aug-15,43.04,43.67,43.69,42.93,58.51
13-Aug-15,43.26,43.04,43.3,42.89,34.15
14-Aug-15,43.25,43.27,43.37,43.16,92.11
17-Aug-15,43.23,43.34,43.34,43.19,147.06
18-Aug-15,42.99,43.15,43.15,42.95,97.05
19-Aug-15,42.85,43.03,43.16,42.66,85.27
20-Aug-15,42.97,42.95,43.08,42.84,53.59
21-Aug-15,42.37,42.84,42.84,42.29,48.65
24-Aug-15,41.86,41.33,42.07,41.33,127.22
25-Aug-15,41.9,42.51,42.51,41.82,61.73
26-Aug-15,41.43,41.62,41.93,41.24,182.59
27-Aug-15,41.86,41.77,41.96,41.55,29.86
28-Aug-15,42.27,42.12,42.45,42.06,76.11
31-Aug-15,42.49,41.8,42.56,41.8,73.32
1-Sep-15,41.98,42.33,42.33,41.98,67.54
2-Sep-15,42.08,42.27,42.27,41.77,64.04
3-Sep-15,42.04,42.2,42.45,42.03,174.94
4-Sep-15,41.86,42.07,42.07,41.85,22.53
8-Sep-15,42.34,42.44,42.44,42.02,59.35
9-Sep-15,42.08,42.54,42.54,42.04,47.81
10-Sep-15,42.31,42.23,42.34,42.2,32.66
11-Sep-15,42.23,42.15,42.23,41.56,31.67
14-Sep-15,42.15,42.2,42.29,42.14,103.13
15-Sep-15,42.17,42.2,42.29,42.12,43.15
16-Sep-15,42.26,42.31,42.4,42.18,29.19
17-Sep-15,42.26,42.21,42.48,42.1,41.6
18-Sep-15,41.97,42.35,42.35,41.95,22.77
21-Sep-15,42.3,42.1,42.42,42.1,21.89
22-Sep-15,41.93,42.01,42.01,41.79,15.02
23-Sep-15,41.77,42.05,42.13,41.75,81.78
24-Sep-15,41.93,41.6,42.2,41.58,35.52
25-Sep-15,42.32,42.16,42.37,42.16,10.34
28-Sep-15,41.82,42.13,42.18,41.79,40.14
29-Sep-15,41.91,41.89,41.95,41.81,38.71
30-Sep-15,41.82,41.88,42.17,41.78,42.49
1-Oct-15,41.52,42.02,42.05,41.52,57.21
2-Oct-15,41.84,41.54,41.9,41.47,39.5
5-Oct-15,42.09,42,42.17,42,50.07
6-Oct-15,42.6,42.37,42.67,42.34,21.4
7-Oct-15,42.73,42.96,43.07,42.6,42.26
8-Oct-15,42.5,42.45,42.55,42.37,29.14
9-Oct-15,42.79,42.83,42.91,42.64,22.43
12-Oct-15,42.64,42.9,42.92,42.61,47.03
13-Oct-15,42.88,42.61,43,42.61,34.79
14-Oct-15,42.92,43.07,43.15,42.9,19.89
15-Oct-15,42.79,42.87,42.89,42.71,14.36
16-Oct-15,42.7,42.77,42.77,42.45,23.18
19-Oct-15,42.36,42.48,42.51,42.32,19.18
20-Oct-15,42.61,42.48,42.73,42.46,27.47
21-Oct-15,42.47,42.51,42.53,42.38,34.82
22-Oct-15,42.32,42.67,42.75,42.32,77.35
23-Oct-15,42.09,42.32,42.32,41.95,29.85
26-Oct-15,41.99,42.09,42.14,41.99,56.39
27-Oct-15,41.96,41.93,42.14,41.88,29.29
28-Oct-15,42.01,41.91,42.23,41.9,29.11
29-Oct-15,41.78,41.88,41.98,41.72,94.24
30-Oct-15,41.97,41.83,42.03,41.83,32.76
2-Nov-15,41.94,41.84,41.95,41.76,1.82
3-Nov-15,42.01,41.99,42.09,41.95,34.73
4-Nov-15,41.61,41.91,41.91,41.58,42.44
5-Nov-15,41.18,41.43,41.45,41.18,50.33
6-Nov-15,41.04,40.92,41.05,40.84,65.66
9-Nov-15,40.54,40.87,40.9,40.53,38.15
10-Nov-15,40.38,40.1,40.68,40,86.36
11-Nov-15,40.43,40.5,40.5,40.36,44.87
12-Nov-15,40.31,40.23,40.46,40.23,35.02
13-Nov-15,40.11,40.31,40.31,40.09,40.36
16-Nov-15,40.12,40.04,40.19,39.9,43.51
17-Nov-15,40.02,40.23,40.23,39.94,684.98
18-Nov-15,39.97,40.08,40.11,39.77,42.78
19-Nov-15,40.2,39.97,40.28,39.97,51.27
20-Nov-15,40.24,40.28,40.39,40.16,67.3
23-Nov-15,40.21,39.95,40.31,39.94,53.59
24-Nov-15,40.37,40.52,40.63,40.34,90.82
25-Nov-15,40.55,40.18,40.61,40.18,117.38
27-Nov-15,40.51,40.42,40.66,40.42,8.03
30-Nov-15,40.46,40.55,40.61,40.37,29.99
1-Dec-15,40.95,40.61,40.95,40.5,31.22
2-Dec-15,40.48,40.71,40.77,40.45,42.93
3-Dec-15,40.76,40.52,40.93,40.5,41.62
4-Dec-15,41.1,40.88,41.13,40.88,228.26
7-Dec-15,40.57,41.09,41.09,40.5,169.15
8-Dec-15,40.24,40.32,40.47,40.21,89.13
9-Dec-15,40.34,40.45,40.61,40.17,115.17
10-Dec-15,40.47,40.16,40.58,40.16,62.63
11-Dec-15,40.4,40.39,40.52,40.26,59.24
14-Dec-15,40.12,40.24,40.37,40.11,223.25
15-Dec-15,39.99,40.1,40.18,39.98,121.38
16-Dec-15,39.91,40.08,40.08,39.7,84.76
17-Dec-15,39.57,39.54,39.65,39.24,165.03
18-Dec-15,40.25,39.82,40.38,39.63,153.61
21-Dec-15,40.28,40.32,40.49,40.21,69.68
22-Dec-15,40.12,40.24,40.32,40.08,105.23
23-Dec-15,40.47,40.27,40.5,40.24,81.89
24-Dec-15,40.57,40.55,40.61,40.49,34.68
28-Dec-15,40.14,38.72,40.45,38.38,181.45
29-Dec-15,40.44,40.44,40.48,40.3,105.01
30-Dec-15,40.53,40.42,40.55,39.78,141.52
31-Dec-15,40.47,40.41,40.59,40.4,101.86
4-Jan-16,40.09,40.47,40.47,39.99,36.46
5-Jan-16,39.84,40.04,40.06,39.77,55.75
6-Jan-16,39.49,39.55,39.56,39.41,17.55
7-Jan-16,39.37,39.3,39.5,39.26,42.82
8-Jan-16,39.17,39.42,39.43,39.14,28.41
11-Jan-16,38.7,39.07,39.07,38.66,30.16
12-Jan-16,38.58,38.69,38.7,38.48,19.72
13-Jan-16,38.71,38.77,38.91,38.69,21.93
14-Jan-16,38.75,38.64,38.83,38.59,56.49
15-Jan-16,38.46,38.56,38.66,38.46,27.25
19-Jan-16,38.71,38.76,38.9,38.57,68.4
20-Jan-16,38.59,38.53,38.59,38.23,74.36
21-Jan-16,38.82,38.47,38.94,38.45,33.15
22-Jan-16,39.2,39.2,39.31,39.06,56.47
25-Jan-16,38.88,39.09,39.11,38.87,37.45
26-Jan-16,39.29,39.1,39.38,39.1,29.61
27-Jan-16,39.4,39.3,39.45,39.26,19.92
28-Jan-16,39.17,39.33,39.47,39.1,23.53
29-Jan-16,39.43,39.45,39.56,39.35,26.76
1-Feb-16,39.46,39.39,39.58,39.38,53.25
2-Feb-16,39.33,39.36,39.36,39.23,42.91
3-Feb-16,39.57,39.6,39.6,39.36,42.88
4-Feb-16,39.43,39.73,39.75,39.4,27.89
5-Feb-16,39.43,39.48,39.57,39.34,14.21
8-Feb-16,39.57,39.72,39.72,39.49,41.28
9-Feb-16,39.38,39.35,39.5,39.33,44.52
10-Feb-16,39.39,39.39,39.46,39.28,36.33
11-Feb-16,39.51,39.41,39.54,39.39,31.38
12-Feb-16,39.59,39.51,39.61,39.49,18.48
16-Feb-16,39.53,39.46,39.55,39.35,193.58
17-Feb-16,39.66,39.47,39.75,39.47,133.2
18-Feb-16,39.54,39.68,39.75,39.53,144.76
19-Feb-16,39.38,39.42,39.53,39.35,23.14
22-Feb-16,39.44,39.53,39.59,39.35,27.45
23-Feb-16,39.44,39.57,39.57,39.31,19.31
24-Feb-16,39.56,39.41,39.6,39.35,46.81
25-Feb-16,39.49,39.67,39.67,39.44,18.69
26-Feb-16,39.47,39.6,39.69,39.36,14.32
29-Feb-16,39.56,39.59,39.59,39.41,54.34
1-Mar-16,39.47,39.49,39.54,39.36,55.62
2-Mar-16,39.7,39.54,39.71,39.49,22.62
3-Mar-16,40.01,39.78,40.02,39.72,30.87
4-Mar-16,40.42,40.29,40.5,40.23,50.02
7-Mar-16,40.65,40.65,40.74,40.58,26.84
8-Mar-16,40.34,40.62,40.62,40.2,30.94
9-Mar-16,40.6,40.45,40.63,40.33,97.93
10-Mar-16,40.83,40.62,40.86,40.62,20.56
11-Mar-16,41.06,41.08,41.23,41,24.83
14-Mar-16,41.06,41.11,41.14,40.91,23.23
15-Mar-16,40.92,40.85,40.92,40.81,172
16-Mar-16,41.2,40.85,41.22,40.85,70.6
17-Mar-16,41.55,41.52,41.65,41.5,34.22
18-Mar-16,41.34,41.58,41.59,41.26,78.79
21-Mar-16,41.31,41.27,41.42,41.23,32.14
22-Mar-16,41.45,41.32,41.45,41.25,17.2
23-Mar-16,40.93,41.04,41.05,40.88,36.87
24-Mar-16,40.71,40.7,40.77,40.58,33.88
28-Mar-16,40.79,40.77,40.92,40.73,63.69
29-Mar-16,40.79,40.72,40.8,40.6,45.88
30-Mar-16,40.46,40.9,40.92,40.42,38.8
31-Mar-16,40.42,40.5,40.64,40.24,60.95
1-Apr-16,40.26,40.13,40.29,40.11,21.89
4-Apr-16,39.92,40.16,40.19,39.9,52.47
5-Apr-16,39.75,39.94,39.94,39.66,39.57
6-Apr-16,39.83,39.69,40.04,39.69,36.53
7-Apr-16,39.83,39.95,39.97,39.74,36.55
8-Apr-16,40.33,39.87,40.33,39.87,153.11
11-Apr-16,40.38,40.48,40.52,40.29,30.01
12-Apr-16,40.66,40.61,40.71,40.49,35.67
13-Apr-16,40.73,40.83,40.94,40.73,29.48
14-Apr-16,40.64,40.87,40.87,40.61,143.84
15-Apr-16,40.73,40.64,40.83,40.57,34.41
18-Apr-16,40.93,40.87,40.98,40.81,18.42
19-Apr-16,41.5,41.37,41.51,41.34,24.57
20-Apr-16,41.78,41.57,41.92,41.55,43.43
21-Apr-16,41.68,42.38,42.38,41.62,72.7
22-Apr-16,41.52,41.91,42.01,41.45,23.49
25-Apr-16,41.68,42.17,42.17,41.59,84
26-Apr-16,41.95,41.8,41.96,41.65,54.83
27-Apr-16,41.88,41.97,41.97,41.61,51.01
28-Apr-16,41.88,41.96,42,41.88,30.4
29-Apr-16,42.4,42.37,42.44,42.28,72.18
2-May-16,42.16,42.32,42.34,42.14,146.18
3-May-16,41.94,42.18,42.18,41.76,59.69
4-May-16,41.91,41.9,41.95,41.74,70.35
5-May-16,41.71,42.19,42.19,41.58,35.76
6-May-16,41.94,41.74,42.05,41.73,65.16
9-May-16,41.45,41.69,41.69,41.41,27.59
10-May-16,41.75,41.63,41.82,41.55,45.01
11-May-16,42.08,42.07,42.23,41.99,56.22
12-May-16,41.84,42.18,42.18,41.73,62.33
13-May-16,41.78,41.7,41.82,41.55,75.64
16-May-16,41.97,42,42.19,41.91,89.38
17-May-16,42.17,41.96,42.22,41.95,33.62
18-May-16,41.73,41.9,42.26,41.72,111.5
19-May-16,41.31,41.41,41.41,41,41.67
20-May-16,41.38,41.53,41.59,41.32,44.46
23-May-16,41.03,41.25,41.25,40.88,339.49
24-May-16,40.9,40.87,41.05,40.84,91.61
25-May-16,41.15,40.91,41.17,40.89,92.46
26-May-16,41.38,41.46,41.46,41.15,99.72
27-May-16,41.62,41.48,41.62,41.41,72.28
31-May-16,41.53,41.66,41.81,41.46,57.53
1-Jun-16,41.68,41.25,41.68,41.2,84.54
2-Jun-16,42,41.77,42.11,41.74,48.89
3-Jun-16,42.59,42.44,42.59,42.3,77.17
6-Jun-16,42.9,43.02,43.2,42.86,82.02
7-Jun-16,42.96,42.95,43,42.81,106.88
8-Jun-16,43.76,43.46,43.86,43.43,103.87
9-Jun-16,43.49,43.73,43.83,43.49,204.77
10-Jun-16,43.5,43.58,43.76,43.44,109.33
13-Jun-16,43.33,43.63,43.63,43.29,131.64
14-Jun-16,43.28,43.13,43.3,42.93,70.6
15-Jun-16,43.18,43.44,43.5,43.15,77.34
16-Jun-16,42.96,43.21,43.21,42.76,97.52
17-Jun-16,43.41,43.4,43.52,43.21,618.44
20-Jun-16,43.13,43.23,43.23,43.03,92.45
21-Jun-16,42.8,42.78,42.83,42.63,60.76
22-Jun-16,42.63,42.8,42.88,42.58,199.6
23-Jun-16,42.84,42.73,42.88,42.59,276.4
24-Jun-16,42.15,42.11,42.37,42,164.46
27-Jun-16,42.35,42.38,42.64,42.23,65.08
28-Jun-16,42.82,42.84,42.9,42.55,89.27
29-Jun-16,43.16,43,43.25,42.96,66.6
30-Jun-16,43.19,43.05,43.22,42.92,146.43
1-Jul-16,43.52,43.35,43.54,43.35,163.41
5-Jul-16,43.02,43.53,43.53,42.71,205.88
6-Jul-16,42.92,42.69,42.92,42.61,136.43
7-Jul-16,42.23,42.93,42.93,42.2,82.48
8-Jul-16,42.67,42.86,42.86,42.43,341.1
11-Jul-16,42.51,42.94,42.94,42.5,184.57
12-Jul-16,42.82,42.56,42.85,42.43,119.64
13-Jul-16,43.25,43.36,43.44,43.25,127.33
14-Jul-16,43.21,43.51,43.63,43.16,122.87
15-Jul-16,42.76,43.01,43.03,42.76,51.9
18-Jul-16,42.95,42.75,42.96,42.5,93.82
19-Jul-16,42.37,42.77,42.77,42.3,45.64
20-Jul-16,41.73,42.05,42.18,41.73,96.19
21-Jul-16,41.79,41.98,41.98,41.7,92.37
22-Jul-16,41.81,41.62,41.81,41.46,61.4
25-Jul-16,41.77,41.77,41.81,41.64,104.85
26-Jul-16,41.74,41.72,41.89,41.67,49.58
27-Jul-16,41.76,41.93,42.01,41.66,131.94
28-Jul-16,41.75,41.76,41.97,41.7,96.08
29-Jul-16,42.02,41.75,42.17,41.75,89.42
1-Aug-16,41.96,41.81,42.17,41.81,50.69
2-Aug-16,41.9,42.19,42.25,41.83,29.16
3-Aug-16,42.07,42,42.13,41.84,30.12
4-Aug-16,42.11,41.94,42.2,41.84,58.66
5-Aug-16,42.23,42.1,42.25,42.03,49.24
8-Aug-16,42.23,42.2,42.36,42.2,32.52
9-Aug-16,42.17,42.13,42.39,42.11,43.94
10-Aug-16,41.96,42.33,42.4,41.94,31.3
11-Aug-16,41.81,41.97,42.15,41.77,171.02
12-Aug-16,41.79,41.93,41.93,41.66,56.29
15-Aug-16,42.17,41.8,42.18,41.8,36.8
16-Aug-16,42.1,42.25,42.27,42.05,102.16
17-Aug-16,42.12,42,42.3,41.86,1.15
18-Aug-16,42.34,42.21,42.44,42.19,108.18
19-Aug-16,42.08,42.09,42.2,41.99,510
22-Aug-16,42.21,42.26,42.37,42.12,68.72
23-Aug-16,42.41,42.27,42.49,42.27,54.72
24-Aug-16,41.94,42.36,42.36,41.93,102.25
25-Aug-16,41.86,42.02,42.08,41.83,55.33
26-Aug-16,41.98,42.08,42.37,41.83,55.74
29-Aug-16,41.87,41.85,42,41.8,71.61
30-Aug-16,41.73,41.84,41.84,41.42,60.54
31-Aug-16,41.45,41.63,41.8,41.34,50.17
1-Sep-16,41.27,41.51,41.57,41.23,55.13
2-Sep-16,41.43,41.62,41.7,41.41,334.77
6-Sep-16,41.52,41.39,41.6,41.24,146.46
7-Sep-16,42.03,41.74,42.03,41.74,120.37
8-Sep-16,42.15,42.12,42.21,41.94,149.11
9-Sep-16,41.73,42,42.04,41.71,54.19
12-Sep-16,41.64,41.58,41.92,41.46,100.36
13-Sep-16,41.03,41.57,41.57,41.02,36.93
14-Sep-16,40.98,41.07,41.2,40.95,99.87
15-Sep-16,41.13,41.09,41.26,41,63.39
16-Sep-16,41.44,41.03,41.45,41.03,39.77
19-Sep-16,41.62,41.76,41.88,41.62,35.71
20-Sep-16,41.94,41.81,42,41.68,52.76
21-Sep-16,42.1,42.05,42.12,41.73,43.48
22-Sep-16,42.06,42.44,42.48,42.03,36.82
23-Sep-16,41.73,41.94,41.98,41.55,31.1
26-Sep-16,41.71,41.82,41.9,41.68,55.52
27-Sep-16,41.43,41.54,41.54,41.31,39.85
28-Sep-16,41.69,41.45,41.77,41.3,113.26
29-Sep-16,41.65,41.71,41.86,41.64,43.21
30-Sep-16,41.46,42.01,42.01,41.42,70.27
3-Oct-16,41.42,41.19,41.48,41.19,80.56
4-Oct-16,41.34,41.48,41.5,41.32,129.04
5-Oct-16,41.15,41.5,41.59,41.14,27.87
6-Oct-16,41.06,40.97,41.09,40.82,257.01
7-Oct-16,41.1,41.24,41.37,40.98,51.19
10-Oct-16,41.04,41.21,41.25,40.94,31.53
11-Oct-16,40.68,40.82,40.9,40.66,37.38
12-Oct-16,40.59,40.68,40.81,40.57,54.31
13-Oct-16,40.48,40.5,40.59,40.43,30.59
14-Oct-16,40.6,40.6,40.82,40.53,42.49
17-Oct-16,40.79,40.7,40.81,40.6,18.69
18-Oct-16,40.88,40.9,40.97,40.83,63.2
19-Oct-16,40.92,40.93,41.06,40.88,26.39
20-Oct-16,40.92,40.82,40.92,40.75,37.4
21-Oct-16,41.06,40.89,41.14,40.89,94.75
24-Oct-16,41.59,41.44,41.6,41.43,73.27
25-Oct-16,41.88,41.79,41.92,41.73,45.89
26-Oct-16,41.89,41.89,41.93,41.78,48.12
27-Oct-16,42,41.93,42.09,41.88,38.99
28-Oct-16,42.11,42.05,42.26,42.05,19.59
31-Oct-16,42,42.12,42.19,41.98,103.95
1-Nov-16,42.08,42.13,42.24,42.08,48
2-Nov-16,42.02,42.03,42.17,41.91,108.38
3-Nov-16,42.17,42.18,42.29,42.11,45.85
4-Nov-16,42.02,42.09,42.13,41.94,53.34
7-Nov-16,42.16,42.2,42.2,41.93,65.81
8-Nov-16,41.96,41.96,42.28,41.96,28.93
9-Nov-16,42.11,42.41,42.41,41.96,90.86
10-Nov-16,41.82,42.01,42.02,41.79,104.2
11-Nov-16,41.24,42.23,42.23,41.17,40.14
14-Nov-16,41.21,41.3,41.33,41.02,69.32
15-Nov-16,41.29,41.14,41.36,41.08,57.55
16-Nov-16,40.94,41.16,41.16,40.8,46.45
17-Nov-16,40.87,41.06,41.07,40.82,42.18
18-Nov-16,40.85,40.99,40.99,40.69,71.17
21-Nov-16,41.41,41.33,41.45,41.2,44.81
22-Nov-16,41.57,41.66,41.66,41.48,41.93
23-Nov-16,41.82,41.29,41.88,41.26,33.09
25-Nov-16,42.11,41.37,42.14,40.79,32.77
28-Nov-16,42.17,42.45,42.7,42.16,35.57
29-Nov-16,41.6,41.8,41.92,41.53,38.88
30-Nov-16,41.66,41.91,41.91,41.54,29.5
1-Dec-16,41.76,41.77,41.85,41.66,77.08
2-Dec-16,41.59,41.53,41.68,41.45,34.25
5-Dec-16,41.87,41.9,41.95,41.79,221.31
6-Dec-16,41.96,41.84,42.09,41.8,54.2
7-Dec-16,41.7,42.04,42.04,41.64,87.22
8-Dec-16,41.43,41.62,41.62,41.35,164.09
9-Dec-16,41.21,41.43,41.49,41.17,69.73
12-Dec-16,41.54,41.47,41.58,41.35,47.75
13-Dec-16,41.51,41.68,41.72,41.33,67.6
14-Dec-16,41.64,41.55,41.76,41.49,114.2
15-Dec-16,41.28,41.34,41.53,41.21,147.05
16-Dec-16,41.06,41.1,41.19,40.78,66.22
19-Dec-16,40.76,40.78,41,40.63,71.32
20-Dec-16,40.55,40.55,40.65,40.5,87.25
21-Dec-16,40.73,40.7,40.74,40.61,125.36
22-Dec-16,40.36,40.5,40.57,40.3,135.11
23-Dec-16,40.1,40.34,40.34,40.03,77.27
27-Dec-16,40.31,39.9,40.4,39.9,140.63
28-Dec-16,40.06,40.23,40.23,39.98,96.65
29-Dec-16,40.02,40.01,40.1,39.95,88.62
30-Dec-16,40,40.1,40.2,39.97,205.09
3-Jan-17,39.77,40.1,40.25,39.67,61.07
4-Jan-17,40.12,39.92,40.24,39.9,217.29
5-Jan-17,40.23,40.26,40.42,40.12,1.54
6-Jan-17,40.27,40.33,40.38,40.18,178.09
9-Jan-17,39.91,40.01,40.05,39.91,52.06
10-Jan-17,40.13,40.28,40.36,40.03,68.24
11-Jan-17,40.37,40.39,40.48,40.13,210.05
12-Jan-17,40.82,40.97,40.97,40.72,45.19
13-Jan-17,40.84,40.63,40.92,40.63,84.58
17-Jan-17,40.77,40.99,41.06,40.76,57.53
18-Jan-17,40.62,41.18,41.18,40.57,40.6
19-Jan-17,40.36,40.6,40.73,40.36,36.81
20-Jan-17,40.47,40.54,40.63,40.46,177.59
23-Jan-17,40.68,40.57,40.7,40.51,52.95
24-Jan-17,40.89,40.91,41.02,40.86,86.05
25-Jan-17,40.66,40.59,40.79,40.57,95.94
26-Jan-17,40.38,40.6,40.7,40.37,41.35
27-Jan-17,40.2,40.55,40.55,40.05,69.72
30-Jan-17,39.96,40.05,40.05,39.86,87.34
31-Jan-17,40.22,40.37,40.39,40.19,55.09
1-Feb-17,40.36,40.35,40.45,40.1,100.56
2-Feb-17,40.37,40.47,40.52,40.3,124.24
3-Feb-17,40.35,40.29,40.46,40.19,85.08
6-Feb-17,40.29,40.42,40.54,40.27,148.16
7-Feb-17,40.1,40.18,40.19,40.05,41.95
8-Feb-17,40.27,40.24,40.41,40.18,57.71
9-Feb-17,40.32,40.54,40.55,40.23,47.79
10-Feb-17,40.66,40.55,40.73,40.5,31.02
13-Feb-17,40.33,40.47,40.47,40.32,39.48
14-Feb-17,40.48,40.6,40.6,40.28,51.01
15-Feb-17,40.46,40.41,40.52,40.28,57.57
16-Feb-17,40.33,40.47,40.48,40.27,44.63
17-Feb-17,40.21,40.1,40.25,40.1,30.64
21-Feb-17,40.38,40.44,40.52,40.37,38.54
22-Feb-17,40.25,40.34,40.34,40.17,41.61
23-Feb-17,40.11,40.35,40.41,40.11,75.17
24-Feb-17,40.1,40.14,40.25,40.09,48.01
27-Feb-17,39.98,40,40.16,39.9,33.19
28-Feb-17,40.1,39.99,40.1,39.88,21.58
1-Mar-17,40.24,40.32,40.4,40.22,33.38
2-Mar-17,39.75,39.88,39.96,39.73,58.37
3-Mar-17,39.98,39.85,39.99,39.77,40.41
6-Mar-17,39.77,40.06,40.06,39.77,41.88
7-Mar-17,39.42,39.76,39.86,39.42,52.31
8-Mar-17,38.92,39.35,39.53,38.74,50.29
9-Mar-17,38.65,38.73,38.84,38.44,49.64
10-Mar-17,38.63,38.21,38.85,38.21,45.77
13-Mar-17,38.8,38.85,38.89,38.76,54.82
14-Mar-17,38.57,38.55,38.67,38.43,51.4
15-Mar-17,38.95,38.81,39.01,38.77,38.95
16-Mar-17,38.96,39.09,39.09,38.91,25.47
17-Mar-17,39.06,39,39.13,38.94,31.1
20-Mar-17,39.13,39.04,39.22,39.04,28.8
21-Mar-17,38.97,39.26,39.35,38.97,31.22
22-Mar-17,39.24,39.06,39.3,38.94,93.8
23-Mar-17,39.13,39.06,39.2,39,296.46
24-Mar-17,39.15,39.1,39.18,39.04,53.35
27-Mar-17,39.01,38.92,39.07,38.77,399.62
28-Mar-17,39.1,39.1,39.31,39.06,59.01
29-Mar-17,39.33,39.16,39.42,39.16,42.39
30-Mar-17,39.25,39.26,39.48,39.24,42.29
31-Mar-17,39.16,39.1,39.23,39.09,43.58
3-Apr-17,38.89,39.17,39.2,38.89,32.52
4-Apr-17,39.03,38.6,39.08,38.6,53.2
5-Apr-17,39.19,39.32,39.37,39.15,42.22
6-Apr-17,39.22,39.25,39.3,39.13,49.72
7-Apr-17,39.05,39.07,39.3,39.05,119.93
10-Apr-17,38.94,39,39,38.9,110.64
11-Apr-17,39.1,38.9,39.14,38.8,38.93
12-Apr-17,39.03,39.08,39.15,38.94,31.83
13-Apr-17,39.27,39.27,39.33,39.18,72.55
17-Apr-17,39.35,39.52,39.52,39.29,38.41
18-Apr-17,38.9,38.98,39.04,38.75,32.04
19-Apr-17,38.77,39,39.05,38.76,44.84
20-Apr-17,38.92,38.96,39.02,38.88,28.38
21-Apr-17,38.78,38.88,38.96,38.72,57
24-Apr-17,38.67,38.57,38.74,38.51,37.43
25-Apr-17,38.7,38.5,38.73,38.12,46.12
26-Apr-17,38.79,38.64,38.86,38.64,451.84
27-Apr-17,38.7,38.65,38.76,38.49,49.64
28-Apr-17,38.84,38.77,38.89,38.69,39.14
1-May-17,38.94,38.84,39.11,38.84,107.39
2-May-17,38.76,38.81,39,38.76,38.1
3-May-17,38.67,38.67,38.78,38.53,56.51
4-May-17,38.42,38.56,38.63,38.4,42.99
5-May-17,38.36,38.32,38.44,38.28,68.48
8-May-17,38.38,38.27,38.41,38.23,28.22
9-May-17,38.25,38.41,38.59,38.25,33.63
10-May-17,38.35,38.18,38.44,38.18,50.27
11-May-17,38.37,38.52,38.53,38.31,33.13
12-May-17,38.59,38.58,38.67,38.49,45.7
15-May-17,38.67,38.81,38.94,38.66,120.79
16-May-17,38.58,38.56,38.65,38.51,60.75
17-May-17,38.8,38.7,38.89,38.7,65.49
18-May-17,38.69,38.54,38.77,38.5,43.86
19-May-17,39.06,39.02,39.11,38.97,32.21
22-May-17,39.23,39.08,39.28,39.08,58.53
23-May-17,39.06,39.21,39.22,39.03,39.75
24-May-17,38.82,38.84,38.93,38.67,35.9
25-May-17,38.65,38.89,38.94,38.62,45.75
26-May-17,38.6,38.65,38.69,38.59,135.48
30-May-17,38.51,38.37,38.57,38.34,394.36
31-May-17,38.4,38.36,38.45,38.15,61.84
1-Jun-17,38.37,38.25,38.5,38.25,31
2-Jun-17,38.25,38.09,38.31,38.09,137.96
5-Jun-17,37.95,38.13,38.18,37.92,57.29
6-Jun-17,37.88,37.92,38,37.82,304.9
7-Jun-17,37.64,37.79,37.84,37.52,43.6
8-Jun-17,37.73,37.65,37.84,37.63,82.19
9-Jun-17,37.88,37.75,37.9,37.75,26.62
12-Jun-17,37.56,37.93,37.93,37.5,36.31
13-Jun-17,37.59,37.51,37.62,37.44,82.82
14-Jun-17,37.21,37.58,37.58,37.17,293.69
15-Jun-17,37.31,37.15,37.31,37.14,80.45
16-Jun-17,37.39,37.32,37.44,37.27,52.93
19-Jun-17,37.33,37.41,37.5,37.33,26.25
20-Jun-17,37.17,37.16,37.28,36.98,38.58
21-Jun-17,37.12,37.28,37.31,37.02,34.02
22-Jun-17,37.04,37.18,37.28,37.04,45.66
23-Jun-17,37.21,37.07,37.26,37.05,23.87
26-Jun-17,37.46,37.23,37.49,37.16,42.8
27-Jun-17,37.72,37.5,37.75,37.5,33.77
28-Jun-17,38,37.71,38,37.65,47.59
29-Jun-17,38.06,38.08,38.22,38.05,44.92
30-Jun-17,38.49,38.09,38.49,38.09,173.78
3-Jul-17,38.48,38.38,38.56,38.38,214.85
5-Jul-17,38.09,38.19,38.26,37.92,57.92
6-Jul-17,38.15,37.95,38.17,37.95,48.8
7-Jul-17,37.97,38.05,38.05,37.93,41.46
10-Jul-17,37.93,37.92,38.04,37.83,66.46
11-Jul-17,38.26,38,38.32,38,30.83
12-Jul-17,38.35,38.79,38.79,38.27,218.66
13-Jul-17,38.31,38.33,38.43,38.28,48.42
14-Jul-17,38.5,38.42,38.55,38.38,43.56
17-Jul-17,38.65,38.59,38.77,38.59,40.07
18-Jul-17,38.67,38.77,38.77,38.58,17.33
19-Jul-17,38.7,38.62,38.74,38.56,24.6
20-Jul-17,38.58,38.36,38.91,38.36,36.34
21-Jul-17,38.62,38.63,38.72,38.56,25.71
24-Jul-17,38.46,38.98,38.98,38.39,39.74
25-Jul-17,38.88,38.78,38.94,38.77,58.98
26-Jul-17,38.99,38.83,39,38.82,38.32
27-Jul-17,39.16,39.19,39.26,39.06,23.31
28-Jul-17,39.25,39.29,39.29,39.16,32.07
31-Jul-17,39.32,39.2,39.33,39.15,34.09
1-Aug-17,39.05,39.04,39.1,38.89,76.75
2-Aug-17,39.39,39.1,39.39,39.04,28.23
3-Aug-17,39.26,39.34,39.39,39.19,44.88
4-Aug-17,39.33,39.27,39.37,39.17,25.54
7-Aug-17,39.5,39.39,39.52,39.37,63.82
8-Aug-17,39.62,39.49,39.72,39.41,20.95
9-Aug-17,39.7,39.76,39.8,39.56,31.27
10-Aug-17,39.39,39.71,39.82,39.38,67.89
11-Aug-17,39.48,39.41,39.51,39.41,19.16
14-Aug-17,39.23,39.38,39.44,39.17,54.47
15-Aug-17,39.21,39.25,39.28,39.05,66.34
16-Aug-17,39.55,39.6,39.71,39.5,60.98
17-Aug-17,39.16,39.33,39.35,39.15,45.49
18-Aug-17,39.61,39.29,39.61,39.28,14.74
21-Aug-17,39.42,39.5,39.52,39.38,36.67
22-Aug-17,39.6,39.53,39.61,39.47,40.29
23-Aug-17,39.72,39.56,39.76,39.56,43.89
24-Aug-17,39.92,39.83,39.93,39.71,24.93
25-Aug-17,39.59,39.99,39.99,39.46,25.37
28-Aug-17,39.86,39.63,39.94,39.55,25
29-Aug-17,39.87,39.75,40,39.75,52.5
30-Aug-17,39.85,39.89,39.96,39.82,16.62
31-Aug-17,40.58,40.08,40.59,40.08,64.79
1-Sep-17,40.93,40.61,40.93,40.53,62.82
5-Sep-17,40.87,40.93,41.17,40.82,20.29
6-Sep-17,41.06,40.89,41.06,40.86,12.95
7-Sep-17,41.01,41.07,41.07,40.89,18.69
8-Sep-17,40.47,40.79,40.79,40.43,86.58
11-Sep-17,40.51,40.39,40.55,40.29,16
12-Sep-17,40.46,40.3,40.53,40.3,39.73
13-Sep-17,40.27,40.28,40.32,40.09,17.71
14-Sep-17,40.12,40.3,40.37,40.12,73.62
15-Sep-17,40.42,40.24,40.44,40.2,14.36
18-Sep-17,40.41,40.42,40.44,40.33,22.16
19-Sep-17,40.42,40.09,40.49,40.09,36.93
20-Sep-17,40.74,40.44,40.78,40.44,15.52
21-Sep-17,40.22,40.53,40.59,40.18,238.72
22-Sep-17,40.28,40.18,40.29,40.13,47.15
25-Sep-17,40.66,40.28,40.7,40.28,31.72
26-Sep-17,40.29,40.45,40.45,40.27,29.61
27-Sep-17,40.18,40.39,40.39,40.15,22.13
28-Sep-17,40.27,40.38,40.38,40.17,15.6
29-Sep-17,40.04,40.23,40.3,40.03,23.68
2-Oct-17,39.82,39.81,39.89,39.72,176.28
3-Oct-17,40.01,39.82,40.11,39.82,21.35
4-Oct-17,40.04,40.04,40.15,40.01,44.58
5-Oct-17,40.46,40.42,40.56,40.39,16.36
6-Oct-17,39.92,40.03,40.08,39.85,14.32
9-Oct-17,39.98,39.97,40.02,39.84,15.5
10-Oct-17,40.36,40.26,40.42,40.23,18.52
11-Oct-17,40.39,40.31,40.43,40.21,18.98
12-Oct-17,40.2,40.24,40.35,40.18,39.05
13-Oct-17,40.5,40.45,40.57,40.36,27.82
16-Oct-17,40.64,40.86,40.87,40.58,17.98
17-Oct-17,40.38,40.47,40.47,40.2,17.16
18-Oct-17,40.24,40.39,40.39,40.14,17.94
19-Oct-17,40.09,40.01,40.2,39.98,15.91
20-Oct-17,40.12,40.07,40.26,39.99,20.72
23-Oct-17,40.35,40.21,40.35,40.21,96.85
24-Oct-17,40.7,40.32,40.7,40.32,21.65
25-Oct-17,40.78,40.63,40.78,40.63,23.9
26-Oct-17,40.86,40.61,40.89,40.61,13.22
27-Oct-17,40.83,40.6,40.89,40.54,30.72
30-Oct-17,40.94,40.86,40.96,40.81,95.64
31-Oct-17,40.98,40.86,41.06,40.85,33.68
1-Nov-17,41.14,41.19,41.35,41.03,30.59
2-Nov-17,41.19,41.14,41.24,41.02,25.45
3-Nov-17,41.36,40.5,41.42,40.5,19.12
6-Nov-17,41.83,41.46,41.88,41.46,23.56
7-Nov-17,41.51,41.79,41.79,41.42,27
8-Nov-17,41.38,41.42,41.52,41.35,20.76
9-Nov-17,41.51,41.37,41.53,41.34,15.48
10-Nov-17,41.51,41.6,41.63,41.38,12.35
13-Nov-17,41.41,41.53,41.53,41.4,133.3
14-Nov-17,40.88,41.43,41.43,40.84,23.62
15-Nov-17,40.72,40.8,40.8,40.6,10.61
16-Nov-17,40.64,40.78,40.78,40.58,19.2
17-Nov-17,40.98,40.81,41.04,40.79,19.56
20-Nov-17,40.85,40.75,40.92,40.69,22.78
21-Nov-17,41.03,40.9,41.12,40.9,18.97
22-Nov-17,41.33,41.4,41.4,41.18,42.06
24-Nov-17,41.57,41.5,41.57,40.57,12.17
27-Nov-17,41.45,41.54,41.54,41.38,24.4
28-Nov-17,41.34,41.35,41.35,41.2,70.16
29-Nov-17,41.17,41.26,41.39,41.08,28.64
30-Nov-17,40.99,41.31,41.35,40.95,21.37
1-Dec-17,41.32,41.3,41.51,41.26,32.7
4-Dec-17,40.99,41.14,41.14,40.96,216.25
5-Dec-17,40.72,40.82,40.88,40.7,24.99
6-Dec-17,40.21,40.59,40.59,40.14,21.56
7-Dec-17,40.28,40.18,40.32,40.14,53.94
8-Dec-17,40.41,40.47,40.53,40.36,26.18
11-Dec-17,40.56,40.67,40.67,40.42,21.54
12-Dec-17,40.28,40.41,40.56,40.25,14.95
13-Dec-17,40.19,40.27,40.29,40.08,30
14-Dec-17,40.39,40.16,40.43,40.16,43.48
15-Dec-17,40.54,40.53,40.6,40.52,21.1
18-Dec-17,40.66,40.62,40.8,40.57,29.65
19-Dec-17,40.84,40.78,40.89,40.75,43.18
20-Dec-17,41.13,41.03,41.14,40.97,31.5
21-Dec-17,41.3,41.07,41.38,41.07,41.33
22-Dec-17,41.55,41.28,41.63,41.28,312.28
26-Dec-17,42,42,42.17,41.69,39.85
27-Dec-17,42.1,42.1,42.15,42.08,50.6
28-Dec-17,42.4,42.33,42.42,42.22,90.5
29-Dec-17,42.53,42.35,42.58,42.35,57.48
2-Jan-18,42.91,42.72,42.91,42.72,116.66
3-Jan-18,42.91,42.88,42.91,42.74,45.99
4-Jan-18,42.81,42.88,42.97,42.74,84.27
5-Jan-18,42.46,42.62,42.62,42.36,41.37
8-Jan-18,42.41,42.37,42.43,42.28,76.12
9-Jan-18,42.55,42.49,42.55,42.21,42.12
10-Jan-18,42.56,42.64,42.64,42.49,52.22
11-Jan-18,42.56,42.59,42.64,42.52,119.92
12-Jan-18,42.7,42.55,42.75,42.55,52.75
13-Jan-18,42.7,42.7,42.7,42.7,
15-Jan-18,42.7,42.7,42.7,42.7,
16-Jan-18,42.52,42.55,42.63,42.48,64.39
17-Jan-18,42.71,42.54,42.78,42.5,38.42
18-Jan-18,42.81,42.67,42.83,42.66,42.61
19-Jan-18,42.7,42.76,42.9,42.65,33.87
22-Jan-18,42.97,42.81,42.97,42.8,47.37
23-Jan-18,43.02,42.96,43.09,42.85,74.29
24-Jan-18,43.5,43.16,43.5,43.16,69.26
25-Jan-18,43.29,43.6,43.6,43.26,50
26-Jan-18,43.7,43.41,43.76,43.41,135.01
27-Jan-18,43.7,43.7,43.7,43.7,
29-Jan-18,43.71,43.75,43.85,43.61,73.18
30-Jan-18,43.48,43.65,43.66,43.33,58.53
31-Jan-18,43.41,43.49,43.49,43.3,52.17
1-Feb-18,43.85,43.41,43.89,43.41,72.77
2-Feb-18,43.22,43.45,43.45,43.1,47.75
5-Feb-18,42.9,43.13,43.29,42.9,82.1
6-Feb-18,42.62,42.59,42.79,42.51,52.14
7-Feb-18,42.18,42.62,42.67,42.05,132.74
8-Feb-18,41.82,42.15,42.18,41.82,75.59
9-Feb-18,41.24,41.6,41.6,40.92,51.52
12-Feb-18,41.36,41.36,41.47,41.29,60.03
13-Feb-18,41.61,41.43,41.67,41.4,72.03
14-Feb-18,42.28,41.56,42.32,41.52,44.81
15-Feb-18,42.4,42.39,42.41,41.84,86.09
16-Feb-18,42.39,42.34,42.52,42.25,136.82
17-Feb-18,42.39,42.39,42.39,42.39,
19-Feb-18,42.39,42.39,42.39,42.39,
20-Feb-18,42.43,42.3,42.62,42.3,103.89
21-Feb-18,42.48,42.45,42.68,42.42,33.35
22-Feb-18,42.69,42.61,42.76,42.48,50.31
23-Feb-18,42.87,42.72,42.89,42.62,46.27
24-Feb-18,42.87,42.87,42.87,42.87,
26-Feb-18,43.12,42.96,43.14,42.85,81.35
27-Feb-18,42.82,43,43.01,42.8,45.84
28-Feb-18,42.47,42.9,42.9,42.43,52.64
1-Mar-18,42.48,42.3,42.5,42,139.5
2-Mar-18,42.43,42.33,42.45,42.18,426.03
3-Mar-18,42.43,42.43,42.43,42.43,
5-Mar-18,42.77,42.35,42.83,42.31,78.73
6-Mar-18,42.8,42.98,43.01,42.8,30.04
7-Mar-18,42.4,42.7,42.8,42.32,23.94
8-Mar-18,42.34,42.42,42.42,42.2,68.49
9-Mar-18,42.66,42.49,42.67,42.44,30.96
10-Mar-18,42.66,42.66,42.66,42.66,
12-Mar-18,42.58,42.52,42.62,42.36,61.31
13-Mar-18,42.55,42.7,42.77,42.45,16.7
14-Mar-18,42.49,42.56,42.73,42.43,25.06
15-Mar-18,42.44,42.43,42.51,42.3,126.66
16-Mar-18,42.52,42.43,42.56,42.3,39.83
17-Mar-18,42.52,42.52,42.52,42.52,
19-Mar-18,42.16,42.38,42.42,42.11,59.15
20-Mar-18,42.3,42.3,42.7,42.23,31.85
21-Mar-18,42.93,42.54,42.94,42.1,36.96
22-Mar-18,42.56,42.65,42.71,42.49,60.32
23-Mar-18,42.86,42.77,42.92,42.6,52.49
24-Mar-18,42.86,42.86,42.86,42.86,
26-Mar-18,42.86,43,43,42.81,57.16
27-Mar-18,42.66,42.87,42.87,42.63,32.5
28-Mar-18,42.55,42.56,42.7,42.48,79.17
29-Mar-18,42.78,42.64,42.85,42.62,92.21
2-Apr-18,42.46,42.99,42.99,42.42,135.61
3-Apr-18,42.46,42.66,42.66,42.4,33.27
4-Apr-18,42.28,42.1,42.36,41.84,44.82
5-Apr-18,42.54,42.1,42.55,42.1,18.48
6-Apr-18,42.19,42.66,42.66,42.11,644.55
7-Apr-18,42.19,42.19,42.19,42.19,
9-Apr-18,42.64,42.52,42.77,42.45,217.49
10-Apr-18,43.17,42.99,43.21,42.97,173.8
11-Apr-18,43.38,43.23,43.63,43.22,91.51
12-Apr-18,43.11,43.06,43.18,42.96,136.8
13-Apr-18,43.25,43.32,43.34,43.17,99.21
14-Apr-18,43.25,43.25,43.25,43.25,
16-Apr-18,43.38,43.51,43.63,43.38,138.44
17-Apr-18,43.58,43.49,43.59,43.37,70.6
18-Apr-18,44.49,44.4,44.5,44.2,83.39
19-Apr-18,44.25,44.5,44.5,44.2,71.94
20-Apr-18,44.2,44.08,44.27,43.93,69.58
21-Apr-18,44.2,44.2,44.2,44.2,
23-Apr-18,44.12,43.91,44.17,43.76,105.87
24-Apr-18,43.99,44.19,44.38,43.95,71.81
25-Apr-18,43.99,43.84,44.03,43.78,94.32
26-Apr-18,44.06,44.21,44.27,43.95,34.89
27-Apr-18,44.03,43.84,44.06,43.76,41.95
28-Apr-18,44.03,44.03,44.03,44.03,
30-Apr-18,44.04,43.91,44.26,43.89,81.04
1-May-18,43.89,43.89,43.93,43.75,62.43
2-May-18,43.73,43.85,43.94,43.72,79.73
3-May-18,44.01,43.82,44.01,43.72,69.39
4-May-18,44.28,43.91,44.28,43.86,42.8
7-May-18,44.29,44.45,44.6,44.27,73.26
8-May-18,44.27,44.43,44.44,43.71,180.12
9-May-18,44.61,44.41,44.64,44.35,111.65
10-May-18,44.74,44.64,44.83,44.5,136.49
11-May-18,44.8,44.85,44.9,44.75,50.73
12-May-18,44.8,44.8,44.8,44.8,
14-May-18,44.88,44.83,44.95,44.81,52.59
15-May-18,44.65,44.77,44.77,44.5,52.07
16-May-18,44.89,44.7,44.89,44.63,69.86
17-May-18,44.91,44.95,45.19,44.87,50.35
18-May-18,44.9,45,45.16,44.85,33.97
19-May-18,44.9,44.9,44.9,44.9,
21-May-18,45.26,45.08,45.3,45.03,48.04
22-May-18,45.18,45.42,45.44,45.15,42.43
23-May-18,45.22,45.09,45.22,44.85,39.93
24-May-18,45.08,45.07,45.23,45.03,41.62
25-May-18,44.63,44.8,44.8,44.52,49.48
26-May-18,44.63,44.63,44.63,44.63,
27-May-18,44.63,44.63,44.63,44.63,
28-May-18,44.63,44.63,44.63,44.63,
29-May-18,44.46,44.6,44.74,44.44,37.79
30-May-18,45.12,44.67,45.12,44.65,45.09
31-May-18,44.98,45.16,45.16,44.8,221.33
1-Jun-18,44.76,44.83,44.86,44.63,36.4
4-Jun-18,44.41,45.04,45.04,44.33,90.52
5-Jun-18,44.41,44.3,44.46,44.21,167.05
6-Jun-18,44.52,44.48,44.56,44.32,33.33
7-Jun-18,44.7,44.67,44.77,44.57,48.56
8-Jun-18,44.78,44.41,44.9,44.41,32.77
11-Jun-18,44.5,44.7,44.71,44.49,34.42
12-Jun-18,44.67,44.52,44.74,44.47,36.05
13-Jun-18,44.68,44.24,44.85,44.1,50.15
14-Jun-18,44.25,44.62,44.62,44.21,72.46
15-Jun-18,43.5,43.96,43.96,43.5,92.27
16-Jun-18,43.5,43.5,43.5,43.5,
18-Jun-18,43.66,43.75,43.76,43.35,50.57
19-Jun-18,43.15,43.14,43.2,42.87,52.92
20-Jun-18,43.22,43.42,43.48,43.12,65.22
21-Jun-18,42.94,43.09,43.09,42.9,61.66
22-Jun-18,43.61,43.73,43.73,43.21,301.16
23-Jun-18,43.61,43.61,43.61,43.61,
25-Jun-18,43,43.33,45.09,42.91,533.62
26-Jun-18,43.2,43.13,43.2,42.75,296.24
27-Jun-18,43.3,43.35,43.55,43.26,213.26
28-Jun-18,43.38,43.38,43.53,43.26,171.15
29-Jun-18,43.72,43.54,43.84,43.45,139.13
30-Jun-18,43.72,43.72,43.72,43.72,
2-Jul-18,43.14,43.46,43.48,43.09,153.06
3-Jul-18,42.94,43.45,43.45,42.88,105.39
5-Jul-18,42.95,42.95,43.15,42.85,106.68
6-Jul-18,43.04,42.95,43.11,42.82,409.21
9-Jul-18,43.06,43.21,43.21,42.96,151.55
10-Jul-18,43.09,43.29,43.37,43.03,136.71
11-Jul-18,41.87,42.69,42.69,41.69,122.39
12-Jul-18,42.23,41.99,42.32,41.9,195.7
13-Jul-18,42.29,42.35,42.46,42.07,76.97
16-Jul-18,41.5,42.02,42.03,41.48,115.47
17-Jul-18,41.41,41.38,41.6,41.38,323.8
18-Jul-18,41.67,41.31,41.75,41.29,230.12
19-Jul-18,41.49,41.43,41.7,41.27,57.1
20-Jul-18,41.61,41.45,41.68,41.45,55.4
21-Jul-18,41.61,41.61,41.61,41.61,
23-Jul-18,41.74,41.78,41.87,41.63,69.18
24-Jul-18,41.84,41.9,42.19,41.84,58.17
25-Jul-18,42.29,41.85,42.31,41.85,52.8
26-Jul-18,42.3,42.37,42.53,42.28,50.34
27-Jul-18,42.05,42.26,42.28,42.01,37.11
28-Jul-18,42.05,42.05,42.05,42.05,
30-Jul-18,42.31,42.19,42.42,42.19,43
31-Jul-18,42.09,42.24,42.32,42.09,94.4
1-Aug-18,41.42,41.83,41.83,41.42,81.2
2-Aug-18,41.51,41.37,41.74,41.35,97.66
3-Aug-18,41.65,41.27,41.72,41.27,541.7
6-Aug-18,41.8,41.72,41.97,41.66,181.61
7-Aug-18,41.98,42.02,42.13,41.98,65.37
8-Aug-18,41.59,42,42.01,41.47,101.25
9-Aug-18,41.62,41.58,41.75,41.58,58.3
10-Aug-18,41.5,41.63,41.98,41.47,50.58
13-Aug-18,41.29,41.37,41.5,40.94,128.4
14-Aug-18,41.38,41.43,41.59,41.33,92.24
15-Aug-18,40.65,41.06,41.07,40.56,139.82
16-Aug-18,41.13,41.03,41.25,41.03,79.78
17-Aug-18,41.52,41.19,41.56,41.19,36.68
20-Aug-18,41.48,41.57,41.61,41.4,66.53
21-Aug-18,41.57,41.44,41.74,41.07,33.92
22-Aug-18,41.83,41.83,41.94,41.69,80.03
23-Aug-18,41.53,41.62,41.66,41.51,48.13
24-Aug-18,41.72,41.83,41.94,41.7,42.68
25-Aug-18,41.72,41.72,41.72,41.72,
27-Aug-18,41.93,41.68,41.95,41.68,204.81
28-Aug-18,41.61,41.97,42.03,41.61,36.43
29-Aug-18,41.9,41.76,41.95,41.67,62.01
30-Aug-18,41.58,41.85,41.85,41.56,42.6
31-Aug-18,41.67,41.69,41.88,41.62,51.56
1-Sep-18,41.67,41.67,41.67,41.67,
3-Sep-18,41.67,41.67,41.67,41.67,
4-Sep-18,41.33,41.46,41.54,41.27,40.56
5-Sep-18,41.21,41.38,41.45,41.19,34.9
6-Sep-18,41.22,41.22,41.43,40.97,49.37
7-Sep-18,41.22,41.09,41.24,40.93,53.15
10-Sep-18,41.39,41.46,41.58,41.36,45.62
11-Sep-18,41.43,41.32,41.47,41.12,29.25
12-Sep-18,41.81,41.61,41.95,41.61,53.28
13-Sep-18,41.44,41.77,41.77,41.17,42.26
14-Sep-18,41.16,41.44,41.44,41.12,88.2
15-Sep-18,41.16,41.16,41.16,41.16,
17-Sep-18,41.15,41.36,41.4,41.14,30.61
18-Sep-18,41.62,41.48,41.73,41.48,17.51
19-Sep-18,41.79,41.53,41.85,41.53,33.27
20-Sep-18,41.95,41.8,41.98,41.8,41.06
21-Sep-18,42,42.05,42.19,41.9,53.89
22-Sep-18,42,42,42,42,
24-Sep-18,42.44,42.31,42.55,42.31,43.82
25-Sep-18,42.6,42.62,42.69,42.54,49.24
26-Sep-18,42.42,42.5,42.57,42.38,44.89
27-Sep-18,42.21,42.39,42.39,42.18,18.15
28-Sep-18,42.47,42.31,42.54,42.3,38.36
29-Sep-18,42.47,42.47,42.47,42.47,
1-Oct-18,42.89,42.45,42.99,42.45,56.61
2-Oct-18,43.1,42.94,43.14,42.93,46.52
3-Oct-18,43.11,43.05,43.24,42.82,61.78
4-Oct-18,42.67,43.1,43.1,42.57,28.15
5-Oct-18,42.85,42.62,43.01,42.62,23.91
8-Oct-18,42.95,42.67,42.95,42.67,32.17
9-Oct-18,43.11,42.98,43.13,42.82,31.88
10-Oct-18,42.53,43,43,42.5,59.21
11-Oct-18,42.03,42.38,42.38,42,55.79
12-Oct-18,42.32,42.35,42.39,42.18,91.02
13-Oct-18,42.32,42.32,42.32,42.32,
15-Oct-18,42.41,42.29,42.48,42.26,76.3
16-Oct-18,42.67,42.47,42.77,42.47,52.86
17-Oct-18,42.22,42.55,42.55,42.1,38.61
18-Oct-18,41.71,41.9,41.95,41.71,129.63
19-Oct-18,41.87,41.9,42.18,41.82,28.46
20-Oct-18,41.87,41.87,41.87,41.87,
22-Oct-18,42.15,41.87,42.2,41.85,105.76
23-Oct-18,41.63,41.79,41.83,41.54,77.59
24-Oct-18,41.46,41.76,41.87,41.42,37.66
25-Oct-18,41.52,41.49,41.71,41.49,37.46
26-Oct-18,41.88,41.41,41.92,41.41,35.18
27-Oct-18,41.88,41.88,41.88,41.88,
29-Oct-18,41.48,41.76,41.82,41.41,35.17
30-Oct-18,41.3,41.32,41.42,41.21,52.42
31-Oct-18,41.03,41.19,41.39,41.03,50.48
1-Nov-18,41.01,41.28,41.39,40.91,34.98
2-Nov-18,41,41,41.18,40.93,30.65
5-Nov-18,40.9,41.06,41.19,40.89,54.55
6-Nov-18,40.85,40.96,41.03,40.72,70.6
7-Nov-18,40.91,40.85,41.07,40.59,29.85
8-Nov-18,40.56,40.82,40.89,40.54,28.72
9-Nov-18,40.2,40.26,40.4,40.15,59.34
10-Nov-18,40.2,40.2,40.2,40.2,
12-Nov-18,40.06,40.32,40.49,40,52.1
13-Nov-18,39.4,40,40.07,39.33,95.4
14-Nov-18,39.64,39.43,39.82,39.43,189.16
15-Nov-18,39.62,39.7,39.84,39.6,65.58
16-Nov-18,39.97,39.62,40.19,39.55,53.63
19-Nov-18,39.91,39.74,40,39.6,48.46
20-Nov-18,39,39.62,39.69,38.85,73.87
21-Nov-18,39.11,39.2,39.44,39.08,37.61
23-Nov-18,38.3,38.85,38.85,38,32.2
26-Nov-18,38.44,38.38,38.58,38.38,72.34
27-Nov-18,38.14,38.32,38.36,37.96,144.78
28-Nov-18,38.14,38.09,38.41,38.01,37.51
29-Nov-18,38.25,38.22,38.34,37.41,67.23
30-Nov-18,38.26,37.98,38.43,37.98,65.91
1-Dec-18,38.26,38.26,38.26,38.26,
3-Dec-18,38.74,38.5,38.91,38.5,57.39
4-Dec-18,38.83,38.95,39.03,38.77,54.37
5-Dec-18,38.83,38.83,38.83,38.83,
6-Dec-18,38.56,38.47,38.6,38.12,127.62
7-Dec-18,38.97,38.92,39.29,38.15,258.1
8-Dec-18,38.97,38.97,38.97,38.97,
10-Dec-18,38.56,38.78,38.91,38.51,80.04
11-Dec-18,38.64,38.8,38.8,38.58,37.28
12-Dec-18,38.65,38.82,38.9,38.6,55.31
13-Dec-18,39,38.44,39.04,38.44,32.08
14-Dec-18,38.61,38.82,38.85,38.5,91.8
15-Dec-18,38.61,38.61,38.61,38.61,
17-Dec-18,38.33,38.66,38.72,38.31,219.84
18-Dec-18,38.07,38.27,38.42,38.04,95.05
19-Dec-18,38.06,38.15,38.38,38.04,76.07
20-Dec-18,37.92,38.13,38.25,37.85,105.43
21-Dec-18,37.57,37.61,37.74,37.46,119.67
22-Dec-18,37.57,37.57,37.57,37.57,
24-Dec-18,37.49,37.03,37.69,36.75,60.44
26-Dec-18,37.96,37.07,37.96,37.07,95.97
27-Dec-18,37.75,37.52,37.76,37.52,60.8
28-Dec-18,37.58,37.7,37.73,37.52,96.38
29-Dec-18,37.58,37.58,37.58,37.58,
31-Dec-18,37.53,37.63,37.72,37.4,89.19
1-Jan-19,37.53,37.53,37.53,37.53,
2-Jan-19,37.42,37.28,37.67,37.27,52.95
3-Jan-19,37.49,37.44,37.54,37.25,26.25
4-Jan-19,37.73,37.36,37.84,37.36,23.44
5-Jan-19,37.73,37.73,37.73,37.73,
7-Jan-19,37.94,37.89,38.15,37.89,30.23
8-Jan-19,38.09,38.09,38.17,38,23
9-Jan-19,38.42,38.1,38.46,38.1,24.57
10-Jan-19,38.32,38.3,38.34,38.05,25.58
11-Jan-19,38.37,38.36,38.48,38.32,40.63
12-Jan-19,38.37,38.37,38.37,38.37,
14-Jan-19,38.28,38.37,38.5,38.26,90.53
15-Jan-19,38.23,38.29,38.39,38.2,31.29
16-Jan-19,38.48,38.41,38.49,38.35,42.16
17-Jan-19,38.7,38.48,38.72,38.38,73.44
18-Jan-19,38.73,38.69,38.84,38.63,23.03
19-Jan-19,38.73,38.73,38.73,38.73,
21-Jan-19,38.73,38.73,38.73,38.73,
22-Jan-19,38.44,38.56,38.56,38.27,71
23-Jan-19,38.56,38.48,38.56,38.44,18.62
24-Jan-19,38.56,38.58,38.63,38.55,35.86
25-Jan-19,38.76,38.58,38.8,38.57,61.35
26-Jan-19,38.76,38.76,38.76,38.76,
28-Jan-19,38.54,38.53,38.58,38.47,38.3
29-Jan-19,38.65,38.61,38.7,38.56,26.34
30-Jan-19,38.82,38.67,38.87,38.67,33.2
31-Jan-19,38.69,38.95,39.01,38.63,35.98
1-Feb-19,38.75,38.64,38.82,38.64,57.62
2-Feb-19,38.75,38.75,38.75,38.75,
4-Feb-19,38.85,38.66,38.9,38.6,40.49
5-Feb-19,38.81,38.81,38.88,38.77,45.97
6-Feb-19,38.79,38.74,38.88,38.73,27.11
7-Feb-19,38.58,38.74,38.74,38.48,27.55
8-Feb-19,38.63,38.64,38.69,38.56,31.61
9-Feb-19,38.63,38.63,38.63,38.63,
11-Feb-19,38.49,38.56,38.56,38.42,26.38
12-Feb-19,38.57,38.63,38.68,38.56,36.57
13-Feb-19,38.66,38.57,38.72,38.57,49.12
14-Feb-19,38.57,38.52,38.6,38.45,36.42
15-Feb-19,39.12,38.86,39.15,38.82,38.07
16-Feb-19,39.12,39.12,39.12,39.12,
18-Feb-19,39.12,39.12,39.12,39.12,
19-Feb-19,39.28,38.92,39.33,38.92,27.87
20-Feb-19,39.46,39.29,39.53,39.29,31.91
21-Feb-19,39.31,39.42,39.44,39.25,23.66
22-Feb-19,39.49,39.53,39.63,39.49,26.83
23-Feb-19,39.49,39.49,39.49,39.49,
25-Feb-19,39.23,39.47,39.49,39.21,27.37
26-Feb-19,39.3,39.24,39.35,39.23,27.54
27-Feb-19,39.41,39.33,39.45,39.25,29.02
28-Feb-19,39.2,39.29,39.39,39.2,19.8
1-Mar-19,38.99,39.24,39.29,38.89,28.24
2-Mar-19,38.99,38.99,38.99,38.99,
4-Mar-19,38.87,39.05,39.12,38.8,35
5-Mar-19,39.08,38.97,39.1,38.9,22.01
6-Mar-19,38.9,38.99,38.99,38.8,12.57
7-Mar-19,38.69,38.83,38.84,38.68,28.47
8-Mar-19,38.71,38.57,38.73,38.48,26.85
9-Mar-19,38.71,38.71,38.71,38.71,
11-Mar-19,38.56,38.71,38.71,38.53,29.62
12-Mar-19,38.84,38.71,38.9,38.71,51.28
13-Mar-19,38.92,38.8,39.02,38.8,15.68
14-Mar-19,38.89,38.97,39.09,38.89,22.52
15-Mar-19,38.94,38.75,38.99,38.75,44.83
16-Mar-19,38.94,38.94,38.94,38.94,
18-Mar-19,39.03,39.01,39.07,38.95,81.05
19-Mar-19,39.15,39.1,39.27,39.09,25.21
20-Mar-19,39.35,39.15,39.39,39.14,50.01
21-Mar-19,39.2,39.26,39.29,39.1,82.17
22-Mar-19,39.01,39.07,39.13,38.92,45.5
23-Mar-19,39.01,39.01,39.01,39.01,
25-Mar-19,39.13,38.92,39.24,38.92,44.92
26-Mar-19,39.14,39.23,39.29,39.14,260.47
27-Mar-19,39.07,39.11,39.14,38.96,22.87
28-Mar-19,38.92,38.85,38.94,38.83,22.85
29-Mar-19,38.73,39.03,39.04,38.73,37.21
30-Mar-19,38.73,38.73,38.73,38.73,
1-Apr-19,39.01,38.96,39.1,38.96,25.87
2-Apr-19,39.09,38.9,39.15,38.9,20.98
3-Apr-19,39.23,39.14,39.24,39.02,32.08
4-Apr-19,39.39,39.17,39.49,39.14,24.39
5-Apr-19,39.42,39.41,39.46,39.27,48.08
6-Apr-19,39.42,39.42,39.42,39.42,
8-Apr-19,39.44,39.45,39.5,39.43,53.87
9-Apr-19,39.34,39.44,39.44,39.31,36.15
10-Apr-19,39.51,39.28,39.57,39.28,46.74
11-Apr-19,39.4,39.37,39.58,39.1,80.73
12-Apr-19,39.59,39.47,39.65,39.44,171.98
13-Apr-19,39.59,39.59,39.59,39.59,
15-Apr-19,39.46,39.48,39.5,39.4,110.4
16-Apr-19,39.27,39.28,39.33,39.21,45.51
17-Apr-19,39.18,39.33,39.4,39.15,46.23
18-Apr-19,39.16,39.1,39.21,39.04,95.15
19-Apr-19,39.16,39.16,39.16,39.16,
20-Apr-19,39.16,39.16,39.16,39.16,
22-Apr-19,39.08,39.28,39.28,39.07,173.3
23-Apr-19,38.94,39.03,39.03,38.91,46.25
24-Apr-19,38.75,38.91,38.91,38.72,50.96
25-Apr-19,38.52,38.74,38.74,38.51,60.63
26-Apr-19,38.35,38.49,38.49,38.34,62.99
27-Apr-19,38.35,38.35,38.35,38.35,
29-Apr-19,38.26,38.39,38.41,38.11,58.18
30-Apr-19,38.25,38.39,38.43,38.23,96.56
1-May-19,38.09,38.14,38.2,38.05,22.35
2-May-19,37.91,37.96,38.08,37.84,69.83
3-May-19,37.89,38,38.13,37.87,57.19
4-May-19,37.89,37.89,37.89,37.89,
6-May-19,37.8,37.73,37.85,37.68,53.97
7-May-19,37.42,37.44,37.6,37.34,61.16
8-May-19,37.32,37.38,37.57,37.32,26.72
9-May-19,37.3,37.25,37.34,37.1,50.54
10-May-19,37.38,37.29,37.45,37.29,40.26
11-May-19,37.38,37.38,37.38,37.38,
13-May-19,36.93,37.3,37.45,36.93,162.08
14-May-19,37.37,37.21,37.47,37.21,72.57
15-May-19,37.58,37.33,37.7,37.33,46.58
16-May-19,37.89,37.73,37.94,37.72,39.97
17-May-19,37.66,37.73,37.87,37.65,37.48
18-May-19,37.66,37.66,37.66,37.66,
20-May-19,37.83,37.8,37.91,37.8,21.01
21-May-19,37.78,37.8,37.93,37.77,33.63
22-May-19,37.37,37.63,37.64,37.37,56.85
23-May-19,36.98,37.17,37.2,36.92,65.03
24-May-19,37.3,37.11,37.3,36.89,44.7
25-May-19,37.3,37.3,37.3,37.3,
27-May-19,37.3,37.3,37.3,37.3,
28-May-19,37.37,37.58,37.62,37.35,35.55
29-May-19,37.21,37.38,37.38,37.07,49.83
30-May-19,36.97,37.24,37.31,36.96,44.64
31-May-19,36.35,36.71,36.84,36.33,41.33
1-Jun-19,36.35,36.35,36.35,36.35,
3-Jun-19,36.3,36.43,36.51,36.3,33.86
4-Jun-19,36.41,36.28,36.47,36.28,24.17
5-Jun-19,36.17,36.35,36.42,36.13,34.6
6-Jun-19,36.55,36.06,36.56,36.06,38.72
7-Jun-19,36.33,36.42,36.55,36.33,31.38
8-Jun-19,36.33,36.33,36.33,36.33,
10-Jun-19,36.54,36.28,36.62,36.28,60.79
11-Jun-19,36.74,36.58,36.82,36.58,62.03
12-Jun-19,36.62,36.64,36.83,36.62,98.38
13-Jun-19,36.77,36.85,36.88,36.73,100.09
14-Jun-19,36.71,36.85,36.92,36.71,16.92
17-Jun-19,36.73,36.68,36.82,36.67,28.3
18-Jun-19,36.93,36.71,37.07,36.71,33.9
19-Jun-19,36.88,36.77,36.93,36.76,24.05
20-Jun-19,36.97,37,37.14,36.97,49.75
21-Jun-19,36.78,36.93,37,36.78,49.62
24-Jun-19,36.83,36.88,36.97,36.8,138.15
25-Jun-19,37.01,37.01,37.21,37,44.35
26-Jun-19,37.15,37.08,37.29,37.06,24.12
27-Jun-19,37.22,37.25,37.29,37.15,26.98
28-Jun-19,36.97,37.28,37.36,36.92,33.45
1-Jul-19,36.7,37,37.05,36.64,26.45
2-Jul-19,36.22,36.43,36.5,36.18,23.8
3-Jul-19,36.7,36.44,36.7,36.44,18.41
5-Jul-19,36.69,36.72,36.81,36.65,25.59
8-Jul-19,36.8,36.83,36.89,36.77,27.96
9-Jul-19,36.81,36.6,36.84,36.57,17.83
10-Jul-19,37.13,37.01,37.18,36.98,15.83
11-Jul-19,37.22,37.08,37.28,37.07,31.89
12-Jul-19,37.45,37.24,37.5,37.24,68.18
15-Jul-19,36.92,37.2,37.2,36.92,42.25
16-Jul-19,36.62,36.8,36.82,36.56,17.28
17-Jul-19,36.4,36.71,36.71,36.39,26.14
18-Jul-19,36.19,36.4,36.4,36.05,19.47
19-Jul-19,36.32,36.23,36.36,36.23,29.29
22-Jul-19,36.25,36.32,36.42,36.23,39.2
23-Jul-19,36.35,36.15,36.4,36.11,48.94
24-Jul-19,36.36,36.45,36.6,36.24,27.63
