vixdate,vixprice,vixopen,vixhigh,vixlow
1-Oct-10,22.5,22.9,23.67,22.46
4-Oct-10,23.53,23.63,24.34,23.3
5-Oct-10,21.76,22.52,23.08,21.71
6-Oct-10,21.49,21.82,22.13,21.46
7-Oct-10,21.56,21.31,22.16,21.28
8-Oct-10,20.71,21.58,21.64,20.29
11-Oct-10,18.96,19.33,19.51,18.8
12-Oct-10,18.93,20,20.1,18.55
13-Oct-10,19.07,17.92,19.16,17.9
14-Oct-10,19.88,19.59,21.02,19.4
15-Oct-10,19.03,20.2,21.59,19.02
18-Oct-10,19.09,20.43,20.71,18.88
19-Oct-10,20.63,20.7,21.35,19.33
20-Oct-10,19.79,21.2,21.2,19.67
21-Oct-10,19.27,19.7,20.53,18.93
22-Oct-10,18.78,19.36,19.36,18.76
25-Oct-10,19.85,19.22,19.88,18.86
26-Oct-10,20.22,20.52,21.01,20.22
27-Oct-10,20.71,21.11,22.37,20.69
28-Oct-10,20.88,20.28,21.41,20.18
29-Oct-10,21.2,21.2,21.4,20.86
1-Nov-10,21.83,21.65,22.54,20.92
2-Nov-10,21.57,21.34,21.82,21.22
3-Nov-10,19.56,21.66,22.02,19.54
4-Nov-10,18.52,18.03,18.8,17.97
5-Nov-10,18.26,18.07,18.44,17.92
8-Nov-10,18.29,19.33,19.35,18.21
9-Nov-10,19.08,18.51,19.39,17.83
10-Nov-10,18.47,18.94,19.96,18.41
11-Nov-10,18.64,19.44,19.75,18.48
12-Nov-10,20.61,19.59,21.23,19.29
15-Nov-10,20.2,20.33,20.37,19.14
16-Nov-10,22.58,21.26,23.07,20.95
17-Nov-10,21.76,22.19,22.21,21.22
18-Nov-10,18.75,20.31,20.31,18.75
19-Nov-10,18.04,19.15,19.72,17.76
22-Nov-10,18.37,19.45,20.14,18.35
23-Nov-10,20.63,20.25,21.45,20.24
24-Nov-10,19.56,19.42,19.61,18.73
26-Nov-10,22.22,21.17,22.22,20.28
29-Nov-10,21.53,23.15,23.84,21.38
30-Nov-10,23.54,23.27,23.79,22.42
1-Dec-10,21.36,21.19,21.43,20.4
2-Dec-10,19.39,21.13,21.13,19.1
3-Dec-10,18.01,19.26,19.28,17.71
6-Dec-10,18.02,18.8,18.85,17.95
7-Dec-10,17.99,17.13,18.15,17.13
8-Dec-10,17.74,17.97,18.32,17.69
9-Dec-10,17.25,17.32,17.84,17.24
10-Dec-10,17.61,17.06,17.63,17.06
13-Dec-10,17.55,16.82,17.67,16.68
14-Dec-10,17.61,17.6,17.95,17.22
15-Dec-10,17.94,17.99,18.14,17.37
16-Dec-10,17.39,18.03,18.27,16.88
17-Dec-10,16.11,17.62,17.64,15.46
20-Dec-10,16.41,16.22,16.86,15.78
21-Dec-10,16.49,16.2,16.62,16.08
22-Dec-10,15.45,16.52,16.56,15.45
23-Dec-10,16.47,15.44,16.86,15.4
27-Dec-10,17.67,18.26,18.32,17.66
28-Dec-10,17.52,17.3,17.99,17.3
29-Dec-10,17.28,17.49,17.49,17.02
30-Dec-10,17.52,17.65,17.89,17.46
31-Dec-10,17.75,17.91,18.13,17.75
3-Jan-11,17.61,17.94,17.95,16.91
4-Jan-11,17.38,17.34,18.24,17.33
5-Jan-11,17.02,17.81,17.95,16.86
6-Jan-11,17.4,16.8,17.56,16.79
7-Jan-11,17.14,17.31,18.07,16.57
10-Jan-11,17.54,18.35,18.63,17.54
11-Jan-11,16.89,16.61,17.35,16.6
12-Jan-11,16.24,16.26,16.5,16.17
13-Jan-11,16.39,16.51,16.78,16.14
14-Jan-11,15.46,16.67,16.71,15.37
18-Jan-11,15.87,16.19,16.2,15.71
19-Jan-11,17.31,15.89,17.67,15.86
20-Jan-11,17.99,17.81,18.85,17.65
21-Jan-11,18.47,17.03,18.61,16.6
24-Jan-11,17.65,18.78,18.93,17.56
25-Jan-11,17.59,18.22,18.55,17.59
26-Jan-11,16.64,17,17.42,16.59
27-Jan-11,16.15,16.84,16.89,15.81
28-Jan-11,20.04,15.94,20.08,15.92
31-Jan-11,19.53,19.61,19.96,17.1
1-Feb-11,17.63,18.59,18.63,17.4
2-Feb-11,17.3,17.82,17.84,17.28
3-Feb-11,16.69,17.53,17.8,16.61
4-Feb-11,15.93,16.64,16.74,15.89
7-Feb-11,16.28,16.14,16.54,15.84
8-Feb-11,15.81,16.29,16.6,14.86
9-Feb-11,15.87,16.27,16.52,15.86
10-Feb-11,16.09,16.74,17.07,16
11-Feb-11,15.69,16.53,16.53,15.55
14-Feb-11,15.95,16.07,16.26,15.22
15-Feb-11,16.37,16.3,16.75,16.27
16-Feb-11,16.72,16.31,16.74,15.84
17-Feb-11,16.59,17.01,17.3,15.88
18-Feb-11,16.43,16.59,16.91,15.54
22-Feb-11,20.8,19.46,21.45,18.38
23-Feb-11,22.13,20.84,23.22,20.3
24-Feb-11,21.32,22.28,22.71,20.81
25-Feb-11,19.22,20.41,20.44,18.88
28-Feb-11,18.35,19.12,19.27,18.14
1-Mar-11,21.01,17.63,21.01,17.63
2-Mar-11,20.7,20.73,21.14,19.62
3-Mar-11,18.6,19.27,19.27,18.25
4-Mar-11,19.06,18.56,20.33,18.31
7-Mar-11,20.66,19.37,21.77,18.95
8-Mar-11,19.82,20.58,21.06,19.15
9-Mar-11,20.22,20.05,20.96,19.41
10-Mar-11,21.88,21.37,22.25,20.34
11-Mar-11,20.08,21.72,21.75,19.97
14-Mar-11,21.13,21.79,22.74,20.92
15-Mar-11,24.32,25.66,25.72,23.31
16-Mar-11,29.4,24.65,31.28,24.04
17-Mar-11,26.37,26.94,27.54,25.44
18-Mar-11,24.44,23.9,24.85,23.09
21-Mar-11,20.61,22.1,22.16,20.22
22-Mar-11,20.21,20.53,20.59,19.97
23-Mar-11,19.17,20.59,21.05,18.19
24-Mar-11,18,18.45,18.99,17.87
25-Mar-11,17.91,17.87,18.08,17.07
28-Mar-11,19.44,18.31,19.44,17.96
29-Mar-11,18.16,19.17,19.78,18
30-Mar-11,17.71,17.82,17.89,17.25
31-Mar-11,17.74,17.9,17.95,17.41
1-Apr-11,17.4,16.68,17.62,16.44
4-Apr-11,17.5,17.63,17.85,17.39
5-Apr-11,17.25,17.87,17.87,16.5
6-Apr-11,16.9,16.75,17.15,16.5
7-Apr-11,17.11,16.92,17.77,16.49
8-Apr-11,17.87,16.51,18.33,16.51
11-Apr-11,16.59,16.74,17.05,16.22
12-Apr-11,17.09,17.58,18.46,16.88
13-Apr-11,16.92,16.33,17.38,16.2
14-Apr-11,16.27,17.77,18.08,16.08
15-Apr-11,15.32,15.97,15.98,14.92
18-Apr-11,16.96,18.3,19.07,16.81
19-Apr-11,15.83,16.62,16.72,15.69
20-Apr-11,15.07,14.31,15.39,14.3
21-Apr-11,14.69,14.71,15.23,14.4
25-Apr-11,15.77,15.64,16.06,15.5
26-Apr-11,15.62,15.36,15.66,15.07
27-Apr-11,15.35,15.37,16.42,15.13
28-Apr-11,14.62,15.54,15.54,14.27
29-Apr-11,14.75,14.56,14.99,14.49
2-May-11,15.99,15.07,16.13,15.07
3-May-11,16.7,16.35,17.29,16.13
4-May-11,17.08,16.84,17.72,16.83
5-May-11,18.2,17.68,19.11,16.74
6-May-11,18.4,17.17,19.29,16.12
9-May-11,17.16,18.59,18.59,17.04
10-May-11,15.91,16.84,16.9,15.79
11-May-11,16.95,16.27,17.49,16.23
12-May-11,16.03,17.27,17.89,16.03
13-May-11,17.07,16.02,17.56,15.98
16-May-11,18.24,17.86,18.25,16.61
17-May-11,17.55,18.54,19.09,17.47
18-May-11,16.23,17.56,17.68,16.03
19-May-11,15.52,15.9,16.56,15.5
20-May-11,17.43,15.88,17.43,15.7
23-May-11,18.27,20.03,20.03,17.47
24-May-11,17.82,18.07,18.19,17
25-May-11,17.07,18.26,18.26,16.7
26-May-11,16.09,17.17,17.46,15.9
27-May-11,15.98,16.11,16.27,15.36
31-May-11,15.45,15.85,16.5,15.15
1-Jun-11,18.3,15.95,18.48,15.95
2-Jun-11,18.09,17.92,18.72,17.39
3-Jun-11,17.95,18.23,19.87,17.12
6-Jun-11,18.49,18.42,18.65,17.65
7-Jun-11,18.07,18.13,18.48,17.39
8-Jun-11,18.79,18.15,18.83,17.72
9-Jun-11,17.77,18.2,18.31,17.26
10-Jun-11,18.86,17.93,19.16,17.93
13-Jun-11,19.61,19.1,20.02,18.41
14-Jun-11,18.26,18.56,18.56,17.8
15-Jun-11,21.32,19.31,21.66,19.03
16-Jun-11,22.73,21.37,24.65,20.81
17-Jun-11,21.85,21.56,22.39,20.35
20-Jun-11,19.99,22.99,23.08,19.99
21-Jun-11,18.86,19.46,19.46,17.72
22-Jun-11,18.52,18.86,18.9,17.72
23-Jun-11,19.29,20.23,21.5,19.22
24-Jun-11,21.1,19.2,21.28,19.1
27-Jun-11,20.56,21.6,21.82,20.27
28-Jun-11,19.17,20.3,20.45,19.17
29-Jun-11,17.27,18.62,18.83,16.32
30-Jun-11,16.52,16.67,16.77,15.88
1-Jul-11,15.87,16.06,16.29,15.12
5-Jul-11,16.06,16.32,16.5,15.89
6-Jul-11,16.34,16.46,17.08,16.32
7-Jul-11,15.95,15.3,16.13,15.3
8-Jul-11,15.95,17.14,17.14,15.95
11-Jul-11,18.39,17.44,19.06,17.16
12-Jul-11,19.87,19.55,20.13,18.25
13-Jul-11,19.91,19.08,20.16,18.09
14-Jul-11,20.8,20.08,21.58,19.35
15-Jul-11,19.53,20.25,21.68,19.52
18-Jul-11,20.95,21.25,21.93,20.9
19-Jul-11,19.21,20.14,20.43,19.12
20-Jul-11,19.09,18.81,19.65,18.61
21-Jul-11,17.56,18.61,18.63,17.15
22-Jul-11,17.52,17.22,17.95,17.14
25-Jul-11,19.35,19.26,19.5,18.73
26-Jul-11,20.23,19.75,20.5,19.56
27-Jul-11,22.98,20.87,23.2,20.87
28-Jul-11,23.74,22.83,23.99,21.2
29-Jul-11,25.25,25.28,25.94,23.65
1-Aug-11,23.66,22.63,25.63,22.46
2-Aug-11,24.79,24.22,24.79,22.65
3-Aug-11,23.38,23.58,25.23,22.76
4-Aug-11,31.66,24.57,32.07,24.31
5-Aug-11,32,28.48,39.25,27.54
8-Aug-11,48,36.9,48,35.29
9-Aug-11,35.06,42.12,47.56,34.28
10-Aug-11,42.99,39.33,44.41,37.34
11-Aug-11,39,41.94,42.88,37.5
12-Aug-11,36.36,37.08,37.85,34.01
15-Aug-11,31.87,34.73,34.83,31.47
16-Aug-11,32.85,33.36,34.49,31.68
17-Aug-11,31.58,32.09,33.32,30.81
18-Aug-11,42.67,36.77,45.28,36.69
19-Aug-11,43.05,45.34,45.4,39.99
22-Aug-11,42.44,38.8,43.58,38.78
23-Aug-11,36.27,41.89,42.33,35.83
24-Aug-11,35.9,37.12,37.38,34.55
25-Aug-11,39.76,34.43,40.14,34.05
26-Aug-11,35.59,41.18,43.84,34.33
29-Aug-11,32.28,33.81,33.81,32.21
30-Aug-11,32.89,32.97,33.55,31.55
31-Aug-11,31.62,31.2,32.53,30.16
1-Sep-11,31.82,31.91,32.38,30.76
2-Sep-11,33.92,34.29,34.74,32.7
6-Sep-11,37,39.84,39.86,37
7-Sep-11,33.38,34.24,34.7,33.38
8-Sep-11,34.32,34.41,34.71,32.79
9-Sep-11,38.52,35.53,40.74,35.53
12-Sep-11,38.59,42.56,43.18,38.58
13-Sep-11,36.91,38.68,39.43,36.69
14-Sep-11,34.6,36.59,37.76,33.4
15-Sep-11,31.97,33.43,33.98,31.75
16-Sep-11,30.98,31.81,32.48,30.43
19-Sep-11,32.73,34.8,35.33,32.35
20-Sep-11,32.86,32.42,33.14,31.45
21-Sep-11,37.32,33,37.32,32.45
22-Sep-11,41.35,41,43.87,39.33
23-Sep-11,41.25,42.17,42.82,40.42
26-Sep-11,39.02,40.99,43.34,39.02
27-Sep-11,37.71,36.59,38.57,35.32
28-Sep-11,41.08,37.7,41.24,36.65
29-Sep-11,38.84,38.62,42,38.03
30-Sep-11,42.96,40.93,42.99,39.88
3-Oct-11,45.45,44.25,45.55,41.51
4-Oct-11,40.82,46.18,46.88,40.02
5-Oct-11,37.81,40.73,41.2,37.51
6-Oct-11,36.27,38.24,38.74,36.15
7-Oct-11,36.2,35.67,37.82,35.19
10-Oct-11,33.02,35.45,35.45,32.96
11-Oct-11,32.86,33.95,34.24,32.62
12-Oct-11,31.26,31.57,31.93,29.79
13-Oct-11,30.7,31.99,32.76,30.48
14-Oct-11,28.24,29.07,29.96,28.08
17-Oct-11,33.39,30.35,33.39,30.12
18-Oct-11,31.56,33.37,34.71,29.69
19-Oct-11,34.44,32.92,35.47,31.91
20-Oct-11,34.78,34.44,36.87,34.16
21-Oct-11,31.32,32.76,32.98,31.32
24-Oct-11,29.26,31.67,31.7,28.84
25-Oct-11,32.22,30.68,32.46,30.32
26-Oct-11,29.86,30.44,33.3,29.63
27-Oct-11,25.46,24.72,26.46,24.7
28-Oct-11,24.53,26.02,26.02,24.44
31-Oct-11,29.96,27.09,29.97,27.01
1-Nov-11,34.77,36.03,37.53,33.87
2-Nov-11,32.74,33.53,34.27,32.55
3-Nov-11,30.5,31.38,34.65,30.21
4-Nov-11,30.16,31.46,32.56,30.14
7-Nov-11,29.85,31.4,32.15,29.85
8-Nov-11,27.48,29.34,30.49,27.47
9-Nov-11,36.16,31.32,36.43,30.98
10-Nov-11,32.81,33.09,35.5,32.12
11-Nov-11,30.04,29.91,30.42,29.45
14-Nov-11,31.13,31.42,32.85,31.13
15-Nov-11,31.22,31.74,32.55,30.4
16-Nov-11,33.51,32.66,33.51,30.54
17-Nov-11,34.51,33.15,36.46,32.89
18-Nov-11,32,33.16,33.99,31.92
21-Nov-11,32.91,34.59,35.29,32.53
22-Nov-11,31.97,33.12,33.39,31.28
23-Nov-11,33.98,32.91,34.57,32.68
25-Nov-11,34.47,34.61,34.77,33.12
28-Nov-11,32.13,31.93,33.11,31.57
29-Nov-11,30.64,31.76,32.02,30.56
30-Nov-11,27.8,27.72,28.5,27.03
1-Dec-11,27.41,27.63,27.89,26.64
2-Dec-11,27.52,26.26,27.62,25.29
5-Dec-11,27.84,26.74,28.31,26
6-Dec-11,28.13,27.91,28.13,27.41
7-Dec-11,28.67,28.61,29.58,28.44
8-Dec-11,30.59,29.63,30.91,29.02
9-Dec-11,26.38,29.61,29.61,26.29
12-Dec-11,25.67,26.78,27.73,25.64
13-Dec-11,25.41,24.72,26.28,23.27
14-Dec-11,26.04,26.16,27.55,25.76
15-Dec-11,25.11,24.38,25.28,24.14
16-Dec-11,24.29,24.16,25.02,23.51
19-Dec-11,24.92,25.14,25.38,24.38
20-Dec-11,23.22,23.56,23.58,22.54
21-Dec-11,21.43,22.52,23.94,21.12
22-Dec-11,21.16,21.08,21.33,20.34
23-Dec-11,20.73,21.1,21.21,20.72
27-Dec-11,21.91,22.58,22.66,21.68
28-Dec-11,23.52,22.12,23.56,22.11
29-Dec-11,22.65,23.52,23.52,22.65
30-Dec-11,23.4,22.86,23.46,22.65
3-Jan-12,22.97,22.95,23.1,22.54
4-Jan-12,22.22,23.44,23.73,22.22
5-Jan-12,21.48,22.75,23.09,21.34
6-Jan-12,20.63,21.24,21.72,20.58
9-Jan-12,21.07,21.67,21.78,21
10-Jan-12,20.69,20.14,20.69,20.05
11-Jan-12,21.05,21.18,21.22,20.98
12-Jan-12,20.47,21.01,22.03,20.46
13-Jan-12,20.91,21.41,22.43,20.91
17-Jan-12,22.2,20.9,22.25,20.69
18-Jan-12,20.89,23.2,23.44,20.78
19-Jan-12,19.87,20.49,20.87,19.45
20-Jan-12,18.28,19.91,19.94,18.16
23-Jan-12,18.67,19.22,19.31,18.55
24-Jan-12,18.91,19.76,20,18.63
25-Jan-12,18.31,19.35,19.55,17.15
26-Jan-12,18.57,17.96,19.17,16.8
27-Jan-12,18.53,19.16,19.16,18.26
30-Jan-12,19.4,20.33,20.33,19.38
31-Jan-12,19.44,19.07,19.84,18.13
1-Feb-12,18.55,18.68,18.82,17.99
2-Feb-12,17.98,18.38,18.5,17.98
3-Feb-12,17.1,16.84,17.32,16.1
6-Feb-12,17.76,17.98,18.02,16.11
7-Feb-12,17.65,17.93,18.1,17.5
8-Feb-12,18.16,17.79,18.46,17.53
9-Feb-12,18.63,18.12,18.72,18.07
10-Feb-12,20.79,20.1,21.98,19.02
13-Feb-12,19.04,19.64,19.68,17.92
14-Feb-12,19.54,19.45,20.76,18.95
15-Feb-12,21.14,19.74,21.77,19.44
16-Feb-12,19.22,21.59,21.76,19.22
17-Feb-12,17.78,18.73,18.79,17.54
21-Feb-12,18.19,18.41,18.94,17.65
22-Feb-12,18.19,18.85,18.94,17.74
23-Feb-12,16.8,18.73,18.97,16.64
24-Feb-12,17.31,16.68,17.62,16.42
27-Feb-12,18.19,19.1,19.25,17.58
28-Feb-12,17.96,18.67,18.67,17.88
29-Feb-12,18.43,17.8,18.75,17.53
1-Mar-12,17.26,18.02,18.03,17.26
2-Mar-12,17.29,17.65,17.65,17.14
5-Mar-12,18.05,18.27,18.9,18.02
6-Mar-12,20.87,20.57,21.24,20.3
7-Mar-12,19.07,20.43,20.44,19.07
8-Mar-12,17.95,18.08,18.46,17.76
9-Mar-12,17.11,17.16,17.54,16.63
12-Mar-12,15.64,15.79,16.67,15.23
13-Mar-12,14.8,14,16.08,13.99
14-Mar-12,15.31,14.42,16.19,14.39
15-Mar-12,15.42,15.32,16.06,14.58
16-Mar-12,14.47,14.43,15.24,13.66
19-Mar-12,15.04,15.42,15.43,14.54
20-Mar-12,15.58,15.82,15.95,15.11
21-Mar-12,15.13,14.72,15.31,14.19
22-Mar-12,15.57,16.04,16.58,15.56
23-Mar-12,14.82,15.65,16.39,14.69
26-Mar-12,14.26,14.51,15.03,14.26
27-Mar-12,15.59,14.52,15.59,14.14
28-Mar-12,15.47,15.58,17.27,15.4
29-Mar-12,15.48,16.84,17.2,15.39
30-Mar-12,15.5,14.88,15.98,14.67
2-Apr-12,15.64,16.35,16.58,15.02
3-Apr-12,15.66,15.61,16.65,15.56
4-Apr-12,16.44,17.07,17.74,16.31
5-Apr-12,16.7,17.02,17.13,16.29
9-Apr-12,18.81,18.94,18.94,17.93
10-Apr-12,20.39,19.1,21.06,18.62
11-Apr-12,20.02,19.22,20.12,18.73
12-Apr-12,17.2,19.63,19.74,17.2
13-Apr-12,19.55,17.95,19.62,17.85
16-Apr-12,19.55,18.87,20.42,18.6
17-Apr-12,18.46,18.66,18.66,17.58
18-Apr-12,18.64,19.02,19.17,18.03
19-Apr-12,18.36,18.51,19.69,17.69
20-Apr-12,17.44,17.92,18.05,16.97
23-Apr-12,18.97,20.22,20.27,18.95
24-Apr-12,18.1,19.22,19.22,18.09
25-Apr-12,16.82,17.05,17.38,16.82
26-Apr-12,16.24,16.97,17.04,15.75
27-Apr-12,16.32,15.83,16.47,15.83
30-Apr-12,17.15,17.04,17.41,16.92
1-May-12,16.6,17.27,17.49,16.01
2-May-12,16.88,17.25,17.63,16.78
3-May-12,17.56,16.9,17.92,16.73
4-May-12,19.16,18.03,19.28,17.81
7-May-12,18.94,19.8,19.87,18.41
8-May-12,19.05,19.44,20.91,17.95
9-May-12,20.08,20.65,21.59,19.38
10-May-12,18.83,19.25,19.88,18.77
11-May-12,19.89,19.93,19.94,18.62
14-May-12,21.87,21.47,21.87,20.94
15-May-12,21.97,21.43,22.7,20.76
16-May-12,22.27,21.54,22.69,20.83
17-May-12,24.49,21.99,24.51,21.87
18-May-12,25.1,23.27,25.14,23.07
21-May-12,22.01,24.88,24.88,22.01
22-May-12,22.48,21.76,23.19,19.98
23-May-12,22.33,23.32,24.62,21.99
24-May-12,21.54,22,23.22,21.48
25-May-12,21.76,22.05,22.29,21.3
29-May-12,21.03,21.7,22.47,20.99
30-May-12,24.14,22.68,24.14,22.66
31-May-12,24.06,23.83,25.46,22.78
1-Jun-12,26.66,25.87,26.71,23.94
4-Jun-12,26.12,26.35,27.73,25.72
5-Jun-12,24.68,25.9,25.9,24.5
6-Jun-12,22.16,23.76,23.89,21.8
7-Jun-12,21.72,21,22.48,20.74
8-Jun-12,21.23,22.54,23.1,20.29
11-Jun-12,23.56,19.87,23.56,19.63
12-Jun-12,22.09,23.15,23.9,22.09
13-Jun-12,24.27,22.93,24.93,22.66
14-Jun-12,21.68,24.19,24.81,21.55
15-Jun-12,21.11,22.47,23.09,20.61
18-Jun-12,18.32,21.76,21.98,18.24
19-Jun-12,18.38,17.66,18.62,17.36
20-Jun-12,17.24,17.96,20.05,17.09
21-Jun-12,20.08,16.89,20.48,16.77
22-Jun-12,18.11,18.65,19.37,17.9
25-Jun-12,20.38,20.47,21.36,19.89
26-Jun-12,19.72,20.01,20.57,19.42
27-Jun-12,19.45,19.55,20.12,19.38
28-Jun-12,19.71,20.33,21.19,19.6
29-Jun-12,17.08,17.52,19.71,16.87
2-Jul-12,16.74,17.62,18.19,16.66
3-Jul-12,16.66,16.67,16.92,16.27
5-Jul-12,17.5,17.61,18.22,17.18
6-Jul-12,17.1,18.2,18.25,16.95
9-Jul-12,17.98,18.17,18.32,17.73
10-Jul-12,18.72,17.51,19.19,17.29
11-Jul-12,17.95,17.98,19.17,17.84
12-Jul-12,18.33,18.82,19.51,17.75
13-Jul-12,16.74,17.78,17.82,16.36
16-Jul-12,17.11,17.31,17.32,16.46
17-Jul-12,16.48,16.72,17.46,16.09
18-Jul-12,16.16,16.81,16.81,15.69
19-Jul-12,15.45,16.06,16.7,15.45
20-Jul-12,16.27,16.65,17.05,15.97
23-Jul-12,18.62,20.41,20.49,18.34
24-Jul-12,20.47,18.38,21,18.37
25-Jul-12,19.34,19.79,20.67,18.99
26-Jul-12,17.53,17.68,18.47,17.07
27-Jul-12,16.7,17.11,17.3,16.52
30-Jul-12,18.03,17.55,18.08,17.23
31-Jul-12,18.93,18.4,19.09,18.26
1-Aug-12,18.96,18.8,19.18,18.2
2-Aug-12,17.57,19.05,19.25,17.56
3-Aug-12,15.64,16.05,16.45,15.64
6-Aug-12,15.95,15.85,16.27,15.82
7-Aug-12,15.99,15.55,16.03,15.48
8-Aug-12,15.32,16.46,16.47,15.27
9-Aug-12,15.28,15.39,15.67,15.28
10-Aug-12,14.74,15.34,15.5,14.73
13-Aug-12,13.7,14.09,14.67,13.67
14-Aug-12,14.85,13.91,15.06,13.91
15-Aug-12,14.63,14.82,14.98,14.36
16-Aug-12,14.29,14.88,15.15,14.28
17-Aug-12,13.45,14.23,14.3,13.3
20-Aug-12,14.02,14.11,14.78,14.07
21-Aug-12,15.02,14.1,15.44,14.04
22-Aug-12,15.11,15.32,15.52,14.75
23-Aug-12,15.96,15,16.45,15
24-Aug-12,15.18,15.99,16,15.18
27-Aug-12,16.35,16.15,16.38,15.75
28-Aug-12,16.49,16.32,16.92,16.01
29-Aug-12,17.06,16.61,17.06,16.51
30-Aug-12,17.83,17.48,18.05,17.44
31-Aug-12,17.47,17.25,18.04,16.92
4-Sep-12,17.98,18.65,18.96,17.85
5-Sep-12,17.74,17.38,17.84,16.99
6-Sep-12,15.6,17.3,17.3,15.6
7-Sep-12,14.38,15.6,15.6,14.33
10-Sep-12,16.28,14.27,16.28,13.97
11-Sep-12,16.41,16.11,16.41,15.78
12-Sep-12,15.8,15.59,16.31,15.43
13-Sep-12,14.05,15.6,16.54,13.91
14-Sep-12,14.51,13.82,14.71,13.51
17-Sep-12,14.59,14.67,14.92,14.54
18-Sep-12,14.18,14.51,14.88,14.17
19-Sep-12,13.88,13.95,14.08,13.61
20-Sep-12,14.07,14.63,14.67,14.07
21-Sep-12,13.98,13.94,14.18,13.69
24-Sep-12,14.15,15.06,15.06,13.87
25-Sep-12,15.43,14.19,15.72,14.03
26-Sep-12,16.81,15.83,17.08,15.83
27-Sep-12,14.84,16.38,16.5,14.83
28-Sep-12,15.73,15.23,15.77,14.95
1-Oct-12,16.32,16.03,16.53,15.13
2-Oct-12,15.71,15.85,16.5,15.7
3-Oct-12,15.43,15.63,16.02,15.13
4-Oct-12,14.55,15.23,15.33,14.53
5-Oct-12,14.33,13.68,14.78,13.67
8-Oct-12,15.11,15.19,15.46,15.04
9-Oct-12,16.37,15.28,16.4,15.18
10-Oct-12,16.29,16.52,16.79,16.13
11-Oct-12,15.59,15.33,15.8,15.31
12-Oct-12,16.14,15.41,16.18,14.96
15-Oct-12,15.27,16.05,16.21,15.23
16-Oct-12,15.22,14.84,15.23,14.5
17-Oct-12,15.07,15.43,15.63,14.9
18-Oct-12,15.03,15.25,15.5,14.68
19-Oct-12,17.06,14.91,17.6,14.9
22-Oct-12,16.62,17.44,17.98,16.62
23-Oct-12,18.83,18.23,19.65,18.17
24-Oct-12,18.33,18.22,18.67,17.93
25-Oct-12,18.12,17.56,18.64,17.3
26-Oct-12,17.81,18.03,18.64,17.52
31-Oct-12,18.6,17.68,18.84,17.56
1-Nov-12,16.69,17.77,17.79,16.45
2-Nov-12,17.59,16.06,17.6,16.05
5-Nov-12,18.42,18.33,18.7,18.13
6-Nov-12,17.58,18.16,18.17,17.19
7-Nov-12,19.08,17.72,19.4,17.62
8-Nov-12,18.49,18.69,18.69,17.96
9-Nov-12,18.61,18.8,18.81,17.67
12-Nov-12,16.68,18.15,18.15,16.45
13-Nov-12,16.65,17.36,17.38,16.12
14-Nov-12,17.92,16.32,18.05,15.93
15-Nov-12,17.99,17.74,18.64,17.62
16-Nov-12,16.41,17.65,18.5,16.41
19-Nov-12,15.24,15.88,15.98,15.1
20-Nov-12,15.08,15.11,15.65,15.06
21-Nov-12,15.31,14.96,15.43,14.77
23-Nov-12,15.14,15,15.26,15
26-Nov-12,15.5,15.63,15.84,15.47
27-Nov-12,15.92,15.3,15.93,15.01
28-Nov-12,15.51,16.43,16.98,15.47
29-Nov-12,15.06,15.21,15.51,15.02
30-Nov-12,15.87,15.26,16.17,14.89
3-Dec-12,16.64,15.81,16.69,15.76
4-Dec-12,17.12,16.66,17.37,16.38
5-Dec-12,16.46,16.95,17.53,16.27
6-Dec-12,16.58,16.59,16.85,16.31
7-Dec-12,15.9,16.12,16.65,15.73
10-Dec-12,16.05,16.47,16.47,15.96
11-Dec-12,15.57,15.94,16.01,15.42
12-Dec-12,15.95,15.6,16.09,15.41
13-Dec-12,16.56,15.87,16.67,15.71
14-Dec-12,17,16.68,17.15,16.61
17-Dec-12,16.34,17.2,17.2,16.21
18-Dec-12,15.57,16.39,16.43,15.46
19-Dec-12,17.36,16.05,17.46,16.04
20-Dec-12,17.67,17.26,17.96,17.11
21-Dec-12,17.84,19.85,19.93,17.76
24-Dec-12,18.59,18.46,18.66,18.45
26-Dec-12,19.48,18.71,19.63,18.61
27-Dec-12,19.47,19.39,20.9,19.11
28-Dec-12,22.72,20.32,23.23,19.94
31-Dec-12,18.02,22.14,22.72,17.88
2-Jan-13,14.68,15.24,15.93,14.6
3-Jan-13,14.56,14.77,14.92,14.24
4-Jan-13,13.83,14.23,14.31,13.64
7-Jan-13,13.79,14.53,14.53,13.71
8-Jan-13,13.62,13.88,14.29,13.62
9-Jan-13,13.81,13.32,13.93,13.22
10-Jan-13,13.49,13.33,13.88,13.33
11-Jan-13,13.36,13.55,13.79,13.22
14-Jan-13,13.52,13.66,13.85,13.41
15-Jan-13,13.55,13.97,13.99,13.33
16-Jan-13,13.42,13.7,13.76,13.2
17-Jan-13,13.57,13.45,13.7,13.16
18-Jan-13,12.46,13.52,13.53,12.29
22-Jan-13,12.43,13.28,13.32,12.43
23-Jan-13,12.46,12.67,12.67,12.3
24-Jan-13,12.69,12.73,13.5,12.4
25-Jan-13,12.89,12.63,12.99,12.5
28-Jan-13,13.57,13.29,13.91,13.29
29-Jan-13,13.31,13.87,13.88,13.04
30-Jan-13,14.32,13.64,14.33,13.6
31-Jan-13,14.28,14.43,14.43,14.04
1-Feb-13,12.9,13.37,13.38,12.72
4-Feb-13,14.67,14,14.75,13.8
5-Feb-13,13.72,14.21,14.21,13.39
6-Feb-13,13.41,14.06,14.08,13.34
7-Feb-13,13.5,13.47,14.41,13.43
8-Feb-13,13.02,13.2,13.2,12.89
11-Feb-13,12.94,13.37,13.42,12.91
12-Feb-13,12.64,12.82,13.13,12.63
13-Feb-13,12.98,12.88,13.19,12.67
14-Feb-13,12.66,13.3,13.32,12.64
15-Feb-13,12.46,12.47,12.89,12.24
19-Feb-13,12.31,12.81,12.85,12.08
20-Feb-13,14.68,12.32,14.68,12.32
21-Feb-13,15.22,14.68,16.21,14.67
22-Feb-13,14.17,14.6,15.02,14.16
25-Feb-13,18.99,13.69,19.28,13.57
26-Feb-13,16.87,17.5,18.23,16.75
27-Feb-13,14.73,16.57,16.6,14.42
28-Feb-13,15.51,15,15.6,14.16
1-Mar-13,15.36,16.1,16.82,15.14
4-Mar-13,14.01,16.16,16.16,14.01
5-Mar-13,13.48,13.44,13.66,13.24
6-Mar-13,13.53,13.18,13.77,13.17
7-Mar-13,13.06,13.45,13.56,13.03
8-Mar-13,12.59,12.67,13.3,12.49
11-Mar-13,11.56,12.31,12.34,11.5
12-Mar-13,12.27,11.79,12.93,11.74
13-Mar-13,11.83,12.18,12.55,11.79
14-Mar-13,11.3,11.7,11.75,11.05
15-Mar-13,11.3,11.52,11.99,11.21
18-Mar-13,13.36,13.47,13.64,12.57
19-Mar-13,14.39,13.03,15.4,12.92
20-Mar-13,12.67,13.18,13.18,12.3
21-Mar-13,13.99,13.07,14.21,12.62
22-Mar-13,13.57,13.34,13.85,13.19
25-Mar-13,13.74,12.85,14.61,12.39
26-Mar-13,12.77,12.95,13.21,12.69
27-Mar-13,13.15,13.72,13.97,12.97
28-Mar-13,12.7,12.91,13.07,12.54
1-Apr-13,13.58,13.46,14.05,13.26
2-Apr-13,12.78,13.11,13.18,12.76
3-Apr-13,14.21,12.65,14.66,12.62
4-Apr-13,13.89,14.1,14.79,13.89
5-Apr-13,13.92,15.64,15.65,13.86
8-Apr-13,13.19,14.04,14.5,13.19
9-Apr-13,12.84,13.11,13.68,12.75
10-Apr-13,12.36,12.66,12.88,12.32
11-Apr-13,12.24,12.55,12.62,12.15
12-Apr-13,12.06,12.61,13.12,11.99
15-Apr-13,17.27,13.12,17.27,12.66
16-Apr-13,13.96,14.72,14.87,13.91
17-Apr-13,16.51,15.35,17.9,14.98
18-Apr-13,17.56,16.34,18.2,16.32
19-Apr-13,14.97,16.67,16.98,14.87
22-Apr-13,14.39,15.08,16,14.04
23-Apr-13,13.48,13.81,14.87,13.46
24-Apr-13,13.61,13.57,13.75,13.36
25-Apr-13,13.62,13.61,13.87,13.13
26-Apr-13,13.61,13.94,14.18,13.49
29-Apr-13,13.71,13.72,13.94,13.36
30-Apr-13,13.52,13.71,14.28,13.51
1-May-13,14.49,13.88,14.67,13.87
2-May-13,13.59,14.48,14.48,13.58
3-May-13,12.85,12.92,13.15,12.77
6-May-13,12.66,13.06,13.19,12.66
7-May-13,12.83,12.63,12.96,12.49
8-May-13,12.66,12.87,13.04,12.62
9-May-13,13.13,12.91,13.53,12.78
10-May-13,12.59,13.08,13.45,12.54
13-May-13,12.55,12.57,12.87,12.49
14-May-13,12.77,12.61,13.21,12.54
15-May-13,12.81,12.98,13.43,12.78
16-May-13,13.07,13.07,13.46,12.79
17-May-13,12.45,12.73,12.94,12.26
20-May-13,13.02,13.28,13.28,12.84
21-May-13,13.37,13.08,13.44,12.89
22-May-13,13.82,13.45,14.45,13.05
23-May-13,14.07,14.94,15.11,13.87
24-May-13,13.99,14.59,14.79,13.99
28-May-13,14.48,13.67,14.56,13.56
29-May-13,14.83,15.3,15.65,14.59
30-May-13,14.53,14.9,14.98,14.27
31-May-13,16.3,15.02,16.35,14.36
3-Jun-13,16.28,16.4,17.58,16.15
4-Jun-13,16.27,16.16,17.25,15.82
5-Jun-13,17.5,16.86,17.84,16.57
6-Jun-13,16.63,17.7,18.51,16.6
7-Jun-13,15.14,15.9,16.21,14.96
10-Jun-13,15.44,15.16,15.6,15.1
11-Jun-13,17.07,16.91,17.14,16
12-Jun-13,18.59,16.51,18.6,16.43
13-Jun-13,16.41,18.38,18.58,16.37
14-Jun-13,17.15,16.63,17.26,16.03
17-Jun-13,16.8,16.53,17.62,16.33
18-Jun-13,16.61,16.81,16.95,16.46
19-Jun-13,16.64,16.89,17.18,15.36
20-Jun-13,20.49,18.4,21.32,18.01
21-Jun-13,18.9,18.97,20.93,18.25
24-Jun-13,20.11,20.87,21.91,18.58
25-Jun-13,18.47,18.65,19.22,17.82
26-Jun-13,17.21,17.23,18.06,17.08
27-Jun-13,16.86,16.6,16.97,16.34
28-Jun-13,16.86,17.25,17.69,16.19
1-Jul-13,16.37,16.9,16.9,16
2-Jul-13,16.44,16.49,16.93,15.88
3-Jul-13,16.2,17.22,17.32,16.2
5-Jul-13,14.89,15.59,16.28,14.89
8-Jul-13,14.78,14.66,15.27,14.66
9-Jul-13,14.35,14.33,14.65,14.26
10-Jul-13,14.21,14.46,14.62,14.06
11-Jul-13,14.01,13.57,14.2,13.57
12-Jul-13,13.84,13.9,14.04,13.74
15-Jul-13,13.79,13.98,14.11,13.5
16-Jul-13,14.42,13.78,14.56,13.78
17-Jul-13,13.78,14.2,14.44,13.76
18-Jul-13,13.77,13.63,13.8,13.2
19-Jul-13,12.54,13.89,13.97,12.54
22-Jul-13,12.29,13.23,13.37,12.29
23-Jul-13,12.66,12.15,13.06,12.07
24-Jul-13,13.18,12.69,13.49,12.69
25-Jul-13,12.97,13.47,13.54,12.91
26-Jul-13,12.72,13.41,13.73,12.71
29-Jul-13,13.39,13.54,13.86,13.38
30-Jul-13,13.39,13.45,14.14,13.35
31-Jul-13,13.45,13.55,13.83,12.94
1-Aug-13,12.94,12.89,13.25,12.82
2-Aug-13,11.98,12.66,12.74,11.98
5-Aug-13,11.84,12.29,12.42,11.83
6-Aug-13,12.72,12.19,12.93,12.06
7-Aug-13,12.98,13.17,13.91,12.96
8-Aug-13,12.73,12.5,13.13,12.37
9-Aug-13,13.41,12.88,13.66,12.71
12-Aug-13,12.81,13.52,13.57,12.8
13-Aug-13,12.31,12.86,13.37,12.29
14-Aug-13,13.04,12.48,13.09,12.35
15-Aug-13,14.73,14.14,14.85,13.91
16-Aug-13,14.37,14.56,14.88,13.62
19-Aug-13,15.1,14.94,15.2,14.35
20-Aug-13,14.91,15.22,15.25,14.29
21-Aug-13,15.94,16,16.56,14.67
22-Aug-13,14.76,15.26,15.26,14.66
23-Aug-13,13.98,14.29,14.82,13.98
26-Aug-13,14.99,14.37,15.01,13.9
27-Aug-13,16.77,16.56,17.13,15.82
28-Aug-13,16.49,16.96,17.11,16.1
29-Aug-13,16.81,16.79,16.98,15.99
30-Aug-13,17.01,16.75,17.81,16.7
3-Sep-13,16.61,16.47,17.37,16.11
4-Sep-13,15.88,16.88,17.01,15.77
5-Sep-13,15.77,16.12,16.12,15.63
6-Sep-13,15.85,15.35,16.81,15.17
9-Sep-13,15.63,15.86,16.02,15.22
10-Sep-13,14.53,14.89,15.09,14.5
11-Sep-13,13.82,14.74,14.74,13.82
12-Sep-13,14.29,13.93,14.39,13.73
13-Sep-13,14.16,14.27,14.55,14.11
16-Sep-13,14.38,14.1,14.49,13.87
17-Sep-13,14.53,14.44,14.61,14.28
18-Sep-13,13.59,14.68,14.68,13.23
19-Sep-13,13.16,13.02,13.39,13.02
20-Sep-13,13.12,13.3,13.47,12.52
23-Sep-13,14.31,14.04,14.71,14.02
24-Sep-13,14.08,14.17,14.37,13.75
25-Sep-13,14.01,14.24,14.62,13.89
26-Sep-13,14.06,13.8,14.4,13.58
27-Sep-13,15.46,14.62,15.79,14.62
30-Sep-13,16.6,17.49,17.49,16.16
1-Oct-13,15.54,16.31,16.46,15.47
2-Oct-13,16.6,16.4,16.81,16.13
3-Oct-13,17.67,16.63,18.71,16.63
4-Oct-13,16.74,17.72,17.87,16.66
7-Oct-13,19.41,18.76,19.41,18.08
8-Oct-13,20.34,19.01,21.01,18.98
9-Oct-13,19.6,20.19,21.34,19.04
10-Oct-13,16.48,17.66,17.92,16.29
11-Oct-13,15.72,16.31,16.38,15.46
14-Oct-13,16.07,17.08,17.74,15.8
15-Oct-13,18.66,16.41,18.67,16.16
16-Oct-13,14.71,17.14,17.15,14.67
17-Oct-13,13.48,14.52,14.59,12.89
18-Oct-13,13.04,12.86,13.53,12.34
21-Oct-13,13.16,13.34,13.63,13.07
22-Oct-13,13.33,12.99,13.92,12.93
23-Oct-13,13.42,13.71,14.21,13.42
24-Oct-13,13.2,13.5,13.62,13.15
25-Oct-13,13.09,13.16,13.44,13.08
28-Oct-13,13.31,13.62,13.72,13.22
29-Oct-13,13.41,13.25,13.63,13.06
30-Oct-13,13.65,13.72,14.36,13.64
31-Oct-13,13.75,13.83,14.02,13.28
1-Nov-13,13.28,13.46,13.92,13.22
4-Nov-13,12.93,13.35,13.67,12.91
5-Nov-13,13.27,13.22,13.64,12.86
6-Nov-13,12.67,13.01,13.33,12.67
7-Nov-13,13.91,12.99,14.14,12.93
8-Nov-13,12.9,13.76,13.8,12.84
11-Nov-13,12.53,12.85,12.93,12.4
12-Nov-13,12.82,12.8,13.06,12.63
13-Nov-13,12.52,13.35,13.35,12.46
14-Nov-13,12.37,12.8,12.94,12.28
15-Nov-13,12.19,12.12,12.45,11.99
18-Nov-13,13.1,12.41,13.22,12.41
19-Nov-13,13.39,13.03,13.68,12.88
20-Nov-13,13.4,13.56,13.94,12.97
21-Nov-13,12.66,13.09,13.09,12.44
22-Nov-13,12.26,12.69,12.91,12.24
25-Nov-13,12.79,12.55,12.92,12.49
26-Nov-13,12.81,12.84,12.99,12.49
27-Nov-13,12.98,12.81,12.98,12.44
29-Nov-13,13.7,13.06,13.78,12.93
2-Dec-13,14.23,13.91,14.31,13.78
3-Dec-13,14.55,14.74,15.04,14.43
4-Dec-13,14.7,15.03,15.71,14.22
5-Dec-13,15.08,14.82,15.38,14.7
6-Dec-13,13.79,13.97,14.09,13.62
9-Dec-13,13.49,13.97,14.07,13.49
10-Dec-13,13.91,14.14,14.22,13.69
11-Dec-13,15.42,13.98,15.43,13.98
12-Dec-13,15.54,15.44,16.09,15.21
13-Dec-13,15.76,15.17,15.8,15.06
16-Dec-13,16.03,15.64,16.08,15.3
17-Dec-13,16.21,16.04,16.67,15.81
18-Dec-13,13.8,15.95,16.75,13.74
19-Dec-13,14.15,13.59,14.21,12.89
20-Dec-13,13.79,13.61,13.87,13.12
23-Dec-13,13.04,13.37,13.53,13.02
24-Dec-13,12.48,12.85,12.89,12.48
26-Dec-13,12.33,12.48,12.5,11.69
27-Dec-13,12.46,12.21,12.59,12.2
30-Dec-13,13.56,12.87,13.58,12.83
31-Dec-13,13.72,13.43,14.35,13.38
2-Jan-14,14.23,14.32,14.59,14
3-Jan-14,13.76,14.06,14.22,13.57
6-Jan-14,13.55,13.41,14,13.22
7-Jan-14,12.92,12.38,13.28,12.16
8-Jan-14,12.87,13.04,13.24,12.86
9-Jan-14,12.89,12.83,13.26,12.83
10-Jan-14,12.14,12.6,12.9,12.14
13-Jan-14,13.28,12.18,13.65,11.82
14-Jan-14,12.28,12.89,12.9,11.96
15-Jan-14,12.28,12.15,12.4,11.81
16-Jan-14,12.53,12.32,12.66,12.28
17-Jan-14,12.44,12.34,12.93,12.04
21-Jan-14,12.87,12.63,13.42,12.61
22-Jan-14,12.84,12.57,13.12,12.55
23-Jan-14,13.77,13.67,14.66,13.67
24-Jan-14,18.14,14.95,18.14,14.92
27-Jan-14,17.42,17.29,18.99,16.85
28-Jan-14,15.8,17.27,17.28,15.8
29-Jan-14,17.35,17.95,18.04,16.71
30-Jan-14,17.29,16.37,17.39,15.96
31-Jan-14,18.41,18.71,18.99,17.27
3-Feb-14,21.44,18.57,21.48,18.34
4-Feb-14,19.11,19.99,20.07,18.44
5-Feb-14,19.95,19.59,20.72,19.13
6-Feb-14,17.23,19.09,19.09,17.09
7-Feb-14,15.29,16.15,16.31,15.09
10-Feb-14,15.26,15.63,15.76,15.1
11-Feb-14,14.51,15.29,15.29,14.08
12-Feb-14,14.3,14.31,14.64,14.02
13-Feb-14,14.14,15.24,15.24,13.98
14-Feb-14,13.57,14.21,14.22,13.44
18-Feb-14,13.87,13.95,14.51,13.77
19-Feb-14,15.5,14.85,15.73,14.12
20-Feb-14,14.79,15.28,15.8,14.59
21-Feb-14,14.68,14.74,14.79,14.19
24-Feb-14,14.23,14.83,14.83,13.97
25-Feb-14,13.67,14.17,14.83,13.66
26-Feb-14,14.35,13.83,14.54,13.73
27-Feb-14,14.04,14.56,14.69,13.92
28-Feb-14,14,14.22,14.79,13.49
3-Mar-14,16,16.47,16.78,15.38
4-Mar-14,14.1,14.53,14.54,14
5-Mar-14,13.89,14.13,14.32,13.81
6-Mar-14,14.21,13.82,14.42,13.73
7-Mar-14,14.11,13.51,14.43,13.51
10-Mar-14,14.2,14.76,15.28,14.2
11-Mar-14,14.8,14.22,14.93,13.84
12-Mar-14,14.47,15.37,15.64,14.43
13-Mar-14,16.22,14.28,16.66,14.24
14-Mar-14,17.82,16.74,18.22,16.09
17-Mar-14,15.64,16.39,16.4,15.37
18-Mar-14,14.52,15.42,15.47,14.16
19-Mar-14,15.12,14.56,15.95,13.89
20-Mar-14,14.52,15.58,15.62,14.5
21-Mar-14,15,13.96,15.17,13.77
24-Mar-14,15.09,14.7,16.07,14.56
25-Mar-14,14.02,14.16,15.05,13.96
26-Mar-14,14.93,13.64,15.28,13.46
27-Mar-14,14.62,15,15.63,14.49
28-Mar-14,14.41,14.15,14.86,13.73
31-Mar-14,13.88,13.88,14.16,13.57
1-Apr-14,13.1,13.43,13.56,13.06
2-Apr-14,13.09,13.17,13.35,12.92
3-Apr-14,13.37,13.02,13.7,13.02
4-Apr-14,13.96,12.88,14.55,12.6
7-Apr-14,15.57,14.96,16.01,14.57
8-Apr-14,14.89,15.59,16.2,14.81
9-Apr-14,13.82,14.58,14.94,13.7
10-Apr-14,15.89,13.98,16.38,13.81
11-Apr-14,17.03,16.66,17.85,15.89
14-Apr-14,16.11,16.14,17.4,16.1
15-Apr-14,15.61,16.14,17.5,15.47
16-Apr-14,14.18,14.89,15.27,14.05
17-Apr-14,13.36,14.09,14.17,13.07
21-Apr-14,13.25,14.1,14.11,13.17
22-Apr-14,13.19,13.13,13.26,12.9
23-Apr-14,13.27,13.35,13.75,13.27
24-Apr-14,13.32,13.36,14.08,13.09
25-Apr-14,14.06,13.93,14.67,13.91
28-Apr-14,13.97,14.27,15.28,13.82
29-Apr-14,13.71,13.88,14.24,13.61
30-Apr-14,13.41,14.05,14.18,13.34
1-May-14,13.25,13.64,13.75,13.1
2-May-14,12.91,13.15,13.5,12.83
5-May-14,13.29,13.95,14.2,13.08
6-May-14,13.8,13.65,13.9,13.28
7-May-14,13.4,13.64,14.49,13.39
8-May-14,13.43,13.69,13.88,12.92
9-May-14,12.92,13.55,14.03,12.87
12-May-14,12.23,12.46,12.58,11.88
13-May-14,12.13,12.36,12.74,12.05
14-May-14,12.17,12.42,12.51,12.03
15-May-14,13.17,12.73,13.77,12.72
16-May-14,12.44,13.31,13.66,12.26
19-May-14,12.42,13.17,13.21,12.28
20-May-14,12.96,12.69,13.3,12.32
21-May-14,11.91,12.38,12.46,11.8
22-May-14,12.03,11.93,12.09,11.68
23-May-14,11.36,11.96,11.97,11.36
27-May-14,11.51,11.69,11.84,11.5
28-May-14,11.68,11.6,11.86,11.5
29-May-14,11.57,11.58,11.82,11.41
30-May-14,11.4,11.66,11.7,11.32
2-Jun-14,11.58,11.69,12.17,11.29
3-Jun-14,11.87,12.03,12.13,11.72
4-Jun-14,12.08,12.15,12.33,11.91
5-Jun-14,11.68,12.09,12.34,11.44
6-Jun-14,10.73,11.32,11.39,10.73
9-Jun-14,11.15,11.23,11.51,10.99
10-Jun-14,10.99,11.3,11.66,10.93
11-Jun-14,11.6,11.42,11.87,11.19
12-Jun-14,12.56,11.81,12.81,11.71
13-Jun-14,12.18,12.45,12.69,11.89
16-Jun-14,12.65,12.65,12.87,12.28
17-Jun-14,12.06,12.81,12.89,12.06
18-Jun-14,10.61,11.8,11.91,10.57
19-Jun-14,10.62,10.53,10.82,10.42
20-Jun-14,10.85,10.4,11.02,10.34
23-Jun-14,10.98,11.26,11.35,10.92
24-Jun-14,12.13,11.02,12.27,10.87
25-Jun-14,11.59,12.31,12.33,11.37
26-Jun-14,11.63,11.51,12.51,11.5
27-Jun-14,11.26,11.72,12.04,11.19
30-Jun-14,11.57,11.75,11.81,11.3
1-Jul-14,11.15,11.28,11.42,10.92
2-Jul-14,10.82,11.18,11.18,10.56
3-Jul-14,10.32,10.47,10.76,10.28
7-Jul-14,11.33,11.15,11.54,11.01
8-Jul-14,11.98,11.72,12.51,11.72
9-Jul-14,11.65,11.74,12.05,11.5
10-Jul-14,12.59,13.22,13.23,12.05
11-Jul-14,12.08,12.5,12.68,12.07
14-Jul-14,11.82,11.6,11.83,11.4
15-Jul-14,11.96,11.53,12.47,11.46
16-Jul-14,11,10.81,11.45,10.59
17-Jul-14,14.54,11.35,15.38,10.85
18-Jul-14,12.06,13.34,13.55,12.04
21-Jul-14,12.81,12.85,13.62,12.46
22-Jul-14,12.24,11.97,12.24,11.69
23-Jul-14,11.52,11.54,12.16,11.41
24-Jul-14,11.84,11.43,12.06,11.43
25-Jul-14,12.69,12.03,12.75,12.03
28-Jul-14,12.56,12.93,13.64,12.54
29-Jul-14,13.28,12.35,13.35,12.12
30-Jul-14,13.33,12.63,14.07,12.53
31-Jul-14,16.95,14.35,17.11,14.26
1-Aug-14,17.03,16.67,17.57,15.52
4-Aug-14,15.12,16.64,16.8,14.69
5-Aug-14,16.87,15.54,17.14,15.1
6-Aug-14,16.37,17.22,17.3,15.7
7-Aug-14,16.66,15.5,17.25,15.44
8-Aug-14,15.77,16.43,17.09,15.53
11-Aug-14,14.23,15.16,15.16,13.72
12-Aug-14,14.13,14.42,14.74,13.76
13-Aug-14,12.9,13.57,13.93,12.84
14-Aug-14,12.42,13.05,13.13,12.42
15-Aug-14,13.15,11.91,14.94,11.89
18-Aug-14,12.32,12.85,12.85,12.26
19-Aug-14,12.21,12.14,12.46,11.91
20-Aug-14,11.78,12.23,12.24,11.6
21-Aug-14,11.76,11.93,13.51,11.52
22-Aug-14,11.47,11.88,12.48,11.47
25-Aug-14,11.7,11.58,11.77,11.24
26-Aug-14,11.63,11.33,11.93,11.33
27-Aug-14,11.78,11.69,11.93,11.54
28-Aug-14,12.05,12.38,12.73,12.05
29-Aug-14,11.98,11.86,12.44,11.78
2-Sep-14,12.25,12.32,13.41,12.23
3-Sep-14,12.36,12.03,12.55,11.91
4-Sep-14,12.64,12.4,12.99,11.7
5-Sep-14,12.09,12.37,13.18,11.96
8-Sep-14,12.66,12.64,13.09,12.4
9-Sep-14,13.5,12.7,13.91,12.7
10-Sep-14,12.88,13.36,14.06,12.86
11-Sep-14,12.8,13.53,13.67,12.66
12-Sep-14,13.31,12.85,14.27,12.85
15-Sep-14,14.12,13.54,14.19,13.54
16-Sep-14,12.73,14.48,14.53,12.72
17-Sep-14,12.65,13.06,14.53,11.73
18-Sep-14,12.03,12.55,12.58,11.98
19-Sep-14,12.11,11.73,12.61,11.52
22-Sep-14,13.69,13.14,13.98,13.13
23-Sep-14,14.93,14.82,14.94,13.83
24-Sep-14,13.27,14.62,14.93,13.24
25-Sep-14,15.64,14.11,16.69,14.03
26-Sep-14,14.85,15.77,15.98,14.31
29-Sep-14,15.98,16.96,17.08,15.45
30-Sep-14,16.31,15.49,16.43,15.18
1-Oct-14,16.71,16.44,17.56,16.08
2-Oct-14,16.16,16.7,17.98,15.9
3-Oct-14,14.55,15.16,15.43,14.44
6-Oct-14,15.46,14.46,15.77,14.05
7-Oct-14,17.2,16.18,17.46,15.97
8-Oct-14,15.11,17.35,18.03,14.97
9-Oct-14,18.76,15.64,19.38,15.34
10-Oct-14,21.24,19.11,22.06,18.14
13-Oct-14,24.64,21.16,24.64,20.52
14-Oct-14,22.79,23.77,24.55,21.48
15-Oct-14,26.25,26.36,31.06,24.64
16-Oct-14,25.2,29.26,29.41,24.61
17-Oct-14,21.99,21.68,23.08,20.23
20-Oct-14,18.57,22.11,22.16,18.51
21-Oct-14,16.08,17.72,17.75,16.03
22-Oct-14,17.87,16.06,18.43,15.56
23-Oct-14,16.53,16.07,17.06,15.68
24-Oct-14,16.11,16.43,18.06,16.09
27-Oct-14,16.04,17.24,17.87,16
28-Oct-14,14.39,15.69,15.78,14.39
29-Oct-14,15.15,14.61,16.28,14.19
30-Oct-14,14.52,15.31,15.75,14.07
31-Oct-14,14.03,13.84,14.83,13.72
3-Nov-14,14.73,14.41,14.99,14.23
4-Nov-14,14.89,15.05,15.93,14.83
5-Nov-14,14.17,14.15,14.99,14.15
6-Nov-14,13.67,14.46,15.08,13.67
7-Nov-14,13.12,13.71,14.16,13.01
10-Nov-14,12.67,13.16,13.25,12.38
11-Nov-14,12.92,12.71,13.18,12.6
12-Nov-14,13.02,13.76,13.76,12.99
13-Nov-14,13.79,13.33,14.31,12.87
14-Nov-14,13.31,13.79,14.15,13.31
17-Nov-14,13.99,14.7,14.73,13.84
18-Nov-14,13.86,13.86,13.99,13.13
19-Nov-14,13.96,14.01,14.78,13.83
20-Nov-14,13.58,14.66,15.74,13.58
21-Nov-14,12.9,13.16,13.8,12.9
24-Nov-14,12.62,12.92,13.02,12.43
25-Nov-14,12.25,12.55,13.02,12.23
26-Nov-14,12.07,12.27,12.4,11.91
28-Nov-14,13.33,12.64,13.49,12.36
1-Dec-14,14.29,14.16,14.75,13.94
2-Dec-14,12.85,14.1,14.17,12.85
3-Dec-14,12.47,12.75,12.88,12.21
4-Dec-14,12.38,12.7,13.23,12.09
5-Dec-14,11.82,12.08,12.28,11.53
8-Dec-14,14.21,13.05,14.67,12.55
9-Dec-14,14.89,16.23,16.68,14.84
10-Dec-14,18.53,15.56,18.92,15.4
11-Dec-14,20.08,17.68,20.13,15.94
12-Dec-14,21.08,20.51,23.06,18.34
15-Dec-14,20.42,19.59,24.83,17.77
16-Dec-14,23.57,23.55,25.2,19.6
17-Dec-14,19.44,23.9,24.61,19.26
18-Dec-14,16.81,17.14,18.51,16.07
19-Dec-14,16.49,16.57,17.2,16.11
22-Dec-14,15.25,16.32,16.88,15.03
23-Dec-14,14.8,14.47,15.21,14.32
24-Dec-14,14.37,14.52,14.54,14.01
26-Dec-14,14.5,14.6,14.84,14.13
29-Dec-14,15.06,16.04,16.14,15.06
30-Dec-14,15.92,15.9,16.2,15.48
31-Dec-14,19.2,15.91,19.91,15.86
2-Jan-15,17.79,17.76,20.14,17.05
5-Jan-15,19.92,19.19,21.29,19.19
6-Jan-15,21.12,20.33,22.9,19.52
7-Jan-15,19.31,20.15,20.72,19.04
8-Jan-15,17.01,17.93,18.09,16.99
9-Jan-15,17.55,16.44,18.42,16.44
12-Jan-15,19.6,18.02,20.44,18.02
13-Jan-15,20.56,18.21,21.58,17.65
14-Jan-15,21.48,22.87,23.34,21.32
15-Jan-15,22.39,21.23,23.31,20.86
16-Jan-15,20.95,22.8,23.43,20.95
20-Jan-15,19.89,20.07,21.37,19.58
21-Jan-15,18.85,20.92,21.28,18.64
22-Jan-15,16.4,17.98,19.23,16.07
23-Jan-15,16.66,16.79,17.09,15.81
26-Jan-15,15.52,16.96,17.43,15.52
27-Jan-15,17.22,17.6,18.41,16.67
28-Jan-15,20.44,16.97,20.44,16.92
29-Jan-15,18.76,20.46,21.56,18.66
30-Jan-15,20.97,20.23,22.18,19.24
2-Feb-15,19.43,20.89,22.81,19.35
3-Feb-15,17.33,18.41,18.89,17.2
4-Feb-15,18.33,17.82,18.38,16.82
5-Feb-15,16.85,17.29,17.43,16.67
6-Feb-15,17.29,16.29,18.74,16.06
9-Feb-15,18.55,19.16,19.28,18.21
10-Feb-15,17.23,17.72,18.36,16.97
11-Feb-15,16.96,17.43,17.81,16.82
12-Feb-15,15.34,16.39,16.47,15.28
13-Feb-15,14.69,15.11,15.64,14.69
17-Feb-15,15.8,15.86,16.33,15.53
18-Feb-15,15.45,16.74,16.74,15.44
19-Feb-15,15.29,16.11,16.22,15.1
20-Feb-15,14.3,15.73,16.29,14.27
23-Feb-15,14.56,15.05,15.48,14.49
24-Feb-15,13.69,14.5,14.63,13.53
25-Feb-15,13.84,13.64,14.06,12.86
26-Feb-15,13.91,13.55,14.57,13.55
27-Feb-15,13.34,14.07,14.17,13.29
2-Mar-15,13.04,13.9,13.9,12.87
3-Mar-15,13.86,13.35,14.69,13.25
4-Mar-15,14.23,14.31,15.33,14.13
5-Mar-15,14.04,14.01,14.58,13.88
6-Mar-15,15.2,14.61,15.83,14.18
9-Mar-15,15.06,15.72,15.76,14.71
10-Mar-15,16.69,16.47,16.91,16.03
11-Mar-15,16.87,16.44,17.19,16.29
12-Mar-15,15.42,16.45,16.45,15.3
13-Mar-15,16,15.47,16.74,15.32
16-Mar-15,15.61,15.78,15.89,15.36
17-Mar-15,15.66,16.31,16.37,15.66
18-Mar-15,13.97,14.6,16.29,13.38
19-Mar-15,14.07,14.68,14.97,13.84
20-Mar-15,13.02,13.52,13.53,12.54
23-Mar-15,13.41,13.52,13.53,12.89
24-Mar-15,13.62,13.36,13.68,12.59
25-Mar-15,15.44,13.26,15.55,13.2
26-Mar-15,15.8,16.64,17.19,15.23
27-Mar-15,15.07,15.73,15.83,14.19
30-Mar-15,14.51,14.76,14.76,14.08
31-Mar-15,15.29,14.97,15.74,14.33
1-Apr-15,15.11,15.32,16.66,15.08
2-Apr-15,14.67,15.3,15.51,14.27
6-Apr-15,14.74,15.75,15.76,14.04
7-Apr-15,14.78,14.57,14.81,14.01
8-Apr-15,13.98,14.59,14.77,13.75
9-Apr-15,13.09,14.14,14.59,13.09
10-Apr-15,12.58,13.2,13.26,12.51
13-Apr-15,13.94,13.17,14.31,12.71
14-Apr-15,13.67,14.34,14.74,13.64
15-Apr-15,12.84,13.58,13.58,12.83
16-Apr-15,12.6,13.27,13.35,12.5
17-Apr-15,13.89,13.97,15.02,13.73
20-Apr-15,13.3,13.67,13.67,12.83
21-Apr-15,13.25,12.75,13.51,12.66
22-Apr-15,12.71,12.97,13.8,12.57
23-Apr-15,12.48,12.96,12.96,12.12
24-Apr-15,12.29,12.21,13.02,12.16
27-Apr-15,13.12,12.34,13.4,12.33
28-Apr-15,12.41,13.26,14.23,12.41
29-Apr-15,13.39,13.44,14.34,12.61
30-Apr-15,14.55,13.89,15.29,12.49
1-May-15,12.7,13.98,13.98,12.68
4-May-15,12.85,13.12,13.18,12.1
5-May-15,14.31,13.21,14.41,12.97
6-May-15,15.15,13.93,16.36,13.89
7-May-15,15.13,15.48,15.97,14.81
8-May-15,12.86,13.36,13.42,12.7
11-May-15,13.85,13.35,13.85,13
12-May-15,13.86,14.73,15.13,13.73
13-May-15,13.76,13.63,14.04,13.06
14-May-15,12.74,13.14,13.29,12.72
15-May-15,12.38,12.46,13.09,12.35
18-May-15,12.73,13.08,13.22,12.55
19-May-15,12.85,12.95,13.13,12.55
20-May-15,12.88,12.9,13.27,12.62
21-May-15,12.11,13.03,13.09,12.09
22-May-15,12.13,12.37,12.37,11.82
26-May-15,14.06,13.45,14.63,13.34
27-May-15,13.27,14.16,14.41,13.05
28-May-15,13.31,13.49,13.99,13.31
29-May-15,13.84,13.59,14.43,13.4
1-Jun-15,13.97,13.92,14.86,13.47
2-Jun-15,14.24,14.72,15.05,13.59
3-Jun-15,13.66,13.73,14.2,13.4
4-Jun-15,14.71,14.57,15.49,13.99
5-Jun-15,14.21,15.01,15.65,14.21
8-Jun-15,15.29,14.84,15.5,14.67
9-Jun-15,14.47,15.18,15.74,14.47
10-Jun-15,13.22,14.24,14.37,12.96
11-Jun-15,12.85,13.04,13.22,12.56
12-Jun-15,13.78,13.31,14.02,13.3
15-Jun-15,15.39,15.48,15.57,14.91
16-Jun-15,14.81,15.62,15.62,14.81
17-Jun-15,14.5,14.66,15.49,14.07
18-Jun-15,13.19,14.03,14.03,12.54
19-Jun-15,13.96,13.35,14,12.96
22-Jun-15,12.74,13.42,13.46,12.43
23-Jun-15,12.11,12.5,12.68,11.93
24-Jun-15,13.26,12.57,13.33,12.01
25-Jun-15,14.01,12.96,14.16,12.92
26-Jun-15,14.02,14.13,14.91,13.64
29-Jun-15,18.85,16.7,19.5,15.82
30-Jun-15,18.23,17.6,19.8,17.49
1-Jul-15,16.09,16.63,17.26,15.65
2-Jul-15,16.79,15.43,17.48,15.39
6-Jul-15,17.01,18.65,18.95,16.57
7-Jul-15,16.09,17.22,19.2,15.93
8-Jul-15,19.66,17.38,19.76,16.94
9-Jul-15,19.97,17.46,20.05,17.2
10-Jul-15,16.83,17.45,18.17,16.6
13-Jul-15,13.9,15.29,15.36,13.82
14-Jul-15,13.37,13.91,13.95,12.9
15-Jul-15,13.23,13.35,13.97,12.81
16-Jul-15,12.11,12.59,12.61,11.87
17-Jul-15,11.95,11.77,12.22,11.77
20-Jul-15,12.25,12.25,12.37,11.71
21-Jul-15,12.22,12.42,12.79,12.21
22-Jul-15,12.12,12.77,12.83,12.05
23-Jul-15,12.64,12.06,13.08,11.73
24-Jul-15,13.74,12.87,14.73,12.86
27-Jul-15,15.6,15.6,16.27,15.03
28-Jul-15,13.44,14.87,15.62,13.32
29-Jul-15,12.5,13.57,13.59,11.85
30-Jul-15,12.13,12.72,13.42,12.09
31-Jul-15,12.12,12.03,12.63,11.82
3-Aug-15,12.56,12.85,13.55,12.32
4-Aug-15,13,12.66,13.22,12.29
5-Aug-15,12.51,12.02,12.72,10.88
6-Aug-15,13.77,12.2,14.25,12.16
7-Aug-15,13.39,13.57,14.58,13.29
10-Aug-15,12.23,12.73,12.78,12.18
11-Aug-15,13.71,13.24,14.33,13.02
12-Aug-15,13.61,15.19,16.28,13.45
13-Aug-15,13.49,13.87,14.33,13.06
14-Aug-15,12.83,13.69,13.87,12.8
17-Aug-15,13.02,14.32,14.52,13.01
18-Aug-15,13.79,13.41,13.94,13.17
19-Aug-15,15.25,14.84,15.96,13.73
20-Aug-15,19.14,16.55,19.24,16.13
21-Aug-15,28.03,22.55,28.38,20.8
24-Aug-15,40.74,28.03,53.29,28.03
25-Aug-15,36.02,31.13,38.06,28.08
26-Aug-15,30.32,31.13,35.62,28.67
27-Aug-15,26.1,27.11,29.9,24.49
28-Aug-15,26.05,26.69,29.2,25.77
31-Aug-15,28.43,27.03,29.37,26.63
1-Sep-15,31.4,31.91,33.82,29.91
2-Sep-15,26.09,29.14,30.45,24.77
3-Sep-15,25.61,25.21,26.31,23.45
4-Sep-15,27.8,27.43,29.47,25.68
8-Sep-15,24.9,25.05,26.25,24.13
9-Sep-15,26.23,22.39,26.82,21.51
10-Sep-15,24.37,26.87,27.22,23.53
11-Sep-15,23.2,25.38,25.81,23.15
14-Sep-15,24.25,24.03,25.32,23.64
15-Sep-15,22.54,23.28,23.77,22.13
16-Sep-15,21.35,22.57,22.94,21.09
17-Sep-15,21.14,21.54,23.33,17.87
18-Sep-15,22.28,23.07,23.99,20.98
21-Sep-15,20.14,21.97,22.48,20.05
22-Sep-15,22.44,22.97,26.29,22.25
23-Sep-15,22.13,22.09,23.2,21.14
24-Sep-15,23.47,23.53,25.3,21.81
25-Sep-15,23.62,21.12,24.29,20.81
28-Sep-15,27.63,25.02,28.33,24.94
29-Sep-15,26.83,26.57,28.2,25.76
30-Sep-15,24.5,24.64,25.88,23.25
1-Oct-15,22.55,23.14,25.23,22.55
2-Oct-15,20.94,23.99,24.47,20.35
5-Oct-15,19.54,20.31,20.42,19.14
6-Oct-15,19.4,19.54,20.32,18.82
7-Oct-15,18.4,18.96,19.73,18.33
8-Oct-15,17.42,18.62,19.02,16.34
9-Oct-15,17.08,17.15,18.2,16.89
12-Oct-15,16.17,17.68,17.81,16.15
13-Oct-15,17.67,17.08,17.7,16.14
14-Oct-15,18.03,17.67,18.78,17.3
15-Oct-15,16.05,17.62,17.85,16.04
16-Oct-15,15.05,15.64,16.86,15.05
19-Oct-15,14.98,15.68,16.23,14.82
20-Oct-15,15.75,15.17,16.34,14.72
21-Oct-15,16.7,14.98,16.7,14.41
22-Oct-15,14.45,15.02,15.92,14.45
23-Oct-15,14.46,13.46,15.12,13.24
26-Oct-15,15.29,14.76,15.43,14.68
27-Oct-15,15.43,15.75,15.99,14.78
28-Oct-15,14.33,15.14,15.73,12.8
29-Oct-15,14.61,14.8,15.46,14.33
30-Oct-15,15.07,14.6,15.39,14
2-Nov-15,14.15,15.41,15.51,13.67
3-Nov-15,14.54,14.33,14.73,13.81
4-Nov-15,15.51,14.04,15.88,13.96
5-Nov-15,15.05,15.39,16.39,15
6-Nov-15,14.33,14.91,16,14.32
9-Nov-15,16.52,15.34,17.09,15.14
10-Nov-15,15.29,16.69,16.96,15.24
11-Nov-15,16.06,15.07,16.15,15.02
12-Nov-15,18.37,17.06,18.5,16.65
13-Nov-15,20.08,18.68,20.67,18.2
16-Nov-15,18.16,20.51,20.55,17.25
17-Nov-15,18.84,17.82,19.59,16.86
18-Nov-15,16.85,19.01,19.45,16.8
19-Nov-15,16.99,16.25,18.26,16
20-Nov-15,15.47,16.13,16.38,15.47
23-Nov-15,15.62,16.15,16.74,15.38
24-Nov-15,15.93,16.53,17.21,15.48
25-Nov-15,15.19,15.55,15.89,15.05
27-Nov-15,15.12,15.31,16.09,15.12
30-Nov-15,16.13,15.55,16.57,15.52
1-Dec-15,14.67,15.61,16.34,14.63
2-Dec-15,15.91,15.04,16.49,14.71
3-Dec-15,18.11,15.87,19.35,15.86
4-Dec-15,14.81,17.43,17.65,14.69
7-Dec-15,15.84,15.65,17.18,15.58
8-Dec-15,17.6,17.69,18.33,16.52
9-Dec-15,19.61,18.05,20.13,15.72
10-Dec-15,19.34,19.25,19.72,18.13
11-Dec-15,24.39,21.36,25.27,20.88
14-Dec-15,22.73,24.7,26.81,21.47
15-Dec-15,20.95,20.76,21.62,20.02
16-Dec-15,17.86,19.25,20.24,17.12
17-Dec-15,18.94,16.18,19.05,16.13
18-Dec-15,20.7,19.34,23.3,18.75
21-Dec-15,18.7,19.64,20.21,18.7
22-Dec-15,16.6,17.61,18.22,16.6
23-Dec-15,15.57,15.86,16.25,15.33
24-Dec-15,15.74,15.44,15.88,14.45
28-Dec-15,16.91,17.65,18.13,16.88
29-Dec-15,16.08,15.91,16.48,15.63
30-Dec-15,17.29,16.5,17.42,16.5
31-Dec-15,18.21,17.97,20.39,17.51
4-Jan-16,20.7,22.48,23.36,20.67
5-Jan-16,19.34,20.75,21.06,19.25
6-Jan-16,20.59,21.67,21.86,19.8
7-Jan-16,24.99,23.22,25.86,22.4
8-Jan-16,27.01,22.96,27.08,22.48
11-Jan-16,24.3,25.58,27.39,23.83
12-Jan-16,22.47,22.97,23.93,21.91
13-Jan-16,25.22,21.72,26.11,21.44
14-Jan-16,23.95,24.75,26.28,23.07
15-Jan-16,27.02,28.96,30.95,26.67
19-Jan-16,26.05,25.4,27.59,25.21
20-Jan-16,27.59,27.78,32.09,26.59
21-Jan-16,26.69,27.79,28.43,25.01
22-Jan-16,22.34,24.21,24.55,22.22
25-Jan-16,24.15,23.3,24.31,22.38
26-Jan-16,22.5,23.75,24.02,22.33
27-Jan-16,23.11,22.88,27.22,20.42
28-Jan-16,22.42,22.15,23.81,21.9
29-Jan-16,20.2,21.59,21.74,19.5
1-Feb-16,19.98,21.32,23.66,19.61
2-Feb-16,21.98,21.34,22.42,21.06
3-Feb-16,21.65,21.49,27.7,21.42
4-Feb-16,21.84,22.29,23.14,21.24
5-Feb-16,23.38,22.09,24.11,21.91
8-Feb-16,26,25.89,27.72,25.56
9-Feb-16,26.54,28.3,28.31,25.99
10-Feb-16,26.29,25.75,26.6,24.47
11-Feb-16,28.14,29.01,30.9,26.67
12-Feb-16,25.4,27.16,27.57,24.92
16-Feb-16,24.11,24.96,25.52,23.32
17-Feb-16,22.31,23.4,24.16,21.83
18-Feb-16,21.64,22.16,22.53,21.29
19-Feb-16,20.53,22.39,23.44,20.52
22-Feb-16,19.38,20.14,20.35,19.02
23-Feb-16,20.98,19.75,21.16,19.54
24-Feb-16,20.72,22.28,22.87,20.26
25-Feb-16,19.11,20.54,21.26,19.1
26-Feb-16,19.81,18.89,20.13,18.46
29-Feb-16,20.55,20.49,20.81,18.38
1-Mar-16,17.7,19.84,20.17,17.66
2-Mar-16,17.09,17.98,18.41,16.78
3-Mar-16,16.7,17.25,17.56,16.32
4-Mar-16,16.86,16.48,17.35,16.05
7-Mar-16,17.35,17.98,18.04,16.87
8-Mar-16,18.67,18.38,18.89,17.82
9-Mar-16,18.34,18.56,19.11,18.31
10-Mar-16,18.05,18.17,19.59,17.06
11-Mar-16,16.5,17.09,17.27,16.28
14-Mar-16,16.92,17.01,17.67,16.69
15-Mar-16,16.84,17.6,17.85,16.84
16-Mar-16,14.99,15.96,16.33,14.89
17-Mar-16,14.44,15.34,15.38,13.82
18-Mar-16,14.02,14.05,14.36,13.75
21-Mar-16,13.79,14.57,14.73,13.79
22-Mar-16,14.17,14.57,14.76,13.75
23-Mar-16,14.94,14.57,15.03,14.33
24-Mar-16,14.74,16.3,16.44,14.71
28-Mar-16,15.24,15.65,16.04,14.89
29-Mar-16,13.82,15.74,15.89,13.79
30-Mar-16,13.56,13.69,13.89,13.06
31-Mar-16,13.95,13.73,14.28,13.49
1-Apr-16,13.1,15.23,15.28,13
4-Apr-16,14.12,13.88,14.24,13.66
5-Apr-16,15.42,15.39,15.72,14.93
6-Apr-16,14.09,15.61,15.98,14
7-Apr-16,16.16,15.14,16.77,14.68
8-Apr-16,15.36,15.34,15.93,14.84
11-Apr-16,16.26,15.34,16.26,14.83
12-Apr-16,14.85,15.98,16.57,14.84
13-Apr-16,13.84,14.49,14.53,13.6
14-Apr-16,13.72,13.9,14.12,13.38
15-Apr-16,13.62,13.99,14.19,13.58
18-Apr-16,13.35,14.87,14.94,13.23
19-Apr-16,13.24,13.18,13.88,12.98
20-Apr-16,13.28,13.39,13.5,12.5
21-Apr-16,13.95,13.2,14.14,13.16
22-Apr-16,13.22,13.7,14.19,13.15
25-Apr-16,14.08,14.07,14.76,13.86
26-Apr-16,13.96,14.01,14.43,13.66
27-Apr-16,13.77,14.15,14.95,13.5
28-Apr-16,15.22,14.53,15.61,13.3
29-Apr-16,15.7,15.21,17.09,14.91
2-May-16,14.68,16.33,16.5,14.48
3-May-16,15.6,14.92,16.42,14.91
4-May-16,16.05,15.47,16.85,15.39
5-May-16,15.91,15.54,16.45,15.22
6-May-16,14.72,16.2,16.58,14.71
9-May-16,14.57,15.2,15.39,14.17
10-May-16,13.63,13.98,14.35,13.55
11-May-16,14.69,13.92,14.69,13.29
12-May-16,14.41,14.55,15.42,13.95
13-May-16,15.04,15.15,15.47,13.97
16-May-16,14.68,15.72,15.98,14.28
17-May-16,15.57,14.57,16.12,14.48
18-May-16,15.95,15.72,16.47,14.86
19-May-16,16.33,16.37,17.65,16.28
20-May-16,15.2,16.13,16.3,15.11
23-May-16,15.82,16.33,16.47,15.4
24-May-16,14.42,16.03,16.06,14.36
25-May-16,13.9,14.19,14.33,13.64
26-May-16,13.43,13.8,14.11,13.43
27-May-16,13.12,13.49,13.76,13.04
31-May-16,14.19,13.94,15,13.45
1-Jun-16,14.2,14.45,15.25,14.18
2-Jun-16,13.63,14.42,14.92,13.62
3-Jun-16,13.47,13.78,14.66,12.9
6-Jun-16,13.65,13.84,14.27,13.42
7-Jun-16,14.05,12.77,14.05,12.72
8-Jun-16,14.08,13.84,14.27,13.7
9-Jun-16,14.64,14.01,14.85,13.99
10-Jun-16,17.03,14.89,17.33,14.85
13-Jun-16,20.97,18.24,21.01,17.89
14-Jun-16,20.5,21.28,22.16,20.27
15-Jun-16,20.14,20.25,20.45,18.63
16-Jun-16,19.37,20.8,22.89,19.24
17-Jun-16,19.41,19.42,20.03,18.71
20-Jun-16,18.37,17.42,18.55,16.59
21-Jun-16,18.48,17.67,18.96,16.91
22-Jun-16,21.17,18.26,21.22,17.83
23-Jun-16,17.25,19.54,19.79,17.25
24-Jun-16,25.76,26.06,26.24,19.48
27-Jun-16,23.85,24.38,26.72,22.93
28-Jun-16,18.75,21.76,22.07,18.75
29-Jun-16,16.64,18.12,18.27,16.48
30-Jun-16,15.63,16.91,16.99,15.29
1-Jul-16,14.77,15.59,15.86,14.61
5-Jul-16,15.58,16.05,16.62,15.49
6-Jul-16,14.96,15.87,17.04,14.96
7-Jul-16,14.76,14.8,15.98,14.33
8-Jul-16,13.2,14.64,14.75,13.19
11-Jul-16,13.54,13.25,13.67,13
12-Jul-16,13.55,12.93,13.93,12.75
13-Jul-16,13.04,13.32,13.79,12.92
14-Jul-16,12.82,12.5,13.37,12.14
15-Jul-16,12.67,13.12,13.22,12.27
18-Jul-16,12.44,12.75,13.12,12.33
19-Jul-16,11.97,12.53,12.83,11.94
20-Jul-16,11.77,11.94,11.97,11.4
21-Jul-16,12.74,11.8,13.06,11.69
22-Jul-16,12.02,12.8,12.88,11.97
25-Jul-16,12.87,12.64,13.72,12.39
26-Jul-16,13.05,12.88,13.5,12.8
27-Jul-16,12.83,12.61,13.74,12.5
28-Jul-16,12.72,12.51,13.52,12.36
29-Jul-16,11.87,12.85,12.9,11.77
1-Aug-16,12.44,11.89,12.98,11.86
2-Aug-16,13.37,12.39,14.24,12.35
3-Aug-16,12.86,13.53,13.91,12.73
4-Aug-16,12.42,12.73,12.98,11.79
5-Aug-16,11.39,12.08,12.26,11.18
8-Aug-16,11.5,11.66,11.78,11.41
9-Aug-16,11.66,11.4,11.92,11.02
10-Aug-16,12.05,11.55,12.5,11.37
11-Aug-16,11.68,11.93,12.11,11.38
12-Aug-16,11.55,11.61,12,11.28
15-Aug-16,11.81,11.81,12.17,11.58
16-Aug-16,12.64,12.04,12.78,11.87
17-Aug-16,12.19,12.57,13.71,12.14
18-Aug-16,11.43,12.2,12.53,11.42
19-Aug-16,11.34,11.67,12.28,11.33
22-Aug-16,12.27,12.53,13.02,11.94
23-Aug-16,12.38,12.15,12.44,11.72
24-Aug-16,13.45,12.7,14.01,12.3
25-Aug-16,13.63,13.62,14.09,13.29
26-Aug-16,13.65,13.54,14.93,12.13
29-Aug-16,12.94,14.09,14.43,12.9
30-Aug-16,13.12,12.94,13.6,12.7
31-Aug-16,13.42,13.14,14.34,12.97
1-Sep-16,13.48,13.07,14.61,12.99
2-Sep-16,11.98,13.47,13.9,11.9
6-Sep-16,12.02,12.42,12.93,11.85
7-Sep-16,11.94,11.89,12.45,11.77
8-Sep-16,12.51,11.74,12.6,11.65
9-Sep-16,17.5,12.52,17.54,12.52
12-Sep-16,15.16,20.13,20.51,14.76
13-Sep-16,17.85,15.98,18.97,15.83
14-Sep-16,18.14,17.63,18.14,16.34
15-Sep-16,16.3,17.97,18.07,15.74
16-Sep-16,15.37,16.41,17.1,15.28
19-Sep-16,15.53,15.14,15.96,14.6
20-Sep-16,15.92,14.98,16.09,14.69
21-Sep-16,13.3,15.07,15.65,12.98
22-Sep-16,12.02,13.39,13.39,11.76
23-Sep-16,12.29,12,12.58,11.93
26-Sep-16,14.5,13.26,14.63,13.26
27-Sep-16,13.1,13.36,14.76,12.97
28-Sep-16,12.39,12.9,13.57,12.24
29-Sep-16,14.02,12.53,15.69,12.14
30-Sep-16,13.29,14.91,15.2,12.53
3-Oct-16,13.57,13.75,14.42,13.42
4-Oct-16,13.63,13.4,14.57,12.92
5-Oct-16,12.99,13.56,13.68,12.7
6-Oct-16,12.84,13.11,13.84,12.8
7-Oct-16,13.48,13.52,14.15,12.21
10-Oct-16,13.38,14.19,14.36,13.29
11-Oct-16,15.36,13.71,16.47,13.69
12-Oct-16,15.91,15.53,16.34,15.26
13-Oct-16,16.69,16.88,17.95,16.14
14-Oct-16,16.12,16.49,16.5,15.25
17-Oct-16,16.21,17.01,17.11,16.13
18-Oct-16,15.28,15.82,15.85,15.03
19-Oct-16,14.41,15.45,15.68,13.87
20-Oct-16,13.75,14.43,14.72,13.74
21-Oct-16,13.34,14.04,14.53,13.27
24-Oct-16,13.02,13.19,13.26,12.83
25-Oct-16,13.46,12.91,13.86,12.73
26-Oct-16,14.24,13.66,14.8,13.66
27-Oct-16,15.36,14.37,15.43,13.6
28-Oct-16,16.19,15.67,17.35,14.65
31-Oct-16,17.06,16.31,17.63,16.25
1-Nov-16,18.56,16.54,20.43,16.51
2-Nov-16,19.32,19.09,19.82,18.56
3-Nov-16,22.08,19.85,22.57,18.84
4-Nov-16,22.51,21.86,23.01,19.2
7-Nov-16,18.71,19.78,19.86,18.39
8-Nov-16,18.74,18.92,19.91,17.7
9-Nov-16,14.38,20.7,21.48,14.33
10-Nov-16,14.74,14.01,16.3,13.26
11-Nov-16,14.17,14.83,16,14.15
14-Nov-16,14.48,14.69,15.56,14.39
15-Nov-16,13.37,14.16,14.65,13.3
16-Nov-16,13.72,13.51,14.49,13.51
17-Nov-16,13.35,13.37,13.88,12.97
18-Nov-16,12.85,13.56,13.74,12.85
21-Nov-16,12.42,13.27,13.44,12.16
22-Nov-16,12.41,12.26,12.83,12.2
23-Nov-16,12.43,12.34,13.01,12.19
25-Nov-16,12.34,12.52,12.74,12.31
28-Nov-16,13.15,13.4,13.5,12.74
29-Nov-16,12.9,13.07,13.55,12.62
30-Nov-16,13.33,12.6,13.42,12.23
1-Dec-16,14.07,13.4,14.72,13.05
2-Dec-16,14.12,14.16,14.48,12.39
5-Dec-16,12.14,13.75,13.77,12.14
6-Dec-16,11.79,12.19,12.3,11.54
7-Dec-16,12.22,11.59,12.24,11.33
8-Dec-16,12.64,12.1,13.4,11.3
9-Dec-16,11.75,12.59,12.72,11.67
12-Dec-16,12.64,12.23,12.78,12.07
13-Dec-16,12.72,12.46,13.42,12.34
14-Dec-16,13.19,12.88,13.39,12.48
15-Dec-16,12.79,13.07,13.24,12.46
16-Dec-16,12.2,12.88,12.95,12.15
19-Dec-16,11.71,12.5,12.52,11.67
20-Dec-16,11.45,11.65,11.75,11.38
21-Dec-16,11.27,11.44,11.49,10.93
22-Dec-16,11.43,11.32,11.67,11.14
23-Dec-16,11.44,11.38,11.81,11.35
27-Dec-16,11.99,12.26,12.33,11.84
28-Dec-16,12.95,11.89,13.04,11.85
29-Dec-16,13.37,13.15,13.71,12.95
30-Dec-16,14.04,13.2,14.68,13.05
3-Jan-17,12.85,14.07,14.07,12.85
4-Jan-17,11.85,12.78,12.8,11.63
5-Jan-17,11.67,11.96,12.09,11.4
6-Jan-17,11.32,11.7,11.74,10.98
9-Jan-17,11.56,11.71,12.08,11.46
10-Jan-17,11.49,11.59,11.79,11.31
11-Jan-17,11.26,11.56,12.23,11.21
12-Jan-17,11.54,11.48,12.6,11.32
13-Jan-17,11.23,11.45,11.62,10.94
17-Jan-17,11.87,12.2,12.75,11.79
18-Jan-17,12.48,11.79,12.81,11.69
19-Jan-17,12.78,12.58,13.28,12.17
20-Jan-17,11.54,12.58,12.59,11.53
23-Jan-17,11.77,12.3,12.62,11.59
24-Jan-17,11.07,11.82,11.89,11.04
25-Jan-17,10.81,10.79,11.05,10.51
26-Jan-17,10.63,10.61,11.01,10.6
27-Jan-17,10.58,10.57,10.82,10.3
30-Jan-17,11.88,11.1,12.9,11.1
31-Jan-17,11.99,12.29,12.99,11.79
1-Feb-17,11.81,11.79,12.05,9.97
2-Feb-17,11.93,12.37,12.47,11.62
3-Feb-17,10.97,11.84,11.84,10.72
6-Feb-17,11.37,11.37,11.84,11.09
7-Feb-17,11.29,11.39,11.67,11.06
8-Feb-17,11.45,11.19,11.82,11.15
9-Feb-17,10.88,11.44,11.53,10.74
10-Feb-17,10.85,10.85,10.95,10.55
13-Feb-17,11.07,11.36,11.4,11.07
14-Feb-17,10.74,11.17,11.34,10.73
15-Feb-17,11.97,10.84,12.01,10.8
16-Feb-17,11.76,12.02,12.86,11.69
17-Feb-17,11.49,11.84,12.26,11.37
21-Feb-17,11.57,12.05,12.09,11.5
22-Feb-17,11.74,11.48,12.07,11.44
23-Feb-17,11.71,11.66,12.46,11.54
24-Feb-17,11.47,11.81,12.59,11.34
27-Feb-17,12.09,11.78,12.14,11.53
28-Feb-17,12.92,12.19,12.96,12.13
1-Mar-17,12.54,12.31,12.58,11.78
2-Mar-17,11.81,12.43,12.71,11.32
3-Mar-17,10.96,11.96,11.97,10.94
6-Mar-17,11.24,11.59,11.72,11.06
7-Mar-17,11.45,11.27,11.58,11.04
8-Mar-17,11.86,11.49,11.86,11.09
9-Mar-17,12.3,11.75,12.43,11.62
10-Mar-17,11.66,11.97,12.09,11.46
13-Mar-17,11.35,12.16,12.23,11.29
14-Mar-17,12.3,11.39,12.54,11.28
15-Mar-17,11.63,12.12,12.25,10.6
16-Mar-17,11.21,11.29,11.55,11.16
17-Mar-17,11.28,11.38,11.38,10.78
20-Mar-17,11.34,11.71,11.72,11.03
21-Mar-17,12.47,11.15,12.85,10.92
22-Mar-17,12.81,12.95,13.16,11.99
23-Mar-17,13.12,12.65,13.17,12.18
24-Mar-17,12.96,12.86,14.16,12.27
27-Mar-17,12.5,14.78,15.11,12.48
28-Mar-17,11.53,12.44,12.67,11.34
29-Mar-17,11.42,11.54,11.7,11.03
30-Mar-17,11.54,11.37,11.64,11.12
31-Mar-17,12.37,11.61,12.54,11.5
3-Apr-17,12.38,12.59,13.59,12.27
4-Apr-17,11.79,12.71,13.07,11.7
5-Apr-17,12.89,11.89,12.89,10.9
6-Apr-17,12.39,13.11,13.22,11.7
7-Apr-17,12.87,13.17,13.43,12.23
10-Apr-17,14.05,13.24,14.11,12.94
11-Apr-17,15.07,14.32,15.88,14.17
12-Apr-17,15.77,15.16,16.16,14.84
13-Apr-17,15.96,15.89,16.22,14.97
17-Apr-17,14.66,16.19,16.28,14.6
18-Apr-17,14.42,14.5,15.5,14.29
19-Apr-17,14.93,14,15.15,13.46
20-Apr-17,14.15,14.59,14.81,13.83
21-Apr-17,14.63,13.85,15.33,13.85
24-Apr-17,10.84,11.56,12.01,10.82
25-Apr-17,10.76,10.81,11.15,10.22
26-Apr-17,10.85,10.61,10.89,10.39
27-Apr-17,10.36,10.72,11.08,10.33
28-Apr-17,10.82,10.39,11.16,10.29
1-May-17,10.11,10.92,11.04,9.9
2-May-17,10.59,10.15,10.59,10.04
3-May-17,10.68,10.56,11.15,10.4
4-May-17,10.46,10.71,11.24,10.27
5-May-17,10.57,10.51,10.98,9.99
8-May-17,9.77,10.53,10.55,9.67
9-May-17,9.96,9.87,10.14,9.56
10-May-17,10.21,9.75,10.24,9.62
11-May-17,10.6,10.34,11.23,10.32
12-May-17,10.4,10.72,10.87,10.28
15-May-17,10.42,10.54,10.88,10.25
16-May-17,10.65,10.46,10.67,10.18
17-May-17,15.59,11.89,15.59,11.53
18-May-17,14.66,14.06,16.3,14.03
19-May-17,12.04,14.23,14.23,11.72
22-May-17,10.93,12.29,12.52,10.89
23-May-17,10.72,11,11,10.56
24-May-17,10.02,10.61,10.9,9.88
25-May-17,9.99,9.82,10.29,9.72
26-May-17,9.81,9.93,10.48,9.65
30-May-17,10.38,10.61,10.84,10.14
31-May-17,10.41,10.1,11.3,9.93
1-Jun-17,9.89,10.42,10.54,9.69
2-Jun-17,9.75,10.08,10.3,9.58
5-Jun-17,10.07,10.08,10.28,9.6
6-Jun-17,10.45,10.19,10.77,9.86
7-Jun-17,10.39,10.48,10.93,10.12
8-Jun-17,10.16,10.27,10.53,9.73
9-Jun-17,10.7,9.93,12.11,9.37
12-Jun-17,11.46,11.19,12.37,11.19
13-Jun-17,10.42,11.12,11.14,10.26
14-Jun-17,10.64,10.33,11.26,10.01
15-Jun-17,10.9,11.06,12.01,10.74
16-Jun-17,10.38,10.63,11.35,10.26
19-Jun-17,10.37,10.57,10.6,10.01
20-Jun-17,10.86,10.28,11.15,10.24
21-Jun-17,10.75,11.03,11.4,10.4
22-Jun-17,10.48,10.81,11.01,10.24
23-Jun-17,10.02,10.25,10.69,9.85
26-Jun-17,9.9,10.13,10.44,9.68
27-Jun-17,11.06,10.04,11.31,9.8
28-Jun-17,10.03,11.17,11.49,9.76
29-Jun-17,11.44,9.79,15.16,9.73
30-Jun-17,11.18,11.74,11.85,10.4
3-Jul-17,11.22,11.07,11.45,10.28
5-Jul-17,11.07,11.2,12.03,10.79
6-Jul-17,12.54,11.2,13.05,11.18
7-Jul-17,11.19,12.48,12.57,10.98
10-Jul-17,11.11,11.26,11.73,10.61
11-Jul-17,10.89,10.79,12.14,10.68
12-Jul-17,10.3,10.85,10.85,10.08
13-Jul-17,9.9,10.07,10.4,9.9
14-Jul-17,9.51,10.09,10.14,9.5
17-Jul-17,9.82,9.77,10.03,9.71
18-Jul-17,9.89,9.86,10.35,9.66
19-Jul-17,9.79,9.69,9.94,9.58
20-Jul-17,9.58,9.66,10.28,9.5
21-Jul-17,9.36,9.52,9.98,9.3
24-Jul-17,9.43,9.94,9.97,9.26
25-Jul-17,9.43,9.4,9.52,9.04
26-Jul-17,9.6,9.25,9.66,8.84
27-Jul-17,10.11,9.33,11.5,9.16
28-Jul-17,10.29,10.62,11.3,10.26
31-Jul-17,10.26,10.53,10.84,10.23
1-Aug-17,10.09,10.19,10.56,9.95
2-Aug-17,10.28,10.08,10.81,9.8
3-Aug-17,10.44,10.47,10.6,9.9
4-Aug-17,10.03,10.48,10.5,9.68
7-Aug-17,9.93,10.19,10.32,9.76
8-Aug-17,10.96,10.04,11.52,9.52
9-Aug-17,11.11,11.49,12.63,11.11
10-Aug-17,16.04,11.57,16.17,11.56
11-Aug-17,15.51,16.17,17.28,14.5
14-Aug-17,12.33,14.05,14.05,12.06
15-Aug-17,12.04,11.78,12.37,11.45
16-Aug-17,11.74,11.59,12.54,11.25
17-Aug-17,15.55,11.81,15.77,11.54
18-Aug-17,14.26,15.38,16.04,13.32
21-Aug-17,13.19,14.59,14.74,13.07
22-Aug-17,11.35,12.6,12.94,11.35
23-Aug-17,12.25,11.51,12.59,11.39
24-Aug-17,12.23,12.06,12.83,11.55
25-Aug-17,11.28,12.2,12.45,11.1
28-Aug-17,11.32,12.09,12.11,11.23
29-Aug-17,11.7,13.33,14.34,11.48
30-Aug-17,11.22,11.4,11.98,10.96
31-Aug-17,10.59,11.07,11.22,10.34
1-Sep-17,10.13,10.33,10.46,10.02
5-Sep-17,12.23,11.75,14.06,11.41
6-Sep-17,11.63,12.27,12.59,11.35
7-Sep-17,11.55,11.93,12.07,11.32
8-Sep-17,12.12,11.87,12.6,11.84
11-Sep-17,10.73,11.38,11.39,10.51
12-Sep-17,10.58,10.66,10.95,10.29
13-Sep-17,10.5,10.72,10.86,10.33
14-Sep-17,10.44,10.57,11.04,10.28
15-Sep-17,10.17,10.51,10.74,10
18-Sep-17,10.15,10.18,10.42,9.88
19-Sep-17,10.18,10.16,10.3,9.85
20-Sep-17,9.78,10.04,10.67,9.67
21-Sep-17,9.67,9.74,10.21,9.54
22-Sep-17,9.59,9.9,10.2,9.5
25-Sep-17,10.21,10.08,11.21,9.79
26-Sep-17,10.17,10.42,10.68,9.94
27-Sep-17,9.87,9.9,10.42,9.63
28-Sep-17,9.55,9.74,10.13,9.55
29-Sep-17,9.51,9.59,9.83,9.36
2-Oct-17,9.45,9.59,10.04,9.37
3-Oct-17,9.51,9.3,9.75,9.3
4-Oct-17,9.63,9.53,9.88,9.53
5-Oct-17,9.19,9.48,9.62,9.13
6-Oct-17,9.65,9.23,10.27,9.11
9-Oct-17,10.33,9.92,10.53,9.88
10-Oct-17,10.08,10.15,10.66,9.94
11-Oct-17,9.85,9.95,10.38,9.72
12-Oct-17,9.91,9.94,10.33,9.65
13-Oct-17,9.61,9.95,9.98,9.44
16-Oct-17,9.91,9.95,10.02,9.75
17-Oct-17,10.31,9.85,10.46,9.78
18-Oct-17,10.07,10.34,10.41,9.87
19-Oct-17,10.05,10.22,11.77,9.99
20-Oct-17,9.97,9.92,10.04,9.29
23-Oct-17,11.07,10.25,11.08,9.94
24-Oct-17,11.16,10.89,11.16,10.39
25-Oct-17,11.23,11.34,13.2,10.99
26-Oct-17,11.3,11.17,11.81,10.6
27-Oct-17,9.8,11.12,11.12,9.74
30-Oct-17,10.5,10.28,10.89,10.1
31-Oct-17,10.18,10.34,10.37,9.9
1-Nov-17,10.2,9.79,10.49,9.74
2-Nov-17,9.93,10.44,10.89,9.67
3-Nov-17,9.14,9.83,9.91,8.99
6-Nov-17,9.4,9.63,9.74,9.38
7-Nov-17,9.89,9.31,10.31,9.29
8-Nov-17,9.78,9.79,10.27,9.5
9-Nov-17,10.5,9.94,12.19,9.79
10-Nov-17,11.29,10.78,11.58,10.5
13-Nov-17,11.5,11.43,12.18,11
14-Nov-17,11.59,11.53,12.61,11.45
15-Nov-17,13.13,12.52,14.51,12.33
16-Nov-17,11.76,12.47,12.52,11.38
17-Nov-17,11.43,11.75,12.01,11.16
20-Nov-17,10.65,11.96,12.08,10.44
21-Nov-17,9.73,10.74,10.78,9.67
22-Nov-17,9.88,9.6,9.88,9.32
24-Nov-17,9.67,9.82,9.96,8.56
27-Nov-17,9.87,10.07,10.26,9.79
28-Nov-17,10.03,9.72,10.31,9.53
29-Nov-17,10.7,9.91,10.93,9.81
30-Nov-17,11.28,10.49,12.05,10.25
1-Dec-17,11.43,11.19,14.58,10.54
4-Dec-17,11.68,11.05,11.86,10.26
5-Dec-17,11.33,11.38,11.67,10.65
6-Dec-17,11.02,11.63,11.68,10.86
7-Dec-17,10.16,10.9,11.32,10.12
8-Dec-17,9.58,10,10.06,9.43
11-Dec-17,9.34,9.74,10.08,9.28
12-Dec-17,9.92,9.36,9.92,9.21
13-Dec-17,10.18,9.78,10.21,9.65
14-Dec-17,10.49,9.98,10.54,9.78
15-Dec-17,9.42,10.12,10.2,9.22
18-Dec-17,9.53,9.46,9.89,9.24
19-Dec-17,10.03,9.4,10.15,9.18
20-Dec-17,9.72,9.69,9.85,8.9
21-Dec-17,9.62,9.59,9.86,9.2
22-Dec-17,9.9,9.37,10.18,9.35
26-Dec-17,10.25,10.19,10.46,10.13
27-Dec-17,10.47,10.04,10.79,9.71
28-Dec-17,10.18,10.29,10.44,10.07
29-Dec-17,11.04,10.03,11.06,9.95
2-Jan-18,9.77,10.95,11.07,9.52
3-Jan-18,9.15,9.56,9.65,8.94
4-Jan-18,9.22,9.01,9.31,8.92
5-Jan-18,9.22,9.1,9.54,9
8-Jan-18,9.52,9.61,9.89,9.32
9-Jan-18,10.08,9.41,10.09,9.37
10-Jan-18,9.82,10.11,10.85,9.82
11-Jan-18,9.88,9.69,10.02,9.62
12-Jan-18,10.16,9.74,10.31,9.54
16-Jan-18,11.66,10.42,12.41,10.4
17-Jan-18,11.91,11.35,12.81,11.18
18-Jan-18,12.22,12.01,12.4,11.62
19-Jan-18,11.27,12.3,12.33,11.17
22-Jan-18,11.03,11.59,11.62,10.84
23-Jan-18,11.1,10.77,11.57,10.76
24-Jan-18,11.47,11,12.19,10.89
25-Jan-18,11.58,11.27,12.01,11.2
26-Jan-18,11.08,11.4,11.6,11.08
29-Jan-18,13.84,11.71,13.84,11.68
30-Jan-18,14.79,13.93,15.42,13.88
31-Jan-18,13.54,14.23,14.44,13.41
1-Feb-18,13.47,13.05,14.3,12.5
2-Feb-18,17.31,13.64,17.86,13.64
5-Feb-18,37.32,18.44,38.8,16.8
6-Feb-18,29.98,37.32,50.3,22.42
7-Feb-18,27.73,31.38,31.64,21.17
8-Feb-18,33.46,27.29,36.17,24.41
9-Feb-18,29.06,32.18,41.06,27.73
12-Feb-18,25.61,27.25,29.7,24.42
13-Feb-18,24.97,26.94,27.82,24.47
14-Feb-18,19.26,23.48,25.72,18.99
15-Feb-18,19.13,18.39,20.66,17.6
16-Feb-18,19.46,18.74,20.99,17.44
20-Feb-18,20.6,20.53,21.61,19.75
21-Feb-18,20.02,20.76,21.04,16.97
22-Feb-18,18.72,20.57,20.61,18.07
23-Feb-18,16.49,17.96,18.8,16.47
26-Feb-18,15.8,16.53,16.94,15.8
27-Feb-18,18.59,15.83,18.98,15.29
28-Feb-18,19.85,18.08,20.44,15.65
1-Mar-18,22.47,19.96,25.3,19.57
2-Mar-18,19.59,22.47,26.22,19.36
5-Mar-18,18.73,21.55,21.57,17.94
6-Mar-18,18.36,18.25,19.64,17.68
7-Mar-18,17.76,20.11,20.49,17.52
8-Mar-18,16.54,17.56,17.68,14.91
9-Mar-18,14.64,16.41,16.75,13.31
12-Mar-18,15.78,15.28,16.35,15.18
13-Mar-18,16.35,15.7,16.98,15.03
14-Mar-18,17.23,16.59,17.59,14.94
15-Mar-18,16.59,16.99,17.41,15.96
16-Mar-18,15.8,16.6,16.72,15.23
19-Mar-18,19.02,16.63,21.87,16.56
20-Mar-18,18.2,18.38,19.31,18.09
21-Mar-18,17.86,17.76,18.37,16.26
22-Mar-18,23.34,18.13,23.81,18.12
23-Mar-18,24.87,24.02,26.01,21.63
26-Mar-18,21.03,23.41,24.54,20.71
27-Mar-18,22.5,20.33,24.06,19.84
28-Mar-18,22.87,22.52,24.94,21.71
29-Mar-18,19.97,22.87,23.05,19.6
2-Apr-18,23.62,21.07,25.72,20.44
3-Apr-18,21.1,23.03,23.38,20.92
4-Apr-18,20.06,21.68,24.51,19.86
5-Apr-18,18.94,19.76,20.21,18.57
6-Apr-18,21.49,20.33,23.12,18.6
9-Apr-18,21.77,21.27,22.02,20.34
10-Apr-18,20.47,20.51,21.68,20.24
11-Apr-18,20.24,20.95,21.66,19.64
12-Apr-18,18.49,19.83,19.92,18.16
13-Apr-18,17.41,18.27,18.45,17.26
16-Apr-18,16.56,17.59,17.66,16.38
17-Apr-18,15.25,16.16,16.27,14.57
18-Apr-18,15.6,15.3,16.9,14.95
19-Apr-18,15.96,15.55,16.92,15.16
20-Apr-18,16.88,16.16,17.5,15.19
23-Apr-18,16.34,17.29,17.56,15.79
24-Apr-18,18.02,16.16,19.66,15.37
25-Apr-18,17.84,18.14,19.84,17.75
26-Apr-18,16.24,18.07,18.12,16.24
27-Apr-18,15.41,16.22,16.77,15.25
30-Apr-18,15.93,15.39,16.35,15.13
1-May-18,15.49,15.78,16.82,15.42
2-May-18,15.97,15.48,15.97,14.75
3-May-18,15.9,15.78,18.66,15.43
4-May-18,14.77,15.94,16.92,10.91
7-May-18,14.75,15.32,15.52,14.51
8-May-18,14.71,14.53,15.56,14.52
9-May-18,13.42,14.54,14.63,13.38
10-May-18,13.23,13.36,13.63,12.92
11-May-18,12.65,13.22,13.44,12.65
14-May-18,12.93,12.95,13.28,12.81
15-May-18,14.63,13.13,15.01,12.5
16-May-18,13.42,14.38,14.91,13.21
17-May-18,13.43,13.54,13.86,12.65
18-May-18,13.42,13.18,13.87,13.06
21-May-18,13.08,13.44,13.59,12.78
22-May-18,13.22,13.03,13.42,12.77
23-May-18,12.58,13.5,14.6,12.49
24-May-18,12.53,12.73,14.24,12.53
25-May-18,13.22,12.44,13.52,12.29
29-May-18,17.02,14.39,18.78,14.39
30-May-18,14.94,16.6,16.64,14.65
31-May-18,15.43,14.93,16.29,14.2
1-Jun-18,13.46,14.92,14.93,13.37
4-Jun-18,12.74,13.91,13.91,12.69
5-Jun-18,12.4,12.91,13.34,12.3
6-Jun-18,11.64,12.1,12.56,11.62
7-Jun-18,12.13,11.66,13.28,11.22
8-Jun-18,12.18,12.54,13.31,12.09
11-Jun-18,12.35,12.52,12.69,12.14
12-Jun-18,12.34,12.29,12.6,11.88
13-Jun-18,12.94,12.13,12.95,11.98
14-Jun-18,12.12,12.98,13.07,11.88
15-Jun-18,11.98,12.19,13.16,11.93
18-Jun-18,12.31,12.79,13.74,12.28
19-Jun-18,13.35,14.61,14.68,13.21
20-Jun-18,12.79,12.9,13.02,12.25
21-Jun-18,14.64,12.54,15.18,12.18
22-Jun-18,13.77,14.6,14.6,13.11
25-Jun-18,17.33,15.07,19.61,14.56
26-Jun-18,15.92,16.71,17.54,15.1
27-Jun-18,17.91,16.52,18.19,14.76
28-Jun-18,16.85,17.54,18.99,16.4
29-Jun-18,16.09,15.73,16.51,14.66
2-Jul-18,15.6,17.7,18.08,15.54
3-Jul-18,16.14,15.37,16.45,14.68
5-Jul-18,14.97,15.62,16.22,14.47
6-Jul-18,13.37,14.99,15.45,13.34
9-Jul-18,12.69,13.42,13.45,12.6
10-Jul-18,12.64,12.52,13.21,11.93
11-Jul-18,13.63,14.05,14.15,13.09
12-Jul-18,12.58,13.07,13.33,12.42
13-Jul-18,12.18,12.39,12.97,11.62
16-Jul-18,12.83,12.46,12.97,12.13
17-Jul-18,12.06,12.91,13.18,11.85
18-Jul-18,12.1,11.87,12.47,11.44
19-Jul-18,12.87,12.2,13.09,11.79
20-Jul-18,12.86,13,13.58,12.49
23-Jul-18,12.62,13.47,13.55,12.58
24-Jul-18,12.41,12.61,13.21,11.66
25-Jul-18,12.29,12.37,12.82,11.8
26-Jul-18,12.14,12.45,12.53,11.78
27-Jul-18,13.03,12.17,14.26,11.6
30-Jul-18,14.26,13.63,14.46,12.98
31-Jul-18,12.83,13.98,14.12,12.81
1-Aug-18,13.15,13.09,13.63,12.45
2-Aug-18,12.19,13.57,14.53,12.17
3-Aug-18,11.64,12.43,12.46,11.07
6-Aug-18,11.27,11.91,12.15,11.17
7-Aug-18,10.93,11.12,11.24,10.52
8-Aug-18,10.85,10.93,11.18,10.52
9-Aug-18,11.27,10.94,11.31,10.17
10-Aug-18,13.16,11.82,13.82,11.59
13-Aug-18,14.78,14.5,15.02,12.95
14-Aug-18,13.31,13.93,14.22,13.11
15-Aug-18,14.64,13.52,16.86,13.44
16-Aug-18,13.45,14.18,14.36,12.82
17-Aug-18,12.64,13.18,13.96,12.4
20-Aug-18,12.49,12.57,12.79,12.26
21-Aug-18,12.86,12.47,12.89,12.09
22-Aug-18,12.25,13.09,13.29,11.97
23-Aug-18,12.41,12.03,12.68,11.65
24-Aug-18,11.99,12.13,12.17,11.83
27-Aug-18,12.16,12.37,12.48,12.02
28-Aug-18,12.5,12.01,12.5,11.87
29-Aug-18,12.25,12.34,12.55,12.09
30-Aug-18,13.53,12.25,13.95,12.24
31-Aug-18,12.86,13.54,14.03,12.82
4-Sep-18,13.16,13.13,14.35,13.12
5-Sep-18,13.91,13.69,14.3,13.23
6-Sep-18,14.65,14.21,15.41,13.72
7-Sep-18,14.88,14.72,15.63,14.31
10-Sep-18,14.16,15.09,15.2,13.93
11-Sep-18,13.22,13.96,14.92,13.21
12-Sep-18,13.14,13.07,13.86,12.91
13-Sep-18,12.37,12.91,12.91,12.3
14-Sep-18,12.07,12.13,13.15,11.93
17-Sep-18,13.68,12.72,13.75,12.32
18-Sep-18,12.79,13.48,13.48,12.56
19-Sep-18,11.75,12.61,12.77,11.66
20-Sep-18,11.8,11.82,11.96,11.31
21-Sep-18,11.68,11.76,12.03,11.1
24-Sep-18,12.2,12.46,12.92,12.18
25-Sep-18,12.42,12.28,12.6,11.8
26-Sep-18,12.89,12.21,13.13,11.55
27-Sep-18,12.41,12.77,13,11.94
28-Sep-18,12.12,12.59,13.22,12.09
1-Oct-18,12,11.99,12.4,11.57
2-Oct-18,12.05,12.47,12.69,11.61
3-Oct-18,11.61,11.66,12.14,11.34
4-Oct-18,14.22,12.84,15.84,12.42
5-Oct-18,14.82,14.29,17.36,11.72
8-Oct-18,15.69,16.05,18.38,15.69
9-Oct-18,15.95,16.12,17.49,15.27
10-Oct-18,22.96,16.03,22.96,15.83
11-Oct-18,24.98,23.07,28.84,20.65
12-Oct-18,21.31,21.63,26.8,20.88
15-Oct-18,21.3,21.97,22.89,19.47
16-Oct-18,17.62,20.28,20.56,17.55
17-Oct-18,17.4,17.06,19.55,17.06
18-Oct-18,20.06,18.02,21.57,17.51
19-Oct-18,19.89,19.24,21.08,18.39
22-Oct-18,19.64,19.38,20.89,18.82
23-Oct-18,20.71,22.18,24.66,20.18
24-Oct-18,25.23,21.6,26.38,20.4
25-Oct-18,24.22,24.78,24.78,22.06
26-Oct-18,24.16,24.51,27.52,23.33
29-Oct-18,24.7,24.48,27.86,22.01
30-Oct-18,23.35,23.94,25.55,23.11
31-Oct-18,21.23,22.72,22.8,20.39
1-Nov-18,19.34,20.96,21.21,19.03
2-Nov-18,19.51,18.52,21.61,18.05
5-Nov-18,19.96,20.58,20.87,19.64
6-Nov-18,19.91,19.84,20.6,19.69
7-Nov-18,16.36,18.03,18.05,16.33
8-Nov-18,16.72,16.18,17.2,16.09
9-Nov-18,17.36,16.87,18.41,16.84
12-Nov-18,20.45,17.26,20.71,17.25
13-Nov-18,20.02,19.45,21.25,19.11
14-Nov-18,21.25,20.52,22.36,19.3
15-Nov-18,19.98,20.41,22.97,19.94
16-Nov-18,18.14,20.04,21.36,18.1
19-Nov-18,20.1,18.78,20.99,18.52
20-Nov-18,22.48,20.76,23.81,20.37
21-Nov-18,20.8,21.66,22.31,20.11
23-Nov-18,21.52,21.23,22.65,20.65
26-Nov-18,18.9,20.78,20.8,18.67
27-Nov-18,19.02,19.41,19.93,18.7
28-Nov-18,18.49,18.87,19.38,18.18
29-Nov-18,18.79,18.65,20.48,18.59
30-Nov-18,18.07,19.18,19.91,18.03
3-Dec-18,16.44,16.04,17.28,15.94
4-Dec-18,20.74,16.84,21.94,16.26
6-Dec-18,21.19,23.53,25.94,20.94
7-Dec-18,23.23,22.42,24.71,19.9
10-Dec-18,22.64,23.95,25.94,22.5
11-Dec-18,21.76,22.96,23.6,21.39
12-Dec-18,21.46,21.91,21.91,20.5
13-Dec-18,20.65,21,21.57,20.34
14-Dec-18,21.63,21.57,22.47,20.95
17-Dec-18,24.52,22.36,25.88,21.97
18-Dec-18,25.58,24.68,26.14,23.64
19-Dec-18,25.58,25.15,26.64,22.5
20-Dec-18,28.38,26.09,30.3,24.68
21-Dec-18,30.11,28.24,31.35,25.71
24-Dec-18,36.07,29.29,36.1,29.16
26-Dec-18,30.41,35.5,36.2,29.59
27-Dec-18,29.96,31.2,33.8,29.66
28-Dec-18,28.34,29.97,31.05,27.43
31-Dec-18,25.42,27.59,27.64,25.33
2-Jan-19,23.22,27.54,28.53,23.05
3-Jan-19,25.45,25.68,26.6,24.05
4-Jan-19,21.38,24.36,24.48,21.19
7-Jan-19,21.4,22.06,22.71,20.91
8-Jan-19,20.47,20.96,22.03,20.09
9-Jan-19,19.98,20.44,22.8,19.48
10-Jan-19,19.5,20.98,21.32,19.29
11-Jan-19,18.19,19.68,20.16,18.12
14-Jan-19,19.07,19.84,20.27,18.7
15-Jan-19,18.6,18.53,19.2,17.98
16-Jan-19,19.04,18.08,19.04,17.76
17-Jan-19,18.06,19.51,19.72,17.85
18-Jan-19,17.8,17.8,18.18,17.17
22-Jan-19,20.8,18.53,21.15,18.2
23-Jan-19,19.52,20.85,22.02,19.47
24-Jan-19,18.89,19.69,20.25,18.63
25-Jan-19,17.42,18.43,18.46,17.31
28-Jan-19,18.87,18.56,20.42,18.42
29-Jan-19,19.13,19.45,19.93,18.42
30-Jan-19,17.66,19.15,19.31,17.54
31-Jan-19,16.57,17.39,17.72,16.54
1-Feb-19,16.14,16.63,16.83,16.08
4-Feb-19,15.73,16.72,16.73,15.6
5-Feb-19,15.57,15.79,15.94,15.04
6-Feb-19,15.38,15.44,15.87,15.09
7-Feb-19,16.37,15.66,17.89,15.51
8-Feb-19,15.72,16.81,17.63,15.62
11-Feb-19,15.97,16.17,16.5,15.34
12-Feb-19,15.43,15.23,15.65,14.95
13-Feb-19,15.65,15.46,15.91,15
14-Feb-19,16.22,15.61,17.27,15.3
15-Feb-19,14.91,16.82,16.82,14.79
19-Feb-19,14.88,15.65,16.16,14.64
20-Feb-19,14.02,14.92,15.19,13.99
21-Feb-19,14.46,14,15.17,13.85
22-Feb-19,13.51,14.46,14.47,13.51
25-Feb-19,14.85,13.91,14.9,13.44
26-Feb-19,15.17,15.16,15.28,14.52
27-Feb-19,14.7,15.53,16.17,14.7
28-Feb-19,14.78,15.17,15.24,14.39
1-Mar-19,13.57,14.57,14.84,13.41
4-Mar-19,14.63,13.77,16.98,13.38
5-Mar-19,14.74,14.52,15.39,14.26
6-Mar-19,15.74,14.91,16.11,14.74
7-Mar-19,16.59,16.33,17.81,15.54
8-Mar-19,16.05,17.38,18.33,16.02
11-Mar-19,14.33,16.28,16.43,14.33
12-Mar-19,13.77,13.97,14.7,13.61
13-Mar-19,13.41,14,14.05,13.25
14-Mar-19,13.5,13.35,13.84,13.16
15-Mar-19,12.88,13.21,13.28,12.5
18-Mar-19,13.1,13.13,13.8,13
19-Mar-19,13.56,12.89,13.77,12.37
20-Mar-19,13.91,13.54,14.3,13.05
21-Mar-19,13.63,14.11,14.56,13.26
22-Mar-19,16.48,13.77,17.52,13.62
25-Mar-19,16.33,17.76,17.85,16.26
26-Mar-19,14.68,16.22,16.3,14.67
27-Mar-19,15.15,14.52,16.71,14.51
28-Mar-19,14.43,15.38,15.62,14.41
29-Mar-19,13.71,14.19,14.43,13.64
1-Apr-19,13.4,13.9,14.01,13.32
2-Apr-19,13.36,13.62,13.68,13.13
3-Apr-19,13.74,13.06,14.27,12.85
4-Apr-19,13.58,13.84,14.03,13.4
5-Apr-19,12.82,13.46,13.47,12.17
8-Apr-19,13.18,13.55,13.77,13.1
9-Apr-19,14.28,13.46,14.39,13.31
10-Apr-19,13.3,14.09,14.29,13.27
11-Apr-19,13.02,13.37,13.58,12.91
12-Apr-19,12.01,12.96,12.96,11.95
15-Apr-19,12.32,12.46,13.14,12.24
16-Apr-19,12.18,12.26,12.47,11.85
17-Apr-19,12.6,12.12,13.02,11.03
18-Apr-19,12.09,12.8,13.12,12.02
19-Apr-19,12.09,12.09,12.09,12.09
22-Apr-19,12.42,13.21,13.36,12.38
23-Apr-19,12.28,12.66,12.69,12.08
24-Apr-19,13.14,12.53,13.23,12.26
25-Apr-19,13.25,13.29,14.3,12.81
26-Apr-19,12.73,13.44,13.62,12.49
29-Apr-19,13.11,13.04,13.27,12.65
30-Apr-19,13.12,13.11,14.05,12.88
1-May-19,14.8,12.86,14.83,12.74
2-May-19,14.42,14.35,15.92,13.8
3-May-19,12.87,14.11,14.15,12.8
6-May-19,15.44,12.89,18.8,12.89
7-May-19,19.32,15.9,21.84,15.8
8-May-19,19.4,18.95,21.74,18.29
9-May-19,19.1,21.4,23.38,18.87
10-May-19,16.04,18.79,20.19,15.57
13-May-19,20.55,18.62,21.32,18.35
14-May-19,18.06,19.4,19.65,17.45
15-May-19,16.44,17.57,19.15,16.41
16-May-19,15.29,16.69,17.13,15.16
17-May-19,15.96,15.89,16.81,14.86
20-May-19,16.31,15.88,17.63,15.46
21-May-19,14.95,15.86,16.22,14.79
22-May-19,14.75,15.06,15.44,14.42
23-May-19,16.92,15.93,18.05,15.28
24-May-19,15.85,16.34,16.52,15.52
28-May-19,17.5,16.55,17.7,15.9
29-May-19,17.9,18.55,19.04,17.62
30-May-19,17.3,17.47,18.11,16.72
31-May-19,18.71,19.05,19.72,18.01
3-Jun-19,18.86,19.41,19.75,18.16
4-Jun-19,16.97,18.74,18.74,16.97
5-Jun-19,16.09,17.06,17.49,16.04
6-Jun-19,15.93,16.25,16.54,15.36
7-Jun-19,16.3,15.65,16.44,15.33
10-Jun-19,15.94,16.3,16.47,15.84
11-Jun-19,15.99,15.84,16.7,15.5
12-Jun-19,15.91,16.26,16.43,15.78
13-Jun-19,15.82,16.16,16.21,15.61
14-Jun-19,15.28,16,16.4,15.21
17-Jun-19,15.35,15.65,15.76,15.24
18-Jun-19,15.15,14.89,15.54,14.62
19-Jun-19,14.33,15.05,15.71,14.15
20-Jun-19,14.75,14.04,16.03,13.19
21-Jun-19,15.4,14.74,15.48,14.42
24-Jun-19,15.26,15.46,15.56,15.23
25-Jun-19,16.28,15.43,16.68,15.1
26-Jun-19,16.21,16.1,16.6,15.47
27-Jun-19,15.82,15.66,16.4,15.66
28-Jun-19,15.08,15.7,16.13,15.08
1-Jul-19,14.06,13.85,14.64,13.8
2-Jul-19,12.93,14.16,14.3,12.9
3-Jul-19,12.57,13.18,13.19,12.56
5-Jul-19,13.28,13,14.47,12.04
8-Jul-19,13.96,13.73,14.44,13.64
9-Jul-19,14.09,14.47,14.71,13.99
10-Jul-19,13.03,14.38,14.69,12.98
11-Jul-19,12.93,13.01,13.33,12.39
12-Jul-19,12.39,12.76,12.82,12.28
15-Jul-19,12.68,12.58,13.02,12.49
16-Jul-19,12.86,12.61,13.14,12.28
17-Jul-19,13.97,12.62,13.97,12.24
18-Jul-19,13.53,14.45,14.5,13.19
19-Jul-19,14.45,13.31,14.45,13.09
22-Jul-19,13.53,14.55,14.7,13.42
23-Jul-19,12.61,13.42,13.52,12.55
24-Jul-19,12.07,12.8,13.1,11.98
