Date,Value,% Change
5/12/2019,11959207.07,12.52822298
5/11/2019,10627740.09,-11.46173843
5/10/2019,12003556.32,1.937897601
5/9/2019,11775361.87,19.55094966
5/8/2019,9849659.832,-11.29697143
5/7/2019,11104085.16,15.90706152
5/6/2019,9580162.774,-1.71201828
5/5/2019,9747033.774,-12.67653995
5/4/2019,11161987.59,-12.01787523
5/3/2019,12686653.82,8.442422334
5/2/2019,11698976.79,21.12012097
5/1/2019,9658987.04,-13.20243878
4/30/2019,11128177.92,0.553995701
4/29/2019,11066867.95,18.58367553
4/28/2019,9332539.15,-10.69394265
4/27/2019,10450062.88,2.429166599
4/26/2019,10202233.63,-13.9066006
4/25/2019,11850192.58,38.62077039
4/24/2019,8548641.412,-7.665887653
4/23/2019,9258378.29,-15.41385681
4/22/2019,10945502.35,21.72966856
4/21/2019,8991647.213,-13.5242309
4/20/2019,10397880.59,2.097647439
4/19/2019,10184250.91,8.372564812
4/18/2019,9397443.839,-2.647833515
4/17/2019,9653040.274,-0.222764094
4/16/2019,9674591.791,20.40203886
4/15/2019,8035239.173,-9.740904383
4/14/2019,8902414.896,-11.00168674
4/13/2019,10002902.94,-5.821003736
4/12/2019,10621161.13,3.100974002
4/11/2019,10301707.85,12.29680106
4/10/2019,9173643.193,-11.16928011
4/9/2019,10327106.66,8.999262932
4/8/2019,9474473.85,3.331031273
4/7/2019,9169049.929,-11.91394897
4/6/2019,10409196.26,9.954738802
4/5/2019,9466800.953,-1.602510642
4/4/2019,9620978.151,-0.918447936
4/3/2019,9710160.924,32.96042726
4/2/2019,7303045.819,-0.27564246
4/1/2019,7323231.755,-0.514009395
3/31/2019,7361068.338,-4.98785745
3/30/2019,7747502.73,2.547345163
3/29/2019,7555049.541,-1.418972737
3/28/2019,7663796.727,13.83068735
3/27/2019,6732627.998,-9.924598043
3/26/2019,7474435.697,-1.051481191
3/25/2019,7553863.147,3.012045166
3/24/2019,7332990.171,-10.12689925
3/23/2019,8159271.362,11.15144436
3/22/2019,7340679.564,-10.58686078
3/21/2019,8209844.356,-6.793799866
3/20/2019,8808259.906,8.256902686
3/19/2019,8136441.823,10.59886432
3/18/2019,7356713.717,-10.96047407
3/17/2019,8262301.085,8.496222128
3/16/2019,7615289.199,-0.727919962
3/15/2019,7671128.877,14.67032428
3/14/2019,6689724.587,-5.233052109
3/13/2019,7059132.679,0.317670758
3/12/2019,7036778.89,4.351919978
3/11/2019,6743315.208,-1.66444414
3/10/2019,6857453.694,-5.565391092
3/9/2019,7261589.552,2.98908906
3/8/2019,7050833.849,11.39061306
3/7/2019,6329827.672,-11.77992784
3/6/2019,7175042.501,9.914359446
3/5/2019,6527848.169,-7.634221723
3/4/2019,7067388.259,10.21659707
3/3/2019,6412272.242,-18.80592981
3/2/2019,7897463.727,7.842238979
3/1/2019,7323163.727,6.438766723
2/28/2019,6880165.895,-12.37627107
2/27/2019,7851943.736,12.26452011
2/26/2019,6994145.371,-0.130462151
2/25/2019,7003282.003,-3.860110466
2/24/2019,7284470.616,-11.07127225
2/23/2019,8191358.181,36.28790614
2/22/2019,6010333.868,-8.525632165
2/21/2019,6570511.511,-15.90880638
2/20/2019,7813554.818,4.244085802
2/19/2019,7495441.835,2.85569502
2/18/2019,7287337.696,5.794664388
2/17/2019,6888190.192,18.19896415
2/16/2019,5827623.144,-9.745835574
2/15/2019,6456902.218,-8.519681902
2/14/2019,7058241.983,19.16635122
2/13/2019,5923015.944,-11.22740168
2/12/2019,6672121.867,3.783490578
2/11/2019,6428885.586,-6.999368719
2/10/2019,6912733.277,-4.017909577
2/9/2019,7202107.441,-3.464888418
2/8/2019,7460609.226,5.701014987
2/7/2019,7058219.098,10.02860811
2/6/2019,6414894.471,0.191286251
2/5/2019,6402647.087,6.110198968
2/4/2019,6033960.118,-4.402182488
2/3/2019,6311817.859,-9.004484364
2/2/2019,6936405.399,2.119590163
2/1/2019,6792433.643,14.31132626
1/31/2019,5942047.796,-5.912332189
1/30/2019,6315437.437,-0.564709264
1/29/2019,6351303.838,2.996062433
1/28/2019,6166550.146,-9.331696429
1/27/2019,6801219.282,8.790695918
1/26/2019,6251655.277,-14.42875084
1/25/2019,7305789.432,10.45149505
1/24/2019,6614477.63,12.92062576
1/23/2019,5857634.586,-12.8844522
1/22/2019,6723982.957,-6.046479756
1/21/2019,7156712.105,15.42405359
1/20/2019,6200364.554,-2.231192348
1/19/2019,6341863.732,8.747789534
1/18/2019,5831717.37,-4.572998667
1/17/2019,6111181.624,-0.000827881
1/16/2019,6111232.218,-9.926676766
1/15/2019,6784730.482,9.15360235
1/14/2019,6215764.149,-2.150655372
1/13/2019,6352381.994,-7.314164207
1/12/2019,6853670.725,-9.019001182
1/11/2019,7533079.23,-9.972032624
1/10/2019,8367487.848,-2.819817356
1/9/2019,8610282.076,19.42172488
1/8/2019,7209979.662,3.370882044
1/7/2019,6974865.184,-12.03918206
1/6/2019,7929513.785,10.21653834
1/5/2019,7194486.33,-4.88618876
1/4/2019,7564081.637,2.647490698
1/3/2019,7368988.356,4.811005228
1/2/2019,7030739.129,-5.072593346
1/1/2019,7406437.589,-12.71909312
12/31/2018,8485747.747,24.63278454
12/30/2018,6808599.983,-13.62584746
12/29/2018,7882682.24,-4.044681977
12/28/2018,8214950.878,8.52872188
12/27/2018,7569379.548,-1.051662323
12/26/2018,7649829.927,-4.799599576
12/25/2018,8035501.839,-9.942905272
12/24/2018,8922674.958,3.407082655
12/23/2018,8628688.412,20.65336194
12/22/2018,7151635.291,4.692305476
12/21/2018,6831099.247,-5.358600583
12/20/2018,7217876.414,24.38675123
12/19/2018,5802769.461,-15.3617703
12/18/2018,6855967.43,44.30641675
12/17/2018,4750978.913,-21.68344338
12/16/2018,6066378.704,0.017703928
12/15/2018,6065304.907,7.277939878
12/14/2018,5653823.064,7.273733903
12/13/2018,5270463.568,-2.997315667
12/12/2018,5433317.237,-1.98041244
12/11/2018,5543093.347,-2.846284412
12/10/2018,5705487.756,3.332985796
12/9/2018,5521458.334,11.33584113
12/8/2018,4959282.005,-22.78629028
12/7/2018,6422799.815,0.807758541
12/6/2018,6371334.814,-8.436302575
12/5/2018,6958363.405,20.44488898
12/4/2018,5777217.666,-4.281449051
12/3/2018,6035630.094,-7.274085326
12/2/2018,6509108.176,21.61110998
12/1/2018,5352395.992,-7.532287209
11/30/2018,5788394.49,-6.812422838
11/29/2018,6211551.653,-1.146703578
11/28/2018,6283605.988,12.41162026
11/27/2018,5589818.893,-9.728349875
11/26/2018,6192219.69,-20.70530572
11/25/2018,7809122.345,13.29525642
11/24/2018,6892717.835,-3.123178864
11/23/2018,7114929.819,15.18582928
11/22/2018,6176914.177,-23.10417325
11/21/2018,8032834.08,-6.220984671
11/20/2018,8565705.294,-1.774072762
11/19/2018,8720411.743,-14.45630042
11/18/2018,10194101.71,13.008437
11/17/2018,9020655.432,-1.209884586
11/16/2018,9131131.586,-13.70868734
11/15/2018,10581750.71,9.391839538
11/14/2018,9673254.194,-14.59345172
11/13/2018,11326127.08,-3.447415279
11/12/2018,11730527.06,10.82263535
11/11/2018,10584955.89,2.550442197
11/10/2018,10321706.72,3.770581346
11/9/2018,9946659.822,-7.546227069
11/8/2018,10758522.35,3.088365889
11/7/2018,10436213.88,-10.85367433
11/6/2018,11706835.7,18.13690591
11/5/2018,9909549.949,-23.14386099
11/4/2018,12893634.88,11.77817629
11/3/2018,11535019.9,-6.368726146
11/2/2018,12319622.95,-4.957935678
11/1/2018,12962284.69,5.692620547
10/31/2018,12264134.07,4.167304122
10/30/2018,11773496.66,3.359033241
10/29/2018,11390873.44,2.83596662
10/28/2018,11076740.77,-5.228277541
10/27/2018,11687812.02,4.287105542
10/26/2018,11207341.46,20.46695391
10/25/2018,9303249.642,-26.07215007
10/24/2018,12584228.61,-0.906419165
10/23/2018,12699337.84,11.90398718
10/22/2018,11348423.02,-2.936316907
10/21/2018,11691729.24,0.532732758
10/20/2018,11629773.63,1.5835226
10/19/2018,11448484.29,-0.473205259
10/18/2018,11502916.7,2.164270928
10/17/2018,11259236.32,-14.80270931
10/16/2018,13215486.35,45.94895447
10/15/2018,9054868.806,-18.55344858
10/14/2018,11117559.49,6.435421734
10/13/2018,10445356.73,-16.66545699
10/12/2018,12534246.13,5.188173929
10/11/2018,11916022.17,9.616554833
10/10/2018,10870641.02,-3.629055594
10/9/2018,11279998.43,-3.812571611
10/8/2018,11727102.62,12.76854668
10/7/2018,10399267.32,-3.835534645
10/6/2018,10814043.71,-12.99767496
10/5/2018,12429603.12,4.751131904
10/4/2018,11865841.35,4.019420699
10/3/2018,11407332.66,-13.32472352
10/2/2018,13160999.45,-2.764870808
10/1/2018,13535231.1,7.66976856
9/30/2018,12571059.9,-3.647751842
9/29/2018,13046981.4,10.22434176
9/28/2018,11836751.48,4.109819833
9/27/2018,11369486.09,-16.86908655
9/26/2018,13676604.3,10.42273445
9/25/2018,12385677.98,-2.315250647
9/24/2018,12679234.03,-3.392350064
9/23/2018,13124461.71,7.782347909
9/22/2018,12176819.27,-2.374171621
9/21/2018,12472948.47,0.078518903
9/20/2018,12463162.54,10.33015242
9/19/2018,11296243.38,3.514143799
9/18/2018,10912753.53,-3.808510253
9/17/2018,11344822.24,-1.434984941
9/16/2018,11509988.85,5.971929751
9/15/2018,10861356.28,-9.967054364
9/14/2018,12063757.56,-9.455769589
9/13/2018,13323607.15,18.49725843
9/12/2018,11243810.47,4.559838596
9/11/2018,10753469.61,-16.79506113
9/10/2018,12924076.09,7.198074073
9/9/2018,12056257.73,-2.968364791
9/8/2018,12425079.42,1.316061395
9/7/2018,12263681.83,2.513824036
9/6/2018,11962954.21,2.104196736
9/5/2018,11716417.74,-11.33543078
9/4/2018,13214317.55,0.378811699
9/3/2018,13164449.08,-2.769750163
9/2/2018,13539458.25,-1.199665175
9/1/2018,13703858.67,1.416464156
8/31/2018,13512459.52,8.764256606
8/30/2018,12423621.46,-9.343580833
8/29/2018,13704072.55,-13.03267654
8/28/2018,15757726.02,7.807848236
8/27/2018,14616492.47,27.31505256
8/26/2018,11480569.01,-4.863635035
8/25/2018,12067487.56,-0.34458571
8/24/2018,12109214.18,-9.022137026
8/23/2018,13310066.63,10.9102827
8/22/2018,12000750.8,-2.04960881
8/21/2018,12251866.12,4.569088883
8/20/2018,11716527.56,-9.729453265
8/19/2018,12979347.07,4.107264494
8/18/2018,12467282.79,-1.671519043
8/17/2018,12679218.34,-2.060009311
8/16/2018,12945905.19,23.92357272
8/15/2018,10446684.93,-13.14113611
8/14/2018,12027194.99,-2.285008101
8/13/2018,12308443.93,-7.183961976
8/12/2018,13261117.58,-6.630716664
8/11/2018,14202869.62,17.89819901
8/10/2018,12046723.14,-5.831238582
8/9/2018,12792695.75,-1.504736121
8/8/2018,12988132.88,12.76431715
8/7/2018,11517945.75,-17.82557258
8/6/2018,14016460,-14.43963884
8/5/2018,16381955.16,4.512389373
8/4/2018,15674653.75,7.790995458
8/3/2018,14541709.8,0.663795659
8/2/2018,14445819.08,-3.668987666
8/1/2018,14996021.25,8.527400298
7/31/2018,13817728.25,-20.73194552
7/30/2018,17431648.02,18.01675335
7/29/2018,14770485.99,-10.8499133
7/28/2018,16568111.75,-2.03103729
7/27/2018,16911592.5,-9.378321822
7/26/2018,18661751.63,21.81357067
7/25/2018,15319928.25,-0.39826739
7/24/2018,15381186.5,-8.848634759
7/23/2018,16874334.75,34.38674863
7/22/2018,12556546.63,-13.06696266
7/21/2018,14443929.5,-7.813673205
7/20/2018,15668190.72,-2.138170502
7/19/2018,16010523,20.81323516
7/18/2018,13252292.25,38.76735015
7/17/2018,9550007.43,-8.388441292
7/16/2018,10424456.88,0.989870975
7/15/2018,10322279.63,-6.290436943
7/14/2018,11015182.75,-2.250073464
7/13/2018,11268737.63,4.232835946
7/12/2018,10811120.63,-13.41234586
7/11/2018,12485753,9.264138811
7/10/2018,11427128,-12.51795345
7/9/2018,13062255,1.14304039
7/8/2018,12914635.5,-0.826313292
7/7/2018,13022240,13.55576501
7/6/2018,11467704.88,3.408556322
7/5/2018,11089706,15.3117232
7/4/2018,9617154,-14.67568285
7/3/2018,11271293.25,-3.444325887
7/2/2018,11673361.88,11.23400382
7/1/2018,10494418.5,-6.606047117
6/30/2018,11236721.63,-6.770039478
6/29/2018,12052693.75,29.75528359
6/28/2018,9288788.415,-18.48500984
6/27/2018,11395190.5,-5.76684098
6/26/2018,12092548.55,-8.565897883
6/25/2018,13225424.94,9.317836791
6/24/2018,12098140,-5.43254692
6/23/2018,12793132.95,-11.08743656
6/22/2018,14388442.37,4.10933094
6/21/2018,13820511.8,3.686335112
6/20/2018,13329154.5,-3.149799547
6/19/2018,13762650.4,8.48342977
6/18/2018,12686407.9,-6.075729413
6/17/2018,13507060.33,9.767152811
6/16/2018,12305193.3,-3.203323397
6/15/2018,12712413,12.2916173
6/14/2018,11320892.25,-4.423390007
6/13/2018,11844835.52,-1.61535168
6/12/2018,12039312.76,11.90709791
6/11/2018,10758310.23,-20.61247059
6/10/2018,13551637.53,-1.881691794
6/9/2018,13811527.92,0.657314383
6/8/2018,13721335.6,-2.458585603
6/7/2018,14067189.5,-15.56000757
6/6/2018,16659392.19,-2.899613461
6/5/2018,17156875.25,9.359440775
6/4/2018,15688517.73,8.004659062
6/3/2018,14525778.67,-7.097027161
6/2/2018,15635429.33,-1.783168643
6/1/2018,15919297.25,-0.896064104
5/31/2018,16063234.13,23.85873694
5/30/2018,12968995.59,-7.014555823
5/29/2018,13947339.5,-7.583050633
5/28/2018,15091754.92,1.495458462
5/27/2018,14869389.38,-9.219650874
5/26/2018,16379524.33,21.10938556
5/25/2018,13524570.58,-11.60627168
5/24/2018,15300373.5,1.130026095
5/23/2018,15129407.25,-8.111929018
5/22/2018,16465039.57,7.52094693
5/21/2018,15313332,-3.262814827
5/20/2018,15829830.04,2.56716797
5/19/2018,15433623.02,14.00882701
5/18/2018,13537217.62,-27.49471943
5/17/2018,18670664.41,20.19681055
5/16/2018,15533410.85,8.743002731
5/15/2018,14284515.29,-11.52992912
5/14/2018,16146155.58,-7.730796745
5/13/2018,17498965,30.07800935
5/12/2018,13452669.74,-23.21691302
5/11/2018,17520355.42,-6.027262894
5/10/2018,18644083.33,16.27330239
5/9/2018,16034706.98,-8.543027105
5/8/2018,17532514.44,6.249688042
5/7/2018,16501238.51,-16.40268685
5/6/2018,19738957.97,17.83742507
5/5/2018,16751009.25,-7.931737342
5/4/2018,18194118.98,12.6156747
5/3/2018,16155938.35,-9.861170682
5/2/2018,17923394.92,-0.094880506
5/1/2018,17940416.88,-2.68393751
4/30/2018,18435206.29,23.46765137
4/29/2018,14931203.51,-7.059874101
4/28/2018,16065400.56,-2.213321969
4/27/2018,16429027.84,15.26408109
4/26/2018,14253380.31,-25.54854307
4/25/2018,19144528.4,12.04797321
4/24/2018,17086010.44,-3.343797007
4/23/2018,17677096.67,0.885531906
4/22/2018,17521934.35,15.51045471
4/21/2018,15169132.86,-17.40887316
4/20/2018,18366540.63,12.47202316
4/19/2018,16329874.85,2.136920757
4/18/2018,15988219.28,12.77414066
4/17/2018,14177203.38,-16.57659064
4/16/2018,16994274.73,23.48224263
4/15/2018,13762525.18,-15.48582167
4/14/2018,16284279.69,7.79221648
4/13/2018,15107101.63,8.379228076
4/12/2018,13939111.67,0.176720049
4/11/2018,13914521.92,13.03507944
4/10/2018,12309914.75,-12.88131839
4/9/2018,14130051.7,-9.348934637
4/8/2018,15587298,36.35617707
4/7/2018,11431310.51,-14.12580487
4/6/2018,13311694.5,6.728255169
4/5/2018,12472512.06,-17.39380599
4/4/2018,15098761.31,10.05004873
4/3/2018,13719904.25,-0.277352822
4/2/2018,13758062.63,23.9826103
4/1/2018,11096768,-20.37980067
3/31/2018,13937126.63,2.273332924
3/30/2018,13627332,1.44560938
3/29/2018,13433141.25,-10.23489969
3/28/2018,14964770.5,-2.639050009
3/27/2018,15370403.13,5.698891304
3/26/2018,14541688.13,-13.91191109
3/25/2018,16891637.75,16.89280981
3/24/2018,14450536.16,-6.975417915
3/23/2018,15534104.9,-8.674909053
3/22/2018,17009679.09,19.15071588
3/21/2018,14275767.43,-12.45473256
3/20/2018,16306726.62,5.726185243
3/19/2018,15423545.81,3.595640203
3/18/2018,14888219.02,-10.49678415
3/17/2018,16634283.9,10.56633538
3/16/2018,15044619,2.53437033
3/15/2018,14672757,-19.25658811
3/14/2018,18172079.5,-1.717585054
3/13/2018,18489655.05,-1.422804394
3/12/2018,18756523.7,21.78208963
3/11/2018,15401709.52,-7.201970918
3/10/2018,16597022.24,-13.20565178
3/9/2018,19122238.46,-3.698755475
3/8/2018,19856688.83,-5.439835831
3/7/2018,20998999.95,-3.183378927
3/6/2018,21689457.57,2.570820489
3/5/2018,21145836.08,-17.02840788
3/4/2018,25485633.75,18.15372153
3/3/2018,21569895.07,-5.099124879
3/2/2018,22728868.45,12.83169727
3/1/2018,20144045.51,-6.707488793
2/28/2018,21592349.97,18.24873606
2/27/2018,18260110.58,-11.89955587
2/26/2018,20726468.25,14.9341037
2/25/2018,18033349.18,-5.808585891
2/24/2018,19145427.8,3.452159794
2/23/2018,18506552.05,-16.86579142
2/22/2018,22261055.19,10.26072521
2/21/2018,20189469.23,-10.53293328
2/20/2018,22566369.92,6.098922682
2/19/2018,21269179.13,5.102649803
2/18/2018,20236577.45,1.562779866
2/17/2018,19925190.58,20.56031334
2/16/2018,16527155.6,-21.11739526
2/15/2018,20951584.52,18.17959993
2/14/2018,17728596.59,-3.638902089
2/13/2018,18398084.88,16.21037581
2/12/2018,15831705.86,4.46760873
2/11/2018,15154655.17,3.195691863
2/10/2018,14685356.43,6.552309911
2/9/2018,13782297.58,-6.637751888
2/8/2018,14762174.06,-13.16685361
2/7/2018,17000620.93,3.299437457
2/6/2018,16457612.31,-13.65851242
2/5/2018,19061071.07,2.689737435
2/4/2018,18561807.19,-8.786055177
2/3/2018,20349747.21,5.279964321
2/2/2018,19329173.73,22.02311805
2/1/2018,15840583.36,-28.40373518
1/31/2018,22124873.97,2.185687715
1/30/2018,21651636.81,-10.32007482
1/29/2018,24143236.92,2.06569854
1/28/2018,23654604.11,4.296770815
1/27/2018,22680092.51,-4.917686527
1/26/2018,23853113.88,-11.7238215
1/25/2018,27021008.71,-0.243129856
1/24/2018,27086864.96,10.79541976
1/23/2018,24447639.64,-18.00441046
1/22/2018,29815798.36,-10.48844425
1/21/2018,33309440.45,17.94299491
1/20/2018,28241982.9,-9.034014722
1/19/2018,31046750.95,3.954618953
1/18/2018,29865677.22,6.567327674
1/17/2018,28025172.32,-13.30491163
1/16/2018,32326136.17,-0.76440254
1/15/2018,32575141.38,-3.059478158
1/14/2018,33603224.7,-12.17237064
1/13/2018,38260425.5,-4.673933052
1/12/2018,40136372.69,-2.268907411
1/11/2018,41068171.48,2.687524723
1/10/2018,39993340.56,-2.574133676
1/9/2018,41050023.03,-6.335526251
1/8/2018,43826673.43,-6.553708565
1/7/2018,46900388.18,12.82279572
1/6/2018,41569957.46,-2.252263075
1/5/2018,42527795.29,7.359105286
1/4/2018,39612658.08,-2.31958663
1/3/2018,40553327.64,25.41880074
1/2/2018,32334328.99,-8.750784849
1/1/2018,35435185.86,5.335699307
12/31/2017,33640243.62,-17.00166608
12/30/2017,40531227.59,9.518914918
12/29/2017,37008426.92,-10.88738533
12/28/2017,41529952.92,6.7781346
12/27/2017,38893686.5,18.91646621
12/26/2017,32706729.13,-13.09462334
12/25/2017,37634874.15,-10.03688711
12/24/2017,41833672.65,-18.05219929
12/23/2017,51049170.67,17.21176151
12/22/2017,43552942.14,6.781793582
12/21/2017,40786861.39,-2.022963963
12/20/2017,41629001.08,-20.85769886
12/19/2017,52600190.39,-1.11181454
12/18/2017,53191582.14,5.184408652
12/17/2017,50569835.23,8.17312385
12/16/2017,46748982.95,-2.014228063
12/15/2017,47709970.57,-0.018823549
12/14/2017,47718952.97,14.89558997
12/13/2017,41532449.57,-2.315913233
12/12/2017,42517108.93,17.71476437
12/11/2017,36118756.35,-10.22941242
12/10/2017,40234510.34,-0.139505451
12/9/2017,40290718.09,12.38526799
12/8/2017,35850533.45,5.438401429
12/7/2017,34001400.78,21.08495161
12/6/2017,28080616.4,1.059524111
12/5/2017,27786214.76,6.557093558
12/4/2017,26076363.22,11.49336023
12/3/2017,23388265.6,-12.09310228
12/2/2017,26605722.88,15.73305438
12/1/2017,22988871.27,-1.378807988
11/30/2017,23310275.2,10.84480218
11/29/2017,21029651.14,-4.966011345
11/28/2017,22128557.83,17.32604353
11/27/2017,18860738.13,4.539417576
11/26/2017,18041747.86,7.9545409
11/25/2017,16712356.61,-4.72194542
11/24/2017,17540614.88,26.16695893
11/23/2017,13902700.85,-27.69047777
11/22/2017,19226652.9,-4.17924561
11/21/2017,20065228.06,15.47263156
11/20/2017,17376609.32,15.71502698
11/19/2017,15016726.68,-19.66406729
11/18/2017,18692415.92,2.610658326
11/17/2017,18216836.56,2.673594659
11/16/2017,17742474.71,24.07920007
11/15/2017,14299314.22,-11.33121143
11/14/2017,16126660.19,83.43109808
11/13/2017,8791671.835,8.20038746
11/12/2017,8125360.77,-31.41012923
11/11/2017,11846298.41,-24.65446549
11/10/2017,15722628.4,4.337122545
11/9/2017,15069064.6,-1.813332511
11/8/2017,15347363.33,19.5052358
11/7/2017,12842419.19,-7.963523389
11/6/2017,13953618.89,2.184417165
11/5/2017,13655329.53,11.36919881
11/4/2017,12261316.12,-16.67821053
11/3/2017,14715617.85,44.34737244
11/2/2017,10194586.57,-15.70336536
11/1/2017,12093705.3,-2.261668748
10/31/2017,12373554.11,-5.224712016
10/30/2017,13055675.56,89.52276184
10/29/2017,6888711.113,-15.60353691
10/28/2017,8162322.046,-39.46437035
10/27/2017,13483500.7,0.071566339
10/26/2017,13473857.95,10.75805916
10/25/2017,12165126.45,-8.008029801
10/24/2017,13224117.74,-6.267433691
10/23/2017,14108349.17,17.20104572
10/22/2017,12037733.18,-13.24366706
10/21/2017,13875336.56,3.792853983
10/20/2017,13368296.59,20.36768072
10/19/2017,11106217.64,-9.001879022
10/18/2017,12204886.78,-6.476718737
10/17/2017,13050105.41,-8.208433021
10/16/2017,14217107.12,28.98152275
10/15/2017,11022592.09,3.886955725
10/14/2017,10610179.12,-1.338301424
10/13/2017,10754101.42,22.56959256
10/12/2017,8773873.838,-12.34288827
10/11/2017,10009312.04,0.257906773
10/10/2017,9983563.753,-6.214252956
10/9/2017,10645075.68,21.14031823
10/8/2017,8787392.867,-1.861968371
10/7/2017,8954115.668,24.28221474
10/6/2017,7204663.746,-3.115043836
10/5/2017,7436308,-26.6227451
10/4/2017,10134350.23,16.08783356
10/3/2017,8729898.663,18.45789219
10/2/2017,7369621.814,-4.177921532
10/1/2017,7690943.394,-14.99500807
9/30/2017,9047637.343,-5.041690961
9/29/2017,9528010.171,18.60814277
9/28/2017,8033183.851,13.68905484
9/27/2017,7065925.442,8.323957579
9/26/2017,6522957.248,-4.29156148
9/25/2017,6815446.316,-14.62851499
9/24/2017,7983281.907,22.4387803
9/23/2017,6520223.321,-21.32369777
9/22/2017,8287404.385,34.81325664
9/21/2017,6147321.556,-24.03102375
9/20/2017,8091884.16,16.25126219
9/19/2017,6960684.992,-16.82477366
9/18/2017,8368699.79,2.539712995
9/17/2017,8161423.068,-0.80792503
9/16/2017,8227898.318,9.865197284
9/15/2017,7489085.28,-22.13442234
9/14/2017,9617966.635,-5.643235251
9/13/2017,10193192.47,6.265570012
9/12/2017,9592187.258,22.25765804
9/11/2017,7845878.46,-17.87889507
9/10/2017,9554034.212,-4.73554661
9/9/2017,10028960.3,-9.241486495
9/8/2017,11050159.28,7.377765171
9/7/2017,10290919.41,-13.7302827
9/6/2017,11928773.77,13.30605855
9/5/2017,10527922.27,8.527338669
9/4/2017,9700709.885,-6.495375332
9/3/2017,10374577.64,-14.48582684
9/2/2017,12131997.84,7.739550957
9/1/2017,11260486.73,1.938522007
8/31/2017,11046350.79,6.377595412
8/30/2017,10384095.21,22.86288233
8/29/2017,8451775.683,-12.3497622
8/28/2017,9642615.804,31.74553353
8/27/2017,7319121.602,2.319146497
8/26/2017,7153227.771,3.231374414
8/25/2017,6929315.638,-32.26948796
8/24/2017,10230714.98,77.93315479
8/23/2017,5749751.915,-15.28770062
8/22/2017,6787387.377,-8.189832835
8/21/2017,7392849.383,-15.68718671
8/20/2017,8768358.088,-0.07705688
8/19/2017,8775119.922,-19.12295351
8/18/2017,10849951.01,30.39939673
8/17/2017,8320553.071,-9.032528264
8/16/2017,9146734.445,17.53409834
8/15/2017,7782196.464,-4.488988593
8/14/2017,8147957.34,15.28007136
8/13/2017,7067966.946,-0.878517199
8/12/2017,7130610.587,15.682907
8/11/2017,6163927.56,0.766366503
8/10/2017,6117048.549,-17.28491141
8/9/2017,7395323.699,10.37283303
8/8/2017,6700311.568,15.47141641
8/7/2017,5802571.559,-20.02233812
8/6/2017,7255240.305,10.7025092
8/5/2017,6553817.396,30.81855514
8/4/2017,5009853.066,-5.39743918
8/3/2017,5295684.411,3.789071992
8/2/2017,5102352.598,-8.079712742
8/1/2017,5550844.923,6.197118124
7/31/2017,5226926.136,-5.586899896
7/30/2017,5536229.75,-0.48610622
7/29/2017,5563273.167,4.021363564
7/28/2017,5348202.5,10.74882859
7/27/2017,4829127.828,-3.001902628
7/26/2017,4978579.95,-21.98384327
7/25/2017,6381472.965,6.376765936
7/24/2017,5998934.926,1.843169943
7/23/2017,5890365.48,4.925876728
7/22/2017,5613834.894,-10.94183182
7/21/2017,6303559.806,39.97065771
7/20/2017,4503486.594,-12.3083021
7/19/2017,5135590.6,19.22334153
7/18/2017,4307537.882,4.692868273
7/17/2017,4114452.066,5.089725784
7/16/2017,3915180.133,-5.275373469
7/15/2017,4133223.088,-16.39697361
7/14/2017,4943867.783,-11.64996255
7/13/2017,5595773.274,3.268013584
7/12/2017,5418689.757,-11.42650649
7/11/2017,6117732.904,32.46172321
7/10/2017,4618491.105,-17.36888362
7/9/2017,5589288.04,11.1799623
7/8/2017,5027244.05,-1.272632181
7/7/2017,5092047.08,-3.636563998
7/6/2017,5284210.787,-4.550365387
7/5/2017,5536124.689,-7.350448927
7/4/2017,5975338.925,0
7/3/2017,5975338.925,-3.08328097
7/2/2017,6165436.66,12.85395971
7/1/2017,5463199.232,20.62551451
6/30/2017,4529057.766,-22.70828784
6/29/2017,5859693.929,19.74334119
6/28/2017,4893544.703,-3.438826915
6/27/2017,5067818.199,17.20798496
6/26/2017,4323782.378,-18.93434464
6/25/2017,5333679.668,-12.9270752
6/24/2017,6125531.766,5.769518536
6/23/2017,5791396.095,1.082285329
6/22/2017,5729387.771,1.594968399
6/21/2017,5639440.478,-2.123436454
6/20/2017,5761788.393,13.73043222
6/19/2017,5066179.984,-7.232384571
6/18/2017,5461151.46,2.951365426
6/17/2017,5304593.52,-4.262459518
6/16/2017,5540766.447,6.204103703
6/15/2017,5217092.611,-12.57759816
6/14/2017,5967683.914,3.262947857
6/13/2017,5779114.423,-7.613756524
6/12/2017,6255384.142,5.719688721
6/11/2017,5916952.856,-7.670367204
6/10/2017,6408509.031,-7.199590834
6/9/2017,6905690.491,-2.195492831
6/8/2017,7060707.825,5.302820007
6/7/2017,6705146.002,1.800052727
6/6/2017,6586584.016,10.38157446
6/5/2017,5967104.608,-17.01813024
6/4/2017,7190853.406,32.23890198
6/3/2017,5437774.587,-12.92913565
6/2/2017,6245228.674,7.517710795
6/1/2017,5808558.076,-5.27564233
5/31/2017,6132063.831,16.56112627
5/30/2017,5260813.813,-0.023633656
5/29/2017,5262057.43,2.739710271
5/28/2017,5121736.684,0.041336029
5/27/2017,5119620.436,-12.80311156
5/26/2017,5871333.86,6.27833337
5/25/2017,5524488.081,-2.548233994
5/24/2017,5668946.092,26.00163185
5/23/2017,4499105.297,3.869686858
5/22/2017,4331490.19,-10.91715452
5/21/2017,4862316.832,2.431855496
5/20/2017,4746879.58,19.08357266
5/19/2017,3986174.981,-6.014450796
5/18/2017,4241263.699,26.36604673
5/17/2017,3356331.712,-17.95220956
5/16/2017,4090703.35,1.808733737
5/15/2017,4018027.923,3.402301589
5/14/2017,3885820.587,4.129538363
5/13/2017,3731717.867,7.601947022
5/12/2017,3468076.526,-5.374128519
5/11/2017,3665040.514,-1.35525606
5/10/2017,3715393.611,-8.536799715
5/9/2017,4062173.201,15.87603797
5/8/2017,3505619.688,-2.912646202
5/7/2017,3610789.203,29.9233023
5/6/2017,2779169.817,-20.61206956
5/5/2017,3500746.022,26.82147435
5/4/2017,2760373.225,-12.35667996
5/3/2017,3149553.468,9.424923064
5/2/2017,2878277.982,5.810658464
5/1/2017,2720215.547,-12.79064251
4/30/2017,3119178.521,24.69221423
4/29/2017,2501502.231,-8.202236385
4/28/2017,2725014.35,-0.569475698
4/27/2017,2740621.523,4.79892809
4/26/2017,2615123.621,23.40431609
4/25/2017,2119150.856,-22.44970719
4/24/2017,2732614.9,5.24856673
4/23/2017,2596344.05,-12.96308436
4/22/2017,2983037.75,21.42661029
4/21/2017,2456659,0.502592944
4/20/2017,2444373.75,-2.263159549
4/19/2017,2500974.8,9.75193268
4/18/2017,2278752.4,-1.803072523
4/17/2017,2320594.4,-3.987256746
4/16/2017,2416965,5.452087105
4/15/2017,2292003,10.61754504
4/14/2017,2072006.75,-12.12638195
4/13/2017,2357939.5,-14.85546326
4/12/2017,2769337.4,15.08596506
4/11/2017,2406320.7,-4.972515305
4/10/2017,2532236.55,18.11379948
4/9/2017,2143895.6,-17.52147662
4/8/2017,2599338,8.686499185
4/7/2017,2391592.35,-3.789321353
4/6/2017,2485786.8,28.18288223
4/5/2017,1939250.2,-27.34971254
4/4/2017,2669294.6,16.22068364
4/3/2017,2296746.6,18.25608382
4/2/2017,1942180.5,-2.276219125
4/1/2017,1987418.5,-12.13888152
3/31/2017,2262000,16.41090063
3/30/2017,1943117,-11.38336625
3/29/2017,2192722.65,18.62593825
3/28/2017,1848434.4,-9.681505114
3/27/2017,2046573.52,20.62030712
3/26/2017,1696707.27,-22.51667298
3/25/2017,2189770.8,5.453316132
3/24/2017,2076531,-7.628064226
3/23/2017,2248010.7,2.713496731
3/22/2017,2188622.5,12.32114814
3/21/2017,1948540,-14.05062762
3/20/2017,2267078.8,14.31534347
3/19/2017,1983179.8,-12.99882785
3/18/2017,2279486.3,-7.713703069
3/17/2017,2470016,0.956026946
3/16/2017,2446625.6,-7.921609314
3/15/2017,2657111.6,9.899350362
3/14/2017,2417768.25,-3.667575139
3/13/2017,2509817.7,6.389356867
3/12/2017,2359087.2,1.277113433
3/11/2017,2329338.9,-2.907535822
3/10/2017,2399093.4,6.616834681
3/9/2017,2250201.3,-13.7812087
3/8/2017,2609873.4,5.032660705
3/7/2017,2484820.8,-1.561347639
3/6/2017,2524232.85,8.902748548
3/5/2017,2317878,-13.21207683
3/4/2017,2670737.95,-1.173217867
3/3/2017,2702443.5,11.85529955
3/2/2017,2416017.4,-1.438588493
3/1/2017,2451281.25,6.335749118
2/28/2017,2305227.8,-15.43311611
2/27/2017,2725922.6,8.105820996
2/26/2017,2521531.75,-4.086832751
2/25/2017,2628973.5,10.39710605
2/24/2017,2381379,14.21803304
2/23/2017,2084941.35,0.87921491
2/22/2017,2066770,-2.575296417
2/21/2017,2121402.4,15.59890918
2/20/2017,1835140.5,-12.72221079
2/19/2017,2102643.2,0.372697469
2/18/2017,2094835.8,1.125228237
2/17/2017,2071526.4,13.66491992
2/16/2017,1822485.25,-17.0950352
2/15/2017,2198282.4,5.145309429
2/14/2017,2090708.955,16.7749884
2/13/2017,1790373.935,-0.095033026
2/12/2017,1792077,-6.409963151
2/11/2017,1914816,-10.86321099
2/10/2017,2148177,7.272779842
2/9/2017,2002536.9,-3.602009999
2/8/2017,2077363.75,22.57324822
2/7/2017,1694793.75,-18.09615531
2/6/2017,2069248.1,6.935324831
2/5/2017,1935046.35,-1.813745899
2/4/2017,1970791.5,-3.748350765
2/3/2017,2047540.5,-14.71525351
2/2/2017,2400828.5,32.09719928
2/1/2017,1817471.16,4.635228207
1/31/2017,1736959.14,-10.65325925
1/30/2017,1944065.475,8.753091303
1/29/2017,1787595.6,-9.564895689
1/28/2017,1976661.18,7.772239532
1/27/2017,1834109.775,6.533175634
1/26/2017,1721632.5,-0.103916714
1/25/2017,1723423.425,5.101085391
1/24/2017,1639777,-18.09952062
1/23/2017,2002158,-4.449694312
1/22/2017,2095396.75,-1.810986559
1/21/2017,2134044,8.332441284
1/20/2017,1969902.99,17.75804951
1/19/2017,1672839.35,-7.520915189
1/18/2017,1808883.98,2.233907816
1/17/2017,1769358.15,3.07474867
1/16/2017,1716577.7,-2.43487931
1/15/2017,1759417.39,11.55643568
1/14/2017,1577154.54,-9.912312085
1/13/2017,1750688.22,14.96812665
1/12/2017,1522759.63,-17.36753477
1/11/2017,1842810.36,18.97542514
1/10/2017,1548900,-19.1547895
1/9/2017,1915883.44,21.02829495
1/8/2017,1583004.57,-12.31327601
1/7/2017,1805295.6,1.771239929
1/6/2017,1773876,-23.149996
1/5/2017,2308231.5,7.79051604
1/4/2017,2141405,3.934670897
1/3/2017,2060337.5,5.054801579
1/2/2017,1961202.6,9.870468089
1/1/2017,1785013.42,-5.090433913
12/31/2016,1880751.85,2.708597393
12/30/2016,1831153.28,-8.96529352
12/29/2016,2011489.19,9.990072789
12/28/2016,1828791.58,13.52824939
12/27/2016,1610869.18,-13.7505467
12/26/2016,1867686.25,21.23484712
12/25/2016,1540552.32,-10.45213249
12/24/2016,1720367.4,0.157107702
12/23/2016,1717668.81,3.500001329
12/22/2016,1659583.37,20.17734562
12/21/2016,1380945.27,-8.643532916
12/20/2016,1511601,8.089531452
12/19/2016,1398471.23,-2.883759594
12/18/2016,1439997.29,9.294445193
12/17/2016,1317539.32,5.444500933
12/16/2016,1249509.75,-7.731684799
12/15/2016,1354213.25,-22.15868232
12/14/2016,1739710.08,14.43236849
12/13/2016,1520295.44,0
12/12/2016,1520295.44,18.05204152
12/11/2016,1287818,-1.882754334
12/10/2016,1312529.71,-13.44527425
12/9/2016,1516416,-10.07837242
12/8/2016,1686375.17,17.51290408
12/7/2016,1435055.31,-1.036449795
12/6/2016,1450084.71,1.961569034
12/5/2016,1422187.52,-13.74851306
12/4/2016,1648884.64,16.14294567
12/3/2016,1419702.79,2.019189113
12/2/2016,1391603.68,5.336405713
12/1/2016,1321104.2,-4.862727708
11/30/2016,1388629.47,-8.118123496
11/29/2016,1511320.32,15.90010231
11/28/2016,1303985.32,-8.457089065
11/27/2016,1424452.54,-1.794591453
11/26/2016,1450482.78,-5.830073222
11/25/2016,1540282.37,12.29903761
11/24/2016,1371590,8.50736884
11/23/2016,1264052.4,-2.806469868
11/22/2016,1300552,10.48848954
11/21/2016,1177092.75,-12.01329546
11/20/2016,1337807.52,-3.437239611
11/19/2016,1385428,-5.583420855
11/18/2016,1467356.7,-7.767681342
11/17/2016,1590935.5,14.47268638
11/16/2016,1389794.85,-8.761915016
11/15/2016,1523261.75,20.97579591
11/14/2016,1259145.88,-14.84985112
11/13/2016,1478735.97,1.3516216
11/12/2016,1459015.6,-2.811793286
11/11/2016,1501227,12.45441397
11/10/2016,1334964.94,-11.43460671
11/9/2016,1507321.19,16.44956052
11/8/2016,1294398.35,-6.173374341
11/7/2016,1379564,4.039718206
11/6/2016,1325997.44,27.92700051
11/5/2016,1036526.64,-23.15491634
11/4/2016,1348852.25,9.590881352
11/3/2016,1230807.01,-6.891206005
11/2/2016,1321902,1.825582262
11/1/2016,1298202.25,-12.72976193
10/31/2016,1487565.84,11.16215717
10/30/2016,1338194.47,1.467853593
10/29/2016,1318835.89,-5.953847943
10/28/2016,1402328.39,16.45750485
10/27/2016,1204154.59,3.982187858
10/26/2016,1158039.29,-1.310303303
10/25/2016,1173414.58,-1.09975637
10/24/2016,1186462.78,-4.118013618
10/23/2016,1237419.9,-4.995677503
10/22/2016,1302488,22.23996509
10/21/2016,1065517.32,6.713879471
10/20/2016,998480.54,-19.43200433
10/19/2016,1239301.7,23.80135593
10/18/2016,1001040.49,-4.441365627
10/17/2016,1047566.76,-7.778901087
10/16/2016,1135929.6,4.12752533
10/15/2016,1090902.33,6.899498811
10/14/2016,1020493.4,-11.7732484
10/13/2016,1156671.17,3.791941566
10/12/2016,1114413.27,14.95197764
10/11/2016,969459.85,-21.34782951
10/10/2016,1232591.35,-6.006315602
10/9/2016,1311355.5,17.45678005
10/8/2016,1116457.9,-9.74645388
10/7/2016,1237023.86,-3.455168298
10/6/2016,1281294.75,6.212543253
10/5/2016,1206349.75,3.599667306
10/4/2016,1164434,8.363694569
10/3/2016,1074561,-10.83458078
10/2/2016,1205132,11.12799621
10/1/2016,1084454,0.054402564
9/30/2016,1083864.35,-3.171698841
9/29/2016,1119367.31,-12.31045572
9/28/2016,1276511.72,9.52540619
9/27/2016,1165493.71,-16.49242579
9/26/2016,1395674.25,10.86382505
9/25/2016,1258908.62,22.51777133
9/24/2016,1027531.44,-2.312908562
9/23/2016,1051860,-15.27293848
9/22/2016,1241468.76,6.420857189
9/21/2016,1166565.27,15.06063938
9/20/2016,1013869.97,-8.905231545
9/19/2016,1112983.75,-10.19618008
9/18/2016,1239350.12,16.06412347
9/17/2016,1067815,-9.436729048
9/16/2016,1179081.75,-1.55605294
9/15/2016,1197718.89,-6.069502155
9/14/2016,1275111.83,2.367197195
9/13/2016,1245625.42,-0.4306176
9/12/2016,1251012.5,2.732474204
9/11/2016,1217738.12,8.678646908
9/10/2016,1120494.37,-1.230167041
9/9/2016,1134450,-3.666138399
9/8/2016,1177623.3,12.69738279
9/7/2016,1044942.9,-2.547607233
9/6/2016,1072259.87,-22.09287809
9/5/2016,1376331,43.42518257
9/4/2016,959616,-13.50158599
9/3/2016,1109403,10.04344592
9/2/2016,1008150,3.915694691
9/1/2016,970161.44,-18.78925724
8/31/2016,1194622.05,11.58993982
8/30/2016,1070546.37,-1.948486323
8/29/2016,1091820.34,6.570974781
8/28/2016,1024500.66,7.421928844
8/27/2016,953716.5,1.456668949
8/26/2016,940023.47,-15.37365156
8/25/2016,1110792.9,3.389359034
8/24/2016,1074378.36,-8.077655617
8/23/2016,1168789.12,-1.149586544
8/22/2016,1182381.62,4.246462429
8/21/2016,1134217.5,2.30832229
8/20/2016,1108626.82,0.26093439
8/19/2016,1105741.56,25.117394
8/18/2016,883763.26,-10.27419794
8/17/2016,984960,-4.879394632
8/16/2016,1035485.42,-11.32617246
8/15/2016,1167746.39,-2.52497693
8/14/2016,1197995.5,9.575373254
8/13/2016,1093307.25,-1.973389103
8/12/2016,1115316.79,-0.765795722
8/11/2016,1123923.75,18.31433272
8/10/2016,949947.25,-16.46746348
8/9/2016,1137218.25,3.229252769
8/8/2016,1101643.4,-10.60048238
8/7/2016,1232269.96,0.682363307
8/6/2016,1223918.39,11.04949661
8/5/2016,1102137.72,-7.210593845
8/4/2016,1187784,1.134603686
8/3/2016,1174458.55,1.337795851
8/2/2016,1158954.11,-3.881460929
8/1/2016,1205755.02,23.08158838
7/31/2016,979638.82,-19.49466314
7/30/2016,1216861.96,7.99269812
7/29/2016,1126800.22,6.703041526
7/28/2016,1056015.09,-0.234003658
7/27/2016,1058492,-2.341294963
7/26/2016,1083868.56,3.75573734
7/25/2016,1044634.82,-2.722349917
7/24/2016,1073869.3,2.301468746
7/23/2016,1049710.54,-5.281226482
7/22/2016,1108239.16,-11.6016487
7/21/2016,1253687.59,15.60602019
7/20/2016,1084448.36,-13.97793588
7/19/2016,1260663.03,-0.47258317
7/18/2016,1266649,-2.722229903
7/17/2016,1302095.02,15.52794093
7/16/2016,1127082.34,-4.101769671
7/15/2016,1175290.03,9.807151108
7/14/2016,1070321.94,-11.78154681
7/13/2016,1213263.1,4.366079963
7/12/2016,1162507.11,-8.255233563
7/11/2016,1267110,-37.76760003
7/10/2016,2036093.74,-15.21127376
7/9/2016,2401373.19,9.388767245
7/8/2016,2195264.88,-7.267386542
7/7/2016,2367306.17,-2.197639708
7/6/2016,2420500.04,-5.286409705
7/5/2016,2555599.5,0.562154199
7/4/2016,2541313.4,-3.197836311
7/3/2016,2625265.08,-0.923794032
7/2/2016,2649743.25,4.367155952
7/1/2016,2538866.97,8.464515307
6/30/2016,2340735.09,-3.229834355
6/29/2016,2418860.27,1.354676165
6/28/2016,2386530.51,3.888409212
6/27/2016,2297205.75,-16.78667704
6/26/2016,2760622.54,28.40183849
6/25/2016,2149986.77,-1.97899562
6/24/2016,2193393.94,14.8830917
6/23/2016,1909240,-23.82460156
6/22/2016,2506373.5,-18.02349294
6/21/2016,3057429,-9.889255907
6/20/2016,3392968.32,12.48105221
6/19/2016,3016479.89,8.544047407
6/18/2016,2779037.6,-2.961708604
6/17/2016,2863856.69,6.789711948
6/16/2016,2681772.09,17.7611288
6/15/2016,2277298.22,-19.55691733
6/14/2016,2830943.5,14.75076412
6/13/2016,2467036.731,4.329046565
6/12/2016,2364669.104,11.71707768
6/11/2016,2116658.575,-12.20057188
6/10/2016,2410788.567,14.1245364
6/9/2016,2112419.154,-2.632633519
6/8/2016,2169535.062,-13.72247813
6/7/2016,2514600.576,1.41966467
6/6/2016,2479401.39,43.02672791
6/5/2016,1733523.116,-15.33330871
6/4/2016,2047467.652,8.070085247
6/3/2016,1894573.921,-3.95431448
6/2/2016,1972575.77,15.07259036
6/1/2016,1714201.24,-11.37246228
5/31/2016,1934163.223,1.436936224
5/30/2016,1906764.237,8.067193615
5/29/2016,1764424.681,5.806382145
5/28/2016,1667597.593,5.857524557
5/27/2016,1575322.68,-0.5262017
5/26/2016,1583655.904,-4.778940306
5/25/2016,1663136.19,-17.87295041
5/24/2016,2025077.241,-0.42521643
5/23/2016,2033724.973,27.91229701
5/22/2016,1589937.028,-4.589581626
5/21/2016,1666418.673,22.43295251
5/20/2016,1361086.733,-23.11019559
5/19/2016,1770178.43,9.074710815
5/18/2016,1622904.537,-0.495091353
5/17/2016,1630979.375,1.353298806
5/16/2016,1609202.062,-3.18915801
5/15/2016,1662212.65,-5.429960528
5/14/2016,1757652.486,9.761299631
5/13/2016,1601340.812,4.981208681
5/12/2016,1525359.473,-15.21757476
5/11/2016,1799145.836,-10.73410466
5/10/2016,2015490.719,7.134847504
5/9/2016,1881265.308,8.2015489
5/8/2016,1738667.632,-7.87075989
5/7/2016,1887205.007,6.67402641
5/6/2016,1769132.628,-6.899035057
5/5/2016,1900230.174,10.31124861
5/4/2016,1722607.801,-2.254592426
5/3/2016,1762341.417,-0.246951528
5/2/2016,1766704.32,7.043765134
5/1/2016,1650450.466,-9.54469672
4/30/2016,1824603.319,17.52703539
4/29/2016,1552496.677,6.10277051
4/28/2016,1463200.885,-23.97721727
4/27/2016,1924687.353,28.92791228
4/26/2016,1492839.928,-2.511826589
4/25/2016,1531303.62,-6.605316596
4/24/2016,1639604.701,1.334564901
4/23/2016,1618011.291,-6.029958119
4/22/2016,1721837.362,-6.613135469
4/21/2016,1843768.255,13.17492382
4/20/2016,1629131.43,11.51786765
4/19/2016,1460870.32,-11.05212225
4/18/2016,1642389.18,5.914691564
4/17/2016,1550671.73,-1.529665816
4/16/2016,1574760.3,-10.90479984
4/15/2016,1767502.96,4.852653349
4/14/2016,1685701.7,2.806968326
4/13/2016,1639676.5,2.004409463
4/12/2016,1607456.49,-13.01662563
4/11/2016,1848004.29,8.217232168
4/10/2016,1707680.24,13.36095043
4/9/2016,1506409.6,-3.347529042
4/8/2016,1558583.64,-5.554793214
4/7/2016,1650251.71,3.674657658
4/6/2016,1591759.98,-8.302184355
4/5/2016,1735875.57,11.64606179
4/4/2016,1554802.33,-2.285864425
4/3/2016,1591174.42,10.13083403
4/2/2016,1444803.75,9.348557659
4/1/2016,1321282.86,-20.44997134
3/31/2016,1660945.8,-6.72061435
3/30/2016,1780614,17.2017667
3/29/2016,1519272.32,-7.732449473
3/28/2016,1646594.4,6.79214975
3/27/2016,1541868.39,1.216465147
3/26/2016,1523337.52,-4.071951229
3/25/2016,1588000.11,-0.318334131
3/24/2016,1593071.4,1.79117604
3/23/2016,1565038.8,19.59257432
3/22/2016,1308642.12,-16.31660335
3/21/2016,1563801.39,12.96868354
3/20/2016,1384278.67,-3.046376302
3/19/2016,1427774.04,-0.306765807
3/18/2016,1432167.44,-19.89779079
3/17/2016,1787925.02,12.19516306
3/16/2016,1593584.76,0
3/15/2016,1593584.76,0.844986042
3/14/2016,1580232.02,15.96315983
3/13/2016,1362701.76,-21.40110021
3/12/2016,1733741.52,2.449554686
3/11/2016,1692288,-1.9258383
3/10/2016,1725518.7,23.31834426
3/9/2016,1399239.27,-13.32721392
3/8/2016,1614392.86,12.30154662
3/7/2016,1437551.76,-11.22047778
3/6/2016,1619238,0.932320483
3/5/2016,1604280.96,12.05961578
3/4/2016,1431631.68,-16.80526164
3/3/2016,1720819.98,22.41409052
3/2/2016,1405736.85,-5.984931205
3/1/2016,1495225.04,-8.43027806
2/29/2016,1632881.49,14.09049997
2/28/2016,1431216,-11.07817489
2/27/2016,1609521.62,4.015871206
2/26/2016,1547380.8,17.25700677
2/25/2016,1319648.9,-7.548184064
2/24/2016,1427391,-1.148872855
2/23/2016,1443980.5,4.138418559
2/22/2016,1386597.3,-20.98456704
2/21/2016,1754843.64,19.22719868
2/20/2016,1471848.42,-22.6548601
2/19/2016,1902961.74,28.44538487
2/18/2016,1481533.76,-3.268539988
2/17/2016,1531594.54,1.7080411
2/16/2016,1505873.6,-17.45883059
2/15/2016,1824390.92,21.5948844
2/14/2016,1500384.6,-2.011248263
2/13/2016,1531180.44,-16.09864453
2/12/2016,1824977,12.80151933
2/11/2016,1617865.62,1.75723491
2/10/2016,1589926.87,4.078212155
2/9/2016,1527627,-10.91094849
2/8/2016,1714719.12,-4.575269578
2/7/2016,1796933.68,2.386402894
2/6/2016,1755051.09,-2.317532291
2/5/2016,1796689.96,10.89752976
2/4/2016,1620135.24,4.352748908
2/3/2016,1552556.36,-6.233686764
2/2/2016,1655772,-2.494457495
2/1/2016,1698131.16,0.482541673
1/31/2016,1689976.32,4.298170554
1/30/2016,1620331.7,12.9820242
1/29/2016,1434150,-6.702026413
1/28/2016,1537171.65,-5.949771137
1/27/2016,1634415.64,-3.357420603
1/26/2016,1691196.21,-0.206057958
1/25/2016,1694688.25,-3.407176315
1/24/2016,1754466,8.952910875
1/23/2016,1610297.5,16.28779016
1/22/2016,1384752,-8.245209105
1/21/2016,1509187.68,5.859256683
1/20/2016,1425654.9,-16.1498163
1/19/2016,1700240.64,25.70685886
1/18/2016,1352544.05,4.033527318
1/17/2016,1300104,6.746302891
1/16/2016,1217938.2,-15.36752233
1/15/2016,1439090.8,-13.18805744
1/14/2016,1657710.63,-16.29797365
1/13/2016,1980490.44,3.421371464
1/12/2016,1914972.13,0.312067264
1/11/2016,1909014.72,5.915117871
1/10/2016,1802400.6,-8.574709411
1/9/2016,1971446.4,19.56985415
1/8/2016,1648782.14,11.59477689
1/7/2016,1477472.5,-16.72670159
1/6/2016,1774245.2,-6.958129603
1/5/2016,1906932,18.83926677
1/4/2016,1604631.24,7.05901053
1/3/2016,1498828.76,2.146809682
1/2/2016,1467328.02,-5.772362319
1/1/2016,1557216.18,-16.47484939
12/31/2015,1864368,12.84904693
12/30/2015,1652090.16,-3.905724795
12/29/2015,1719238.9,-16.17036488
12/28/2015,2050872.46,4.884797469
12/27/2015,1955357.22,27.15021611
12/26/2015,1537832.4,-10.02206835
12/25/2015,1709121.75,-7.01134816
12/24/2015,1837989.6,18.32068091
12/23/2015,1553396.74,-8.974063941
12/22/2015,1706543,-7.839611547
12/21/2015,1851709.86,2.693877266
12/20/2015,1803135.6,-2.679515063
12/19/2015,1852781.15,1.857089465
12/18/2015,1819000.68,-5.571639259
12/17/2015,1926328.77,-13.80735021
12/16/2015,2234910.72,12.98735745
12/15/2015,1978018.4,19.95457875
12/14/2015,1648972.82,-8.20011609
12/13/2015,1796268.96,-8.404845809
12/12/2015,1961096.06,-4.391969046
12/11/2015,2051183.4,11.03607358
12/10/2015,1847312.62,16.71722515
12/9/2015,1582724.93,5.096496879
12/8/2015,1505973.06,-10.82971415
12/7/2015,1688873.2,0
12/6/2015,1688873.2,5.652895585
12/5/2015,1598511.04,21.44883716
12/4/2015,1316201.19,-1.613904997
12/3/2015,1337791.88,-22.94865237
12/2/2015,1736234.24,23.23257964
12/1/2015,1408908.46,-1.904705502
11/30/2015,1436265.08,10.34860774
11/29/2015,1301570.64,-3.464008455
11/28/2015,1348275,-5.017076532
11/27/2015,1419492,12.71400496
11/26/2015,1259375,2.564455474
11/25/2015,1227886.4,-5.986334217
11/24/2015,1306072.25,-7.319936928
11/23/2015,1409226.76,-3.270976833
11/22/2015,1456881,13.59873058
11/21/2015,1282480,10.58483692
11/20/2015,1159725,-1.716128059
11/19/2015,1179974.88,-13.29665091
11/18/2015,1360933.45,-6.608896538
11/17/2015,1457241,23.96380274
11/16/2015,1175537.51,-7.402811698
11/15/2015,1269517.5,-9.032474278
11/14/2015,1395572.2,14.519764
11/13/2015,1218630,-11.73214342
11/12/2015,1380604.5,8.402147194
11/11/2015,1273595.16,-9.203790642
11/10/2015,1402696.4,4.333038757
11/9/2015,1344441.24,-15.39247813
11/8/2015,1589032.76,18.35227594
11/7/2015,1342629.66,-10.7294109
11/6/2015,1504000,-12.23530066
11/5/2015,1713673.05,5.221237009
11/4/2015,1628638,30.79098068
11/3/2015,1245221.95,-0.112387626
11/2/2015,1246623,4.740476942
11/1/2015,1190201.76,-12.52270276
10/31/2015,1360583.6,17.43606718
10/30/2015,1158573.88,13.05359111
10/29/2015,1024800.6,-12.63611172
10/28/2015,1173025.4,7.623550514
10/27/2015,1089933.75,-5.243256259
10/26/2015,1150243.99,17.31321502
10/25/2015,980489.7,-8.865711113
10/24/2015,1075873.54,-0.67621598
10/23/2015,1083198.3,10.13031735
10/22/2015,983560.5,13.78018257
10/21/2015,864439.2,-21.63774828
10/20/2015,1103132.16,16.82515282
10/19/2015,944259.12,0
10/18/2015,944259.12,6.247161355
10/17/2015,888738.21,-13.16961235
10/16/2015,1023533.62,-2.092792284
10/15/2015,1045411.92,7.320844809
10/14/2015,974099.6,15.64312193
10/13/2015,842332.5,-3.05509008
10/12/2015,868877.49,-7.073269914
10/11/2015,935013.52,1.443076881
10/10/2015,921712.5,12.4693273
10/9/2015,819523.44,-2.638599079
10/8/2015,841733.41,0.915741937
10/7/2015,834095.25,-9.78064208
10/6/2015,924519.16,3.834592104
10/5/2015,890376.84,-1.974312264
10/4/2015,908309.71,-0.686252518
10/3/2015,914586.08,22.14525592
10/2/2015,748769.22,-19.22691936
10/1/2015,927003.42,-0.167927265
9/30/2015,928562.73,-10.18903713
9/29/2015,1033908,23.63031963
9/28/2015,836290,-0.786198404
9/27/2015,842917,-12.31633
9/26/2015,961315.83,12.63205519
9/25/2015,853501.1,-1.72938218
9/24/2015,868521.15,-5.97216792
9/23/2015,923685.18,22.57968325
9/22/2015,753538.56,8.390998901
9/21/2015,695204,-9.291869762
9/20/2015,766418.62,-9.280433527
9/19/2015,844821.74,1.671340925
9/18/2015,830934,-2.806861356
9/17/2015,854930.72,-9.42762946
9/16/2015,943920,2.081338036
9/15/2015,924674.4,14.12119495
9/14/2015,810256.5,0.261673134
9/13/2015,808141.81,-22.62256042
9/12/2015,1044415.29,2.458039711
9/11/2015,1019359.04,19.56953052
9/10/2015,852524.08,0.119181326
9/9/2015,851509.24,3.027573037
9/8/2015,826486.75,-13.89320732
9/7/2015,959839.2,7.438029017
9/6/2015,893388.69,1.304236553
9/5/2015,881886.8,1.7525351
9/4/2015,866697.62,-3.514575028
9/3/2015,898267.92,2.775596259
9/2/2015,874008.96,-5.385710574
9/1/2015,923760,12.77165757
8/31/2015,819141.99,-13.46999275
8/30/2015,946656.56,7.83152628
8/29/2015,877903.33,2.612029025
8/28/2015,855555.96,-4.136810402
8/27/2015,892476,15.67769836
8/26/2015,771519.5,-8.379828653
8/25/2015,842084.76,6.890325064
8/24/2015,787802.6,-9.40381189
8/23/2015,869575.88,-3.881775195
8/22/2015,904694.07,-0.539022226
8/21/2015,909597,1.961217484
8/20/2015,892100.96,-3.741001962
8/19/2015,926771.5,-0.612600389
8/18/2015,932483.9,-1.930174741
8/17/2015,950836.71,0
8/16/2015,950836.71,6.243187704
8/15/2015,894962.52,-0.621254215
8/14/2015,900557.27,-9.708386159
8/13/2015,997387.5,20.10075151
8/12/2015,830459,-26.51639966
8/11/2015,1130128.35,-2.757226819
8/10/2015,1162172.07,29.04849069
8/9/2015,900570.06,-15.48115235
8/8/2015,1065525.72,6.559305483
8/7/2015,999936.81,2.081398726
8/6/2015,979548.5,8.828448817
8/5/2015,900084.96,-13.09320743
8/4/2015,1035690,-1.546506663
8/3/2015,1051958.61,-5.071948188
8/2/2015,1108164.12,-4.532573521
8/1/2015,1160777.2,16.09367359
7/31/2015,999862.58,0.522036433
7/30/2015,994670.04,-9.047379997
7/29/2015,1093613.4,3.554669321
7/28/2015,1056073.48,-7.021522509
7/27/2015,1135825.74,12.00412562
7/26/2015,1014092.77,-8.165691284
7/25/2015,1104263.52,-8.984361986
7/24/2015,1213267.9,16.9215778
7/23/2015,1037676.64,0.940506153
7/22/2015,1028008.16,4.450490332
7/21/2015,984206.16,-2.669181601
7/20/2015,1011196.84,1.936052125
7/19/2015,991991.37,-11.78813741
7/18/2015,1124555.52,11.62553134
7/17/2015,1007435.76,6.603628636
7/16/2015,945029.52,-16.24336737
7/15/2015,1128304.1,9.979348267
7/14/2015,1025923.61,-3.28264753
7/13/2015,1060744.1,-1.874128992
7/12/2015,1081003.5,0.604930556
7/11/2015,1074503.5,-4.921900653
7/10/2015,1130127.24,19.56303762
7/9/2015,945214.56,-10.12952103
7/8/2015,1051752,5.109880516
7/7/2015,1000621.44,-14.45853873
7/6/2015,1169750.23,18.52034339
7/5/2015,986961.56,-1.730381315
7/4/2015,1004340.48,-3.385369866
7/3/2015,1039532.5,15.75231654
7/2/2015,898066.26,-4.52571492
7/1/2015,940636.8,-0.528350817
6/30/2015,945633.06,8.248070353
6/29/2015,873579.6,-4.830986081
6/28/2015,917924.4,14.8231509
6/27/2015,799424.5,-10.85258161
6/26/2015,896744.42,-7.699680363
6/25/2015,971550.72,6.498594095
6/24/2015,912266.24,3.976155196
6/23/2015,877380.24,-4.337385457
6/22/2015,917161.05,23.49250311
6/21/2015,742685.61,-9.762875278
6/20/2015,823037.76,-17.62276822
6/19/2015,999108.3,4.021851591
6/18/2015,960479.25,7.513480836
6/17/2015,893357.04,17.68434445
6/16/2015,759112.9,-14.80035361
6/15/2015,890981.28,5.483765104
6/14/2015,844662,-7.51363592
6/13/2015,913282.74,16.18314331
6/12/2015,786071.64,-11.82565505
6/11/2015,891497,-1.513776463
6/10/2015,905199.7,-3.247898164
6/9/2015,935586.6,15.91666667
6/8/2015,807120,-13.4222538
6/7/2015,932248.8,2.790615825
6/6/2015,906939.6,13.46405046
6/5/2015,799318.9,-0.644160646
6/4/2015,804501.18,-0.331433117
6/3/2015,807176.43,-2.148722598
6/2/2015,824901.27,6.890156895
6/1/2015,771728,-9.784955337
5/31/2015,855431.6,18.70572082
5/30/2015,720632.16,-22.4959651
5/29/2015,929799.54,18.57152032
5/28/2015,784167.68,-8.352547523
5/27/2015,855635,6.91314929
5/26/2015,800308.48,-6.053268981
5/25/2015,851874.75,0.160813487
5/24/2015,850507.02,18.22219309
5/23/2015,719414.01,-16.09182483
5/22/2015,857382.5,-5.366587785
5/21/2015,906004,8.328460965
5/20/2015,836349,5.544103947
5/19/2015,792416.6,-2.549949022
5/18/2015,813151.55,-20.48023121
5/17/2015,1022577.86,34.49800925
5/16/2015,760292.19,-22.70814119
5/15/2015,983664,17.45852155
5/14/2015,837456.48,-15.12180527
5/13/2015,986656.8,3.009738715
5/12/2015,957828.66,4.850919819
5/11/2015,913514.79,17.79778954
5/10/2015,775494,1.667181627
5/9/2015,762777.12,-16.09856756
5/8/2015,909134.8,-3.851583917
5/7/2015,945553.59,11.67227412
5/6/2015,846721.89,-6.66600154
5/5/2015,907195.56,15.94572768
5/4/2015,782431.21,-6.030706076
5/3/2015,832645.62,-3.596127092
5/2/2015,863705.57,0.272694228
5/1/2015,861356.7,9.647445121
4/30/2015,785569.33,7.364125845
4/29/2015,731686.98,-16.59599599
4/28/2015,877280.4,13.74427271
4/27/2015,771274.35,-5.533638419
4/26/2015,816453.96,-9.558378512
4/25/2015,902741.4,29.61392644
4/24/2015,696484.88,-14.61535399
4/23/2015,815702.72,-4.292589192
4/22/2015,852287.94,-5.037140664
4/21/2015,897496.08,-4.071026443
4/20/2015,935583.95,21.47969665
4/19/2015,770156.64,3.780127038
4/18/2015,742104.16,-0.92885784
4/17/2015,749061.88,-5.853377429
4/16/2015,795633.3,17.59522509
4/15/2015,676586.4,-21.02005939
4/14/2015,856656,7.081384282
4/13/2015,800004.6,-1.026110844
4/12/2015,808298.64,-0.788338198
4/11/2015,814721.4,-3.423954656
4/10/2015,843606.09,-4.105506234
4/9/2015,879723.18,19.65586211
4/8/2015,735211.1,-27.89366532
4/7/2015,1019620.68,23.556239
4/6/2015,825228,-15.26447323
4/5/2015,973886.67,-0.706997469
4/4/2015,980821.05,1.757197453
4/3/2015,963883.71,3.44807746
4/2/2015,931756.04,7.598841324
4/1/2015,865953.6,-4.659838242
3/31/2015,908277.88,3.943180525
3/30/2015,873821.52,-5.452811506
3/29/2015,924217.35,-2.325139072
3/28/2015,946218.24,-11.8023557
3/27/2015,1072838.45,13.87091051
3/26/2015,942153.22,-7.926060037
3/25/2015,1023257.2,-1.435488929
3/24/2015,1038159.87,2.222422237
3/23/2015,1015589.19,16.82993506
3/22/2015,869288.5,-6.058600173
3/21/2015,925351.87,0.586994884
3/20/2015,919951.8,-1.702623273
3/19/2015,935886.42,-0.554938907
3/18/2015,941109,-8.640375008
3/17/2015,1030114.78,7.673265236
3/16/2015,956704.32,-8.470282711
3/15/2015,1045239.02,9.390233751
3/14/2015,955514.02,-5.37693355
3/13/2015,1009810.88,1.694453234
3/12/2015,992985.21,-18.71123628
3/11/2015,1221552.85,9.577786663
3/10/2015,1114781.46,17.01178299
3/9/2015,952708.72,-11.09916695
3/8/2015,1071653.31,9.813309855
3/7/2015,975886.54,-9.598285888
3/6/2015,1079500.04,41.8967756
3/5/2015,760764.32,-31.44420704
3/4/2015,1109701,4.10275365
3/3/2015,1065967,7.293198087
3/2/2015,993508.46,6.677371035
3/1/2015,931320.72,8.659993655
2/28/2015,857096.24,-14.87399986
2/27/2015,1006856,17.30475053
2/26/2015,858325,-8.110104291
2/25/2015,934079.85,12.3088448
2/24/2015,831706.4,2.035414813
2/23/2015,815115.42,-8.796437858
2/22/2015,893732,5.02555307
2/21/2015,850966.24,-16.07333718
2/20/2015,1013940.28,2.041001624
2/19/2015,993659.67,4.719787057
2/18/2015,948874.8,-0.030047621
2/17/2015,949160,1.494367584
2/16/2015,935184.9,13.97211077
2/15/2015,820538.37,-17.22583824
2/14/2015,991297.71,17.53741067
2/13/2015,843389.1,11.3964668
2/12/2015,757105.79,-9.390540134
2/11/2015,835570.36,0.831213663
2/10/2015,828682.24,-3.290332495
2/9/2015,856876.32,19.39889516
2/8/2015,717658.5,-26.08240283
2/7/2015,970889.92,0.404195977
2/6/2015,966981.42,20.65501736
2/5/2015,801443.19,-10.79958377
2/4/2015,898474.72,12.12770993
2/3/2015,801295.88,-2.542580221
2/2/2015,822201,-12.57718653
2/1/2015,940487.92,5.336209387
1/31/2015,892843.9,11.304484
1/30/2015,802163.46,-19.26879803
1/29/2015,993622.59,0.617105228
1/28/2015,987528.5,2.03668226
1/27/2015,967817.14,11.72353332
1/26/2015,866260.77,10.86551042
1/25/2015,781361.82,5.167106773
1/24/2015,742971.68,2.419182292
1/23/2015,725422.39,-17.58115659
1/22/2015,880165.7,18.96420338
1/21/2015,739857.6,15.25125887
1/20/2015,641951.86,-22.30039781
1/19/2015,826197.1,4.690622665
1/18/2015,789179.66,16.48383507
1/17/2015,677501.44,-11.78470044
1/16/2015,768009,0.865090569
1/15/2015,761422.01,13.82600851
1/14/2015,668935,9.78408984
1/13/2015,609318.71,-45.3839312
1/12/2015,1115640,11.08298291
1/11/2015,1004330.25,2.053636752
1/10/2015,984120,-6.830534046
1/9/2015,1056268.8,12.5995869
1/8/2015,938075.2,-8.726097495
1/7/2015,1027758.4,-5.689611379
1/6/2015,1089761.6,-6.617647059
1/5/2015,1166988.8,3.293629076
1/4/2015,1129778.1,-9.09988532
1/3/2015,1242878.63,-1.962740626
1/2/2015,1267761.5,-3.421936761
1/1/2015,1312680.6,6.399014115
12/31/2014,1233733.8,7.57598908
12/30/2014,1146848.67,-13.97278605
12/29/2014,1333123.11,0.282133864
12/28/2014,1329372.5,5.190637048
12/27/2014,1263774.55,6.524177581
12/26/2014,1186373.44,-12.24779423
12/25/2014,1351958.54,8.977648442
12/24/2014,1240583.33,-9.407156291
12/23/2014,1369405.44,27.18162569
12/22/2014,1076732.14,-9.420685898
12/21/2014,1188717.48,3.187200635
12/20/2014,1152000.9,16.46962993
12/19/2014,989099.82,-10.79329854
12/18/2014,1108773,9.301004632
12/17/2014,1014421.6,-9.776377812
12/16/2014,1124341.47,-16.83273407
12/15/2014,1351903.85,15.61089395
12/14/2014,1169356.8,-6.888065311
12/13/2014,1255861.35,-0.678445068
12/12/2014,1264439.88,-2.370085235
12/11/2014,1295135.7,-10.2587379
12/10/2014,1443188.64,18.08490727
12/9/2014,1222161.81,-11.48191296
12/8/2014,1380691.62,20.08793862
12/7/2014,1149733.8,-15.46359689
12/6/2014,1360045.8,-3.356880915
12/5/2014,1407286.74,1.949051248
12/4/2014,1380382.38,20.12480643
12/3/2014,1149123.5,-15.58002135
12/2/2014,1361198.52,-0.641941929
12/1/2014,1369993.08,-6.827249421
11/30/2014,1470379.56,2.956586811
11/29/2014,1428154.92,-2.288406329
11/28/2014,1461602.32,19.370085
11/27/2014,1224429.32,-8.126002006
11/26/2014,1332726.72,8.89461347
11/25/2014,1223868.36,-18.00470318
11/24/2014,1492608,16.28905674
11/23/2014,1283532.64,-9.938139214
11/22/2014,1425167.8,28.27450067
11/21/2014,1111029.7,-10.62879209
11/20/2014,1243162.9,-3.515544605
11/19/2014,1288459.26,-9.872827273
11/18/2014,1429601.33,-0.964403941
11/17/2014,1443522.72,3.48193636
11/16/2014,1394951.4,-0.600560273
11/15/2014,1403379.54,-3.388390775
11/14/2014,1452599.28,-2.512889566
11/13/2014,1490042.4,2.262422396
11/12/2014,1457077.16,12.81952483
11/11/2014,1291511.52,-13.27463243
11/10/2014,1489196.94,19.7463081
11/9/2014,1243626.6,-8.055244101
11/8/2014,1352580.24,9.349989139
11/7/2014,1236927.64,-2.287015733
11/6/2014,1265878.48,-7.762090816
11/5/2014,1372405.87,1.433420907
11/4/2014,1353011.52,6.837211411
11/3/2014,1266423.47,-5.645549652
11/2/2014,1342197.92,2.16026053
11/1/2014,1313816.07,-18.23895472
10/31/2014,1606897.35,9.892634124
10/30/2014,1462243,17.81129234
10/29/2014,1241173.89,-7.072668172
10/28/2014,1335639.22,0.255113097
10/27/2014,1332240.5,14.97699408
10/26/2014,1158701.8,-12.85465148
10/25/2014,1329619.79,-9.264782851
10/24/2014,1465384.48,12.23563256
10/23/2014,1305632.13,-20.91505319
10/22/2014,1650923.7,21.46790186
10/21/2014,1359144,1.984479742
10/20/2014,1332696.9,1.965598638
10/19/2014,1307006.4,-20.82033751
10/18/2014,1650684.48,28.28905089
10/17/2014,1286691.63,-9.522434405
10/16/2014,1422111.24,-2.104166236
10/15/2014,1452678,0.394509333
10/14/2014,1446969.57,-1.140457959
10/13/2014,1463662.02,8.108366703
10/12/2014,1353884.13,4.906379896
10/11/2014,1290564.15,-9.849883522
10/10/2014,1431572.36,6.029577668
10/9/2014,1350163.22,18.59111151
10/8/2014,1138502.88,-9.115469442
10/7/2014,1252691.6,-5.725787613
10/6/2014,1328774.4,1.428369944
10/5/2014,1310061.87,8.667604814
10/4/2014,1205568,-6.27046695
10/3/2014,1286220,-7.783263353
10/2/2014,1394779.35,-0.460142436
10/1/2014,1401226.99,-3.942520756
9/30/2014,1458738.04,10.35209062
9/29/2014,1321894.34,-0.210289277
9/28/2014,1324680,2.945645231
9/27/2014,1286776.14,-16.89881956
9/26/2014,1548445.08,-7.180417887
9/25/2014,1668231.04,-5.517353152
9/24/2014,1765648.08,10.25116049
9/23/2014,1601478,1.497075494
9/22/2014,1577856.3,-11.41706198
9/21/2014,1781219.2,-1.100357159
9/20/2014,1801037.04,11.18251819
9/19/2014,1619892.29,-18.41458595
9/18/2014,1985517.03,-6.43956816
9/17/2014,2122176,6.972495932
9/16/2014,1983852,12.47357538
9/15/2014,1763838.3,-12.92213311
9/14/2014,2025587.4,-4.79916701
9/13/2014,2127699.24,12.09124421
9/12/2014,1898185.05,-0.312736984
9/11/2014,1904140,0.301967846
9/10/2014,1898407.42,22.83862836
9/9/2014,1545448.24,-15.46964059
9/8/2014,1828275.96,-7.647614548
9/7/2014,1979673.78,-2.257103315
9/6/2014,2025388.9,11.59943155
9/5/2014,1814873.85,-10.79053193
9/4/2014,2034396,7.958657399
9/3/2014,1884421.36,8.651703798
9/2/2014,1734368.9,-4.418175995
9/1/2014,1814538.4,-22.27141116
8/31/2014,2334454.32,7.518145614
8/30/2014,2171218.92,1.940980293
8/29/2014,2129878.4,-7.80081059
8/28/2014,2310083.65,11.17426506
8/27/2014,2077894.24,-2.663106653
8/26/2014,2134744.77,25.96225545
8/25/2014,1694749.56,-19.22690585
8/24/2014,2098161,5.846702794
8/23/2014,1982263.92,-5.206485222
8/22/2014,2091138.75,-5.551830272
8/21/2014,2214059.58,10.15645976
8/20/2014,2009922.6,-20.12944297
8/19/2014,2516475,22.57471415
8/18/2014,2053013.15,0.28373276
8/17/2014,2047204.56,-6.224926836
8/16/2014,2183101,7.278554972
8/15/2014,2034983.6,-8.470744216
8/14/2014,2223314.92,2.650801455
8/13/2014,2165901.18,-16.18039156
8/12/2014,2584002.98,-2.146384394
8/11/2014,2640682.17,-0.013214157
8/10/2014,2641031.16,3.527799262
8/9/2014,2551035.74,7.257814743
8/8/2014,2378414.8,2.900356387
8/7/2014,2311376.64,3.574900009
8/6/2014,2231599.2,16.12899278
8/5/2014,1921655.52,-4.418401334
8/4/2014,2010486.9,-10.48271472
8/3/2014,2245920.32,-10.33505911
8/2/2014,2504792.06,8.505838077
8/1/2014,2308439.9,2.028418428
7/31/2014,2262546,-10.02755069
7/30/2014,2514709.8,15.78373339
7/29/2014,2171902.5,8.543749073
7/28/2014,2000946.64,-16.26411768
7/27/2014,2389592.83,14.28302548
7/26/2014,2090942.92,-11.81889832
7/25/2014,2371191.65,5.601850052
7/24/2014,2245407.3,-1.395205008
7/23/2014,2277178.61,2.25256956
7/22/2014,2227013.58,-3.696206151
7/21/2014,2312487.9,-12.95429537
7/20/2014,2656636.43,-2.303150498
7/19/2014,2719265.2,8.310420419
7/18/2014,2510621.96,-6.447907374
7/17/2014,2683662,4.716473003
7/16/2014,2562788.76,18.82413828
7/15/2014,2156791.37,-4.756431528
7/14/2014,2264500.8,-6.988387744
7/13/2014,2434643.1,-6.8116764
7/12/2014,2612605.32,10.20880062
7/11/2014,2370595.91,-0.93501651
7/10/2014,2392970.58,-3.920387864
7/9/2014,2490612.24,-1.691639141
7/8/2014,2533469.4,16.87899287
7/7/2014,2167600.3,-8.508634988
7/6/2014,2369185.66,-1.678292647
7/5/2014,2409626.24,-5.442367425
7/4/2014,2548314.9,18.60806212
7/3/2014,2148517.44,-5.814367477
7/2/2014,2281152,0.681734553
7/1/2014,2265705.9,16.56664609
6/30/2014,1943700,-25.16655322
6/29/2014,2597368,-7.128154628
6/28/2014,2796722.72,1.355341522
6/27/2014,2759324.45,13.14577359
6/26/2014,2438734,-7.721129247
6/25/2014,2642787,-9.02200397
6/24/2014,2904863.94,24.04679409
6/23/2014,2341748.5,-18.73022559
6/22/2014,2881450.72,2.991838439
6/21/2014,2797746.66,1.711170193
6/20/2014,2750677.88,20.19252597
6/19/2014,2288559.84,-11.18615253
6/18/2014,2576805.2,-3.349870307
6/17/2014,2666116.65,-11.89798822
6/16/2014,3026170,15.88647227
6/15/2014,2611322.91,6.156978797
6/14/2014,2459869.28,0.346142424
6/13/2014,2451384,2.214296168
6/12/2014,2398279,2.38714454
6/11/2014,2342363.4,-18.76840322
6/10/2014,2883561.93,29.90941181
6/9/2014,2219671.3,-9.409158213
6/8/2014,2450216,-2.326816595
6/7/2014,2508586.2,3.086020654
6/6/2014,2433488.25,1.574595825
6/5/2014,2395764.64,-18.98140888
6/4/2014,2957055.42,-6.89637988
6/3/2014,3176090.7,12.14088292
6/2/2014,2832232.65,-6.443153871
6/1/2014,3027285.3,28.0960065
5/31/2014,2363294.05,-5.054488628
5/30/2014,2489105.61,33.31999351
5/29/2014,1867016,-26.75141496
5/28/2014,2548876.54,35.32565386
5/27/2014,1883513.19,-23.86228002
5/26/2014,2473824,13.69721482
5/25/2014,2175800,-0.94882269
5/24/2014,2196642.24,5.110740405
5/23/2014,2089836.14,-4.718054392
5/22/2014,2193318.08,-0.692144196
5/21/2014,2208604.81,1.487195435
5/20/2014,2176239.87,9.918171507
5/19/2014,1979872.7,14.77082977
5/18/2014,1725066.12,-16.20127269
5/17/2014,2058582.72,0.386123597
5/16/2014,2050664.62,9.737710307
5/15/2014,1868696.38,11.00348617
5/14/2014,1683457.38,-10.03538208
5/13/2014,1871243.85,7.655014381
5/12/2014,1738185.5,-3.923329271
5/11/2014,1809165,-9.834009533
5/10/2014,2006482.7,6.576821251
5/9/2014,1882663.3,8.976310634
5/8/2014,1727589.5,-5.384490936
5/7/2014,1825905.2,-9.045340188
5/6/2014,2007489.45,49.57792984
5/5/2014,1342102.71,-19.22459147
5/4/2014,1661523.89,5.898381081
5/3/2014,1568979.5,-17.71835028
5/2/2014,1906840.11,-1.585601292
5/1/2014,1937562.12,17.83951715
4/30/2014,1644238,-7.303547201
4/29/2014,1773787.4,-4.656307682
4/28/2014,1860414,0.985496824
4/27/2014,1842258.6,-10.95488782
4/26/2014,2068904.8,9.52711069
4/25/2014,1888943.1,4.159370512
4/24/2014,1813512.4,-15.20728579
4/23/2014,2138759.7,12.16954746
4/22/2014,1906720.45,-13.42824251
4/21/2014,2202474,3.363257174
4/20/2014,2130809.4,4.267888803
4/19/2014,2043591.2,8.835865775
4/18/2014,1877681.76,-13.09744594
4/17/2014,2160675,12.94635156
4/16/2014,1913010,-20.1631721
4/15/2014,2396149.81,15.86064211
4/14/2014,2068130.96,2.457788875
4/13/2014,2018520,18.4754886
4/12/2014,1703744.82,6.467109006
4/11/2014,1600254.61,-9.220657977
4/10/2014,1762796,9.354739814
4/9/2014,1611997.8,-9.320342948
4/8/2014,1777684.05,8.390635404
4/7/2014,1640071.62,0.250988785
4/6/2014,1635965.53,-19.30745665
4/5/2014,2027406.08,-9.772695074
4/4/2014,2246998.38,-3.42195349
4/3/2014,2326614.03,12.72846345
4/2/2014,2063910,-4.073849402
4/1/2014,2151561.37,11.80270127
3/31/2014,1924427,14.74800662
3/30/2014,1677089.7,-21.69509921
3/29/2014,2141742.96,-7.173789181
3/28/2014,2307261,5.905790037
3/27/2014,2178597.6,-6.187954573
3/26/2014,2322300.5,5.669789292
3/25/2014,2197695.78,-22.95717887
3/24/2014,2852564,-2.124462932
3/23/2014,2914481.07,18.54239977
3/22/2014,2458598,-6.629181591
3/21/2014,2633154.6,6.565756884
3/20/2014,2470920,4.483521212
3/19/2014,2364889.67,3.762141944
3/18/2014,2279145,-18.27098513
3/17/2014,2788660.8,10.90926272
3/16/2014,2514362.4,-9.904282475
3/15/2014,2790767.94,25.67382046
3/14/2014,2220643.83,-18.47927914
3/13/2014,2724023.79,0.601539138
3/12/2014,2707735.7,3.131268869
3/11/2014,2625523.5,1.985183354
3/10/2014,2574416.61,-1.8677286
3/9/2014,2623414.88,-1.806655954
3/8/2014,2671683,2.677881713
3/7/2014,2602004.4,-2.551370097
3/6/2014,2670129.28,-0.566033777
3/5/2014,2685329.15,13.45382283
3/4/2014,2366891.73,-0.358434306
3/3/2014,2375406,13.56278318
3/2/2014,2091711.68,-1.452936584
3/1/2014,2122551,-22.1118945
2/28/2014,2725128.55,2.05974336
2/27/2014,2670130.71,0.492687008
2/26/2014,2657039.82,17.90703811
2/25/2014,2253504,-9.38264903
2/24/2014,2486835,-13.00812376
2/23/2014,2858697.97,15.10458133
2/22/2014,2483565.76,4.097895554
2/21/2014,2385798.24,-4.537533866
2/20/2014,2499200.3,-16.34131099
2/19/2014,2987376.84,13.51047318
2/18/2014,2631807.23,-1.504367883
2/17/2014,2672004,-11.3835488
2/16/2014,3015246,2.564325495
2/15/2014,2939858.46,-8.719982021
2/14/2014,3220703.2,12.53995633
2/13/2014,2861830.86,2.399443046
2/12/2014,2794771.9,-0.351138479
2/11/2014,2804620,9.887276816
2/10/2014,2552270,-5.051598551
2/9/2014,2688060,-13.33336987
2/8/2014,3101609,0.861751511
2/7/2014,3075109.2,-5.643768936
2/6/2014,3259042,-4.995277519
2/5/2014,3430400,0.048008695
2/4/2014,3428753.9,-13.3429951
2/3/2014,3956695.6,8.270243825
2/2/2014,3654462.63,-9.285740139
2/1/2014,4028542.63,8.799107417
1/31/2014,3702735,15.42652635
1/30/2014,3207871.81,0.72864797
1/29/2014,3184666.8,-4.399746808
1/28/2014,3331232.6,6.200164565
1/27/2014,3136749,-5.410616107
1/26/2014,3316174.47,5.849250955
1/25/2014,3132922,-19.23826044
1/24/2014,3879215.6,6.83756216
1/23/2014,3630947.32,-6.239025549
1/22/2014,3872557.15,9.080925264
1/21/2014,3550168.96,-6.964548754
1/20/2014,3815931.36,-0.673243452
1/19/2014,3841796,17.27619863
1/18/2014,3275853.11,7.605165608
1/17/2014,3044327,-26.91220902
1/16/2014,4165301.7,14.43061718
1/15/2014,3640023.8,14.83679479
1/14/2014,3169736.5,-22.86678282
1/13/2014,4109431.21,1.427091841
1/12/2014,4051611,-12.41702827
1/11/2014,4626025.95,10.44318309
1/10/2014,4188602.52,14.09341974
1/9/2014,3671204.29,-9.933571155
1/8/2014,4076107.31,0.198994241
1/7/2014,4068012.2,-2.234073066
1/6/2014,4160971.34,2.90142317
1/5/2014,4043648,32.46246596
1/4/2014,3052674.56,-7.399098188
1/3/2014,3296592.69,18.76049969
1/2/2014,2775832.62,-25.80412107
1/1/2014,3741222.1,
