Date,trfusd,trfusdvar,Value
5/27/2019,1030857.676,-32.61622071,778109.5455
5/26/2019,1529830.602,21.35414971,1030857.676
5/25/2019,1260633.118,-9.671921769,1529830.602
5/24/2019,1395616.007,-13.3534938,1260633.118
5/23/2019,1610700.844,9.188279886,1395616.007
5/22/2019,1475159.098,48.68546023,1610700.844
5/21/2019,992134.0629,0.302740449,1475159.098
5/20/2019,989139.5375,-40.09973467,992134.0629
5/19/2019,1651310.778,-9.440746987,989139.5375
5/18/2019,1823458.921,17.55426694,1651310.778
5/17/2019,1551163.534,46.03311039,1823458.921
5/16/2019,1062199.887,27.12279527,1551163.534
5/15/2019,835569.9581,12.24266822,1062199.887
5/14/2019,744431.6598,-12.93318827,835569.9581
5/13/2019,855011.9673,9.629840671,744431.6598
5/12/2019,779908.0634,20.39826449,855011.9673
5/11/2019,647773.5096,-1.432452267,779908.0634
5/10/2019,657187.4055,21.40538056,647773.5096
5/9/2019,541316.5401,25.45191592,657187.4055
5/8/2019,431493.2427,20.01984654,541316.5401
5/7/2019,359518.2423,4.069344529,431493.2427
5/6/2019,345460.2736,-24.55013857,359518.2423
5/5/2019,457867.34,31.88449615,345460.2736
5/4/2019,347172.9835,-0.375430222,457867.34
5/3/2019,348481.2876,-22.53409968,347172.9835
5/2/2019,449851.2069,20.12348927,348481.2876
5/1/2019,374490.626,47.16096101,449851.2069
4/30/2019,254476.8826,-11.46811876,374490.626
4/29/2019,287440.9524,-40.47595914,254476.8826
4/28/2019,482898.9233,-5.546313662,287440.9524
4/27/2019,511254.7133,-28.4163284,482898.9233
4/26/2019,714205.7704,33.91467117,511254.7133
4/25/2019,533328.9954,43.35156829,714205.7704
4/24/2019,372042.6653,40.20455939,533328.9954
4/23/2019,265357.0375,-13.86030579,372042.6653
4/22/2019,308054.3064,-25.26829558,265357.0375
4/21/2019,412213.6766,8.143441363,308054.3064
4/20/2019,381173.0711,-5.252336945,412213.6766
4/19/2019,402303.4012,2.822012324,381173.0711
4/18/2019,391261.941,-3.133471084,402303.4012
4/17/2019,403918.614,38.52443368,391261.941
4/16/2019,291586.5478,-13.2592448,403918.614
4/15/2019,336158.6455,-33.56468154,291586.5478
4/14/2019,505993.8799,-14.13805526,336158.6455
4/13/2019,589310.9939,0.392610313,505993.8799
4/12/2019,587006.3464,-1.732317864,589310.9939
4/11/2019,597354.4238,-12.2434316,587006.3464
4/10/2019,680694.8297,55.25784163,597354.4238
4/9/2019,438428.6311,7.543547949,680694.8297
4/8/2019,407675.4389,-28.71835638,438428.6311
4/7/2019,571922.052,-25.51303135,407675.4389
4/6/2019,767814.9109,7.66624008,571922.052
4/5/2019,713143.6096,33.23495352,767814.9109
4/4/2019,535252.6426,108.7882854,713143.6096
4/3/2019,256361.4341,39.86348109,535252.6426
4/2/2019,183294.0465,-18.37768272,256361.4341
4/1/2019,224563.6398,-13.20303508,183294.0465
3/31/2019,258722.9173,34.12551367,224563.6398
3/30/2019,192896.1241,0.139264238,258722.9173
3/29/2019,192627.8624,34.46523537,192896.1241
3/28/2019,143254.769,23.34079488,192627.8624
3/27/2019,116145.4887,85.44143456,143254.769
3/26/2019,62631.89724,-12.89659596,116145.4887
3/25/2019,71905.22337,-33.78720577,62631.89724
3/24/2019,108597.174,-24.09402184,71905.22337
3/23/2019,143068.0121,30.67974637,108597.174
3/22/2019,109479.8667,22.42231607,143068.0121
3/21/2019,89428.03092,-0.041996981,109479.8667
3/20/2019,89465.60377,33.47495377,89428.03092
3/19/2019,67028.00881,-25.27544944,89465.60377
3/18/2019,89700.11637,-26.44423357,67028.00881
3/17/2019,121948.4491,-16.41620768,89700.11637
3/16/2019,145899.6364,4.290653419,121948.4491
3/15/2019,139897.1352,14.42520151,145899.6364
3/14/2019,122260.7724,1.795882743,139897.1352
3/13/2019,120103.8481,60.41714488,122260.7724
3/12/2019,74869.70809,-22.17498968,120103.8481
3/11/2019,96202.63175,-28.66380584,74869.70809
3/10/2019,134858.094,-9.118163973,96202.63175
3/9/2019,148388.3907,-0.071348027,134858.094
3/8/2019,148494.3385,34.87934867,148388.3907
3/7/2019,110094.199,3.169079131,148494.3385
3/6/2019,106712.3986,30.37159991,110094.199
3/5/2019,81852.48836,-15.54447979,106712.3986
3/4/2019,96917.86654,-17.25750678,81852.48836
3/3/2019,117131.9147,0.589924769,96917.86654
3/2/2019,116444.9769,-6.98194321,117131.9147
3/1/2019,125185.3467,-8.893618423,116444.9769
2/28/2019,137405.6839,-7.652489902,125185.3467
2/27/2019,148791.9748,25.22836313,137405.6839
2/26/2019,118816.5133,16.23986196,148791.9748
2/25/2019,102216.6676,-33.9806863,118816.5133
2/24/2019,154828.4311,12.95449115,102216.6676
2/23/2019,137071.5139,-8.140331946,154828.4311
2/22/2019,149218.3859,3.677648946,137071.5139
2/21/2019,143925.3179,28.44442005,149218.3859
2/20/2019,112052.6044,60.93628353,143925.3179
2/19/2019,69625.44554,-14.25061959,112052.6044
2/18/2019,81196.44154,-15.03107881,69625.44554
2/17/2019,95560.16531,1.113509855,81196.44154
2/16/2019,94507.81151,-26.80475534,95560.16531
2/15/2019,129117.4201,3.820004137,94507.81151
2/14/2019,124366.6104,47.87725852,129117.4201
2/13/2019,84101.24156,69.38335793,124366.6104
2/12/2019,49651.41947,-23.42045808,84101.24156
2/11/2019,64836.40177,-11.38114386,49651.41947
2/10/2019,73163.21221,28.38542439,64836.40177
2/9/2019,56987.16389,-23.2355395,73163.21221
2/8/2019,74236.3895,24.7102488,56987.16389
2/7/2019,59527.09598,0.904029458,74236.3895
2/6/2019,58993.77488,15.37095159,59527.09598
2/5/2019,51133.99349,-22.14128053,58993.77488
2/4/2019,65675.35895,-42.57692952,51133.99349
2/3/2019,114371.0331,14.03855644,65675.35895
2/2/2019,100291.5476,36.88290948,114371.0331
2/1/2019,73268.12966,-7.380684551,100291.5476
1/31/2019,79106.74928,-5.327144124,73268.12966
1/30/2019,83558.00462,47.22466892,79106.74928
1/29/2019,56755.43727,-20.46070732,83558.00462
1/28/2019,71355.21999,-19.54300361,56755.43727
1/27/2019,88687.4022,8.144001556,71355.21999
1/26/2019,82008.619,1.037877686,88687.4022
1/25/2019,81166.21298,9.119576103,82008.619
1/24/2019,74382.81551,5.236769153,81166.21298
1/23/2019,70681.39407,35.3741434,74382.81551
1/22/2019,52211.88648,-19.51244127,70681.39407
1/21/2019,64869.51189,-14.6255597,52211.88648
1/20/2019,75982.35684,-10.63449317,64869.51189
1/19/2019,85024.25548,-6.380401732,75982.35684
1/18/2019,90818.86385,17.12975913,85024.25548
1/17/2019,77536.96799,7.598119341,90818.86385
1/16/2019,72061.63869,41.19961215,77536.96799
1/15/2019,51035.29506,-18.25908151,72061.63869
1/14/2019,62435.43136,-29.61804725,51035.29506
1/13/2019,88709.4332,-9.973345937,62435.43136
1/12/2019,98536.85458,1.059020735,88709.4332
1/11/2019,97504.2642,15.33726393,98536.85458
1/10/2019,84538.38845,-12.2728727,97504.2642
1/9/2019,96365.16212,48.11666829,84538.38845
1/8/2019,65060.30903,37.05417863,96365.16212
1/7/2019,47470.50377,-36.57420786,65060.30903
1/6/2019,74844.16381,1.00565866,47470.50377
1/5/2019,74098.98099,6.212634754,74844.16381
1/4/2019,69764.75178,65.58161983,74098.98099
1/3/2019,42133.14971,-30.14776179,69764.75178
1/2/2019,60317.53712,13.12349293,42133.14971
1/1/2019,53320.08017,-10.99512368,60317.53712
12/31/2018,59906.92013,-10.95953031,53320.08017
12/30/2018,67280.5527,6.119590257,59906.92013
12/29/2018,63400.69024,2.139026941,67280.5527
12/28/2018,62072.93347,-10.99816001,63400.69024
12/27/2018,69743.42718,-27.48599849,62072.93347
12/26/2018,96179.25605,54.57280403,69743.42718
12/25/2018,62222.6249,-15.26756405,96179.25605
12/24/2018,73434.24534,-40.93091293,62222.6249
12/23/2018,124319.2488,12.97799234,73434.24534
12/22/2018,110038.4653,-12.24810879,124319.2488
12/21/2018,125397.2578,32.25122926,110038.4653
12/20/2018,94817.46107,33.25026147,125397.2578
12/19/2018,71157.42965,46.49341177,94817.46107
12/18/2018,48573.80874,-18.03134817,71157.42965
12/17/2018,59259.00653,-27.971888,48573.80874
12/16/2018,82272.05307,9.332401889,59259.00653
12/15/2018,75249.4701,-2.782944501,82272.05307
12/14/2018,77403.56845,-3.118821598,75249.4701
12/13/2018,79895.36226,-1.309345507,77403.56845
12/12/2018,80955.34747,36.28290517,79895.36226
12/11/2018,59402.42275,-12.45822161,80955.34747
12/10/2018,67856.08408,-36.12959207,59402.42275
12/9/2018,106240.2547,-0.32151944,67856.08408
12/8/2018,106582.9396,4.989805739,106240.2547
12/7/2018,101517.4177,-18.64770486,106582.9396
12/6/2018,124787.4046,1.045927423,101517.4177
12/5/2018,123495.7289,27.47802281,124787.4046
12/4/2018,96876.09374,-24.37643548,123495.7289
12/3/2018,128103.0514,-23.50710022,96876.09374
12/2/2018,167470.5127,-12.85695591,128103.0514
12/1/2018,192178.8646,20.89973175,167470.5127
11/30/2018,158957.2299,13.33922224,192178.8646
11/29/2018,140249.0919,-6.546876059,158957.2299
11/28/2018,150074.2682,22.61478638,140249.0919
11/27/2018,122394.9188,-8.579905714,150074.2682
11/26/2018,133881.8558,-15.99727476,122394.9188
11/25/2018,159377.9909,-10.46865926,133881.8558
11/24/2018,178013.6314,-21.39223795,159377.9909
11/23/2018,226458.0834,-30.1235554,178013.6314
11/22/2018,324083.5803,52.87260155,226458.0834
11/21/2018,211995.856,109.6502125,324083.5803
11/20/2018,101118.8367,-15.58352758,211995.856
11/19/2018,119785.6696,-42.03514718,101118.8367
11/18/2018,206652.2448,-4.783178154,119785.6696
11/17/2018,217033.3359,36.08031989,206652.2448
11/16/2018,159489.143,38.4944945,217033.3359
11/15/2018,115159.1935,-6.174718483,159489.143
11/14/2018,122737.9142,36.09215443,115159.1935
11/13/2018,90187.35483,-15.34787967,122737.9142
11/12/2018,106538.802,-25.91099557,90187.35483
11/11/2018,143798.3987,5.575616617,106538.802
11/10/2018,136204.176,2.417935559,143798.3987
11/9/2018,132988.5974,7.554870092,136204.176
11/8/2018,123647.2112,2.783498207,132988.5974
11/7/2018,120298.6991,46.62580402,123647.2112
11/6/2018,82044.69869,-5.145996994,120298.6991
11/5/2018,86495.76832,-26.10504396,82044.69869
11/4/2018,117052.3307,5.707440937,86495.76832
11/3/2018,110732.3474,5.37838831,117052.3307
11/2/2018,105080.6993,-11.27737705,110732.3474
11/1/2018,118437.3228,-5.346274144,105080.6993
10/31/2018,125126.9527,17.50607366,118437.3228
10/30/2018,106485.5193,25.74898755,125126.9527
10/29/2018,84681.01521,-26.98523476,106485.5193
10/28/2018,115977.9326,2.070627987,84681.01521
10/27/2018,113625.1778,3.050386919,115977.9326
10/26/2018,110261.7673,2.584773337,113625.1778
10/25/2018,107483.5609,-0.956473666,110261.7673
10/24/2018,108521.5409,33.30223043,107483.5609
10/23/2018,81410.14633,-12.41800924,108521.5409
10/22/2018,92953.06675,-18.86096656,81410.14633
10/21/2018,114560.2342,-3.417584626,92953.06675
10/20/2018,118613.9669,-4.605398772,114560.2342
10/19/2018,124340.3352,-2.434462713,118613.9669
10/18/2018,127442.8847,-14.48434951,124340.3352
10/17/2018,149028.7263,90.51292831,127442.8847
10/16/2018,78224.99375,-5.947027507,149028.7263
10/15/2018,83171.20839,-27.97835907,78224.99375
10/14/2018,115480.8573,0.34622706,83171.20839
10/13/2018,115082.4109,12.15988998,115480.8573
10/12/2018,102605.6738,-7.02602232,115082.4109
10/11/2018,110359.5612,-0.724948022,102605.6738
10/10/2018,111165.453,29.71683243,110359.5612
10/9/2018,85698.55653,-25.92678966,111165.453
10/8/2018,115694.4004,-17.45036352,85698.55653
10/7/2018,140151.3141,14.12973693,115694.4004
10/6/2018,122799.9975,-11.166938,140151.3141
10/5/2018,138236.8172,-18.1104221,122799.9975
10/4/2018,168808.8042,17.36119204,138236.8172
10/3/2018,143836.9884,41.40685819,168808.8042
10/2/2018,101718.5377,-18.72853645,143836.9884
10/1/2018,125158.9836,-35.18339291,101718.5377
9/30/2018,193097.0923,24.91164744,125158.9836
9/29/2018,154586.939,18.69520992,193097.0923
9/28/2018,130238.5658,-0.035113879,154586.939
9/27/2018,130284.3136,26.53228983,130238.5658
9/26/2018,102965.2698,5.986247827,130284.3136
9/25/2018,97149.65096,-22.38505472,102965.2698
9/24/2018,125168.7424,-26.73153786,97149.65096
9/23/2018,170835.7713,45.7452326,125168.7424
9/22/2018,117215.341,8.231543029,170835.7713
9/21/2018,108300.5358,-9.540115763,117215.341
9/20/2018,119722.1693,7.143884329,108300.5358
9/19/2018,111739.6201,31.91931017,119722.1693
9/18/2018,84703.00516,-17.23582949,111739.6201
9/17/2018,102342.6014,-25.78661571,84703.00516
9/16/2018,137903.1591,5.329100975,102342.6014
9/15/2018,130925.9814,-12.72671879,137903.1591
9/14/2018,150018.4015,2.370192598,130925.9814
9/13/2018,146545.0027,16.48952995,150018.4015
9/12/2018,125801.0078,8.934222047,146545.0027
9/11/2018,115483.4591,-3.608087108,125801.0078
9/10/2018,119806.1701,-33.42307728,115483.4591
9/9/2018,179951.4985,-10.60418729,119806.1701
9/8/2018,201297.458,-11.08376145,179951.4985
9/7/2018,226389.9837,28.17546942,201297.458
9/6/2018,176625.0475,22.13978516,226389.9837
9/5/2018,144608.939,22.37842265,176625.0475
9/4/2018,118165.3889,-13.38208217,144608.939
9/3/2018,136421.4147,-22.63640367,118165.3889
9/2/2018,176337.9951,5.538395915,136421.4147
9/1/2018,167084.21,0.160683821,176337.9951
8/31/2018,166816.1635,-47.29281422,167084.21
8/30/2018,316496.0546,44.24012216,166816.1635
8/29/2018,219423.0356,18.26370956,316496.0546
8/28/2018,185537.0818,31.09179867,219423.0356
8/27/2018,141532.181,12.92389264,185537.0818
8/26/2018,125334.1323,0.874913042,141532.181
8/25/2018,124247.0784,-22.15500128,125334.1323
8/24/2018,159608.2992,0.733936462,124247.0784
8/23/2018,158445.4105,-15.30049107,159608.2992
8/22/2018,187067.685,71.3658244,158445.4105
8/21/2018,109162.7725,3.075733126,187067.685
8/20/2018,105905.4048,-34.29076738,109162.7725
8/19/2018,161172.792,5.669330995,105905.4048
8/18/2018,152525.6103,8.16047158,161172.792
8/17/2018,141017.8858,-11.90934116,152525.6103
8/16/2018,160082.6781,26.60888265,141017.8858
8/15/2018,126438.7417,56.82066138,160082.6781
8/14/2018,80626.32856,-15.44547423,126438.7417
8/13/2018,95354.2437,-26.97713609,80626.32856
8/12/2018,130581.353,-1.622039496,95354.2437
8/11/2018,132734.3567,-0.833992869,130581.353
8/10/2018,133850.6617,4.493627062,132734.3567
8/9/2018,128094.5694,2.595129747,133850.6617
8/8/2018,124854.4349,30.7079226,128094.5694
8/7/2018,95521.70395,-25.32705099,124854.4349
8/6/2018,127920.0905,-27.05551381,95521.70395
8/5/2018,175366.3603,-8.365987882,127920.0905
8/4/2018,191376.9312,16.77269697,175366.3603
8/3/2018,163888.4227,-21.50380242,191376.9312
8/2/2018,208785.174,2.975317588,163888.4227
8/1/2018,202752.6391,57.79774513,208785.174
7/31/2018,128488.933,-5.810055222,202752.6391
7/30/2018,136414.7026,-17.06456865,128488.933
7/29/2018,164483.0206,-15.99752667,136414.7026
7/28/2018,195807.3543,-13.45668506,164483.0206
7/27/2018,226253.5869,-0.979650867,195807.3543
7/26/2018,228492.0108,18.00872317,226253.5869
7/25/2018,193622.9837,76.71075273,228492.0108
7/24/2018,109570.5727,-14.00964694,193622.9837
7/23/2018,127421.936,-26.44587055,109570.5727
7/22/2018,173235.598,-17.97961879,127421.936
7/21/2018,211210.4278,-9.847516253,173235.598
7/20/2018,234281.3187,40.87075252,211210.4278
7/19/2018,166309.411,10.69907902,234281.3187
7/18/2018,150235.5868,56.82250001,166309.411
7/17/2018,95799.76521,2.776393,150235.5868
7/16/2018,93211.83825,-22.57007215,95799.76521
7/15/2018,120382.1841,1.048144467,93211.83825
7/14/2018,119133.4929,-9.035292944,120382.1841
7/13/2018,130966.7197,-14.54200454,119133.4929
7/12/2018,153252.7402,14.41910046,130966.7197
7/11/2018,133939.8226,29.44601016,153252.7402
7/10/2018,103471.5728,-5.711434455,133939.8226
7/9/2018,109739.2586,-22.34129236,103471.5728
7/8/2018,141309.6637,6.759622659,109739.2586
7/7/2018,132362.4608,-7.205421384,141309.6637
7/6/2018,142640.2951,-22.92402581,132362.4608
7/5/2018,185064.5374,23.24482598,142640.2951
7/4/2018,150160.0866,40.75391265,185064.5374
7/3/2018,106682.7087,-24.09377753,150160.0866
7/2/2018,140545.4062,-13.87189802,106682.7087
7/1/2018,163181.8222,-2.168334723,140545.4062
6/30/2018,166798.5735,-15.48865073,163181.8222
6/29/2018,197368.2529,-2.270223287,166798.5735
6/28/2018,201953.0378,-5.445400866,197368.2529
6/27/2018,213583.5164,27.76371113,201953.0378
6/26/2018,167170.7205,-13.47051976,213583.5164
6/25/2018,193195.1054,-58.32336712,167170.7205
6/24/2018,463557.375,-6.354262118,193195.1054
6/23/2018,495011.717,-63.29046872,463557.375
6/22/2018,1348455.564,138.8257922,495011.717
6/21/2018,564618.9013,379.9554393,1348455.564
6/20/2018,117639.8588,-22.52517815,564618.9013
6/19/2018,151842.6968,41.86981011,117639.8588
6/18/2018,107029.6046,-28.28148433,151842.6968
6/17/2018,149235.6661,-19.86525386,107029.6046
6/16/2018,186230.909,-21.18780237,149235.6661
6/15/2018,236297.0638,65.05688595,186230.909
6/14/2018,143160.9851,-15.60396569,236297.0638
6/13/2018,169629.9906,49.87564047,143160.9851
6/12/2018,113180.4942,-20.0195298,169629.9906
6/11/2018,141510.1636,3.801440813,113180.4942
6/10/2018,136327.745,-14.07990024,141510.1636
6/9/2018,158668.0479,6.515282444,136327.745
6/8/2018,148962.7068,5.567775016,158668.0479
6/7/2018,141106.2294,-9.160818383,148962.7068
6/6/2018,155336.3063,31.7914208,141106.2294
6/5/2018,117865.2642,-5.29176157,155336.3063
6/4/2018,124450.9096,-18.93866947,117865.2642
6/3/2018,153526.8528,-5.359201647,124450.9096
6/2/2018,162220.5809,-3.075996235,153526.8528
6/1/2018,167368.8401,-21.65381901,162220.5809
5/31/2018,213627.3115,2.86866002,167368.8401
5/30/2018,207669.9662,44.87783813,213627.3115
5/29/2018,143341.4309,-13.29395002,207669.9662
5/28/2018,165318.834,-26.90303057,143341.4309
5/27/2018,226163.732,0.462874793,165318.834
5/26/2018,225121.7004,-3.327226449,226163.732
5/25/2018,232869.8062,9.530993848,225121.7004
5/24/2018,212606.3117,-18.96913972,232869.8062
5/23/2018,262376.9647,23.41754233,212606.3117
5/22/2018,212592.9262,-17.72968993,262376.9647
5/21/2018,258407.8339,-55.28944097,212592.9262
5/20/2018,577957.0632,31.89505184,258407.8339
5/19/2018,438194.6518,62.35682196,577957.0632
5/18/2018,269896.0515,-16.18886067,438194.6518
5/17/2018,322028.854,5.565466565,269896.0515
5/16/2018,305051.3245,49.76177065,322028.854
5/15/2018,203691.0509,-15.43055439,305051.3245
5/14/2018,240856.5522,-26.34304864,203691.0509
5/13/2018,326997.7209,34.50230782,240856.5522
5/12/2018,243116.8106,-14.57533912,326997.7209
5/11/2018,284597.923,-10.07599347,243116.8106
5/10/2018,316487.1472,-5.670282762,284597.923
5/9/2018,335511.6039,11.3733232,316487.1472
5/8/2018,301249.5221,-4.502834813,335511.6039
5/7/2018,315453.8897,-17.50560606,301249.5221
5/6/2018,382394.3357,0.684814803,315453.8897
5/5/2018,379793.4539,5.912381765,382394.3357
5/4/2018,358592.1188,24.42159521,379793.4539
5/3/2018,288207.2989,-15.2339414,358592.1188
5/2/2018,340003.1848,4.411399427,288207.2989
5/1/2018,325637.9923,-16.76041006,340003.1848
4/30/2018,391205.6662,-21.95377324,325637.9923
4/29/2018,501248.6605,-19.89756028,391205.6662
4/28/2018,625759.5427,-24.16686368,501248.6605
4/27/2018,825179.5627,32.02107068,625759.5427
4/26/2018,625036.2601,140.1426628,825179.5627
4/25/2018,260277.059,35.45825028,625036.2601
4/24/2018,192145.5936,-23.19601642,260277.059
4/23/2018,250176.5984,-2.629303691,192145.5936
4/22/2018,256932.1243,12.48019342,250176.5984
4/21/2018,228424.3265,10.49954793,256932.1243
4/20/2018,206719.6932,0.172782325,228424.3265
4/19/2018,206363.1342,-0.294242278,206719.6932
4/18/2018,206972.1337,2.096539173,206363.1342
4/17/2018,202721.9878,6.169047158,206972.1337
4/16/2018,190942.646,-33.49346612,202721.9878
4/15/2018,287103.5894,2.449059688,190942.646
4/14/2018,280240.3363,77.82082759,287103.5894
4/13/2018,157597.0262,1.00052681,280240.3363
4/12/2018,156035.8458,3.868084024,157597.0262
4/11/2018,150225.0159,1.852650107,156035.8458
4/10/2018,147492.496,-21.6277375,150225.0159
4/9/2018,188194.766,-17.47327627,147492.496
4/8/2018,228040.9999,36.55437991,188194.766
4/7/2018,166996.4743,-0.871953264,228040.9999
4/6/2018,168465.414,-9.533729676,166996.4743
4/5/2018,186219.0332,23.7218474,168465.414
4/4/2018,150514.2682,21.17871258,186219.0332
4/3/2018,124208.5057,-10.78649709,150514.2682
4/2/2018,139226.128,-21.48584619,124208.5057
4/1/2018,177326.1523,-9.107712645,139226.128
3/31/2018,195094.8287,1.72457414,177326.1523
3/30/2018,191787.3143,-11.48672961,195094.8287
3/29/2018,216676.3396,-2.050100846,191787.3143
3/28/2018,221211.3963,26.88459686,216676.3396
3/27/2018,174340.6227,-7.529545256,221211.3963
3/26/2018,188536.569,-17.34327343,174340.6227
3/25/2018,228095.8571,-5.330742137,188536.569
3/24/2018,240939.733,-13.20818104,228095.8571
3/23/2018,277606.5024,-1.558734049,240939.733
3/22/2018,282002.1662,8.911487416,277606.5024
3/21/2018,258927.844,25.08231873,282002.1662
3/20/2018,207005.9514,20.36122287,258927.844
3/19/2018,171987.2452,-32.0051361,207005.9514
3/18/2018,252941.5243,-17.41866054,171987.2452
3/17/2018,306293.8018,1.443380326,252941.5243
3/16/2018,301935.721,-45.64351442,306293.8018
3/15/2018,555473.2206,80.74168875,301935.721
3/14/2018,307329.883,-20.5152561,555473.2206
3/13/2018,386652.6681,9.772876549,307329.883
3/12/2018,352229.6949,11.21013346,386652.6681
3/11/2018,316724.4602,-5.727452327,352229.6949
3/10/2018,335966.7984,-4.687548201,316724.4602
3/9/2018,352489.9339,-12.05820412,335966.7984
3/8/2018,400821.8509,-22.37631574,352489.9339
3/7/2018,516365.4041,34.9901217,400821.8509
3/6/2018,382520.8819,-11.04454957,516365.4041
3/5/2018,430013.9903,-7.423625108,382520.8819
3/4/2018,464496.4666,-18.95041191,430013.9903
3/3/2018,573101.5759,7.729907948,464496.4666
3/2/2018,531980.0107,-2.221950139,573101.5759
3/1/2018,544068.9516,13.82061713,531980.0107
2/28/2018,478005.6244,18.95638509,544068.9516
2/27/2018,401832.6751,-56.887124,478005.6244
2/26/2018,932047.9457,24.03007957,401832.6751
2/25/2018,751469.2798,101.2340785,932047.9457
2/24/2018,373430.4276,-12.85191409,751469.2798
2/23/2018,428501.0091,-27.97435922,373430.4276
2/22/2018,594928.4233,5.178251968,428501.0091
2/21/2018,565638.2495,20.79279877,594928.4233
2/20/2018,468271.499,-11.20137998,565638.2495
2/19/2018,527340.9642,-10.61705757,468271.499
2/18/2018,589979.4188,-7.720058562,527340.9642
2/17/2018,639336.577,7.422289989,589979.4188
2/16/2018,595161.9324,0.947297503,639336.577
2/15/2018,589576.8853,-4.371301552,595161.9324
2/14/2018,616527.146,19.25119531,589576.8853
2/13/2018,516998.7139,-30.01888486,616527.146
2/12/2018,738768.899,-2.050508069,516998.7139
2/11/2018,754234.5391,4.026086328,738768.899
2/10/2018,725043.6556,-27.53300496,754234.5391
2/9/2018,1000515.69,-20.75241743,725043.6556
2/8/2018,1262518.878,6.240073262,1000515.69
2/7/2018,1188364.088,27.0797637,1262518.878
2/6/2018,935132.4345,-29.87993816,1188364.088
2/5/2018,1333616.101,-45.39616376,935132.4345
2/4/2018,2442348.73,25.63086177,1333616.101
2/3/2018,1944067.481,18.37178173,2442348.73
2/2/2018,1642340.305,0.601894563,1944067.481
2/1/2018,1632514.29,-0.106644031,1642340.305
1/31/2018,1634257.128,-10.58603125,1632514.29
1/30/2018,1827742.522,-5.742631784,1634257.128
1/29/2018,1939097.767,-15.47611246,1827742.522
1/28/2018,2294141.72,-7.373241846,1939097.767
1/27/2018,2476759.163,-22.5649492,2294141.72
1/26/2018,3198498.79,-0.337335854,2476759.163
1/25/2018,3209324.993,-3.259609789,3198498.79
1/24/2018,3317461.286,-16.0235477,3209324.993
1/23/2018,3950466.108,-28.96265963,3317461.286
1/22/2018,5561112.068,-0.942336334,3950466.108
1/21/2018,5614014.97,-24.67220957,5561112.068
1/20/2018,7452780.625,-0.695977845,5614014.97
1/19/2018,7505013.859,10.69405198,7452780.625
1/18/2018,6779961.276,-5.147083937,7505013.859
1/17/2018,7147868.044,5.018741709,6779961.276
1/16/2018,6806278.505,-11.17582393,7147868.044
1/15/2018,7662641.869,-10.82790509,6806278.505
1/14/2018,8593093.923,-7.339370254,7662641.869
1/13/2018,9273727.091,-14.88818184,8593093.923
1/12/2018,10895933.48,-1.58372558,9273727.091
1/11/2018,11071272.05,4.420593602,10895933.48
1/10/2018,10602575.28,-7.196905172,11071272.05
1/9/2018,11424807.87,-5.013323002,10602575.28
1/8/2018,12027800.35,-0.144224671,11424807.87
1/7/2018,12045172.46,1.826904936,12027800.35
1/6/2018,11829066.66,4.819183684,12045172.46
1/5/2018,11285211.59,15.84941138,11829066.66
1/4/2018,9741276.587,50.24439835,11285211.59
1/3/2018,6483620.483,-16.04013684,9741276.587
1/2/2018,7722285.672,-24.9481247,6483620.483
1/1/2018,10289264.11,-10.56041057,7722285.672
12/31/2017,11504149.54,1.799890361,10289264.11
12/30/2017,11300748.46,-7.634131192,11504149.54
12/29/2017,12234766.59,5.387719839,11300748.46
12/28/2017,11609290.54,19.27051968,12234766.59
12/27/2017,9733579.236,-20.80672288,11609290.54
12/26/2017,12290916.09,-24.90948689,9733579.236
12/25/2017,16368134.37,-27.97250103,12290916.09
12/24/2017,22724840.66,25.45585606,16368134.37
12/23/2017,18113814.19,23.98724941,22724840.66
12/22/2017,14609416.92,24.30869214,18113814.19
12/21/2017,11752530.47,5.564913314,14609416.92
12/20/2017,11132989.27,7.789055315,11752530.47
12/19/2017,10328496.93,-0.806931869,11132989.27
12/18/2017,10412518.86,-1.148302802,10328496.93
12/17/2017,10533475.05,-2.026455384,10412518.86
12/16/2017,10751346.29,5.848868322,10533475.05
12/15/2017,10157261.44,9.291507403,10751346.29
12/14/2017,9293733.502,14.64110277,10157261.44
12/13/2017,8106807.487,19.01015296,9293733.502
12/12/2017,6811862.085,-20.67539865,8106807.487
12/11/2017,8587325.961,-16.36518225,6811862.085
12/10/2017,10267644.74,72.08147388,8587325.961
12/9/2017,5966734.538,71.34301005,10267644.74
12/8/2017,3482333.208,33.45078296,5966734.538
12/7/2017,2609451.313,-0.385919672,3482333.208
12/6/2017,2619560.713,23.31331501,2609451.313
12/5/2017,2124312.944,0.829559723,2619560.713
12/4/2017,2106835.486,-21.64668152,2124312.944
12/3/2017,2688891.2,-2.086657936,2106835.486
12/2/2017,2746194.894,-4.444203457,2688891.2
12/1/2017,2873917.641,17.75152249,2746194.894
11/30/2017,2440662.83,6.189334779,2873917.641
11/29/2017,2298406.742,29.46339652,2440662.83
11/28/2017,1775333.263,4.215879776,2298406.742
11/27/2017,1703515.114,-11.59317353,1775333.263
11/26/2017,1926904.496,-11.0782014,1703515.114
11/25/2017,2166965.273,27.46599009,1926904.496
11/24/2017,1700034.081,-32.02387354,2166965.273
11/23/2017,2500928.148,-7.926881771,1700034.081
11/22/2017,2716241.392,37.08405179,2500928.148
11/21/2017,1981442.303,-12.59165344,2716241.392
11/20/2017,2266879.973,-27.43282552,1981442.303
11/19/2017,3123836.623,-20.4756088,2266879.973
11/18/2017,3928149.057,-10.85528628,3123836.623
11/17/2017,4406485.693,7.966237308,3928149.057
11/16/2017,4081355.249,-20.46247743,4406485.693
11/15/2017,5131358.278,53.81338608,4081355.249
11/14/2017,3336093.437,65.36661423,5131358.278
11/13/2017,2017392.357,-6.168914603,3336093.437
11/12/2017,2150025.601,-16.87230476,2017392.357
11/11/2017,2586413.101,13.88243812,2150025.601
11/10/2017,2271125.508,8.875273732,2586413.101
11/9/2017,2085988.333,24.18528092,2271125.508
11/8/2017,1679738.789,15.1994379,2085988.333
11/7/2017,1458113.702,-28.25326487,1679738.789
11/6/2017,2032306.696,3.893080925,1458113.702
11/5/2017,1956152.111,-0.298937522,2032306.696
11/4/2017,1962017.317,34.31853425,1956152.111
11/3/2017,1460719.72,-1.402309723,1962017.317
11/2/2017,1481494.866,-7.950430451,1460719.72
11/1/2017,1609453.334,-6.23560345,1481494.866
10/31/2017,1716486.634,69.75704317,1609453.334
10/30/2017,1011143.103,5.098735451,1716486.634
10/29/2017,962088.7432,44.92232739,1011143.103
10/28/2017,663865.0928,-17.52683495,962088.7432
10/27/2017,804946.7877,-26.82384838,663865.0928
10/26/2017,1100012.463,0.838924265,804946.7877
10/25/2017,1090860.966,17.37517799,1100012.463
10/24/2017,929379.6051,-7.984176924,1090860.966
10/23/2017,1010021.509,4.286364941,929379.6051
10/22/2017,968507.7334,-11.70604247,1010021.509
10/21/2017,1096912.813,2.900867132,968507.7334
10/20/2017,1065989.864,-9.04097873,1096912.813
10/19/2017,1171945.178,6.091188056,1065989.864
10/18/2017,1104658.36,20.22066154,1171945.178
10/17/2017,918858.9928,-29.65787083,1104658.36
10/16/2017,1306271.226,-16.60700168,918858.9928
10/15/2017,1566403.957,68.6517599,1306271.226
10/14/2017,928780.0838,30.05990582,1566403.957
10/13/2017,714117.1432,-10.7214734,928780.0838
10/12/2017,799875.592,12.09860511,714117.1432
10/11/2017,713546.4275,38.68229019,799875.592
10/10/2017,514518.7799,8.64635679,713546.4275
10/9/2017,473572.0508,-26.87128884,514518.7799
10/8/2017,647587.0329,-6.917091873,473572.0508
10/7/2017,695709.9278,20.42334437,647587.0329
10/6/2017,577720.1517,-11.78188763,695709.9278
10/5/2017,654877.0271,-17.28375427,577720.1517
10/4/2017,791715.1236,52.49945228,654877.0271
10/3/2017,519159.3227,18.0481473,791715.1236
10/2/2017,439786.0827,-9.070109799,519159.3227
10/1/2017,483654.0347,-14.39208562,439786.0827
9/30/2017,564964.1604,-6.3172413,483654.0347
9/29/2017,603060.9775,2.756965527,564964.1604
9/28/2017,586880.8741,1.009366762,603060.9775
9/27/2017,581016.2888,87.51374098,586880.8741
9/26/2017,309852.6464,-17.69966334,581016.2888
9/25/2017,376490.1323,-11.66038986,309852.6464
9/24/2017,426184.9602,-14.57276803,376490.1323
9/23/2017,498886.5382,-14.33113881,426184.9602
9/22/2017,582342.9088,-14.98449607,498886.5382
9/21/2017,684984.3639,-0.573924855,582342.9088
9/20/2017,688938.3523,85.00036487,684984.3639
9/19/2017,372398.3749,-17.48790003,688938.3523
9/18/2017,451325.7753,832.7964864,372398.3749
9/17/2017,48384.1633,-90.51929352,451325.7753
9/16/2017,510343.4372,-3.662742739,48384.1633
9/15/2017,529746.6958,-15.67874552,510343.4372
9/14/2017,628248.1197,-7.415010748,529746.6958
9/13/2017,678563.6903,9.407655696,628248.1197
9/12/2017,620215.9127,-2.143526436,678563.6903
9/11/2017,633801.6179,-32.4833379,620215.9127
9/10/2017,938733.6373,-21.62918612,633801.6179
9/9/2017,1197810.244,-5.338391031,938733.6373
9/8/2017,1265360.115,-0.002501362,1197810.244
9/7/2017,1265391.767,-10.48298998,1265360.115
9/6/2017,1413576.891,27.17294681,1265391.767
9/5/2017,1111538.992,-16.4632735,1413576.891
9/4/2017,1330599.173,-29.22078381,1111538.992
9/3/2017,1879929.229,-4.185442977,1330599.173
9/2/2017,1962049.7,9.91004209,1879929.229
9/1/2017,1785141.433,-16.10325949,1962049.7
8/31/2017,2127784.014,28.11521163,1785141.433
8/30/2017,1660836.357,6.292718737,2127784.014
8/29/2017,1562511.88,-15.74863832,1660836.357
8/28/2017,1854583.532,-0.176242457,1562511.88
8/27/2017,1857857.867,10.89312474,1854583.532
8/26/2017,1675358.929,-25.95754802,1857857.867
8/25/2017,2262700.497,65.86249564,1675358.929
8/24/2017,1364202.611,13.2224071,2262700.497
8/23/2017,1204887.483,38.66201844,1364202.611
8/22/2017,868938.3703,-22.61353204,1204887.483
8/21/2017,1122855.705,-19.56226145,868938.3703
8/20/2017,1395931.468,-11.72557026,1122855.705
8/19/2017,1581354.275,4.344434456,1395931.468
8/18/2017,1515513.772,2.547913991,1581354.275
8/17/2017,1477859.191,38.47079707,1515513.772
8/16/2017,1067271.383,36.36427213,1477859.191
8/15/2017,782662.0321,-3.611562771,1067271.383
8/14/2017,811987.4692,-4.856910342,782662.0321
8/13/2017,853438.1973,29.00644239,811987.4692
8/12/2017,661546.9595,24.75048212,853438.1973
8/11/2017,530296.1146,-3.572130664,661546.9595
8/10/2017,549940.7155,32.48694589,530296.1146
8/9/2017,415090.492,45.17660589,549940.7155
8/8/2017,285921.0611,-21.76641245,415090.492
8/7/2017,365470.9825,12.07347917,285921.0611
8/6/2017,326099.4351,-5.959976418,365470.9825
8/5/2017,346766.6454,-1.363243374,326099.4351
8/4/2017,351559.2536,70.78691682,346766.6454
8/3/2017,205846.7125,-63.1481,351559.2536
8/2/2017,558578.289,47.2800736,205846.7125
8/1/2017,379262.6357,-10.96754731,558578.289
7/31/2017,425982.464,-18.72850779,379262.6357
7/30/2017,524147.4623,19.06431828,425982.464
7/29/2017,440222.1168,5.315246533,524147.4623
7/28/2017,418004.1649,-3.129912101,440222.1168
7/27/2017,431510.0502,-6.08194015,418004.1649
7/26/2017,459453.7524,34.45285685,431510.0502
7/25/2017,341721.0784,-28.838492,459453.7524
7/24/2017,480204.9423,-28.31164139,341721.0784
7/23/2017,669850.6587,0.809156957,480204.9423
7/22/2017,664474.0209,45.53229454,669850.6587
7/21/2017,456581.835,-12.34923986,664474.0209
7/20/2017,520910.297,20.84654085,456581.835
7/19/2017,431051.0614,33.7111732,520910.297
7/18/2017,322374.7508,-58.61879098,431051.0614
7/17/2017,779036.5687,65.09167921,322374.7508
7/16/2017,471881.1829,-4.932666341,779036.5687
7/15/2017,496365.2232,-6.430213388,471881.1829
7/14/2017,530475.9593,7.836336387,496365.2232
7/13/2017,491926.9118,1.132229499,530475.9593
7/12/2017,486419.5264,21.98062645,491926.9118
7/11/2017,398767.854,-19.11144165,486419.5264
7/10/2017,492984.2516,-17.77042152,398767.854
7/9/2017,599521.8031,-4.892305789,492984.2516
7/8/2017,630360.9903,6.575844935,599521.8031
7/7/2017,591467.0352,-22.59801134,630360.9903
7/6/2017,764149.6627,5.346921976,591467.0352
7/5/2017,725364.964,0,764149.6627
7/4/2017,725364.964,46.57252472,725364.964
7/3/2017,494884.676,-44.07728209,725364.964
7/2/2017,884943.8913,1.874074773,494884.676
7/1/2017,868664.4696,-12.92307934,884943.8913
6/30/2017,997582.8991,7.693015233,868664.4696
6/29/2017,926320.8918,1.369424945,997582.8991
6/28/2017,913806.9909,40.60300038,926320.8918
6/27/2017,649919.9793,-18.29164523,913806.9909
6/26/2017,795414.3504,-13.42151917,649919.9793
6/25/2017,918720.6137,-24.65701249,795414.3504
6/24/2017,1219384.37,-1.336452962,918720.6137
6/23/2017,1235901.614,15.59483997,1219384.37
6/22/2017,1069166.767,5.514747141,1235901.614
6/21/2017,1013286.575,45.36927185,1069166.767
6/20/2017,697043.166,-16.03560628,1013286.575
6/19/2017,830165.1869,-10.27434475,697043.166
6/18/2017,925226.1068,-12.99885982,830165.1869
6/17/2017,1063464.346,-4.431113746,925226.1068
6/16/2017,1112772.564,-15.54480501,1063464.346
6/15/2017,1317589.243,20.95894537,1112772.564
6/14/2017,1089286.319,3.27264702,1317589.243
6/13/2017,1054767.501,-5.16963882,1089286.319
6/12/2017,1112267.726,-13.65000216,1054767.501
6/11/2017,1288092.361,-6.070251871,1112267.726
6/10/2017,1371335.904,-22.98111509,1288092.361
6/9/2017,1780519.032,20.76651712,1371335.904
6/8/2017,1474348.25,14.92478333,1780519.032
6/7/2017,1282881.035,15.353274,1474348.25
6/6/2017,1112132.314,-19.30409106,1282881.035
6/5/2017,1378176.823,19.83535882,1112132.314
6/4/2017,1150058.577,-15.7674286,1378176.823
6/3/2017,1365337.135,4.708418039,1150058.577
6/2/2017,1303942.091,-1.030665736,1365337.135
6/1/2017,1317521.331,16.9707549,1303942.091
5/31/2017,1126368.153,21.86061879,1317521.331
5/30/2017,924308.5783,-13.21757112,1126368.153
5/29/2017,1065087.242,2.493201298,924308.5783
5/28/2017,1039178.432,-12.74213607,1065087.242
5/27/2017,1190928.112,5.839958039,1039178.432
5/26/2017,1125215.972,5.010617393,1190928.112
5/25/2017,1071525.908,26.04069226,1125215.972
5/24/2017,850142.8301,17.74933633,1071525.908
5/23/2017,721993.7339,-9.299968118,850142.8301
5/22/2017,796023.6826,-8.353934813,721993.7339
5/21/2017,868584.6807,16.66980046,796023.6826
5/20/2017,744481.1572,-15.23826873,868584.6807
5/19/2017,878322.2641,47.07357336,744481.1572
5/18/2017,597199.2412,5.889029365,878322.2641
5/17/2017,563985.9434,6.732251088,597199.2412
5/16/2017,528411.9258,-0.989420162,563985.9434
5/15/2017,533692.3858,-3.679733044,528411.9258
5/14/2017,554081.0908,8.832643393,533692.3858
5/13/2017,509112.9587,-4.771349729,554081.0908
5/12/2017,534621.6262,2.519447055,509112.9587
5/11/2017,521483.1348,0.444921772,534621.6262
5/10/2017,519173.2201,22.01759283,521483.1348
5/9/2017,425490.4625,-8.057052015,519173.2201
5/8/2017,462776.6151,15.49827722,425490.4625
5/7/2017,400678.3705,-13.495893,462776.6151
5/6/2017,463189.9968,24.2163881,400678.3705
5/5/2017,372889.6033,-5.824465304,463189.9968
5/4/2017,395951.671,22.6769996,372889.6033
5/3/2017,322759.5004,19.68944364,395951.671
5/2/2017,269664.1329,-21.2100985,322759.5004
5/1/2017,342257.2281,2.964487285,269664.1329
4/30/2017,332403.1782,-3.654715417,342257.2281
4/29/2017,345012.3995,3.822684396,332403.1782
4/28/2017,332309.2651,-4.378056494,345012.3995
4/27/2017,347524.065,46.40177478,332309.2651
4/26/2017,237376.9482,3.188174659,347524.065
4/25/2017,230042.7825,-5.349683317,237376.9482
4/24/2017,243044.9158,-24.97171338,230042.7825
4/23/2017,323937.713,8.881602469,243044.9158
4/22/2017,297513.7265,12.02479413,323937.713
4/21/2017,265578.4631,-4.85636224,297513.7265
4/20/2017,279134.2325,24.57623372,265578.4631
4/19/2017,224067.0024,16.2149962,279134.2325
4/18/2017,192803.8632,-20.55279004,224067.0024
4/17/2017,242681.7296,-14.5469612,192803.8632
4/16/2017,283994.2652,10.22931493,242681.7296
4/15/2017,257639.5085,-1.373214688,283994.2652
4/14/2017,261226.712,-6.83725729,257639.5085
4/13/2017,280398.2627,16.21189202,261226.712
4/12/2017,241281.9014,17.84378553,280398.2627
4/11/2017,204747.2425,0.698448702,241281.9014
4/10/2017,203327.107,-24.36458577,204747.2425
4/9/2017,268825.2706,0.962205516,203327.107
4/8/2017,266263.2707,-0.817847897,268825.2706
4/7/2017,268458.8559,17.52585198,266263.2707
4/6/2017,228425.3646,-9.48448113,268458.8559
4/5/2017,252360.4432,26.26967263,228425.3646
4/4/2017,199858.3175,-3.866106746,252360.4432
4/3/2017,207895.7907,-11.48716888,199858.3175
4/2/2017,234876.4445,11.0313438,207895.7907
4/1/2017,211540.6663,-4.393406336,234876.4445
3/31/2017,221261.5869,-9.204940306,211540.6663
3/30/2017,243693.4208,20.9819872,221261.5869
3/29/2017,201429.5074,36.95664228,243693.4208
3/28/2017,147075.3839,-15.63067384,201429.5074
3/27/2017,174323.2885,-19.61860666,147075.3839
3/26/2017,216870.2,-11.04936445,174323.2885
3/25/2017,243809.6127,-11.26203213,216870.2
3/24/2017,274752.3056,-1.292042447,243809.6127
3/23/2017,278348.6888,10.76945239,274752.3056
3/22/2017,251286.508,14.97545156,278348.6888
3/21/2017,218556.6611,6.799511427,251286.508
3/20/2017,204642.0046,-23.17721086,218556.6611
3/19/2017,266381.899,-14.4940076,204642.0046
3/18/2017,311535.9421,4.720666869,266381.899
3/17/2017,297492.3207,-6.950915771,311535.9421
3/16/2017,319715.474,17.31945301,297492.3207
3/15/2017,272517.0173,16.73762645,319715.474
3/14/2017,233444.0279,-8.55398431,272517.0173
3/13/2017,255280.6988,-9.535257912,233444.0279
3/12/2017,282188.0579,0.043473584,255280.6988
3/11/2017,282065.434,4.096986415,282188.0579
3/10/2017,270964.0727,-18.81513581,282065.434
3/9/2017,333761.8107,9.263365061,270964.0727
3/8/2017,305465.4325,10.65612723,333761.8107
3/7/2017,276049.271,-2.21054203,305465.4325
3/6/2017,282289.3968,-15.72672289,276049.271
3/5/2017,334969.0512,5.484342203,282289.3968
3/4/2017,317553.3394,12.55025358,334969.0512
3/3/2017,282143.6019,4.408305235,317553.3394
3/2/2017,270230.9948,15.85289619,282143.6019
3/1/2017,233253.5515,22.42858567,270230.9948
2/28/2017,190522.1319,-13.28584956,233253.5515
2/27/2017,219712.8507,-19.29469199,190522.1319
2/26/2017,272240.8923,8.727811959,219712.8507
2/25/2017,250387.5388,21.20358534,272240.8923
2/24/2017,206584.2673,10.25278243,250387.5388
2/23/2017,187373.2914,6.986190814,206584.2673
2/22/2017,175137.8285,28.0646525,187373.2914
2/21/2017,136757.3527,-15.86153676,175137.8285
2/20/2017,162538.4485,-7.436172728,136757.3527
2/19/2017,175596.076,-0.915548595,162538.4485
2/18/2017,177218.5984,30.39200176,175596.076
2/17/2017,135912.1695,-4.820747792,177218.5984
2/16/2017,142796.0047,4.593405516,135912.1695
2/15/2017,136524.8641,33.33513154,142796.0047
2/14/2017,102392.2671,-12.71960811,136524.8641
2/13/2017,117314.1698,-16.63954404,102392.2671
2/12/2017,140731.1997,-17.38877368,117314.1698
2/11/2017,170353.6021,3.450142412,140731.1997
2/10/2017,164672.1774,-8.199216195,170353.6021
2/9/2017,179379.9253,13.23337078,164672.1774
2/8/2017,158416.1313,14.88208524,179379.9253
2/7/2017,137894.5472,-4.142800042,158416.1313
2/6/2017,143854.1365,-12.56804784,137894.5472
2/5/2017,164532.6827,14.7740331,143854.1365
2/4/2017,143353.5777,-5.568779429,164532.6827
2/3/2017,151807.3968,8.120214481,143353.5777
2/2/2017,140406.1188,11.24553693,151807.3968
2/1/2017,126212.8106,15.31143677,140406.1188
1/31/2017,109453.8531,-2.760165117,126212.8106
1/30/2017,112560.7147,7.554587423,109453.8531
1/29/2017,104654.499,-8.727659643,112560.7147
1/28/2017,114661.7898,-5.260961093,104654.499
1/27/2017,121029.0827,-4.911924135,114661.7898
1/26/2017,127281.0304,25.31368414,121029.0827
1/25/2017,101569.9373,27.00775301,127281.0304
1/24/2017,79971.44653,-8.510249625,101569.9373
1/23/2017,87410.27951,-7.122024072,79971.44653
1/22/2017,94113.03233,-6.953323765,87410.27951
1/21/2017,101146.0443,6.175960512,94113.03233
1/20/2017,95262.66,-3.668269724,101146.0443
1/19/2017,98890.22,14.94345246,95262.66
1/18/2017,86033.8,27.48622726,98890.22
1/17/2017,67484.78,-4.701668012,86033.8
1/16/2017,70814.23,-12.66129592,67484.78
1/15/2017,81080.01,-5.180070135,70814.23
1/14/2017,85509.46,-2.60207085,81080.01
1/13/2017,87793.92,-19.68479864,85509.46
1/12/2017,109311.71,19.02235083,87793.92
1/11/2017,91841.33,9.779130075,109311.71
1/10/2017,83660.1,-13.4037592,91841.33
1/9/2017,96609.39,-14.62113275,83660.1
1/8/2017,113153.75,-1.203349597,96609.39
1/7/2017,114531.97,-48.51427835,113153.75
1/6/2017,222453.85,83.3495676,114531.97
1/5/2017,121327.72,4.170737098,222453.85
1/4/2017,116470.06,78.21731668,121327.72
1/3/2017,65352.83,-17.59583687,116470.06
1/2/2017,79307.68,-17.12977026,65352.83
1/1/2017,95701.05,-7.786643567,79307.68
12/31/2016,103782.2,1.752971025,95701.05
12/30/2016,101994.27,9.713680688,103782.2
12/29/2016,92964.04,16.96601628,101994.27
12/28/2016,79479.53,41.85996868,92964.04
12/27/2016,56026.75,-25.05215752,79479.53
12/26/2016,74754.32,-17.62467763,56026.75
12/25/2016,90748.44,-0.656455909,74754.32
12/24/2016,91348.1,-3.803854771,90748.44
12/23/2016,94960.25,17.25550483,91348.1
12/22/2016,80985.75,-2.220504274,94960.25
12/21/2016,82824.88,29.67050103,80985.75
12/20/2016,63873.34,-1.117191906,82824.88
12/19/2016,64594.99,-15.51578735,63873.34
12/18/2016,76458.06,-2.059643425,64594.99
12/17/2016,78065.94,6.301543338,76458.06
12/16/2016,73438.2,-3.519040086,78065.94
12/15/2016,76116.78,5.213252454,73438.2
12/14/2016,72345.24,0,76116.78
12/13/2016,72345.24,7.77032729,72345.24
12/12/2016,67129.09,-9.531881448,72345.24
12/11/2016,74201.93,0.392929329,67129.09
12/10/2016,73911.51,-10.49340727,74201.93
12/9/2016,82576.61,-8.540728348,73911.51
12/8/2016,90287.85,12.52949623,82576.61
12/7/2016,80234.83,13.15190819,90287.85
12/6/2016,70908.95,-8.238685957,80234.83
12/5/2016,77275.43,-17.68564752,70908.95
12/4/2016,93878.44,21.31738813,77275.43
12/3/2016,77382.51,5.067545596,93878.44
12/2/2016,73650.25,-1.742218617,77382.51
12/1/2016,74956.15,-6.488259158,73650.25
11/30/2016,80156.94,36.64572068,74956.15
11/29/2016,58660.41,-21.91660256,80156.94
11/28/2016,75125.33,-26.51416111,58660.41
11/27/2016,102231.03,1.064622973,75125.33
11/26/2016,101154.12,25.46505764,102231.03
11/25/2016,80623.34,6.175994631,101154.12
11/24/2016,75933.68,7.607326127,80623.34
11/23/2016,70565.53,31.1607692,75933.68
11/22/2016,53800.79,-1.004221979,70565.53
11/21/2016,54346.55,-13.13565045,53800.79
11/20/2016,62564.85,-4.583335557,54346.55
11/19/2016,65570.15,11.12298356,62564.85
11/18/2016,59006.83,1.688435813,65570.15
11/17/2016,58027.08,3.35701895,59006.83
11/16/2016,56142.37,26.33950452,58027.08
11/15/2016,44437.7,-4.139680288,56142.37
11/14/2016,46356.72,-10.96389365,44437.7
11/13/2016,52065.08,-11.4971434,46356.72
11/12/2016,58828.7,-3.030419912,52065.08
11/11/2016,60667.17,-4.514576332,58828.7
11/10/2016,63535.53,-1.265227344,60667.17
11/9/2016,64349.7,25.43265697,63535.53
11/8/2016,51302.19,-2.947654697,64349.7
11/7/2016,52860.33,-11.47669219,51302.19
11/6/2016,59713.46,9.238466689,52860.33
11/5/2016,54663.4,-7.097143049,59713.46
11/4/2016,58839.31,1.568074798,54663.4
11/3/2016,57930.91,7.689120354,58839.31
11/2/2016,53794.58,21.37993559,57930.91
11/1/2016,44319.17,-15.46442506,53794.58
10/31/2016,52426.65,-7.61587741,44319.17
10/30/2016,56748.55,-25.43697023,52426.65
10/29/2016,76108.16,-9.714272157,56748.55
10/28/2016,84297,29.32696954,76108.16
10/27/2016,65181.3,22.63737728,84297
10/26/2016,53149.62,19.52738332,65181.3
10/25/2016,44466.48,0.50384734,53149.62
10/24/2016,44243.56,-8.472103615,44466.48
10/23/2016,48338.88,-14.46651722,44243.56
10/22/2016,56514.57,41.90584401,48338.88
10/21/2016,39825.4,-19.30835852,56514.57
10/20/2016,49355.05,6.616686883,39825.4
10/19/2016,46292.05,24.85661275,49355.05
10/18/2016,37076.17,-7.400692718,46292.05
10/17/2016,40039.36,-8.206817656,37076.17
10/16/2016,43619.1,1.952779603,40039.36
10/15/2016,42783.63,-2.782241609,43619.1
10/14/2016,44008.04,-14.98588734,42783.63
10/13/2016,51765.57,22.38655047,44008.04
10/12/2016,42296.78,17.89057361,51765.57
10/11/2016,35878,-14.38774159,42296.78
10/10/2016,41907.55,-7.06030367,35878
10/9/2016,45091.12,-5.526252217,41907.55
10/8/2016,47728.73,6.89628142,45091.12
10/7/2016,44649.57,2.904065983,47728.73
10/6/2016,43389.51,-6.436523936,44649.57
10/5/2016,46374.41,42.38075939,43389.51
10/4/2016,32570.7,-9.696607083,46374.41
10/3/2016,36068.08,-13.75529254,32570.7
10/2/2016,41820.63,0.740972172,36068.08
10/1/2016,41513.03,6.084339966,41820.63
9/30/2016,39132.1,1.813764441,41513.03
9/29/2016,38434.98,4.257200627,39132.1
9/28/2016,36865.54,22.80976907,38434.98
9/27/2016,30018.41,-16.30634948,36865.54
9/26/2016,35867.01,-1.078382404,30018.41
9/25/2016,36258.01,-3.145279903,35867.01
9/24/2016,37435.46,-3.640459133,36258.01
9/23/2016,38849.77,-8.107432391,37435.46
9/22/2016,42277.38,4.90904507,38849.77
9/21/2016,40299.08,23.77232253,42277.38
9/20/2016,32559.04,-7.13514602,40299.08
9/19/2016,35060.67,-10.9932642,32559.04
9/18/2016,39391.03,7.730228027,35060.67
9/17/2016,36564.51,-4.496420494,39391.03
9/16/2016,38286.01,-8.808832055,36564.51
9/15/2016,41984.34,22.85606433,38286.01
9/14/2016,34173.6,18.05975398,41984.34
9/13/2016,28946.02,-9.978435394,34173.6
9/12/2016,32154.54,-19.98167428,28946.02
9/11/2016,40183.97,6.973515623,32154.54
9/10/2016,37564.41,-4.848388286,40183.97
9/9/2016,39478.48,6.015909444,37564.41
9/8/2016,37238.26,-3.552385494,39478.48
9/7/2016,38609.83,34.60838236,37238.26
9/6/2016,28683.08,-8.676169523,38609.83
9/5/2016,31408.1,-5.57070344,28683.08
9/4/2016,33260.97,-8.74099166,31408.1
9/3/2016,36446.78,1.152631297,33260.97
9/2/2016,36031.47,-8.878254378,36446.78
9/1/2016,39542.12,6.857049742,36031.47
8/31/2016,37004.69,31.72177338,39542.12
8/30/2016,28093.07,-10.87676387,37004.69
8/29/2016,31521.6,-12.67396101,28093.07
8/28/2016,36096.45,-3.249786713,31521.6
8/27/2016,37308.91,-2.167200117,36096.45
8/26/2016,38135.38,-3.494484677,37308.91
8/25/2016,39516.27,1.68550891,38135.38
8/24/2016,38861.26,32.18066191,39516.27
8/23/2016,29400.11,-18.25800679,38861.26
8/22/2016,35966.96,-22.34569085,29400.11
8/21/2016,46316.76,5.826968115,35966.96
8/20/2016,43766.5,3.805707233,46316.76
8/19/2016,42161.94,-13.16495469,43766.5
8/18/2016,48554.06,25.62947914,42161.94
8/17/2016,38648.62,10.11037357,48554.06
8/16/2016,35099.89,-5.595310843,38648.62
8/15/2016,37180.24,-10.10665035,35099.89
8/14/2016,41360.39,-12.53586503,37180.24
8/13/2016,47288.4,6.049250319,41360.39
8/12/2016,44590.98,-1.960095404,47288.4
8/11/2016,45482.48,-13.14191604,44590.98
8/10/2016,52364.13,31.91734906,45482.48
8/9/2016,39694.65,12.40323029,52364.13
8/8/2016,35314.51,-17.85709052,39694.65
8/7/2016,42991.55,7.338878268,35314.51
8/6/2016,40052.17,-7.399050782,42991.55
8/5/2016,43252.44,-12.40601138,40052.17
8/4/2016,49378.32,11.52485273,43252.44
8/3/2016,44275.62,-2.277870391,49378.32
8/2/2016,45307.67,5.312964807,44275.62
8/1/2016,43021.93,-9.664612899,45307.67
7/31/2016,47624.67,0.315915702,43021.93
7/30/2016,47474.69,-3.3828338,47624.67
7/29/2016,49136.91,6.063620157,47474.69
7/28/2016,46327.77,1.309542996,49136.91
7/27/2016,45728.93,34.2695425,46327.77
7/26/2016,34057.56,-13.27925673,45728.93
7/25/2016,39272.68,-7.116117979,34057.56
7/24/2016,42281.48,5.236947827,39272.68
7/23/2016,40177.41,-6.19573016,42281.48
7/22/2016,42831.11,2.407873558,40177.41
7/21/2016,41824.04,3.623396309,42831.11
7/20/2016,40361.58,23.97048782,41824.04
7/19/2016,32557.41,-3.118949102,40361.58
7/18/2016,33605.55,-8.783362879,32557.41
7/17/2016,36841.47,-4.590357018,33605.55
7/16/2016,38613.99,9.594533611,36841.47
7/15/2016,35233.5,1.55590208,38613.99
7/14/2016,34693.7,-6.905811018,35233.5
7/13/2016,37267.31,48.73001658,34693.7
7/12/2016,25057.02,-18.86660063,37267.31
7/11/2016,30883.73,-18.51176872,25057.02
7/10/2016,37899.62,4.925426067,30883.73
7/9/2016,36120.53,-4.058897198,37899.62
7/8/2016,37648.65,0.940428534,36120.53
7/7/2016,37297.89,-0.093135608,37648.65
7/6/2016,37332.66,24.41180205,37297.89
7/5/2016,30007.33,-19.53191349,37332.66
7/4/2016,37290.97,-6.0919766,30007.33
7/3/2016,39710.1,-6.08572878,37290.97
7/2/2016,42283.35,7.033123975,39710.1
7/1/2016,39504.92,4.038865133,42283.35
6/30/2016,37971.31,-5.259027902,39504.92
6/29/2016,40079.08,16.49222466,37971.31
6/28/2016,34404.94,-17.11326725,40079.08
6/27/2016,41508.38,-15.47845217,34404.94
6/26/2016,49109.82,4.213013794,41508.38
6/25/2016,47124.46,1.295849391,49109.82
6/24/2016,46521.61,-9.248279103,47124.46
6/23/2016,51262.51,-10.23905779,46521.61
6/22/2016,57110.04,18.06190897,51262.51
6/21/2016,48372.96,-9.901779019,57110.04
6/20/2016,53689.14,-8.719198824,48372.96
6/19/2016,58817.56,-6.914430365,53689.14
6/18/2016,63186.55,7.461635938,58817.56
6/17/2016,58799.17,22.9565401,63186.55
6/16/2016,47821.1,74.95497901,58799.17
6/15/2016,27333.37472,-21.75313755,47821.1
6/14/2016,34932.23097,26.05860287,27333.37472
6/13/2016,27711.10434,-9.448455035,34932.23097
6/12/2016,30602.57487,-0.33298344,27711.10434
6/11/2016,30704.81682,5.257461964,30602.57487
6/10/2016,29171.15447,-10.6195443,30704.81682
6/9/2016,32637.0617,7.092519132,29171.15447
6/8/2016,30475.57566,19.67214005,32637.0617
6/7/2016,25465.8901,-4.431053108,30475.57566
6/6/2016,26646.61579,-14.23035091,25465.8901
6/5/2016,31067.65164,-1.710839963,26646.61579
6/4/2016,31608.42114,4.283426064,31067.65164
6/3/2016,30310.10999,9.029213125,31608.42114
6/2/2016,27799.98967,-8.495347064,30310.10999
6/1/2016,30380.95745,23.61924199,27799.98967
5/31/2016,24576.23665,-10.12507482,30380.95745
5/30/2016,27344.93141,-17.98122209,24576.23665
5/29/2016,33339.84254,32.38492737,27344.93141
5/28/2016,25184.01695,-6.103226688,33339.84254
5/27/2016,26820.961,1.166546745,25184.01695
5/26/2016,26511.68974,9.539688422,26820.961
5/25/2016,24202.81646,27.88824507,26511.68974
5/24/2016,18924.97348,-24.9746677,24202.81646
5/23/2016,25224.77795,10.8176302,18924.97348
5/22/2016,22762.42319,-6.320900279,25224.77795
5/21/2016,24298.29413,-7.924839645,22762.42319
5/20/2016,26389.62999,-0.293406734,24298.29413
5/19/2016,26467.28679,-3.851031436,26389.62999
5/18/2016,27527.37464,32.03171526,26467.28679
5/17/2016,20849.06235,-4.679761526,27527.37464
5/16/2016,21872.65022,0.626429522,20849.06235
5/15/2016,21736.48646,2.24935431,21872.65022
5/14/2016,21258.31171,2.381983644,21736.48646
5/13/2016,20763.72321,-4.075206832,21258.31171
5/12/2016,21645.83579,15.87666527,20763.72321
5/11/2016,18680.06448,19.37052608,21645.83579
5/10/2016,15648.80804,-9.374904225,18680.06448
5/9/2016,17267.632,-15.84772361,15648.80804
5/8/2016,20519.50671,3.375833351,17267.632
5/7/2016,19849.42326,-5.941490155,20519.50671
5/6/2016,21103.2721,4.297122509,19849.42326
5/5/2016,20233.80088,0.997727487,21103.2721
5/4/2016,20033.91699,28.48991705,20233.80088
5/3/2016,15591.82031,-14.7054188,20033.91699
5/2/2016,18279.96585,-19.72372854,15591.82031
5/1/2016,22771.31899,1.980208027,18279.96585
4/30/2016,22329.15526,8.25661392,22771.31899
4/29/2016,20626.13494,-86.95070717,22329.15526
4/28/2016,158063.2392,686.9939635,20626.13494
4/27/2016,20084.42841,31.41146234,158063.2392
4/26/2016,15283.6199,2.158445325,20084.42841
4/25/2016,14960.70135,-21.64111795,15283.6199
4/24/2016,19092.54057,-1.138244118,14960.70135
4/23/2016,19312.3624,1.028510678,19092.54057
4/22/2016,19115.75482,2.977385933,19312.3624
4/21/2016,18563.06086,-2.062691251,19115.75482
4/20/2016,18954.02385,32.67611752,18563.06086
4/19/2016,14285.93495,-9.430455277,18954.02385
4/18/2016,15773.44238,-19.63387597,14285.93495
4/17/2016,19626.97912,0.161084345,15773.44238
4/16/2016,19595.41398,1.632615359,19626.97912
4/15/2016,19280.63536,-9.682126256,19595.41398
4/14/2016,21347.53019,8.075102239,19280.63536
4/13/2016,19752.49595,41.09785276,21347.53019
4/12/2016,13999.14709,-12.18669049,19752.49595
4/11/2016,15941.94225,-13.4131816,13999.14709
4/10/2016,18411.51175,-25.7427317,15941.94225
4/9/2016,24794.22173,30.90609598,18411.51175
4/8/2016,18940.46381,-8.826968127,24794.22173
4/7/2016,20774.19541,13.41849848,18940.46381
4/6/2016,18316.40843,-2.103645504,20774.19541
4/5/2016,18710.00051,-20.33841475,18316.40843
4/4/2016,23486.85437,22.52773469,18710.00051
4/3/2016,19168.60246,3.288151797,23486.85437
4/2/2016,18558.37492,-15.47383373,19168.60246
4/1/2016,21955.77505,2.531727137,18558.37492
3/31/2016,21413.64011,19.05493311,21955.77505
3/30/2016,17986.35264,26.26847731,21413.64011
3/29/2016,14244.5312,-1.240142233,17986.35264
3/28/2016,14423.4019,2.705402547,14244.5312
3/27/2016,14043.46952,-13.39887552,14423.4019
3/26/2016,16216.26694,0.278357808,14043.46952
3/25/2016,16171.25299,-10.99885553,16216.26694
3/24/2016,18169.71353,14.51270727,16171.25299
3/23/2016,15866.98452,17.57534097,18169.71353
3/22/2016,13495.16351,-12.58935021,15866.98452
3/21/2016,15438.80928,-11.33294409,13495.16351
3/20/2016,17412.11448,-10.09928794,15438.80928
3/19/2016,19368.16081,-3.230432105,17412.11448
3/18/2016,20014.72284,12.98975318,19368.16081
3/17/2016,17713.75039,0,20014.72284
3/16/2016,17713.75039,-2.37562516,17713.75039
3/15/2016,18144.80289,50.09810077,17713.75039
3/14/2016,12088.62924,-30.38079202,18144.80289
3/13/2016,17363.92813,-3.902980237,12088.62924
3/12/2016,18069.16403,-16.85168165,17363.92813
3/11/2016,21731.2441,19.92559339,18069.16403
3/10/2016,18120.60586,-0.329446645,21731.2441
3/9/2016,18180.50091,8.083279649,18120.60586
3/8/2016,16820.82647,-33.45215924,18180.50091
3/7/2016,25276.29187,15.3669941,16820.82647
3/6/2016,21909.46559,-28.51489764,25276.29187
3/5/2016,30648.9952,-7.844765336,21909.46559
3/4/2016,33258.00787,37.52010732,30648.9952
3/3/2016,24184.10552,3.728021243,33258.00787
3/2/2016,23314.92034,26.20128738,24184.10552
3/1/2016,18474.39184,11.92182841,23314.92034
2/29/2016,16506.51361,-9.848160928,18474.39184
2/28/2016,18309.6804,-8.877628166,16506.51361
2/27/2016,20093.50726,5.733833075,18309.6804
2/26/2016,19003.85778,-5.484621021,20093.50726
2/25/2016,20106.63025,5.331043368,19003.85778
2/24/2016,19088.98802,8.016931576,20106.63025
2/23/2016,17672.21837,-6.684393993,19088.98802
2/22/2016,18938.1167,-2.188907126,17672.21837
2/21/2016,19361.9314,8.274953245,18938.1167
2/20/2016,17882.18865,-4.423269592,19361.9314
2/19/2016,18709.77232,10.05384625,17882.18865
2/18/2016,17000.56196,5.06601732,18709.77232
2/17/2016,16180.83791,16.11757632,17000.56196
2/16/2016,13934.87396,-2.556949696,16180.83791
2/15/2016,14300.53135,-5.999653965,13934.87396
2/14/2016,15213.27522,-8.939995436,14300.53135
2/13/2016,16706.86851,-0.904145041,15213.27522
2/12/2016,16859.30104,6.546912926,16706.86851
2/11/2016,15823.35947,2.940600926,16859.30104
2/10/2016,15371.34943,6.431809506,15823.35947
2/9/2016,14442.43925,-8.317312286,15371.34943
2/8/2016,15752.6351,-0.706251729,14442.43925
2/7/2016,15864.67968,-0.138618871,15752.6351
2/6/2016,15886.70164,-11.65257598,15864.67968
2/5/2016,17982.07681,-16.57520562,15886.70164
2/4/2016,21554.83504,13.55080702,17982.07681
2/3/2016,18982.54676,59.82097917,21554.83504
2/2/2016,11877.38109,-28.39518827,18982.54676
2/1/2016,16587.40635,-3.109165151,11877.38109
1/31/2016,17119.68565,-10.62142211,16587.40635
1/30/2016,19154.12625,1.929407519,17119.68565
1/29/2016,18791.56047,0.499582449,19154.12625
1/28/2016,18698.14781,8.366919832,18791.56047
1/27/2016,17254.47935,14.88243584,18698.14781
1/26/2016,15019.24922,-7.877090644,17254.47935
1/25/2016,16303.4899,-16.19671743,15019.24922
1/24/2016,19454.47648,6.028121577,16303.4899
1/23/2016,18348.41191,-3.078110718,19454.47648
1/22/2016,18931.13314,24.60270737,18348.41191
1/21/2016,15193.19567,2.15901168,18931.13314
1/20/2016,14872.10519,13.06055443,15193.19567
1/19/2016,13154.10601,1.269963105,14872.10519
1/18/2016,12989.14862,-6.739508338,13154.10601
1/17/2016,13927.81486,-0.586303368,12989.14862
1/16/2016,14009.9557,-4.492424047,13927.81486
1/15/2016,14668.947,-5.315713456,14009.9557
1/14/2016,15492.48301,2.096873549,14668.947
1/13/2016,15174.29718,17.90676831,15492.48301
1/12/2016,12869.74226,-3.607280842,15174.29718
1/11/2016,13351.36343,-16.56402745,12869.74226
1/10/2016,16001.92701,3.433401014,13351.36343
1/9/2016,15470.75399,18.96676254,16001.92701
1/8/2016,13004.26578,-9.462885888,15470.75399
1/7/2016,14363.46399,14.21639326,13004.26578
1/6/2016,12575.65887,23.1636922,14363.46399
1/5/2016,10210.52442,-21.13603466,12575.65887
1/4/2016,12947.00865,51.74060147,10210.52442
1/3/2016,8532.329863,-26.78502376,12947.00865
1/2/2016,11653.80405,-14.08969037,8532.329863
1/1/2016,13565.08211,-1.902099369,11653.80405
12/31/2015,13828.10644,8.209828757,13565.08211
12/30/2015,12778.97452,13.14381098,13828.10644
12/29/2015,11294.45297,-6.295144954,12778.97452
12/28/2015,12053.22068,-13.03422977,11294.45297
12/27/2015,13859.72969,-24.19084081,12053.22068
12/26/2015,18282.39469,3.704196921,13859.72969
12/25/2015,17629.36818,5.666477062,18282.39469
12/24/2015,16683.97458,-6.201079791,17629.36818
12/23/2015,17786.95804,25.51635169,16683.97458
12/22/2015,14171.02856,-14.4915432,17786.95804
12/21/2015,16572.66321,-4.785704978,14171.02856
12/20/2015,17405.64608,3.120695145,16572.66321
12/19/2015,16878.90685,-5.113595766,17405.64608
12/18/2015,17788.54093,-1.737140019,16878.90685
12/17/2015,18103.01566,2.885815373,17788.54093
12/16/2015,17595.24925,21.48373466,18103.01566
12/15/2015,14483.62556,-19.01937996,17595.24925
12/14/2015,17885.29843,1.579252812,14483.62556
12/13/2015,17607.23567,19.9907849,17885.29843
12/12/2015,14673.82323,-5.074732878,17607.23567
12/11/2015,15458.29016,21.86664553,14673.82323
12/10/2015,12684.59478,-0.524455,15458.29016
12/9/2015,12751.47051,8.69572295,12684.59478
12/8/2015,11731.34523,0,12751.47051
12/7/2015,11731.34523,-5.059049147,11731.34523
12/6/2015,12356.46486,9.320788714,11731.34523
12/5/2015,11302.94156,-0.358013783,12356.46486
12/4/2015,11343.55304,-3.35487383,11302.94156
12/3/2015,11737.3255,-2.274924236,11343.55304
12/2/2015,12010.55656,52.55132216,11737.3255
12/1/2015,7873.125184,-20.55692829,12010.55656
11/30/2015,9910.398748,8.440066196,7873.125184
11/29/2015,9139.056343,-10.01798241,9910.398748
11/28/2015,10156.53637,22.1675259,9139.056343
11/27/2015,8313.613864,3.792243412,10156.53637
11/26/2015,8009.860458,-3.241901277,8313.613864
11/25/2015,8278.232586,15.23445481,8009.860458
11/24/2015,7183.817201,-12.46446888,8278.232586
11/23/2015,8206.744289,-0.356193695,7183.817201
11/22/2015,8236.080689,-1.876065706,8206.744289
11/21/2015,8393.549187,-12.42407549,8236.080689
11/20/2015,9584.311253,7.214360502,8393.549187
11/19/2015,8939.391335,4.931269912,9584.311253
11/18/2015,8519.282519,17.00030804,8939.391335
11/17/2015,7281.41888,-12.3621377,8519.282519
11/16/2015,8308.530912,-4.677033398,7281.41888
11/15/2015,8716.190031,2.889683571,8308.530912
11/14/2015,8471.393563,-9.73599191,8716.190031
11/13/2015,9385.128959,-3.013561602,8471.393563
11/12/2015,9676.743588,-9.495630245,9385.128959
11/11/2015,10692.01809,15.89816494,9676.743588
11/10/2015,9225.355809,-12.59448384,10692.01809
11/9/2015,10554.66087,-16.42808189,9225.355809
11/8/2015,12629.43475,-11.43528599,10554.66087
11/7/2015,14260.12029,-29.8605169,12629.43475
11/6/2015,20331.08837,51.05274926,14260.12029
11/5/2015,13459.59505,27.75712634,20331.08837
11/4/2015,10535.29884,22.45734897,13459.59505
11/3/2015,8603.239357,-2.436593727,10535.29884
11/2/2015,8818.100644,-19.34734375,8603.239357
11/1/2015,10933.42867,5.1930942,8818.100644
10/31/2015,10393.67532,20.01356812,10933.42867
10/30/2015,8660.416889,-2.180923825,10393.67532
10/29/2015,8853.505091,22.870737,8660.416889
10/28/2015,7205.54406,0.941858309,8853.505091
10/27/2015,7138.311282,-10.88606047,7205.54406
10/26/2015,8010.319508,2.537403464,7138.311282
10/25/2015,7812.095135,-2.571029965,8010.319508
10/24/2015,8018.246659,-3.663806131,7812.095135
10/23/2015,8323.192289,3.364036829,8018.246659
10/22/2015,8052.309627,13.31754841,8323.192289
10/21/2015,7105.968793,17.15419237,8052.309627
10/20/2015,6065.484,0,7105.968793
10/19/2015,6065.484,-20.61956427,6065.484
10/18/2015,7641.031375,6.868580663,6065.484
10/17/2015,7149.932494,-4.296611343,7641.031375
10/16/2015,7470.929289,12.80108875,7149.932494
10/15/2015,6623.100338,4.800228645,7470.929289
10/14/2015,6319.738443,7.893215936,6623.100338
10/13/2015,5857.401124,19.24006792,6319.738443
10/12/2015,4912.275903,-21.61054234,5857.401124
10/11/2015,6266.500688,8.843484783,4912.275903
10/10/2015,5757.350291,-10.61690211,6266.500688
10/9/2015,6441.206925,-2.194521749,5757.350291
10/8/2015,6585.732251,12.21040195,6441.206925
10/7/2015,5869.09247,9.795409427,6585.732251
10/6/2015,5345.480745,18.63978009,5869.09247
10/5/2015,4505.639458,-24.23173598,5345.480745
10/4/2015,5946.605108,1.52740758,4505.639458
10/3/2015,5857.142667,-17.0356565,5946.605108
10/2/2015,7059.831271,5.398316188,5857.142667
10/1/2015,6698.239143,8.626309799,7059.831271
9/30/2015,6166.313811,-0.718551423,6698.239143
9/29/2015,6210.942628,27.09609718,6166.313811
9/28/2015,4886.808301,-23.59503606,6210.942628
9/27/2015,6395.930381,12.68985639,4886.808301
9/26/2015,5675.69308,-11.5353571,6395.930381
9/25/2015,6415.775719,4.627201877,5675.69308
9/24/2015,6132.034122,1.019364223,6415.775719
9/23/2015,6070.157112,28.61259534,6132.034122
9/22/2015,4719.72212,-9.989246598,6070.157112
9/21/2015,5243.509183,-15.31202746,4719.72212
9/20/2015,6191.563012,0.889547449,5243.509183
9/19/2015,6136.971736,-0.758938824,6191.563012
9/18/2015,6183.903783,-9.600080516,6136.971736
9/17/2015,6840.607622,-1.931871575,6183.903783
9/16/2015,6975.362671,19.39437174,6840.607622
9/15/2015,5842.28768,-34.25816384,6975.362671
9/14/2015,8886.712055,27.74311483,5842.28768
9/13/2015,6956.705312,1.073288468,8886.712055
9/12/2015,6882.832663,8.566778568,6956.705312
9/11/2015,6339.722661,-8.07457984,6882.832663
9/10/2015,6896.593619,9.973548305,6339.722661
9/9/2015,6271.138583,19.0768554,6896.593619
9/8/2015,5266.463043,-30.0185599,6271.138583
9/7/2015,7525.513959,48.60357537,5266.463043
9/6/2015,5064.154035,-38.9017632,7525.513959
9/5/2015,8288.543664,-18.58513379,5064.154035
9/4/2015,10180.62677,54.60266196,8288.543664
9/3/2015,6585.02683,13.86470027,10180.62677
9/2/2015,5783.20306,44.97367277,6585.02683
9/1/2015,3989.1402,-24.00959059,5783.20306
8/31/2015,5249.531133,-6.931722619,3989.1402
8/30/2015,5640.51606,4.811028436,5249.531133
8/29/2015,5381.60549,-8.421843304,5640.51606
8/28/2015,5876.516501,3.11780573,5381.60549
8/27/2015,5698.83781,7.756185477,5876.516501
8/26/2015,5288.641004,13.1556288,5698.83781
8/25/2015,4673.776338,-9.980234681,5288.641004
8/24/2015,5191.944593,-5.968719239,4673.776338
8/23/2015,5521.507897,-5.811578626,5191.944593
8/22/2015,5862.193905,1.421870265,5521.507897
8/21/2015,5780.009667,-11.69920224,5862.193905
8/20/2015,6545.818173,12.83916158,5780.009667
8/19/2015,5801.016315,23.1509768,6545.818173
8/18/2015,4710.491517,0,5801.016315
8/17/2015,4710.491517,-21.46009392,4710.491517
8/16/2015,5997.577221,-4.900502161,4710.491517
8/15/2015,6306.633954,-6.24748915,5997.577221
8/14/2015,6726.896056,-0.327966356,6306.633954
8/13/2015,6749.030605,-4.776322483,6726.896056
8/12/2015,7087.555093,0.620993512,6749.030605
8/11/2015,7043.813468,43.82672127,7087.555093
8/10/2015,4897.430329,-21.24856209,7043.813468
8/9/2015,6218.845596,-24.9189998,4897.430329
8/8/2015,8282.84863,-16.7330365,6218.845596
8/7/2015,9947.340796,2.17071586,8282.84863
8/6/2015,9735.999902,0.269456301,9947.340796
8/5/2015,9709.836137,39.68846255,9735.999902
8/4/2015,6951.06522,6.68993838,9709.836137
8/3/2015,6515.202207,-34.68395041,6951.06522
8/2/2015,9974.887104,-3.3601329,6515.202207
8/1/2015,10321.71029,4.888543162,9974.887104
7/31/2015,9840.646058,-10.20049984,10321.71029
7/30/2015,10958.46418,37.06500048,9840.646058
7/29/2015,7995.085646,-11.44062232,10958.46418
7/28/2015,9027.937927,59.88282703,7995.085646
7/27/2015,5646.596382,-7.634110031,9027.937927
7/26/2015,6113.291805,-10.66749844,5646.596382
7/25/2015,6843.300812,-5.916329123,6113.291805
7/24/2015,7273.632872,-11.56832567,6843.300812
7/23/2015,8225.144358,5.000586841,7273.632872
7/22/2015,7833.427037,-17.99800357,8225.144358
7/21/2015,9552.727223,82.47027793,7833.427037
7/20/2015,5235.223693,-57.97041102,9552.727223
7/19/2015,12456.04304,80.30793472,5235.223693
7/18/2015,6908.205709,-7.865037437,12456.04304
7/17/2015,7497.919918,-8.023354708,6908.205709
7/16/2015,8151.98238,-0.644843164,7497.919918
7/15/2015,8204.891059,-16.89549426,8151.98238
7/14/2015,9872.979794,-29.9546834,8204.891059
7/13/2015,14095.13194,30.01013959,9872.979794
7/12/2015,10841.56358,-3.1150969,14095.13194
7/11/2015,11190.14752,-2.614660471,10841.56358
7/10/2015,11490.58736,-14.87163346,11190.14752
7/9/2015,13497.95354,13.13989934,11490.58736
7/8/2015,11930.32132,48.9194103,13497.95354
7/7/2015,8011.260117,63.03054488,11930.32132
7/6/2015,4913.962671,-3.496701426,8011.260117
7/5/2015,5092.01524,-20.7228018,4913.962671
7/4/2015,6423.051465,14.73588091,5092.01524
7/3/2015,5598.119275,-7.418837894,6423.051465
7/2/2015,6046.71528,-16.02879131,5598.119275
7/1/2015,7200.93872,60.88968126,6046.71528
6/30/2015,4475.699537,17.24284336,7200.93872
6/29/2015,3817.460758,-9.726430418,4475.699537
6/28/2015,4228.769036,-2.987086136,3817.460758
6/27/2015,4358.975386,8.1790694,4228.769036
6/26/2015,4029.407361,-0.006031407,4358.975386
6/25/2015,4029.650406,-27.94912655,4029.407361
6/24/2015,5592.784949,-2.267007225,4029.650406
6/23/2015,5722.514772,79.2609495,5592.784949
6/22/2015,3192.28186,-42.00875713,5722.514772
6/21/2015,5504.765378,-23.04176847,3192.28186
6/20/2015,7152.926033,45.93372972,5504.765378
6/19/2015,4901.489222,-21.37891818,7152.926033
6/18/2015,6234.319229,28.64491433,4901.489222
6/17/2015,4846.145113,10.66920121,6234.319229
6/16/2015,4378.9465,17.97651456,4846.145113
6/15/2015,3711.710349,-8.070513354,4378.9465
6/14/2015,4037.562358,-3.171261811,3711.710349
6/13/2015,4169.797556,-0.157588144,4037.562358
6/12/2015,4176.379034,-9.39617347,4169.797556
6/11/2015,4609.495199,20.06363619,4176.379034
6/10/2015,3839.21006,10.16633484,4609.495199
6/9/2015,3484.921292,14.73410552,3839.21006
6/8/2015,3037.389167,-11.30961659,3484.921292
6/7/2015,3424.710832,-5.525497252,3037.389167
6/6/2015,3625.010698,-8.019331588,3424.710832
6/5/2015,3941.057138,-2.497304826,3625.010698
6/4/2015,4041.998153,-5.867621085,3941.057138
6/3/2015,4293.950923,-57.3292986,4041.998153
6/2/2015,10062.99588,218.0945408,4293.950923
6/1/2015,3163.523603,-24.51919363,10062.99588
5/31/2015,4191.162966,1.384314887,3163.523603
5/30/2015,4133.936271,8.393221349,4191.162966
5/29/2015,3813.832839,0.810132749,4133.936271
5/28/2015,3783.184026,-9.642940786,3813.832839
5/27/2015,4186.926909,14.70878414,3783.184026
5/26/2015,3650.04907,19.08095009,4186.926909
5/25/2015,3065.183027,-4.712151632,3650.04907
5/24/2015,3216.761716,-12.70044502,3065.183027
5/23/2015,3684.740108,7.952797498,3216.761716
5/22/2015,3413.288209,-7.206011093,3684.740108
5/21/2015,3678.350558,2.522490166,3413.288209
5/20/2015,3587.847459,2.168180418,3678.350558
5/19/2015,3511.707308,20.75769595,3587.847459
5/18/2015,2908.060874,-10.92110736,3511.707308
5/17/2015,3264.590284,-8.896243734,2908.060874
5/16/2015,3583.376161,5.898486922,3264.590284
5/15/2015,3383.784099,-9.515883674,3583.376161
5/14/2015,3739.6443,-7.569994618,3383.784099
5/13/2015,4045.920245,2.400383287,3739.6443
5/12/2015,3951.0792,8.476406198,4045.920245
5/11/2015,3642.339693,2.181220386,3951.0792
5/10/2015,3564.588169,-8.216203251,3642.339693
5/9/2015,3883.679141,1.463446077,3564.588169
5/8/2015,3827.663351,1.351413029,3883.679141
5/7/2015,3776.625542,0.353468914,3827.663351
5/6/2015,3763.323364,14.27521348,3776.625542
5/5/2015,3293.21053,10.61846633,3763.323364
5/4/2015,2977.089305,-9.657119373,3293.21053
5/3/2015,3295.322536,-7.743011319,2977.089305
5/2/2015,3571.894751,-5.582418723,3295.322536
5/1/2015,3783.082242,-3.010702943,3571.894751
4/30/2015,3900.515167,10.87020646,3783.082242
4/29/2015,3518.091371,4.007894419,3900.515167
4/28/2015,3382.523405,16.46272788,3518.091371
4/27/2015,2904.382772,-87.29033421,3382.523405
4/26/2015,22851.76354,509.7330581,2904.382772
4/25/2015,3747.830831,7.721814092,22851.76354
4/24/2015,3479.175377,-9.087626678,3747.830831
4/23/2015,3826.954736,1.234353639,3479.175377
4/22/2015,3780.292557,5.406740468,3826.954736
4/21/2015,3586.385975,31.69344367,3780.292557
4/20/2015,2723.283617,-11.9597593,3586.385975
4/19/2015,3093.226001,-2.693553752,2723.283617
4/18/2015,3178.850035,-7.830855689,3093.226001
4/17/2015,3448.930832,4.453236256,3178.850035
4/16/2015,3301.889874,-9.797347164,3448.930832
4/15/2015,3660.524132,1.786889477,3301.889874
4/14/2015,3596.262889,5.79358525,3660.524132
4/13/2015,3399.320365,-16.04152953,3596.262889
4/12/2015,4048.811688,-42.37276502,3399.320365
4/11/2015,7025.864922,68.86811144,4048.811688
4/10/2015,4160.563449,9.322491213,7025.864922
4/9/2015,3805.770801,-7.960977233,4160.563449
4/8/2015,4134.953508,6.021097647,3805.770801
4/7/2015,3900.123277,6.055826767,4134.953508
4/6/2015,3677.424802,-3.780412869,3900.123277
4/5/2015,3821.908731,2.758566331,3677.424802
4/4/2015,3719.309122,-8.002595029,3821.908731
4/3/2015,4042.841343,-8.047556494,3719.309122
4/2/2015,4396.665481,22.82185383,4042.841343
4/1/2015,3579.709428,-1.395491098,4396.665481
3/31/2015,3630.370931,21.99257836,3579.709428
3/30/2015,2975.894911,-8.257488856,3630.370931
3/29/2015,3243.746954,-15.15968304,2975.894911
3/28/2015,3823.355535,7.809426823,3243.746954
3/27/2015,3546.401875,-5.762687291,3823.355535
3/26/2015,3763.267196,5.973516402,3546.401875
3/25/2015,3551.139307,-23.18900046,3763.267196
3/24/2015,4623.217154,47.40851605,3551.139307
3/23/2015,3136.329758,-17.09323987,4623.217154
3/22/2015,3782.960223,-9.586697015,3136.329758
3/21/2015,4184.074796,0.12570085,3782.960223
3/20/2015,4178.821982,3.39884852,4184.074796
3/19/2015,4041.458915,-4.564524938,4178.821982
3/18/2015,4234.755381,3.66374776,4041.458915
3/17/2015,4085.088058,21.5203643,4234.755381
3/16/2015,3361.648956,-4.473203265,4085.088058
3/15/2015,3519.063835,-12.41781284,3361.648956
3/14/2015,4018.013193,-5.901119419,3519.063835
3/13/2015,4269.990427,-5.863722284,4018.013193
3/12/2015,4535.966931,-8.252943112,4269.990427
3/11/2015,4943.991758,22.72241076,4535.966931
3/10/2015,4028.597326,11.92576464,4943.991758
3/9/2015,3599.347602,-3.862743607,4028.597326
3/8/2015,3743.967466,-20.06386399,3599.347602
3/7/2015,4683.698329,24.12455735,3743.967466
3/6/2015,3773.385725,-11.23861709,4683.698329
3/5/2015,4251.15698,0.556803121,3773.385725
3/4/2015,4227.617474,-0.366913959,4251.15698
3/3/2015,4243.186317,35.28548957,4227.617474
3/2/2015,3136.468168,-9.631512773,4243.186317
3/1/2015,3470.754314,-3.607211471,3136.468168
2/28/2015,3600.636901,5.090284844,3470.754314
2/27/2015,3426.231936,-5.1437425,3600.636901
2/26/2015,3612.025212,3.319794726,3426.231936
2/25/2015,3495.966307,6.560367515,3612.025212
2/24/2015,3280.737847,11.68718929,3495.966307
2/23/2015,2937.434336,-17.01342917,3280.737847
2/22/2015,3539.650218,4.369173644,2937.434336
2/21/2015,3391.470963,2.350366896,3539.650218
2/20/2015,3313.589453,-7.814804755,3391.470963
2/19/2015,3594.491984,-2.672754949,3313.589453
2/18/2015,3693.202229,0.734279318,3594.491984
2/17/2015,3666.281483,11.84512999,3693.202229
2/16/2015,3277.998321,-19.87939319,3666.281483
2/15/2015,4091.329872,6.974547669,3277.998321
2/14/2015,3824.58254,27.80439932,4091.329872
2/13/2015,2992.528082,-8.062746228,3824.58254
2/12/2015,3254.967883,4.229547873,2992.528082
2/11/2015,3122.884008,2.798806249,3254.967883
2/10/2015,3037.860188,18.67702706,3122.884008
2/9/2015,2559.771055,-6.054686759,3037.860188
2/8/2015,2724.745883,7.935046598,2559.771055
2/7/2015,2524.431099,-7.236654763,2724.745883
2/6/2015,2721.367036,-0.961139021,2524.431099
2/5/2015,2747.776993,-13.59484953,2721.367036
2/4/2015,3180.107874,17.61917088,2747.776993
2/3/2015,2703.732606,11.30469783,3180.107874
2/2/2015,2429.127124,-13.00284282,2703.732606
2/1/2015,2792.191381,1.372192735,2429.127124
1/31/2015,2754.395762,0.092817866,2792.191381
1/30/2015,2751.841562,-10.15246088,2754.395762
1/29/2015,3062.790132,-16.82464499,2751.841562
1/28/2015,3682.328896,-16.94210499,3062.790132
1/27/2015,4433.448374,46.01621385,3682.328896
1/26/2015,3036.271286,1.893311133,4433.448374
1/25/2015,2979.85339,-2.895205521,3036.271286
1/24/2015,3068.698519,-2.470412989,2979.85339
1/23/2015,3146.428292,4.673406921,3068.698519
1/22/2015,3005.948105,-2.09682354,3146.428292
1/21/2015,3070.327454,-8.532030872,3005.948105
1/20/2015,3356.724199,24.66483343,3070.327454
1/19/2015,2692.599113,8.016178277,3356.724199
1/18/2015,2492.773912,-23.58407136,2692.599113
1/17/2015,3262.11296,-9.624336604,2492.773912
1/16/2015,3609.503751,28.8175248,3262.11296
1/15/2015,2802.028495,-16.01016311,3609.503751
1/14/2015,3336.151847,-62.1441811,2802.028495
1/13/2015,8812.784783,126.3907297,3336.151847
1/12/2015,3892.732177,-9.313003552,8812.784783
1/11/2015,4292.492121,-3.947086749,3892.732177
1/10/2015,4468.882802,11.69872766,4292.492121
1/9/2015,4000.835905,7.822870813,4468.882802
1/8/2015,3710.563329,4.266632601,4000.835905
1/7/2015,3558.725583,-24.22582516,3710.563329
1/6/2015,4696.488732,-14.55735967,3558.725583
1/5/2015,5496.656838,52.70325569,4696.488732
1/4/2015,3599.567549,6.133070938,5496.656838
1/3/2015,3391.560724,34.23571527,3599.567549
1/2/2015,2526.571052,-36.05725758,3391.560724
1/1/2015,3951.3023,-9.537133241,2526.571052
12/31/2014,4367.87208,-1.257578369,3951.3023
12/30/2014,4423.501073,15.69105199,4367.87208
12/29/2014,3823.546417,-37.38141703,4423.501073
12/28/2014,6106.089017,13.27626034,3823.546417
12/27/2014,5390.440149,74.97292078,6106.089017
12/26/2014,3080.72822,-24.14291696,5390.440149
12/25/2014,4061.226845,-14.58915059,3080.72822
12/24/2014,4754.93087,8.932975559,4061.226845
12/23/2014,4365.005955,17.75731727,4754.93087
12/22/2014,3706.781079,-11.77110395,4365.005955
12/21/2014,4201.3232,-7.527092168,3706.781079
12/20/2014,4543.301707,-8.935651486,4201.3232
12/19/2014,4989.111306,13.28213271,4543.301707
12/18/2014,4404.146697,-10.32845417,4989.111306
12/17/2014,4911.420513,-5.759490183,4404.146697
12/16/2014,5211.58101,37.82051752,4911.420513
12/15/2014,3781.426092,-1.495381042,5211.58101
12/14/2014,3838.831247,-5.884843969,3781.426092
12/13/2014,4078.866156,-6.055958951,3838.831247
12/12/2014,4341.804025,-2.304113099,4078.866156
12/11/2014,4444.2035,-15.07515478,4341.804025
12/10/2014,5233.101678,12.96553078,4444.2035
12/9/2014,4632.47651,13.15423021,5233.101678
12/8/2014,4093.94903,-6.256729655,4632.47651
12/7/2014,4367.192456,-14.86750933,4093.94903
12/6/2014,5129.877467,-1.772046528,4367.192456
12/5/2014,5222.4212,1.632462261,5129.877467
12/4/2014,5138.536531,-5.345480945,5222.4212
12/3/2014,5428.72816,1.56900057,5138.536531
12/2/2014,5344.867164,21.54595243,5428.72816
12/1/2014,4397.404485,0.991086469,5344.867164
11/30/2014,4354.250102,-0.686537035,4397.404485
11/29/2014,4384.35029,-0.168967765,4354.250102
11/28/2014,4391.770967,-9.25068359,4384.35029
11/27/2014,4839.453498,4.023560935,4391.770967
11/26/2014,4652.266712,-3.072397352,4839.453498
11/25/2014,4799.7336,15.33482087,4652.266712
11/24/2014,4161.565053,-0.139978649,4799.7336
11/23/2014,4167.398522,-10.86324659,4161.565053
11/22/2014,4675.286413,0.18479566,4167.398522
11/21/2014,4666.662623,-7.225755922,4675.286413
11/20/2014,5030.127348,0.8654288,4666.662623
11/19/2014,4986.968685,-9.693902558,5030.127348
11/18/2014,5522.294536,27.96876733,4986.968685
11/17/2014,4315.345573,0.642382321,5522.294536
11/16/2014,4287.801494,-20.88246662,4315.345573
11/15/2014,5419.533839,-15.51495217,4287.801494
11/14/2014,6414.784602,9.8359199,5419.533839
11/13/2014,5840.334025,19.61561414,6414.784602
11/12/2014,4882.584993,0.93336753,5840.334025
11/11/2014,4837.433955,-10.0076986,4882.584993
11/10/2014,5375.386427,36.06865915,4837.433955
11/9/2014,3950.495625,-18.66079541,5375.386427
11/8/2014,4856.816151,2.514048456,3950.495625
11/7/2014,4737.707879,3.038478516,4856.816151
11/6/2014,4597.998677,-17.45454131,4737.707879
11/5/2014,5570.262435,33.21585172,4597.998677
11/4/2014,4181.381092,3.2569463,5570.262435
11/3/2014,4049.491333,-6.081128152,4181.381092
11/2/2014,4311.690775,-4.279965043,4049.491333
11/1/2014,4504.480987,-6.984994388,4311.690775
10/31/2014,4842.746562,3.978405296,4504.480987
10/30/2014,4657.454159,-4.367529433,4842.746562
10/29/2014,4870.159823,6.669079989,4657.454159
10/28/2014,4565.671536,19.37475592,4870.159823
10/27/2014,3824.654133,-5.200336626,4565.671536
10/26/2014,4034.459614,-13.67542437,3824.654133
10/25/2014,4673.593336,2.02357395,4034.459614
10/24/2014,4580.895527,-4.806970887,4673.593336
10/23/2014,4812.217418,-4.290975464,4580.895527
10/22/2014,5027.966214,6.674791751,4812.217418
10/21/2014,4713.359297,17.53663175,5027.966214
10/20/2014,4010.119421,-7.771021194,4713.359297
10/19/2014,4348.003711,-2.393220294,4010.119421
10/18/2014,4454.612399,-3.328410361,4348.003711
10/17/2014,4607.985051,-7.484461378,4454.612399
10/16/2014,4980.768765,-7.623861189,4607.985051
10/15/2014,5391.834763,10.08372247,4980.768765
10/14/2014,4897.940079,21.27896369,5391.834763
10/13/2014,4038.573492,6.713905789,4897.940079
10/12/2014,3784.486626,-21.38399025,4038.573492
10/11/2014,4813.887957,-4.856404698,3784.486626
10/10/2014,5059.602742,11.73688554,4813.887957
10/9/2014,4528.140119,3.192918766,5059.602742
10/8/2014,4388.033765,7.746512877,4528.140119
10/7/2014,4072.552928,21.30406673,4388.033765
10/6/2014,3357.309477,-23.72523238,4072.552928
10/5/2014,4401.599089,3.467861119,3357.309477
10/4/2014,4254.073721,-4.131848746,4401.599089
10/3/2014,4437.421255,-8.838432352,4254.073721
10/2/2014,4867.644743,3.140221279,4437.421255
10/1/2014,4719.443766,7.854597951,4867.644743
9/30/2014,4375.746473,3.920042269,4719.443766
9/29/2014,4210.685809,-7.410106339,4375.746473
9/28/2014,4547.673232,-76.33830816,4210.685809
9/27/2014,19219.56073,260.1267064,4547.673232
9/26/2014,5336.888485,-7.931050336,19219.56073
9/25/2014,5796.62145,18.05434815,5336.888485
9/24/2014,4910.129564,12.48112244,5796.62145
9/23/2014,4365.292111,9.521733544,4910.129564
9/22/2014,3985.777041,-3.791163758,4365.292111
9/21/2014,4142.838846,-6.835341838,3985.777041
9/20/2014,4446.792301,-16.64864034,4142.838846
9/19/2014,5334.996716,-2.991437636,4446.792301
9/18/2014,5499.511163,-20.24365418,5334.996716
9/17/2014,6895.390086,21.43460902,5499.511163
9/16/2014,5678.27421,14.6485224,6895.390086
9/15/2014,4952.767023,4.492286398,5678.27421
9/14/2014,4739.839843,-3.545717837,4952.767023
9/13/2014,4914.079226,1.981619806,4739.839843
9/12/2014,4818.593032,-32.25470979,4914.079226
9/11/2014,7112.808901,17.23620972,4818.593032
9/10/2014,6067.075112,12.41625985,7112.808901
9/9/2014,5396.972929,-42.31278464,6067.075112
9/8/2014,9355.578867,85.38353204,5396.972929
9/7/2014,5046.607303,-3.062501159,9355.578867
9/6/2014,5206.042413,-3.981473086,5046.607303
9/5/2014,5421.914478,1.637902408,5206.042413
9/4/2014,5334.53992,-3.352691547,5421.914478
9/3/2014,5519.594912,10.98528795,5334.53992
9/2/2014,4973.267191,15.3168434,5519.594912
9/1/2014,4312.697993,-12.18495373,4973.267191
8/31/2014,4911.115095,-6.143438212,4312.697993
8/30/2014,5232.575114,-3.654012854,4911.115095
8/29/2014,5431.025483,-9.15585169,5232.575114
8/28/2014,5978.398812,-11.00180897,5431.025483
8/27/2014,6717.438571,-6.956234467,5978.398812
8/26/2014,7219.654678,63.28632236,6717.438571
8/25/2014,4421.469339,-4.786322183,7219.654678
8/24/2014,4643.73338,-17.415611,4421.469339
8/23/2014,5623.015967,-10.46072096,4643.73338
8/22/2014,6279.943314,2.982902027,5623.015967
8/21/2014,6098.044617,-2.862426574,6279.943314
8/20/2014,6277.740324,25.53743131,6098.044617
8/19/2014,5000.692032,-72.74263449,6277.740324
8/18/2014,18346.20455,145.2117419,5000.692032
8/17/2014,7481.780606,36.86193814,18346.20455
8/16/2014,5466.662761,-17.02509717,7481.780606
8/15/2014,6588.332827,-4.952245416,5466.662761
8/14/2014,6931.602809,-2.086258127,6588.332827
8/13/2014,7079.29518,4.642038659,6931.602809
8/12/2014,6765.249675,19.32483678,7079.29518
8/11/2014,5669.607315,-2.673559148,6765.249675
8/10/2014,5825.351534,-10.83068125,5669.607315
8/9/2014,6532.910215,-0.824337055,5825.351534
8/8/2014,6587.211037,-12.4165483,6532.910215
8/7/2014,7521.068089,6.679221135,6587.211037
8/6/2014,7050.171541,17.44490043,7521.068089
8/5/2014,6002.960976,21.64577731,7050.171541
8/4/2014,4934.787799,-10.89536533,6002.960976
8/3/2014,5538.1943,-15.43337317,4934.787799
8/2/2014,6548.912388,1.367435158,5538.1943
8/1/2014,6460.568306,3.734900746,6548.912388
7/31/2014,6227.960175,0.534160254,6460.568306
7/30/2014,6194.869643,8.759517854,6227.960175
7/29/2014,5695.933345,9.54394373,6194.869643
7/28/2014,5199.678915,-8.226800992,5695.933345
7/27/2014,5665.792379,-7.805105016,5199.678915
7/26/2014,6145.451307,-3.862588878,5665.792379
7/25/2014,6392.36197,-8.528326172,6145.451307
7/24/2014,6988.351368,-5.098533457,6392.36197
7/23/2014,7363.797023,18.69417772,6988.351368
7/22/2014,6204.008625,4.62854361,7363.797023
7/21/2014,5929.556516,-10.12255294,6204.008625
7/20/2014,6597.379776,-9.74800288,5929.556516
7/19/2014,7309.954335,-8.353986731,6597.379776
7/18/2014,7976.292776,4.409874166,7309.954335
7/17/2014,7639.404644,3.208348112,7976.292776
7/16/2014,7401.925119,4.711174608,7639.404644
7/15/2014,7068.897037,20.17325424,7401.925119
7/14/2014,5882.254817,3.244204375,7068.897037
7/13/2014,5697.418904,-18.73837666,5882.254817
7/12/2014,7011.204884,0.768514428,5697.418904
7/11/2014,6957.733696,-6.710282998,7011.204884
7/10/2014,7458.200024,-2.118954101,6957.733696
7/9/2014,7619.65706,17.27553654,7458.200024
7/8/2014,6497.226348,10.71254794,7619.65706
7/7/2014,5868.554621,12.26852336,6497.226348
7/6/2014,5227.248427,-22.31444343,5868.554621
7/5/2014,6728.726236,-5.722951161,5227.248427
7/4/2014,7137.183778,-20.53610664,6728.726236
7/3/2014,8981.668877,11.00601593,7137.183778
7/2/2014,8091.155062,19.62343623,8981.668877
7/1/2014,6763.854406,28.31905588,8091.155062
6/30/2014,5271.122328,-10.63116189,6763.854406
6/29/2014,5898.165893,-2.729432893,5271.122328
6/28/2014,6063.669688,-6.33528769,5898.165893
6/27/2014,6473.803782,-1.194444399,6063.669688
6/26/2014,6552.06455,-3.887725058,6473.803782
6/25/2014,6817.094439,16.17451644,6552.06455
6/24/2014,5867.977459,4.446207841,6817.094439
6/23/2014,5618.181436,4.239419318,5867.977459
6/22/2014,5389.689882,-19.27750114,5618.181436
6/21/2014,6676.812485,-12.56988989,5389.689882
6/20/2014,7636.742624,3.257773102,6676.812485
6/19/2014,7395.804107,3.22296278,7636.742624
6/18/2014,7164.882608,8.205776878,7395.804107
6/17/2014,6621.534279,26.50604663,7164.882608
6/16/2014,5234.164259,-5.731328799,6621.534279
6/15/2014,5552.389986,-21.95710426,5234.164259
6/14/2014,7114.536093,-5.121600357,5552.389986
6/13/2014,7498.583576,6.943035934,7114.536093
6/12/2014,7011.754913,-11.51538073,7498.583576
6/11/2014,7924.264094,18.46555842,7011.754913
6/10/2014,6689.086853,17.79451283,7924.264094
6/9/2014,5678.606492,-4.845002922,6689.086853
6/8/2014,5967.743857,-19.5926982,5678.606492
6/7/2014,7421.892941,-7.990793759,5967.743857
6/6/2014,8066.467742,2.010517602,7421.892941
6/5/2014,7907.486338,-14.47152313,8066.467742
6/4/2014,9245.442719,34.13140123,7907.486338
6/3/2014,6892.824972,-4.416450446,9245.442719
6/2/2014,7211.308854,16.94312654,6892.824972
6/1/2014,6166.509369,-16.08003958,7211.308854
5/31/2014,7348.084219,4.395645178,6166.509369
5/30/2014,7038.68845,-7.483315833,7348.084219
5/29/2014,7608.020665,6.018877047,7038.68845
5/28/2014,7176.100027,3.121465528,7608.020665
5/27/2014,6958.880957,26.43407601,7176.100027
5/26/2014,5503.95999,-12.81371979,6958.880957
5/25/2014,6312.873971,-7.8815857,5503.95999
5/24/2014,6852.998957,2.875285028,6312.873971
5/23/2014,6661.462911,1.395625829,6852.998957
5/22/2014,6569.773456,6.669061816,6661.462911
5/21/2014,6159.024317,28.66894366,6569.773456
5/20/2014,4786.721754,19.93678961,6159.024317
5/19/2014,3991.037087,-9.238169698,4786.721754
5/18/2014,4397.263776,-18.62722439,3991.037087
5/17/2014,5403.85128,-5.64306177,4397.263776
5/16/2014,5727.031188,6.262159361,5403.85128
5/15/2014,5389.530217,-5.916132318,5727.031188
5/14/2014,5728.431823,1.824800978,5389.530217
5/13/2014,5625.772668,38.69349143,5728.431823
5/12/2014,4056.262922,-17.50618626,5625.772668
5/11/2014,4917.051035,-31.43926102,4056.262922
5/10/2014,7171.817439,19.60676773,4917.051035
5/9/2014,5996.163575,0.331783469,7171.817439
5/8/2014,5976.335083,-8.69992559,5996.163575
5/7/2014,6545.816224,23.69398391,5976.335083
5/6/2014,5291.94389,21.33821403,6545.816224
5/5/2014,4361.316781,-8.816608391,5291.94389
5/4/2014,4783.016626,-7.136910563,4361.316781
5/3/2014,5150.611136,-6.827455907,4783.016626
5/2/2014,5528.035309,-1.777635604,5150.611136
5/1/2014,5628.0821,3.290675841,5528.035309
4/30/2014,5448.7804,-1.220829766,5628.0821
4/29/2014,5516.12287,11.1635829,5448.7804
4/28/2014,4962.167219,1.635557025,5516.12287
4/27/2014,4882.314186,-26.17611431,4962.167219
4/26/2014,6613.461403,-5.16288284,4882.314186
4/25/2014,6973.494768,0.205738909,6613.461403
4/24/2014,6959.177033,-8.475493391,6973.494768
4/23/2014,7603.621468,31.90887914,6959.177033
4/22/2014,5764.298444,6.838940942,7603.621468
4/21/2014,5395.315971,-18.89098718,5764.298444
4/20/2014,6651.931498,14.37774508,5395.315971
4/19/2014,5815.756809,-23.09463536,6651.931498
4/18/2014,7562.225128,-1.533013773,5815.756809
4/17/2014,7679.959972,-4.43111429,7562.225128
4/16/2014,8036.046371,23.20340863,7679.959972
4/15/2014,6522.584448,73.06566727,8036.046371
4/14/2014,3768.84945,-10.57998928,6522.584448
4/13/2014,4214.771861,-32.41046607,3768.84945
4/12/2014,6235.83507,-27.00224443,4214.771861
4/11/2014,8542.502467,45.19826606,6235.83507
4/10/2014,5883.336419,-14.1755525,8542.502467
4/9/2014,6855.082194,10.09765604,5883.336419
4/8/2014,6226.365248,47.74030211,6855.082194
4/7/2014,4214.398616,-23.2796902,6226.365248
4/6/2014,5493.19812,-9.479815462,4214.398616
4/5/2014,6068.478703,1.307445876,5493.19812
4/4/2014,5990.160595,2.830022007,6068.478703
4/3/2014,5825.303232,-3.18917958,5990.160595
4/2/2014,6017.202629,10.17990811,5825.303232
4/1/2014,5461.252176,13.13557229,6017.202629
3/31/2014,4827.175101,-2.579496592,5461.252176
3/30/2014,4954.98887,-22.84476135,4827.175101
3/29/2014,6422.102966,-10.20406792,4954.98887
3/28/2014,7151.886302,-21.63312768,6422.102966
3/27/2014,9126.160187,9.165428397,7151.886302
3/26/2014,8359.936219,18.15480932,9126.160187
3/25/2014,7075.409175,-13.3022887,8359.936219
3/24/2014,8161.01033,0.323529488,7075.409175
3/23/2014,8134.692202,-6.83517588,8161.01033
3/22/2014,8731.505993,8.177255525,8134.692202
3/21/2014,8071.480415,6.884994274,8731.505993
3/20/2014,7551.556203,13.55603427,8071.480415
3/19/2014,6650.070383,-26.65943015,7551.556203
3/18/2014,9067.383029,37.49919393,6650.070383
3/17/2014,6594.499044,-12.03050328,9067.383029
3/16/2014,7496.347359,-15.91907986,6594.499044
3/15/2014,8915.634304,-6.633314153,7496.347359
3/14/2014,9549.052987,-13.93310917,8915.634304
3/13/2014,11094.92035,15.26843203,9549.052987
3/12/2014,9625.289558,7.206847433,11094.92035
3/11/2014,8978.241398,16.68239011,9625.289558
3/10/2014,7694.598465,-2.681276763,8978.241398
3/9/2014,7906.596191,-3.569773753,7694.598465
3/8/2014,8199.292378,-16.12025424,7906.596191
3/7/2014,9775.056308,-0.004369698,8199.292378
3/6/2014,9775.483467,-20.85845706,9775.056308
3/5/2014,12351.89902,25.56893166,9775.483467
3/4/2014,9836.747718,58.27943203,12351.89902
3/3/2014,6214.798469,-27.00480911,9836.747718
3/2/2014,8513.983446,-3.63349252,6214.798469
3/1/2014,8835.002605,8.452700462,8513.983446
2/28/2014,8146.410894,-6.237001168,8835.002605
2/27/2014,8688.300284,-10.86224904,8146.410894
2/26/2014,9747.049023,27.92786568,8688.300284
2/25/2014,7619.175831,3.180451273,9747.049023
2/24/2014,7384.321097,-2.726416108,7619.175831
2/23/2014,7591.291285,-8.773892468,7384.321097
2/22/2014,8321.402163,-4.306248644,7591.291285
2/21/2014,8695.867855,2.192840448,8321.402163
2/20/2014,8509.273073,-44.20020193,8695.867855
2/19/2014,15249.64851,91.82501061,8509.273073
2/18/2014,7949.77071,14.5928467,15249.64851
2/17/2014,6937.405727,-22.53054824,7949.77071
2/16/2014,8955.021069,-22.36608719,6937.405727
2/15/2014,11534.9346,29.95601884,8955.021069
2/14/2014,8876.029523,-16.55382125,11534.9346
2/13/2014,10636.83162,32.60585329,8876.029523
2/12/2014,8021.389216,-9.355105245,10636.83162
2/11/2014,8849.24544,12.69149463,8021.389216
2/10/2014,7852.629401,-10.01952493,8849.24544
2/9/2014,8727.037054,-24.71312262,7852.629401
2/8/2014,11591.71075,-0.462440839,8727.037054
2/7/2014,11645.56459,4.859108494,11591.71075
2/6/2014,11105.91608,0.774141318,11645.56459
2/5/2014,11020.60105,9.126836253,11105.91608
2/4/2014,10098.89174,23.53571953,11020.60105
2/3/2014,8174.875882,-22.20606787,10098.89174
2/2/2014,10508.37213,-6.783985324,8174.875882
2/1/2014,11273.14031,5.41791161,10508.37213
1/31/2014,10693.76175,-3.152401858,11273.14031
1/30/2014,11041.84508,-0.204141966,10693.76175
1/29/2014,11064.43223,10.2583368,11041.84508
1/28/2014,10035.00738,7.192771944,11064.43223
1/27/2014,9361.645562,-6.253516162,10035.00738
1/26/2014,9986.129803,-25.52679936,9361.645562
1/25/2014,13409.02461,2.843901779,9986.129803
1/24/2014,13038.23015,15.08404441,13409.02461
1/23/2014,11329.31174,-16.57502117,13038.23015
1/22/2014,13580.23927,20.823109,11329.31174
1/21/2014,11239.76976,11.79998753,13580.23927
1/20/2014,10053.46245,-2.53777531,11239.76976
1/19/2014,10315.24006,-12.9229232,10053.46245
1/18/2014,11846.10283,6.967730956,10315.24006
1/17/2014,11074.46398,-32.9541763,11846.10283
1/16/2014,16517.75363,59.26518578,11074.46398
1/15/2014,10371.2268,4.552869565,16517.75363
1/14/2014,9919.600337,0.818115942,10371.2268
1/13/2014,9839.10505,-11.5451078,9919.600337
1/12/2014,11123.30229,4.707723208,9839.10505
1/11/2014,10623.19182,1.374815393,11123.30229
1/10/2014,10479.12322,-11.1358433,10623.19182
1/9/2014,11792.29468,-11.56854846,10479.12322
1/8/2014,13334.95547,-51.95618007,11792.29468
1/7/2014,27755.81852,133.9296809,13334.95547
1/6/2014,11865.02645,13.78076606,27755.81852
1/5/2014,10427.97202,-11.19147774,11865.02645
1/4/2014,11742.08483,27.75115145,10427.97202
1/3/2014,9191.372992,33.99816873,11742.08483
1/2/2014,6859.327317,-17.92236417,9191.372992
1/1/2014,8357.120972,-24.18791177,6859.327317
