Date,cptra,cptravar,Value
5/27/2019,44.65613313,-0.485953713,46.82295875
5/26/2019,44.87420097,6.238704566,44.65613313
5/25/2019,42.23903252,-6.7112168,44.87420097
5/24/2019,45.27771836,2.505386822,42.23903252
5/23/2019,44.17106239,-3.286561794,45.27771836
5/22/2019,45.67210432,-7.238923185,44.17106239
5/21/2019,49.23628087,17.88082868,45.67210432
5/20/2019,41.7678442,-1.694076205,49.23628087
5/19/2019,42.48761681,-2.750443786,41.7678442
5/18/2019,43.6892655,-2.734768593,42.48761681
5/17/2019,44.91765954,1.408687501,43.6892655
5/16/2019,44.29369973,5.567769915,44.91765954
5/15/2019,41.95759725,-4.471660662,44.29369973
5/14/2019,43.9216232,26.6895981,41.95759725
5/13/2019,34.66868935,5.353572991,43.9216232
5/12/2019,32.90698964,-0.878147964,34.66868935
5/11/2019,33.19852178,10.82214108,32.90698964
5/10/2019,29.95657859,0.348271688,33.19852178
5/9/2019,29.8526104,1.750809813,29.95657859
5/8/2019,29.33894133,1.285614595,29.8526104
5/7/2019,28.96654322,5.770459386,29.33894133
5/6/2019,27.38623184,-6.022085503,28.96654322
5/5/2019,29.14113596,3.972401386,27.38623184
5/4/2019,28.0277608,5.304715594,29.14113596
5/3/2019,26.61586487,-4.523895552,28.0277608
5/2/2019,27.87699082,-9.013692281,26.61586487
5/1/2019,30.63866588,6.114258717,27.87699082
4/30/2019,28.87327891,11.07093093,30.63866588
4/29/2019,25.9953515,-5.171269674,28.87327891
4/28/2019,27.41294902,3.203009818,25.9953515
4/27/2019,26.56216041,-9.381019983,27.41294902
4/26/2019,29.31191722,6.895092325,26.56216041
4/25/2019,27.42120016,1.296728822,29.31191722
4/24/2019,27.07017341,-3.364287258,27.42120016
4/23/2019,28.01259767,-0.356975463,27.07017341
4/22/2019,28.11295402,-2.090741274,28.01259767
4/21/2019,28.71327429,7.976900747,28.11295402
4/20/2019,26.59205265,-0.751556175,28.71327429
4/19/2019,26.79342025,-0.488381119,26.59205265
4/18/2019,26.92491646,6.166015874,26.79342025
4/17/2019,25.36114428,6.374760877,26.92491646
4/16/2019,23.84131731,-1.694366131,25.36114428
4/15/2019,24.25223903,-8.652084334,23.84131731
4/14/2019,26.54930751,0.686864968,24.25223903
4/13/2019,26.36819362,1.488173576,26.54930751
4/12/2019,25.98154316,-1.985956556,26.36819362
4/11/2019,26.50798013,-4.406696282,25.98154316
4/10/2019,27.72995503,2.622921514,26.50798013
4/9/2019,27.0212099,5.965061799,27.72995503
4/8/2019,25.50011244,-5.171943378,27.0212099
4/7/2019,26.89089426,0.742844464,25.50011244
4/6/2019,26.69260969,-0.051611286,26.89089426
4/5/2019,26.7063932,10.4286932,26.69260969
4/4/2019,24.184288,22.16383141,26.7063932
4/3/2019,19.79660242,3.170473901,24.184288
4/2/2019,19.18824415,-1.522549368,19.79660242
4/1/2019,19.48491154,-6.991300505,19.18824415
3/31/2019,20.94955811,9.169358618,19.48491154
3/30/2019,19.1899617,-4.05115212,20.94955811
3/29/2019,20.00020023,8.848630442,19.1899617
3/28/2019,18.37432419,-20.79613599,20.00020023
3/27/2019,23.19877246,-30.54185032,18.37432419
3/26/2019,33.39964074,14.58419585,23.19877246
3/25/2019,29.14855796,6.646092898,33.39964074
3/24/2019,27.33204487,11.96611709,29.14855796
3/23/2019,24.41099645,-9.323768466,27.33204487
3/22/2019,26.92105311,-6.859816849,24.41099645
3/21/2019,28.90380091,3.553895786,26.92105311
3/20/2019,27.9118431,-13.76471803,28.90380091
3/19/2019,32.36708046,2.741560769,27.9118431
3/18/2019,31.50339572,22.85237214,32.36708046
3/17/2019,25.64329461,0.261224008,31.50339572
3/16/2019,25.57648269,9.328480808,25.64329461
3/15/2019,23.39416271,-5.333798558,25.57648269
3/14/2019,24.71226516,3.509259826,23.39416271
3/13/2019,23.87444872,-24.63171507,24.71226516
3/12/2019,31.67704923,10.62998325,23.87444872
3/11/2019,28.63333094,12.4830653,31.67704923
3/10/2019,25.45568159,1.999503647,28.63333094
3/9/2019,24.95667202,9.553310405,25.45568159
3/8/2019,22.78039059,-9.286640766,24.95667202
3/7/2019,25.11249808,17.02049998,22.78039059
3/6/2019,21.45991351,7.394787297,25.11249808
3/5/2019,19.98226734,4.66374453,21.45991351
3/4/2019,19.09187124,-14.31959143,19.98226734
3/3/2019,22.28265663,11.92106369,19.09187124
3/2/2019,19.90926095,-0.294047304,22.28265663
3/1/2019,19.96797624,-6.779501203,19.90926095
2/28/2019,21.42015598,3.096981903,19.96797624
2/27/2019,20.77670518,-4.932971935,21.42015598
2/26/2019,21.85479614,-1.522062373,20.77670518
2/25/2019,22.19258106,-5.09273151,21.85479614
2/24/2019,23.38343671,15.78048743,22.19258106
2/23/2019,20.19635366,-3.384723205,23.38343671
2/22/2019,20.90389256,-6.833528092,20.19635366
2/21/2019,22.43714089,3.056289578,20.90389256
2/20/2019,21.77173366,-2.166778617,22.43714089
2/19/2019,22.25392699,7.304710595,21.77173366
2/18/2019,20.73900286,5.598173147,22.25392699
2/17/2019,19.63954701,7.820829674,20.73900286
2/16/2019,18.21498413,-8.992460407,19.63954701
2/15/2019,20.01480779,-8.231187489,18.21498413
2/14/2019,21.81003245,3.205136752,20.01480779
2/13/2019,21.1327005,-1.514077667,21.81003245
2/12/2019,21.45758501,-3.497050288,21.1327005
2/11/2019,22.23515972,3.511429298,21.45758501
2/10/2019,21.48087402,1.650366868,22.23515972
2/9/2019,21.13211657,4.668094343,21.48087402
2/8/2019,20.1896449,11.43639871,21.13211657
2/7/2019,18.11763942,-5.123193545,20.1896449
2/6/2019,19.09596254,-5.003446188,18.11763942
2/5/2019,20.1017424,2.560061995,19.09596254
2/4/2019,19.59997099,-4.113537563,20.1017424
2/3/2019,20.44081145,6.514445175,19.59997099
2/2/2019,19.19064726,3.98779706,20.44081145
2/1/2019,18.45471084,-4.690285395,19.19064726
1/31/2019,19.36288543,-6.082760915,18.45471084
1/30/2019,20.61696619,-7.505749919,19.36288543
1/29/2019,22.28999767,-5.518823735,20.61696619
1/28/2019,23.59199848,13.62105791,22.28999767
1/27/2019,20.76375534,-12.42194682,23.59199848
1/26/2019,23.70885694,5.199649151,20.76375534
1/25/2019,22.53701142,13.90018893,23.70885694
1/24/2019,19.78663217,-7.24565972,22.53701142
1/23/2019,21.33229788,-12.33107193,19.78663217
1/22/2019,24.33279196,10.74222875,21.33229788
1/21/2019,21.97246004,6.006751645,24.33279196
1/20/2019,20.72741566,5.452994348,21.97246004
1/19/2019,19.65559706,-1.676047249,20.72741566
1/18/2019,19.9906498,-1.120536506,19.65559706
1/17/2019,20.2171908,-2.654158573,19.9906498
1/16/2019,20.76841754,-7.448397111,20.2171908
1/15/2019,22.4398248,-0.559261612,20.76841754
1/14/2019,22.56602793,1.5329076,22.4398248
1/13/2019,22.22533409,-3.423338723,22.56602793
1/12/2019,23.01315225,-12.24983607,22.22533409
1/11/2019,26.22576553,-2.981857428,23.01315225
1/10/2019,27.03181574,6.771099366,26.22576553
1/9/2019,25.31753995,-6.161038381,27.03181574
1/8/2019,26.97977419,-9.769747908,25.31753995
1/7/2019,29.90102939,17.10735785,26.97977419
1/6/2019,25.53300658,-1.765821686,29.90102939
1/5/2019,25.99197858,-4.167081422,25.53300658
1/4/2019,27.12218198,-9.451139501,25.99197858
1/3/2019,29.95309034,5.021317156,27.12218198
1/2/2019,28.52096236,-10.04538348,29.95309034
1/1/2019,31.70594624,23.39455479,28.52096236
12/31/2018,25.69476935,0.484190814,31.70594624
12/30/2018,25.57095713,-6.611753728,25.69476935
12/29/2018,27.38134417,1.758789775,25.57095713
12/28/2018,26.90808748,-6.768614856,27.38134417
12/27/2018,28.86161933,-2.19736718,26.90808748
12/26/2018,29.51006379,-17.07280699,28.86161933
12/25/2018,35.58550907,3.603801866,29.51006379
12/24/2018,34.3476865,34.76006911,35.58550907
12/23/2018,25.48802975,7.186596258,34.3476865
12/22/2018,23.77912037,-0.377682369,25.48802975
12/21/2018,23.8692704,9.51794552,23.77912037
12/20/2018,21.79484858,-5.005353292,23.8692704
12/19/2018,22.94323874,9.357783677,21.79484858
12/18/2018,20.9799778,-9.08586732,22.94323874
12/17/2018,23.07669576,4.934143698,20.9799778
12/16/2018,21.99159868,4.407740283,23.07669576
12/15/2018,21.06318805,4.476612714,21.99159868
12/14/2018,20.16067281,-6.684132327,21.06318805
12/13/2018,21.60476381,0.695680114,20.16067281
12/12/2018,21.45550215,-10.28606297,21.60476381
12/11/2018,23.91546159,0.099620443,21.45550215
12/10/2018,23.89166061,22.31314345,23.91546159
12/9/2018,19.53319156,-14.9508733,23.89166061
12/8/2018,22.96695136,-7.538276322,19.53319156
12/7/2018,24.8394151,-3.550068641,22.96695136
12/6/2018,25.75368873,7.277881126,24.8394151
12/5/2018,24.00652256,-11.43253787,25.75368873
12/4/2018,27.10535221,0.710388266,24.00652256
12/3/2018,26.9141572,25.78973665,27.10535221
12/2/2018,21.39614719,-8.985337009,26.9141572
12/1/2018,23.5084617,-3.697667451,21.39614719
11/30/2018,24.41110311,4.322052724,23.5084617
11/29/2018,23.39975343,7.609701335,24.41110311
11/28/2018,21.74502219,-15.98122662,23.39975343
11/27/2018,25.88114693,-17.13887393,21.74502219
11/26/2018,31.23436544,24.73458036,25.88114693
11/25/2018,25.04066262,-6.341718828,31.23436544
11/24/2018,26.73619707,10.34926757,25.04066262
11/23/2018,24.22870369,-12.99746129,26.73619707
11/22/2018,27.84827208,-12.8789859,24.22870369
11/21/2018,31.96504582,-12.0991748,27.84827208
11/20/2018,36.36489845,-6.306563506,31.96504582
11/19/2018,38.81264239,21.81809456,36.36489845
11/18/2018,31.86114717,1.721466198,38.81264239
11/17/2018,31.32195038,-13.34460771,31.86114717
11/16/2018,36.1454141,4.31188511,31.32195038
11/15/2018,34.65129028,-8.21580125,36.1454141
11/14/2018,37.75300188,-20.50952497,34.65129028
11/13/2018,47.49374294,13.29402531,37.75300188
11/12/2018,41.92078339,15.30208174,47.49374294
11/11/2018,36.35735171,1.468150554,41.92078339
11/10/2018,35.83129437,-2.171793866,36.35735171
11/9/2018,36.62675192,0.181378837,35.83129437
11/8/2018,36.56043902,-7.470841551,36.62675192
11/7/2018,39.5123436,-9.788544899,36.56043902
11/6/2018,43.79969656,-15.22307268,39.5123436
11/5/2018,51.66464267,31.1003162,43.79969656
11/4/2018,39.40848059,-9.811635707,51.66464267
11/3/2018,43.69574823,-2.82005303,39.40848059
11/2/2018,44.96374982,3.875612165,43.69574823
11/1/2018,43.28614665,-0.82291149,44.96374982
10/31/2018,43.64530892,-15.75836856,43.28614665
10/30/2018,51.80966722,9.332322212,43.64530892
10/29/2018,47.38732899,2.57770226,51.80966722
10/28/2018,46.19652025,4.945386929,47.38732899
10/27/2018,44.01958161,20.22658686,46.19652025
10/26/2018,36.61384954,-26.25486685,44.01958161
10/25/2018,49.64917408,-0.178844908,36.61384954
10/24/2018,49.73812819,-7.301104446,49.64917408
10/23/2018,53.65557798,4.55140704,49.73812819
10/22/2018,51.31980478,12.00820567,53.65557798
10/21/2018,45.81789742,1.433043908,51.31980478
10/20/2018,45.17058313,2.241054774,45.81789742
10/19/2018,44.1804745,1.224489282,45.17058313
10/18/2018,43.64603349,-11.83759643,44.1804745
10/17/2018,49.50640151,4.568548138,43.64603349
10/16/2018,47.34349132,-12.66061541,49.50640151
10/15/2018,54.20634865,26.19554281,47.34349132
10/14/2018,42.95424976,-10.05384004,54.20634865
10/13/2018,47.75551262,-1.834069567,42.95424976
10/12/2018,48.64774612,5.551776341,47.75551262
10/11/2018,46.08898856,1.347166654,48.64774612
10/10/2018,45.47634639,-14.79086188,46.08898856
10/9/2018,53.37026919,10.2599673,45.47634639
10/8/2018,48.4040314,9.537065659,53.37026919
10/7/2018,44.18963673,-13.55299609,48.4040314
10/6/2018,51.11760353,4.383231879,44.18963673
10/5/2018,48.97108723,5.079349589,51.11760353
10/4/2018,46.60391163,-14.01593877,48.97108723
10/3/2018,54.20064017,-16.62414031,46.60391163
10/2/2018,65.00759378,12.90768742,54.20064017
10/1/2018,57.57587925,12.19479442,65.00759378
9/30/2018,51.31778132,7.816859938,57.57587925
9/29/2018,47.59717668,2.117513742,51.31778132
9/28/2018,46.61019931,-14.07927789,47.59717668
9/27/2018,54.24791385,4.096858535,46.61019931
9/26/2018,52.11292119,-17.66688557,54.24791385
9/25/2018,63.29521426,8.769510349,52.11292119
9/24/2018,58.1920559,30.48891259,63.29521426
9/23/2018,44.59540259,-9.302165572,58.1920559
9/22/2018,49.16920329,-0.961820487,44.59540259
9/21/2018,49.64671557,7.351237861,49.16920329
9/20/2018,46.24698937,1.773644621,49.64671557
9/19/2018,45.44102704,-28.10912608,46.24698937
9/18/2018,63.20833864,15.91190416,45.44102704
9/17/2018,54.53136078,12.08661217,63.20833864
9/16/2018,48.65109198,-5.547475187,54.53136078
9/15/2018,51.50851401,-9.816850125,48.65109198
9/14/2018,57.11545237,20.6795078,51.50851401
9/13/2018,47.32821124,-1.91213158,57.11545237
9/12/2018,48.2508306,-29.4714698,47.32821124
9/11/2018,68.41320877,16.00262496,48.2508306
9/10/2018,58.97556955,9.544343681,68.41320877
9/9/2018,53.83716545,10.74176075,58.97556955
9/8/2018,48.61505279,0.163322143,53.83716545
9/7/2018,48.53578311,-3.783187661,48.61505279
9/6/2018,50.44418115,-14.91156013,48.53578311
9/5/2018,59.28441188,-15.72164401,50.44418115
9/4/2018,70.34357894,10.83505532,59.28441188
9/3/2018,63.46690471,9.797395497,70.34357894
9/2/2018,57.80365228,-1.015467372,63.46690471
9/1/2018,58.39665122,11.63952383,57.80365228
8/31/2018,52.30822313,-9.140898992,58.39665122
8/30/2018,57.57070293,-18.28749198,52.30822313
8/29/2018,70.45519019,-16.73157725,57.57070293
8/28/2018,84.6121349,44.76212394,70.45519019
8/27/2018,58.44908364,6.483757075,84.6121349
8/26/2018,54.89014028,-1.47600339,58.44908364
8/25/2018,55.71245805,-3.588629908,54.89014028
8/24/2018,57.78619057,4.86429923,55.71245805
8/23/2018,55.10568515,-3.306276836,57.78619057
8/22/2018,56.98993001,-18.57558282,55.10568515
8/21/2018,69.99120409,2.961809085,56.98993001
8/20/2018,67.97783053,27.47612431,69.99120409
8/19/2018,53.32593134,-2.285141521,67.97783053
8/18/2018,54.57300166,3.728244771,53.32593134
8/17/2018,52.61151558,24.70720426,54.57300166
8/16/2018,42.18803228,-22.04828947,52.61151558
8/15/2018,54.12072678,-27.42948435,42.18803228
8/14/2018,74.57674276,8.221642261,54.12072678
8/13/2018,68.91111723,9.725089057,74.57674276
8/12/2018,62.80342793,15.90566794,68.91111723
8/11/2018,54.18494975,-0.331290907,62.80342793
8/10/2018,54.36505624,-3.405879591,54.18494975
8/9/2018,56.28195175,5.675854861,54.36505624
8/8/2018,53.25904562,-35.01837002,56.28195175
8/7/2018,81.96015649,-4.769679086,53.25904562
8/6/2018,86.06518985,24.81282885,81.96015649
8/5/2018,68.95540358,5.410466757,86.06518985
8/4/2018,65.41608789,7.986219305,68.95540358
8/3/2018,60.57818146,-3.194395331,65.41608789
8/2/2018,62.57714279,3.067535531,60.57818146
8/1/2018,60.71469786,-41.74557643,62.57714279
7/31/2018,104.2233261,31.68072909,60.71469786
7/30/2018,79.14850324,8.509346257,104.2233261
7/29/2018,72.94164601,-1.217907159,79.14850324
7/28/2018,73.84096036,-2.183429105,72.94164601
7/27/2018,75.48921382,25.92103371,73.84096036
7/26/2018,59.9496459,-11.66990033,75.48921382
7/25/2018,67.87000821,-33.21296612,59.9496459
7/24/2018,101.6215338,48.06063434,67.87000821
7/23/2018,68.63507931,5.897420581,101.6215338
7/22/2018,64.81279613,-8.106486683,68.63507931
7/21/2018,70.53032776,3.666720125,64.81279613
7/20/2018,68.03565085,18.62658636,70.53032776
7/19/2018,57.35278485,22.96744738,68.03565085
7/18/2018,46.64062406,-28.55513448,57.35278485
7/17/2018,65.28198175,10.61060123,46.64062406
7/16/2018,59.0196428,10.19126456,65.28198175
7/15/2018,53.56109038,-4.270460938,59.0196428
7/14/2018,55.95043171,3.597466904,53.56109038
7/13/2018,54.00752874,-7.674472807,55.95043171
7/12/2018,58.49685388,4.508436134,54.00752874
7/11/2018,55.97333196,-33.81141453,58.49685388
7/10/2018,84.56644232,10.48381279,55.97333196
7/9/2018,76.5419297,16.87115155,84.56644232
7/8/2018,65.49257767,12.69174673,76.5419297
7/7/2018,58.11656982,6.992866173,65.49257767
7/6/2018,54.31817269,20.10853392,58.11656982
7/5/2018,45.22424088,-21.08780209,54.31817269
7/4/2018,57.30956946,-23.98629533,45.22424088
7/3/2018,75.3937329,28.36119019,57.30956946
7/2/2018,58.73561376,1.954038831,75.3937329
7/1/2018,57.60989406,-11.54298004,58.73561376
6/30/2018,65.1275547,29.50601521,57.60989406
6/29/2018,50.28921213,-15.26608967,65.1275547
6/28/2018,59.34957083,-3.412948443,50.28921213
6/27/2018,61.44671555,-27.46425667,59.34957083
6/26/2018,84.71232626,12.54350482,61.44671555
6/25/2018,75.27073765,16.800504,84.71232626
6/24/2018,64.44384662,-13.75086951,75.27073765
6/23/2018,74.71825659,4.648679981,64.44384662
6/22/2018,71.3991391,0.566588245,74.71825659
6/21/2018,70.99687913,0.40886824,71.3991391
6/20/2018,70.70777748,-20.19066347,70.99687913
6/19/2018,88.59587181,3.530366781,70.70777748
6/18/2018,85.57476861,41.44773308,88.59587181
6/17/2018,60.49921533,-1.488948875,85.57476861
6/16/2018,61.41363292,12.87200877,60.49921533
6/15/2018,54.40997604,-2.601666577,61.41363292
6/14/2018,55.86335425,-2.394868008,54.40997604
6/13/2018,57.23403382,-5.337780727,55.86335425
6/12/2018,60.46132687,-24.19328549,57.23403382
6/11/2018,79.75721842,14.58156765,60.46132687
6/10/2018,69.60737234,4.123675027,79.75721842
6/9/2018,66.85066803,-2.933549508,69.60737234
6/8/2018,68.87103391,-12.72454169,66.85066803
6/7/2018,78.91225694,-4.316411139,68.87103391
6/6/2018,82.47209149,-14.72124864,78.91225694
6/5/2018,96.70884032,15.18865573,82.47209149
6/4/2018,83.95691374,9.263401507,96.70884032
6/3/2018,76.83900792,0.113497635,83.95691374
6/2/2018,76.75189633,-3.495287381,76.83900792
6/1/2018,79.5317599,23.60863329,76.75189633
5/31/2018,64.34158989,-13.80088568,79.5317599
5/30/2018,74.64298258,-29.29955471,64.34158989
5/29/2018,105.5763967,11.50024837,74.64298258
5/28/2018,94.68714037,11.86418661,105.5763967
5/27/2018,84.64473147,27.32391552,94.68714037
5/26/2018,66.47983698,-4.475624295,84.64473147
5/25/2018,69.5946312,-7.762019189,66.47983698
5/24/2018,75.45116512,-8.547616936,69.5946312
5/23/2018,82.50322473,-15.6880559,75.45116512
5/22/2018,97.85472937,5.39178068,82.50322473
5/21/2018,92.84853974,24.11213353,97.85472937
5/20/2018,74.81020356,4.353521543,92.84853974
5/19/2018,71.68919885,-21.06289886,74.81020356
5/18/2018,90.81812964,23.02293365,71.68919885
5/17/2018,73.82211345,6.168070901,90.81812964
5/16/2018,69.5332531,-32.46748034,73.82211345
5/15/2018,102.9626222,5.664857857,69.5332531
5/14/2018,97.44263544,51.15667162,102.9626222
5/13/2018,64.46466067,-24.16685327,97.44263544
5/12/2018,85.00855292,-7.225539823,64.46466067
5/11/2018,91.62926172,22.05695401,85.00855292
5/10/2018,75.07090642,-13.79953626,91.62926172
5/9/2018,87.08875006,-10.92373382,75.07090642
5/8/2018,97.76874783,-1.130428985,87.08875006
5/7/2018,98.88659051,26.43714594,97.76874783
5/6/2018,78.21007804,-3.775549133,98.88659051
5/5/2018,81.27879903,4.601553517,78.21007804
5/4/2018,77.70324273,-14.68371355,81.27879903
5/3/2018,91.0766818,7.17057774,77.70324273
5/2/2018,84.98291576,-18.10208021,91.0766818
5/1/2018,103.7668795,38.02146693,84.98291576
4/30/2018,75.18169588,-3.772649623,103.7668795
4/29/2018,78.1292383,-0.062445266,75.18169588
4/28/2018,78.17805679,13.70294763,78.1292383
4/27/2018,68.75640291,-10.80026372,78.17805679
4/26/2018,77.08139707,0.584090256,68.75640291
4/25/2018,76.63378659,-26.29206818,77.08139707
4/24/2018,103.969525,13.59087862,76.63378659
4/23/2018,91.52981846,23.35427934,103.969525
4/22/2018,74.20076462,-14.79645213,91.52981846
4/21/2018,87.08647289,5.715469538,74.20076462
4/20/2018,82.37817348,2.661263822,87.08647289
4/19/2018,80.24270344,9.398523344,82.37817348
4/18/2018,73.34898223,-25.77194183,80.24270344
4/17/2018,98.81570937,14.61402324,73.34898223
4/16/2018,86.2160725,13.04548541,98.81570937
4/15/2018,76.26670998,4.52128492,86.2160725
4/14/2018,72.96763529,-5.146842983,76.26670998
4/13/2018,76.92694432,1.917326717,72.96763529
4/12/2018,75.47975089,6.956514991,76.92694432
4/11/2018,70.57050325,-31.49177332,75.47975089
4/10/2018,103.0102612,0.975633666,70.57050325
4/9/2018,102.0149688,51.78724982,103.0102612
4/8/2018,67.2091819,-9.332590331,102.0149688
4/7/2018,74.12716669,8.901041493,67.2091819
4/6/2018,68.06837261,-11.41570153,74.12716669
4/5/2018,76.84022313,-6.831686229,68.06837261
4/4/2018,82.47463115,-19.71980429,76.84022313
4/3/2018,102.7334705,35.88419508,82.47463115
4/2/2018,75.60369357,-0.401730021,102.7334705
4/1/2018,75.90864138,5.666376655,75.60369357
3/31/2018,71.83802812,-6.40128108,75.90864138
3/30/2018,76.75108052,-5.427716946,71.83802812
3/29/2018,81.15599839,-2.222093308,76.75108052
3/28/2018,83.00034347,-23.70367947,81.15599839
3/27/2018,108.7868234,0.051647057,83.00034347
3/26/2018,108.7306672,33.27746533,108.7868234
3/25/2018,81.58218416,-4.228734101,108.7306672
3/24/2018,85.18440619,-3.938440341,81.58218416
3/23/2018,88.6768927,18.95766276,85.18440619
3/22/2018,74.54491846,-13.7692209,88.6768927
3/21/2018,86.44815603,-9.074461904,74.54491846
3/20/2018,95.07577061,-2.465968966,86.44815603
3/19/2018,97.47958697,7.931499904,95.07577061
3/18/2018,90.31616077,21.30827765,97.47958697
3/17/2018,74.45177074,-5.016981312,90.31616077
3/16/2018,78.38429623,-17.50219391,74.45177074
3/15/2018,95.01379484,-4.725263878,78.38429623
3/14/2018,99.72611703,-21.03479529,95.01379484
3/13/2018,126.2912157,26.00945363,99.72611703
3/12/2018,100.2236039,17.4961038,126.2912157
3/11/2018,85.29951266,-13.76854529,100.2236039
3/10/2018,98.91925509,4.737281105,85.29951266
3/9/2018,94.44512407,-9.031963285,98.91925509
3/8/2018,103.8223177,-5.423485925,94.44512407
3/7/2018,109.7760038,-18.29604603,103.8223177
3/6/2018,134.3582513,-8.222880177,109.7760038
3/5/2018,146.3962386,29.67133507,134.3582513
3/4/2018,112.8979188,13.35595524,146.3962386
3/3/2018,99.59593086,-8.622569867,112.8979188
3/2/2018,108.994016,8.453606642,99.59593086
3/1/2018,100.4982862,0.12233754,108.994016
2/28/2018,100.3754893,-31.17621328,100.4982862
2/27/2018,145.8441828,21.76326467,100.3754893
2/26/2018,119.7768335,13.45401365,145.8441828
2/25/2018,105.5730244,2.515211615,119.7768335
2/24/2018,102.9827894,-6.820629,105.5730244
2/23/2018,110.521018,6.109940566,102.9827894
2/22/2018,104.1570821,-15.38994006,110.521018
2/21/2018,123.10248,-9.675562278,104.1570821
2/20/2018,136.2892293,14.30955433,123.10248
2/19/2018,119.2282046,9.377836122,136.2892293
2/18/2018,109.0058176,27.24977204,119.2282046
2/17/2018,85.66287851,-21.67343626,109.0058176
2/16/2018,109.3663177,9.867065521,85.66287851
2/15/2018,99.54422387,-1.552678959,109.3663177
2/14/2018,101.1142028,-8.487104459,99.54422387
2/13/2018,110.4917533,28.66634831,101.1142028
2/12/2018,85.87463218,0.763582162,110.4917533
2/11/2018,85.22387785,3.864133328,85.87463218
2/10/2018,82.05323158,14.79143724,85.22387785
2/9/2018,71.48027201,-0.822562698,82.05323158
2/8/2018,72.07311859,-8.28771919,71.48027201
2/7/2018,78.58611514,-30.45456685,72.07311859
2/6/2018,112.9996774,14.34349077,78.58611514
2/5/2018,98.82475748,10.30545816,112.9996774
2/4/2018,89.59190155,14.78835001,98.82475748
2/3/2018,78.04964662,-3.079011465,89.59190155
2/2/2018,80.52914833,-16.76509193,78.04964662
2/1/2018,96.74924884,0.380668433,80.52914833
1/31/2018,96.38235165,-17.92375343,96.74924884
1/30/2018,117.4302623,-7.430043928,96.38235165
1/29/2018,126.8556963,18.76291815,117.4302623
1/28/2018,106.8142298,2.618578818,126.8556963
1/27/2018,104.0885881,-6.971191234,106.8142298
1/26/2018,111.8885531,8.509776529,104.0885881
1/25/2018,103.1137992,-0.033436043,111.8885531
1/24/2018,103.1482879,-27.89169408,103.1137992
1/23/2018,143.0463337,0.121868137,103.1482879
1/22/2018,142.872218,19.31110447,143.0463337
1/21/2018,119.7476283,15.86267119,142.872218
1/20/2018,103.3530706,6.265580175,119.7476283
1/19/2018,97.25921641,1.854549399,103.3530706
1/18/2018,95.48833801,-21.82157248,97.25921641
1/17/2018,122.1415435,-14.67486859,95.48833801
1/16/2018,143.1483801,9.723720481,122.1415435
1/15/2018,130.462565,-1.007894523,143.1483801
1/14/2018,131.790878,7.708580053,130.462565
1/13/2018,122.3587554,0.528259542,131.790878
1/12/2018,121.7157802,6.340276484,122.3587554
1/11/2018,114.4587772,-6.41953661,121.7157802
1/10/2018,122.3105476,-0.245623576,114.4587772
1/9/2018,122.6117109,-9.089757797,122.3105476
1/8/2018,134.8711739,8.135388836,122.6117109
1/7/2018,124.7243621,21.16942594,134.8711739
1/6/2018,102.9338557,-0.169590914,124.7243621
1/5/2018,103.1087188,-15.92270251,102.9338557
1/4/2018,122.6356244,-11.27964947,103.1087188
1/3/2018,138.227164,9.729668581,122.6356244
1/2/2018,125.9706384,25.48901904,138.227164
1/1/2018,100.383794,-14.8233238,125.9706384
12/31/2017,117.8536173,-5.600645169,100.383794
12/30/2017,124.8457868,-9.91260931,117.8536173
12/29/2017,138.5829758,-14.28885914,124.8457868
12/28/2017,161.6860707,10.29428952,138.5829758
12/27/2017,146.5951423,5.625472415,161.6860707
12/26/2017,138.7876797,-0.651931526,146.5951423
12/25/2017,139.6984177,1.952989842,138.7876797
12/24/2017,137.0223845,3.086498788,139.6984177
12/23/2017,132.9198159,17.59224467,137.0223845
12/22/2017,113.0345086,0.011394156,132.9198159
12/21/2017,113.0216308,-17.89839939,113.0345086
12/20/2017,137.6606911,-1.793943987,113.0216308
12/19/2017,140.1753585,-1.988838718,137.6606911
12/18/2017,143.0197915,20.68174594,140.1753585
12/17/2017,118.5098793,17.89263472,143.0197915
12/16/2017,100.523565,-13.31632171,118.5098793
12/15/2017,115.9659661,0.62801464,100.523565
12/14/2017,115.2422281,-3.317968535,115.9659661
12/13/2017,119.1971521,9.120077122,115.2422281
12/12/2017,109.2348496,6.122484964,119.1971521
12/11/2017,102.9328041,-4.444193479,109.2348496
12/10/2017,107.7200935,8.06923403,102.9328041
12/9/2017,99.67692881,25.24316068,107.7200935
12/8/2017,79.58672415,11.19215074,99.67692881
12/7/2017,71.57584742,-0.523057031,79.58672415
12/6/2017,71.95219845,-6.112449818,71.57584742
12/5/2017,76.63657035,2.553255444,71.95219845
12/4/2017,74.72855934,11.85456051,76.63657035
12/3/2017,66.80868353,7.319573903,74.72855934
12/2/2017,62.2520954,2.244295236,66.80868353
12/1/2017,60.88564184,1.989602809,62.2520954
11/30/2017,59.69789093,-1.346419664,60.88564184
11/29/2017,60.51264508,2.142048434,59.69789093
11/28/2017,59.24361809,6.763999362,60.51264508
11/27/2017,55.49025743,-1.902573702,59.24361809
11/26/2017,56.56647633,9.713101599,55.49025743
11/25/2017,51.5585427,-8.163923802,56.56647633
11/24/2017,56.14192682,4.53340182,51.5585427
11/23/2017,53.70716522,-13.08663594,56.14192682
11/22/2017,61.79390914,-9.058994491,53.70716522
11/21/2017,67.94944568,18.31908018,61.79390914
11/20/2017,57.42898405,-9.13493368,67.94944568
11/19/2017,63.20248955,4.479446489,57.42898405
11/18/2017,60.49274922,6.491739678,63.20248955
11/17/2017,56.80510939,5.121033306,60.49274922
11/16/2017,54.03781489,0.720644806,56.80510939
11/15/2017,53.65118045,10.21719005,54.03781489
11/14/2017,48.6776885,13.05558541,53.65118045
11/13/2017,43.05642072,-4.323738944,48.6776885
11/12/2017,45.00219829,-5.638699791,43.05642072
11/11/2017,47.69137156,-7.990561885,45.00219829
11/10/2017,51.83312988,9.308003165,47.69137156
11/9/2017,47.41933654,-3.361551275,51.83312988
11/8/2017,49.06880974,-14.5787716,47.41933654
11/7/2017,57.4433436,19.66933844,49.06880974
11/6/2017,48.00172237,5.231255979,57.4433436
11/5/2017,45.61546085,2.378898843,48.00172237
11/4/2017,44.55552986,2.189224043,45.61546085
11/3/2017,43.60100615,-3.208330626,44.55552986
11/2/2017,45.04623842,10.98357621,43.60100615
11/1/2017,40.58820228,-0.060615052,45.04623842
10/31/2017,40.61281977,17.63422925,40.58820228
10/30/2017,34.52466176,0.597809758,40.61281977
10/29/2017,34.31949646,-34.47698549,34.52466176
10/28/2017,52.377774,18.71799552,34.31949646
10/27/2017,44.11948987,21.64415727,52.377774
10/26/2017,36.26930455,-16.01642754,44.11948987
10/25/2017,43.18618926,-14.12998269,36.26930455
10/24/2017,50.29251259,25.3929354,43.18618926
10/23/2017,40.10793146,-12.66746223,50.29251259
10/22/2017,45.92553072,18.45131979,40.10793146
10/21/2017,38.77164965,10.78447569,45.92553072
10/20/2017,34.9973671,-7.544555216,38.77164965
10/19/2017,37.85322453,-11.92600687,34.9973671
10/18/2017,42.97888989,-17.03075096,37.85322453
10/17/2017,51.80098697,32.94430738,42.97888989
10/16/2017,38.96442653,9.497110229,51.80098697
10/15/2017,35.58489028,-6.126861106,38.96442653
10/14/2017,37.90742559,21.98943562,35.58489028
10/13/2017,31.07435115,-9.125134465,37.90742559
10/12/2017,34.19465984,-1.696540728,31.07435115
10/11/2017,34.78479811,-24.51165515,34.19465984
10/10/2017,46.07969373,16.87340682,34.78479811
10/9/2017,39.42701337,20.47429587,46.07969373
10/8/2017,32.72649413,19.62657716,39.42701337
10/7/2017,27.35721017,-16.79212571,32.72649413
10/6/2017,32.87815054,-11.45340394,27.35721017
10/5/2017,37.13090282,21.47656875,32.87815054
10/4/2017,30.56630855,-18.15059907,37.13090282
10/3/2017,37.34457211,0.30401082,30.56630855
10/2/2017,37.23138467,1.396814665,37.34457211
10/1/2017,36.71849534,2.753622556,37.23138467
9/30/2017,35.73450203,10.72462091,36.71849534
9/29/2017,32.2733117,16.04756026,35.73450203
9/28/2017,27.8104181,-6.517096265,32.2733117
9/27/2017,29.74920225,-21.50176466,27.8104181
9/26/2017,37.89792486,-5.924925509,29.74920225
9/25/2017,40.28476732,35.91680297,37.89792486
9/24/2017,29.63928406,-11.49712952,40.28476732
9/23/2017,33.48963022,23.35718397,29.63928406
9/22/2017,27.14850416,-8.285335036,33.48963022
9/21/2017,29.60105036,-10.1294422,27.14850416
9/20/2017,32.9374281,-24.40942527,29.60105036
9/19/2017,43.57345901,18.37614689,32.9374281
9/18/2017,36.80932363,25.88553705,43.57345901
9/17/2017,29.24031187,1.395158082,36.80932363
9/16/2017,28.83797651,-23.58829932,29.24031187
9/15/2017,37.74026262,-8.278459521,28.83797651
9/14/2017,41.14656429,5.16391575,37.74026262
9/13/2017,39.1261242,-6.535179519,41.14656429
9/12/2017,41.86187274,-7.652875963,39.1261242
9/11/2017,45.33099777,22.19193052,41.86187274
9/10/2017,37.09819264,-16.8476742,45.33099777
9/9/2017,44.61473841,15.55226149,37.09819264
9/8/2017,38.61000887,-12.88503733,44.61473841
9/7/2017,44.32075465,9.329182984,38.61000887
9/6/2017,40.53881446,-21.29843745,44.32075465
9/5/2017,51.50954206,13.78338078,40.53881446
9/4/2017,45.26982913,2.218653739,51.50954206
9/3/2017,44.28724844,6.839394247,45.26982913
9/2/2017,41.45217104,-1.589566767,44.28724844
9/1/2017,42.12172397,10.55944977,41.45217104
8/31/2017,38.09870984,-2.482421967,42.12172397
8/30/2017,39.06855626,2.327426325,38.09870984
8/29/2017,38.17994614,14.11272234,39.06855626
8/28/2017,33.45809771,-5.447511586,38.17994614
8/27/2017,35.38574,0.793597305,33.45809771
8/26/2017,35.10713076,4.962885158,35.38574
8/25/2017,33.44718536,11.1670566,35.10713076
8/24/2017,30.08731757,1.511833308,33.44718536
8/23/2017,29.63922194,-18.04615123,30.08731757
8/22/2017,36.16574742,6.126031869,29.63922194
8/21/2017,34.07811145,17.07597498,36.16574742
8/20/2017,29.10768965,-10.27102981,34.07811145
8/19/2017,32.43956727,3.657261708,29.10768965
8/18/2017,31.29502626,2.556346644,32.43956727
8/17/2017,30.51495815,-2.924738236,31.29502626
8/16/2017,31.43433002,-1.63937785,30.51495815
8/15/2017,31.95824644,13.8400102,31.43433002
8/14/2017,28.07294762,7.857128152,31.95824644
8/13/2017,26.027902,4.952989616,28.07294762
8/12/2017,24.79958132,2.37105701,26.027902
8/11/2017,24.22518829,-12.59206212,24.79958132
8/10/2017,27.71508959,-0.437127,24.22518829
8/9/2017,27.83677164,-7.041501134,27.71508959
8/8/2017,29.9453756,-4.081434041,27.83677164
8/7/2017,31.21958226,8.954350943,29.9453756
8/6/2017,28.65381876,18.13818044,31.21958226
8/5/2017,24.25449474,-7.176000074,28.65381876
8/4/2017,26.12955137,-34.41491326,24.25449474
8/3/2017,39.84069042,59.95308434,26.12955137
8/2/2017,24.90773503,-15.45304498,39.84069042
8/1/2017,29.46023902,7.820264159,24.90773503
7/31/2017,27.32347138,17.68096754,29.46023902
7/30/2017,23.21825861,-5.494491575,27.32347138
7/29/2017,24.56815375,16.8109914,23.21825861
7/28/2017,21.03239897,-0.709830793,24.56815375
7/27/2017,21.18276072,-22.74095558,21.03239897
7/26/2017,27.4178394,-19.96522686,21.18276072
7/25/2017,34.25740878,25.53130818,27.4178394
7/24/2017,27.28993211,25.59051737,34.25740878
7/23/2017,21.72929349,-23.43750676,27.28993211
7/22/2017,28.38112053,54.06781064,21.72929349
7/21/2017,18.42118766,-9.537240293,28.38112053
7/20/2017,20.36328288,5.208056647,18.42118766
7/19/2017,19.35525048,-7.63207275,20.36328288
7/18/2017,20.95451425,14.85013791,19.35525048
7/17/2017,18.2450928,-2.817280502,20.95451425
7/16/2017,18.77400931,-9.793456873,18.2450928
7/15/2017,20.81224782,-7.872770678,18.77400931
7/14/2017,22.59076711,6.889137895,20.81224782
7/13/2017,21.13476407,-15.72961457,22.59076711
7/12/2017,25.079705,-1.166488541,21.13476407
7/11/2017,25.37570975,-3.003678447,25.079705
7/10/2017,26.16151762,22.36968722,25.37570975
7/9/2017,21.37908351,-8.559551095,26.16151762
7/8/2017,23.38033525,1.309444538,21.37908351
7/7/2017,23.07813981,2.788279426,23.38033525
7/6/2017,22.45211218,-7.816289317,23.07813981
7/5/2017,24.35583469,0,22.45211218
7/4/2017,24.35583469,-24.88453618,24.35583469
7/3/2017,32.42452812,53.31452343,24.35583469
7/2/2017,21.1490258,4.296019869,32.42452812
7/1/2017,20.27788388,-6.544787804,21.1490258
6/30/2017,21.69796997,11.61286226,20.27788388
6/29/2017,19.44038486,-2.805268063,21.69796997
6/28/2017,20.00147999,-19.33892506,19.44038486
6/27/2017,24.79694202,2.018149613,20.00147999
6/26/2017,24.30640245,-0.33736717,24.79694202
6/25/2017,24.38868186,10.39290803,24.30640245
6/24/2017,22.09261654,4.740767435,24.38868186
6/23/2017,21.09266247,-2.376352449,22.09261654
6/22/2017,21.60609954,-2.091405691,21.09266247
6/21/2017,22.06762307,-11.85936482,21.60609954
6/20/2017,25.03683236,4.599041089,22.06762307
6/19/2017,23.93600562,17.78924916,25.03683236
6/18/2017,20.3210444,3.875061465,23.93600562
6/17/2017,19.56296739,4.301590261,20.3210444
6/16/2017,18.75615448,-11.17740718,19.56296739
6/15/2017,21.11642307,-4.861685807,18.75615448
6/14/2017,22.19549847,-23.4192345,21.11642307
6/13/2017,28.98312431,20.61706364,22.19549847
6/12/2017,24.02904153,2.349121261,28.98312431
6/11/2017,23.47752597,1.185586054,24.02904153
6/10/2017,23.20244107,8.319661468,23.47752597
6/9/2017,21.4203412,-7.891889519,23.20244107
6/8/2017,23.25565152,-1.055310059,21.4203412
6/7/2017,23.50368831,1.248143658,23.25565152
6/6/2017,23.21394493,-4.735630551,23.50368831
6/5/2017,24.36791957,17.85757186,23.21394493
6/4/2017,20.67573528,2.266352239,24.36791957
6/3/2017,20.21753473,8.556441219,20.67573528
6/2/2017,18.62398445,2.412818606,20.21753473
6/1/2017,18.18520836,7.872592179,18.62398445
5/31/2017,16.85804336,-4.637930061,18.18520836
5/30/2017,17.67793355,10.82150379,16.85804336
5/29/2017,15.9517178,0.906360733,17.67793355
5/28/2017,15.80843634,-8.589892388,15.9517178
5/27/2017,17.29396973,2.651990287,15.80843634
5/26/2017,16.84718405,5.431856352,17.29396973
5/25/2017,15.97921599,12.29149193,16.84718405
5/24/2017,14.23012173,3.509870892,15.97921599
5/23/2017,13.74759876,-3.577001375,14.23012173
5/22/2017,14.25759306,-6.838294117,13.74759876
5/21/2017,15.30413481,7.437331853,14.25759306
5/20/2017,14.24470856,3.259005142,15.30413481
5/19/2017,13.79512474,-6.890323698,14.24470856
5/18/2017,14.81599473,15.43496092,13.79512474
5/17/2017,12.83492853,13.60922425,14.81599473
5/16/2017,11.29743524,-7.769771557,12.83492853
5/15/2017,12.24916757,0.660471343,11.29743524
5/14/2017,12.16879616,0.129338633,12.24916757
5/13/2017,12.15307754,-0.305646459,12.16879616
5/12/2017,12.19033687,5.223280254,12.15307754
5/11/2017,11.58520894,0.454736129,12.19033687
5/10/2017,11.53276529,0.354246859,11.58520894
5/9/2017,11.49205505,11.55809112,11.53276529
5/8/2017,10.30140883,-4.201504787,11.49205505
5/7/2017,10.75320526,5.066824764,10.30140883
5/6/2017,10.23463428,5.605899021,10.75320526
5/5/2017,9.691347142,-1.073086849,10.23463428
5/4/2017,9.796471792,-3.090505767,9.691347142
5/3/2017,10.10888755,0.782037589,9.796471792
5/2/2017,10.03044569,6.021161354,10.10888755
5/1/2017,9.460795903,11.26916711,10.03044569
4/30/2017,8.5026213,-10.09212839,9.460795903
4/29/2017,9.457037685,11.53473336,8.5026213
4/28/2017,8.479006853,1.640019512,9.457037685
4/27/2017,8.342193256,-15.36814365,8.479006853
4/26/2017,9.857036836,-14.44032406,8.342193256
4/25/2017,11.52065705,15.26528728,9.857036836
4/24/2017,9.994905943,6.824449216,11.52065705
4/23/2017,9.356384251,-0.908290949,9.994905943
4/22/2017,9.442146413,15.67664413,9.356384251
4/21/2017,8.162534869,-4.571386037,9.442146413
4/20/2017,8.553550691,-11.2382341,8.162534869
4/19/2017,9.636526047,-15.22176753,8.553550691
4/18/2017,11.36674565,23.4663407,9.636526047
4/17/2017,9.206351772,12.28609326,11.36674565
4/16/2017,8.199013346,-12.60378868,9.206351772
4/15/2017,9.381428808,6.626063253,8.199013346
4/14/2017,8.798438695,-5.491764846,9.381428808
4/13/2017,9.309705848,3.066527197,8.798438695
4/12/2017,9.032715181,-18.03989136,9.309705848
4/11/2017,11.02086775,12.04983045,9.032715181
4/10/2017,9.83568445,8.166434042,11.02086775
4/9/2017,9.093102252,6.806169532,9.83568445
4/8/2017,8.513648876,4.903610565,9.093102252
4/7/2017,8.115687182,3.354587726,8.513648876
4/6/2017,7.852275705,-18.14470493,8.115687182
4/5/2017,9.592874472,-1.728515925,7.852275705
4/4/2017,9.761605375,24.43632213,9.592874472
4/3/2017,7.844659186,-1.172174262,9.761605375
4/2/2017,7.937702897,-2.185894315,7.844659186
4/1/2017,8.115090192,14.42197328,7.937702897
3/31/2017,7.09224807,-8.070724859,8.115090192
3/30/2017,7.714896109,-6.034952031,7.09224807
3/29/2017,8.210389156,-14.07327156,7.714896109
3/28/2017,9.555105035,31.41678279,8.210389156
3/27/2017,7.27084078,-7.566955656,9.555105035
3/26/2017,7.86606222,5.07491047,7.27084078
3/25/2017,7.486146964,3.13586043,7.86606222
3/24/2017,7.258529606,-7.707280264,7.486146964
3/23/2017,7.864682747,7.716971809,7.258529606
3/22/2017,7.301247534,-15.55676798,7.864682747
3/21/2017,8.646338325,10.8853934,7.301247534
3/20/2017,7.797544889,-3.575605998,8.646338325
3/19/2017,8.086693175,3.156679869,7.797544889
3/18/2017,7.839233664,-9.481026915,8.086693175
3/17/2017,8.660321032,-2.250186058,7.839233664
3/16/2017,8.859680324,-3.611708403,8.660321032
3/15/2017,9.191656141,-22.01519518,8.859680324
3/14/2017,11.78647066,35.60461974,9.191656141
3/13/2017,8.691791389,10.99391464,11.78647066
3/12/2017,7.830872005,-4.390699495,8.691791389
3/11/2017,8.190491891,4.497707814,7.830872005
3/10/2017,7.837963208,-4.808425181,8.190491891
3/9/2017,8.233883327,-7.968352757,7.837963208
3/8/2017,8.946795557,-4.017290399,8.233883327
3/7/2017,9.321257542,4.260206064,8.946795557
3/6/2017,8.940378975,8.882835729,9.321257542
3/5/2017,8.211008571,-2.991194856,8.940378975
3/4/2017,8.464188956,7.197996072,8.211008571
3/3/2017,7.895846253,1.029462264,8.464188956
3/2/2017,7.815389765,-6.640600531,7.895846253
3/1/2017,8.371293955,-21.29271117,7.815389765
2/28/2017,10.63598312,32.6938364,8.371293955
2/27/2017,8.015431169,3.29351228,10.63598312
2/26/2017,7.759859252,2.451940937,8.015431169
2/25/2017,7.574145673,-0.647904396,7.759859252
2/24/2017,7.623538917,-0.419812662,7.574145673
2/23/2017,7.655678424,-1.6710073,7.623538917
2/22/2017,7.785779366,2.803685445,7.655678424
2/21/2017,7.573443824,0.281312965,7.785779366
2/20/2017,7.55219851,11.07883177,7.573443824
2/19/2017,6.798953851,-9.650047522,7.55219851
2/18/2017,7.525132736,16.9027478,6.798953851
2/17/2017,6.437087987,-11.13388093,7.525132736
2/16/2017,7.243579505,-3.78215245,6.437087987
2/15/2017,7.528311731,-3.538352207,7.243579505
2/14/2017,7.804461051,10.3231235,7.528311731
2/13/2017,7.074184272,8.4624356,7.804461051
2/12/2017,6.522243607,1.067162179,7.074184272
2/11/2017,6.453375623,-4.208326663,6.522243607
2/10/2017,6.736885784,1.345606685,6.453375623
2/9/2017,6.647437422,-12.92556593,6.736885784
2/8/2017,7.634201121,3.697887113,6.647437422
2/7/2017,7.361964003,4.616800647,7.634201121
2/6/2017,7.037076222,11.00269792,7.361964003
2/5/2017,6.339554222,-22.3963913,7.037076222
2/4/2017,8.16914874,14.38455497,6.339554222
2/3/2017,7.141828494,16.41887534,8.16914874
2/2/2017,6.134596708,-14.63558849,7.141828494
2/1/2017,7.186363262,-13.87116062,6.134596708
1/31/2017,8.343736329,10.65472426,7.186363262
1/30/2017,7.540334482,-3.362621308,8.343736329
1/29/2017,7.802710073,29.72475946,7.540334482
1/28/2017,6.014819457,2.554162541,7.802710073
1/27/2017,5.86501738,-8.503202213,6.014819457
1/26/2017,6.410079393,-10.93780513,5.86501738
1/25/2017,7.197306784,-17.89831422,6.410079393
1/24/2017,8.766332525,6.073199043,7.197306784
1/23/2017,8.264417972,11.34329703,8.766332525
1/22/2017,7.422465647,8.393692673,8.264417972
1/21/2017,6.84769147,17.05455504,7.422465647
1/20/2017,5.85,-9.020217729,6.84769147
1/19/2017,6.43,-6.404657933,5.85
1/18/2017,6.87,-8.885941645,6.43
1/17/2017,7.54,0.265957447,6.87
1/16/2017,7.52,25.96314908,7.54
1/15/2017,5.97,-2.450980392,7.52
1/14/2017,6.12,16.79389313,5.97
1/13/2017,5.24,-12.08053691,6.12
1/12/2017,5.96,-0.666666667,5.24
1/11/2017,6,-21.875,5.96
1/10/2017,7.68,31.50684932,6
1/9/2017,5.84,6.76416819,7.68
1/8/2017,5.47,-14.93001555,5.84
1/7/2017,6.43,-11.91780822,5.47
1/6/2017,7.3,-1.484480432,6.43
1/5/2017,7.41,0.816326531,7.3
1/4/2017,7.35,-34.43354148,7.41
1/3/2017,11.21,50.87483176,7.35
1/2/2017,7.43,8.309037901,11.21
1/1/2017,6.86,9.06200318,7.43
12/31/2016,6.29,-8.708272859,6.86
12/30/2016,6.89,6.821705426,6.29
12/29/2016,6.45,-6.113537118,6.89
12/28/2016,6.87,-28.66043614,6.45
12/27/2016,9.63,44.37781109,6.87
12/26/2016,6.67,12.66891892,9.63
12/25/2016,5.92,3.496503497,6.67
12/24/2016,5.72,7.317073171,5.92
12/23/2016,5.33,8.99795501,5.72
12/22/2016,4.89,-12.05035971,5.33
12/21/2016,5.56,-9.886547812,4.89
12/20/2016,6.17,-1.437699681,5.56
12/19/2016,6.26,26.97768763,6.17
12/18/2016,4.93,6.25,6.26
12/17/2016,4.64,-6.262626263,4.93
12/16/2016,4.95,-20.16129032,4.64
12/15/2016,6.2,5.084745763,4.95
12/14/2016,5.9,0,6.2
12/13/2016,5.9,10.07462687,5.9
12/12/2016,5.36,4.892367906,5.9
12/11/2016,5.11,-8.586762075,5.36
12/10/2016,5.59,-0.886524823,5.11
12/9/2016,5.64,19.74522293,5.59
12/8/2016,4.71,-13.57798165,5.64
12/7/2016,5.45,-9.917355372,4.71
12/6/2016,6.05,1.340033501,5.45
12/5/2016,5.97,27.8372591,6.05
12/4/2016,4.67,-22.80991736,5.97
12/3/2016,6.05,27.90697674,4.67
12/2/2016,4.73,-4.251012146,6.05
12/1/2016,4.94,-6.616257089,4.73
11/30/2016,5.29,-7.517482517,4.94
11/29/2016,5.72,7.721280603,5.29
11/28/2016,5.31,11.08786611,5.72
11/27/2016,4.78,-1.035196687,5.31
11/26/2016,4.83,-7.115384615,4.78
11/25/2016,5.2,11.82795699,4.83
11/24/2016,4.65,-1.898734177,5.2
11/23/2016,4.74,-5.01002004,4.65
11/22/2016,4.99,-10.41292639,4.74
11/21/2016,5.57,6.297709924,4.99
11/20/2016,5.24,-4.900181488,5.57
11/19/2016,5.51,-2.650176678,5.24
11/18/2016,5.66,9.689922481,5.51
11/17/2016,5.16,-11.34020619,5.66
11/16/2016,5.82,-1.020408163,5.16
11/15/2016,5.88,-11.57894737,5.82
11/14/2016,6.65,12.14165261,5.88
11/13/2016,5.93,3.31010453,6.65
11/12/2016,5.74,11.45631068,5.93
11/11/2016,5.15,-2.646502836,5.74
11/10/2016,5.29,7.520325203,5.15
11/9/2016,4.92,-21.15384615,5.29
11/8/2016,6.24,10.05291005,4.92
11/7/2016,5.67,29.74828375,6.24
11/6/2016,4.37,-14.6484375,5.67
11/5/2016,5.12,6.666666667,4.37
11/4/2016,4.8,-14.13237925,5.12
11/3/2016,5.59,0.17921147,4.8
11/2/2016,5.58,-23.66621067,5.59
11/1/2016,7.31,21.22719735,5.58
10/31/2016,6.03,10.64220183,7.31
10/30/2016,5.45,21.65178571,6.03
10/29/2016,4.48,-19.27927928,5.45
10/28/2016,5.55,9.037328094,4.48
10/27/2016,5.09,-5.565862709,5.55
10/26/2016,5.39,-16.04361371,5.09
10/25/2016,6.42,8.629441624,5.39
10/24/2016,5.91,16.11001965,6.42
10/23/2016,5.09,23.54368932,5.91
10/22/2016,4.12,-19.84435798,5.09
10/21/2016,5.14,0.587084149,4.12
10/20/2016,5.11,16.13636364,5.14
10/19/2016,4.4,-19.56124314,5.11
10/18/2016,5.47,-1.971326165,4.4
10/17/2016,5.58,18.22033898,5.47
10/16/2016,4.72,2.164502165,5.58
10/15/2016,4.62,-9.05511811,4.72
10/14/2016,5.08,14.9321267,4.62
10/13/2016,4.42,-1.559020045,5.08
10/12/2016,4.49,-25.29118136,4.42
10/11/2016,6.01,11.50278293,4.49
10/10/2016,5.39,24.76851852,6.01
10/9/2016,4.32,-7.494646681,5.39
10/8/2016,4.67,-5.846774194,4.32
10/7/2016,4.96,5.084745763,4.67
10/6/2016,4.72,1.724137931,4.96
10/5/2016,4.64,-19.16376307,4.72
10/4/2016,5.74,-1.034482759,4.64
10/3/2016,5.8,29.46428571,5.74
10/2/2016,4.48,-3.239740821,5.8
10/1/2016,4.63,-5.894308943,4.48
9/30/2016,4.92,-8.888888889,4.63
9/29/2016,5.4,3.846153846,4.92
9/28/2016,5.2,-27.97783934,5.4
9/27/2016,7.22,17.39837398,5.2
9/26/2016,6.15,29.20168067,7.22
9/25/2016,4.76,1.061571125,6.15
9/24/2016,4.71,-11.79775281,4.76
9/23/2016,5.34,9.650924025,4.71
9/22/2016,4.87,3.397027601,5.34
9/21/2016,4.71,-21.10552764,4.87
9/20/2016,5.97,1.015228426,4.71
9/19/2016,5.91,13.87283237,5.97
9/18/2016,5.19,-0.192307692,5.91
9/17/2016,5.2,-2.255639098,5.19
9/16/2016,5.32,-2.385321101,5.2
9/15/2016,5.45,-11.09298532,5.32
9/14/2016,6.13,-13.54019746,5.45
9/13/2016,7.09,9.752321981,6.13
9/12/2016,6.46,23.75478927,7.09
9/11/2016,5.22,1.162790698,6.46
9/10/2016,5.16,6.611570248,5.22
9/9/2016,4.84,4.086021505,5.16
9/8/2016,4.65,-4.517453799,4.84
9/7/2016,4.87,-36.4229765,4.65
9/6/2016,7.66,41.06813996,4.87
9/5/2016,5.43,7.524752475,7.66
9/4/2016,5.05,15.29680365,5.43
9/3/2016,4.38,-1.351351351,5.05
9/2/2016,4.44,-8.26446281,4.38
9/1/2016,4.84,-1.425661914,4.44
8/31/2016,4.91,-23.40093604,4.84
8/30/2016,6.41,16.33393829,4.91
8/29/2016,5.51,26.37614679,6.41
8/28/2016,4.36,4.807692308,5.51
8/27/2016,4.16,-13.69294606,4.36
8/26/2016,4.82,3.655913978,4.16
8/25/2016,4.65,-11.42857143,4.82
8/24/2016,5.25,-19.84732824,4.65
8/23/2016,6.55,17.8057554,5.25
8/22/2016,5.56,19.05781585,6.55
8/21/2016,4.67,-2.30125523,5.56
8/20/2016,4.78,23.51421189,4.67
8/19/2016,3.87,-3.25,4.78
8/18/2016,4,-24.09867173,3.87
8/17/2016,5.27,-11.8729097,4
8/16/2016,5.98,5.467372134,5.27
8/15/2016,5.67,16.90721649,5.98
8/14/2016,4.85,6.828193833,5.67
8/13/2016,4.54,-4.016913319,4.85
8/12/2016,4.73,11.82033097,4.54
8/11/2016,4.23,-15.06024096,4.73
8/10/2016,4.98,-15.59322034,4.23
8/9/2016,5.9,-8.242612753,4.98
8/8/2016,6.43,16.48550725,5.9
8/7/2016,5.52,12.19512195,6.43
8/6/2016,4.92,-1.402805611,5.52
8/5/2016,4.99,3.3126294,4.92
8/4/2016,4.83,-9.380863039,4.99
8/3/2016,5.33,-17.74691358,4.83
8/2/2016,6.48,27.30844794,5.33
8/1/2016,5.09,-6.261510129,6.48
7/31/2016,5.43,9.91902834,5.09
7/30/2016,4.94,6.008583691,5.43
7/29/2016,4.66,0.647948164,4.94
7/28/2016,4.63,-0.856531049,4.66
7/27/2016,4.67,-18.92361111,4.63
7/26/2016,5.76,1.587301587,4.67
7/25/2016,5.67,15.47861507,5.76
7/24/2016,4.91,-6.653992395,5.67
7/23/2016,5.26,-7.394366197,4.91
7/22/2016,5.68,12.47524752,5.26
7/21/2016,5.05,-12.17391304,5.68
7/20/2016,5.75,-24.24242424,5.05
7/19/2016,7.59,3.68852459,5.75
7/18/2016,7.32,36.05947955,7.59
7/17/2016,5.38,-2.003642987,7.32
7/16/2016,5.49,8.498023715,5.38
7/15/2016,5.06,-11.07205624,5.49
7/14/2016,5.69,3.64298725,5.06
7/13/2016,5.49,-30.85642317,5.69
7/12/2016,7.94,-28.72531418,5.49
7/11/2016,11.14,-3.633217993,7.94
7/10/2016,11.56,12.45136187,11.14
7/9/2016,10.28,-8.132260947,11.56
7/8/2016,11.19,-2.099737533,10.28
7/7/2016,11.43,-5.693069307,11.19
7/6/2016,12.12,-16.47139904,11.43
7/5/2016,14.51,8.445440957,12.12
7/4/2016,13.38,4.776820673,14.51
7/3/2016,12.77,14.94149415,13.38
7/2/2016,11.11,4.811320755,12.77
7/1/2016,10.6,-7.986111111,11.11
6/30/2016,11.52,3.225806452,10.6
6/29/2016,11.16,-11.9873817,11.52
6/28/2016,12.68,-4.446119066,11.16
6/27/2016,13.27,44.55337691,12.68
6/26/2016,9.18,-0.970873786,13.27
6/25/2016,9.27,12.09189843,9.18
6/24/2016,8.27,-19.63070943,9.27
6/23/2016,10.29,-17.41573034,8.27
6/22/2016,12.46,-20.88888889,10.29
6/21/2016,15.75,21.34052388,12.46
6/20/2016,12.98,16.20411817,15.75
6/19/2016,11.17,2.383134739,12.98
6/18/2016,10.91,4.702495202,11.17
6/17/2016,10.42,11.08742004,10.91
6/16/2016,9.38,-17.51322131,10.42
6/15/2016,11.37151935,-2.875211233,9.38
6/14/2016,11.70815349,5.541121426,11.37151935
6/13/2016,11.09345186,19.68762229,11.70815349
6/12/2016,9.268670933,-9.130223567,11.09345186
6/11/2016,10.19994909,11.02459892,9.268670933
6/10/2016,9.187107351,5.261926259,10.19994909
6/9/2016,8.727854104,-23.23439998,9.187107351
6/8/2016,11.36948594,-12.63191888,8.727854104
6/7/2016,13.01331768,47.63368872,11.36948594
6/6/2016,8.814599018,1.027878765,13.01331768
6/5/2016,8.724917444,6.426024019,8.814599018
6/4/2016,8.198105233,-2.588639498,8.724917444
6/3/2016,8.415964206,5.677667096,8.198105233
6/2/2016,7.963805823,-12.97002997,8.415964206
6/1/2016,9.150647553,-14.2209082,7.963805823
5/31/2016,10.66768995,16.72021123,9.150647553
5/30/2016,9.139539618,17.99647171,10.66768995
5/29/2016,7.745604157,8.216131058,9.139539618
5/28/2016,7.157531951,12.01621163,7.745604157
5/27/2016,6.389728636,-5.288770466,7.157531951
5/26/2016,6.74653752,-25.78925214,6.389728636
5/25/2016,9.091051787,-17.59371416,6.74653752
5/24/2016,11.03198827,32.8477461,9.091051787
5/23/2016,8.304234429,4.34793491,11.03198827
5/22/2016,7.958216361,28.13373613,8.304234429
5/21/2016,6.210867334,-17.51817154,7.958216361
5/20/2016,7.529982603,10.71813455,6.210867334
5/19/2016,6.80103818,-0.001790929,7.529982603
5/18/2016,6.801159984,-15.39937544,6.80103818
5/17/2016,8.03913685,2.183606495,6.801159984
5/16/2016,7.867344993,3.909770841,8.03913685
5/15/2016,7.571323591,7.994403037,7.867344993
5/14/2016,7.010848135,7.740303969,7.571323591
5/13/2016,6.507173153,-11.1273215,7.010848135
5/12/2016,7.32190507,-17.73453931,6.507173153
5/11/2016,8.90033923,-12.20989718,7.32190507
5/10/2016,10.13820345,17.82272973,8.90033923
5/9/2016,8.604624482,6.341058335,10.13820345
5/8/2016,8.091535496,5.003700106,8.604624482
5/7/2016,7.705952731,-5.23110114,8.091535496
5/6/2016,8.131309769,11.21566745,7.705952731
5/5/2016,7.311298808,-7.159930079,8.131309769
5/4/2016,7.875154353,-14.66932069,7.311298808
5/3/2016,9.228983547,20.621766,7.875154353
5/2/2016,7.651175947,9.816777204,9.228983547
5/1/2016,6.967219528,11.27739243,7.651175947
4/30/2016,6.261127598,2.455725797,6.967219528
4/29/2016,6.1110568,-20.38650727,6.261127598
4/28/2016,7.675905918,11.86737193,6.1110568
4/27/2016,6.861612806,-17.93014285,7.675905918
4/26/2016,8.360697878,-5.55436826,6.861612806
4/25/2016,8.852392349,15.42826303,8.360697878
4/24/2016,7.669172278,-5.219764039,8.852392349
4/23/2016,8.091531109,-4.864284908,7.669172278
4/22/2016,8.505250737,18.92555481,8.091531109
4/21/2016,7.151743585,-0.539838095,8.505250737
4/20/2016,7.190560973,-16.16881975,7.151743585
4/19/2016,8.577430201,6.546933871,7.190560973
4/18/2016,8.050377321,10.8565108,8.577430201
4/17/2016,7.261979709,-5.386526228,8.050377321
4/16/2016,7.67541812,1.405844512,7.261979709
4/15/2016,7.569009613,10.88017113,7.67541812
4/14/2016,6.826296836,-7.687283429,7.569009613
4/13/2016,7.394752413,-27.30831199,6.826296836
4/12/2016,10.172762,23.64186028,7.394752413
4/11/2016,8.227603479,17.66807122,10.172762
4/10/2016,6.99221411,-1.340375552,8.227603479
4/9/2016,7.087209331,-6.125978104,6.99221411
4/8/2016,7.54970245,2.773015165,7.087209331
4/7/2016,7.345996843,-14.94833356,7.54970245
4/6/2016,8.637099249,-1.828970535,7.345996843
4/5/2016,8.798012302,8.733391853,8.637099249
4/4/2016,8.091361956,14.14066247,8.798012302
4/3/2016,7.088939017,12.11968042,8.091361956
4/2/2016,6.322653606,-20.85728381,7.088939017
4/1/2016,7.988926727,-13.92835886,6.322653606
3/31/2016,9.281717672,10.76193464,7.988926727
3/30/2016,8.379880419,-17.8162291,9.281717672
3/29/2016,10.19651487,7.395263584,8.379880419
3/28/2016,9.494380411,8.203852866,10.19651487
3/27/2016,8.774530813,7.739406307,9.494380411
3/26/2016,8.144216786,-3.952138172,8.774530813
3/25/2016,8.47933169,14.04174573,8.144216786
3/24/2016,7.435287522,7.513319782,8.47933169
3/23/2016,6.915689644,-22.18286129,7.435287522
3/22/2016,8.887103482,21.25051561,6.915689644
3/21/2016,7.329538713,4.507631485,8.887103482
3/20/2016,7.013400466,1.355783831,7.329538713
3/19/2016,6.91958584,-16.41463172,7.013400466
3/18/2016,8.278465456,2.690629145,6.91958584
3/17/2016,8.061558806,0,8.278465456
3/16/2016,8.061558806,-4.39731871,8.061558806
3/15/2016,8.432356391,-12.67785517,8.061558806
3/14/2016,9.656607047,7.984091802,8.432356391
3/13/2016,8.942620052,1.782142926,9.656607047
3/12/2016,8.786040257,-4.4656409,8.942620052
3/11/2016,9.196733343,27.46306788,8.786040257
3/10/2016,7.215214176,-17.97484425,9.196733343
3/9/2016,8.796343159,4.931853236,7.215214176
3/8/2016,8.382910325,23.27486496,8.796343159
3/7/2016,6.800178064,-10.09399201,8.382910325
3/6/2016,7.563652548,16.89536458,6.800178064
3/5/2016,6.470446946,3.947079776,7.563652548
3/4/2016,6.224751056,15.40484235,6.470446946
3/3/2016,5.393838707,-4.153827221,6.224751056
3/2/2016,5.627599466,-22.55992092,5.393838707
3/1/2016,7.267037344,-7.374236081,5.627599466
2/29/2016,7.845589646,2.305699684,7.267037344
2/28/2016,7.668770821,8.386540008,7.845589646
2/27/2016,7.075390377,20.69538182,7.668770821
2/26/2016,5.862188155,1.267741701,7.075390377
2/25/2016,5.78880111,-9.813750752,5.862188155
2/24/2016,6.418718106,-3.123736765,5.78880111
2/23/2016,6.625687131,-14.94993495,6.418718106
2/22/2016,7.790337523,14.08938657,6.625687131
2/21/2016,6.828275405,-23.65490141,7.790337523
2/20/2016,8.943960426,37.28228729,6.828275405
2/19/2016,6.515014138,-6.936545158,8.943960426
2/18/2016,7.000614956,-3.583770911,6.515014138
2/17/2016,7.260826338,-24.80963797,7.000614956
2/16/2016,9.656591805,22.64589589,7.260826338
2/15/2016,7.873554786,4.337246326,9.656591805
2/14/2016,7.546255113,-5.944358377,7.873554786
2/13/2016,8.023181792,16.01403407,7.546255113
2/12/2016,6.915699343,0.390560269,8.023181792
2/11/2016,6.888794449,-0.539489362,6.915699343
2/10/2016,6.926160347,-14.31400735,6.888794449
2/9/2016,8.083188551,4.699373298,6.926160347
2/8/2016,7.720379116,-5.022305936,8.083188551
2/7/2016,8.128623454,-9.033739198,7.720379116
2/6/2016,8.935866312,10.35811324,8.128623454
2/5/2016,8.097153938,20.99551216,8.935866312
2/4/2016,6.692110966,-10.3699485,8.097153938
2/3/2016,7.466369654,-25.85869616,6.692110966
2/2/2016,10.07045907,25.128101,7.466369654
2/1/2016,8.048119476,10.57541206,10.07045907
1/31/2016,7.278398811,17.46431812,8.048119476
1/30/2016,6.19626362,-8.745315482,7.278398811
1/29/2016,6.790077302,-1.882577018,6.19626362
1/28/2016,6.920358378,-13.82595922,6.790077302
1/27/2016,8.030676426,-8.271382821,6.920358378
1/26/2016,8.754821203,0.255997691,8.030676426
1/25/2016,8.732466291,22.61479778,8.754821203
1/24/2016,7.121869831,8.127802903,8.732466291
1/23/2016,6.58652968,-14.44555307,7.121869831
1/22/2016,7.698640943,11.09840779,6.58652968
1/21/2016,6.929569106,-12.8081989,7.698640943
1/20/2016,7.947500818,13.24805134,6.929569106
1/19/2016,7.017781519,2.721846938,7.947500818
1/18/2016,6.831829575,3.831689779,7.017781519
1/17/2016,6.579715297,-16.15164323,6.831829575
1/16/2016,7.847160696,-9.288407603,6.579715297
1/15/2016,8.650670205,-14.10177169,7.847160696
1/14/2016,10.07083659,-5.458448411,8.650670205
1/13/2016,10.65228613,-8.104792088,10.07083659
1/12/2016,11.59177543,14.71763548,10.65228613
1/11/2016,10.10461502,-2.615310319,11.59177543
1/10/2016,10.37597907,11.93756173,10.10461502
1/9/2016,9.269434597,11.34695998,10.37597907
1/8/2016,8.324820541,-12.25331544,9.269434597
1/7/2016,9.487333433,-15.33434573,8.324820541
1/6/2016,11.20564592,-1.490560785,9.487333433
1/5/2016,11.37520019,8.455458805,11.20564592
1/4/2016,10.48836114,-11.63511831,11.37520019
1/3/2016,11.86937722,25.10431415,10.48836114
1/2/2016,9.487584261,-7.465458978,11.86937722
1/1/2016,10.2530192,16.07869585,9.487584261
12/31/2015,8.832817365,-14.2852834,10.2530192
12/30/2015,10.30490179,-21.3372052,8.832817365
12/29/2015,13.1000962,14.49871244,10.30490179
12/28/2015,11.44126071,36.98571356,13.1000962
12/27/2015,8.352156156,11.02298621,11.44126071
12/26/2015,7.522907139,-9.426223202,8.352156156
12/25/2015,8.305833548,19.30504242,7.522907139
12/24/2015,6.961846188,-9.389357281,8.305833548
12/23/2015,7.683254394,-20.5658545,6.961846188
12/22/2015,9.672483219,16.37434254,7.683254394
12/21/2015,8.311525555,-3.826578268,9.672483219
12/20/2015,8.642227141,4.33383016,8.311525555
12/19/2015,8.283245355,-4.311304444,8.642227141
12/18/2015,8.656451326,-11.80292403,8.283245355
12/17/2015,9.81489605,9.907453855,8.656451326
12/16/2015,8.93014596,0.81158285,9.81489605
12/15/2015,8.858253891,4.278979174,8.93014596
12/14/2015,8.494764679,-8.516602154,8.858253891
12/13/2015,9.28558064,-4.276984814,8.494764679
12/12/2015,9.700468191,16.83909105,9.28558064
12/11/2015,8.302416687,0.767310099,9.700468191
12/10/2015,8.2391965,1.644835485,8.302416687
12/9/2015,8.105868302,-13.71473681,8.2391965
12/8/2015,9.394267342,0,8.105868302
12/7/2015,9.394267342,17.66290006,9.394267342
12/6/2015,7.984052184,3.313978609,9.394267342
12/5/2015,7.727949588,2.406640346,7.984052184
12/4/2015,7.546336411,-19.85098626,7.727949588
12/3/2015,9.415382747,15.06559109,7.546336411
12/2/2015,8.182622326,-25.50516301,9.415382747
12/1/2015,10.9841469,44.81746268,8.182622326
11/30/2015,7.584822088,-11.82530053,10.9841469
11/29/2015,8.602039059,-0.174576953,7.584822088
11/28/2015,8.617082499,4.320496198,8.602039059
11/27/2015,8.260200836,0.9452256,8.617082499
11/26/2015,8.182854401,-10.59629685,8.260200836
11/25/2015,9.15270186,-17.79871125,8.182854401
11/24/2015,11.13449923,21.40576142,9.15270186
11/23/2015,9.171310402,10.93561226,11.13449923
11/22/2015,8.267237378,10.18064424,9.171310402
11/21/2015,7.503348193,7.202872128,8.267237378
11/20/2015,6.999204446,-18.61085489,7.503348193
11/19/2015,8.599678049,-10.92395808,6.999204446
11/18/2015,9.654310927,13.71848706,8.599678049
11/17/2015,8.489658258,4.365518082,9.654310927
11/16/2015,8.134543299,-8.494473918,8.489658258
11/15/2015,8.88967437,12.49983109,8.134543299
11/14/2015,7.901944637,-2.036467203,8.88967437
11/13/2015,8.066210366,-2.446364303,7.901944637
11/12/2015,8.268487697,-9.931787257,8.066210366
11/11/2015,9.180250663,-7.96473295,8.268487697
11/10/2015,9.974709649,1.436751101,9.180250663
11/9/2015,9.833427767,21.00283373,9.974709649
11/8/2015,8.126609488,2.299100265,9.833427767
11/7/2015,7.943969661,-2.131925413,8.126609488
11/6/2015,8.11701844,-11.27258226,7.943969661
11/5/2015,9.148264027,17.29437002,8.11701844
11/4/2015,7.79940591,-1.994320896,9.148264027
11/3/2015,7.958116286,3.833806658,7.79940591
11/2/2015,7.664282513,-7.089029361,7.958116286
11/1/2015,8.249060859,17.92307605,7.664282513
10/31/2015,6.995289756,5.648745397,8.249060859
10/30/2015,6.621271015,-20.06724091,6.995289756
10/29/2015,8.283551187,-4.208207597,6.621271015
10/28/2015,8.647454003,-3.613368997,8.283551187
10/27/2015,8.971632179,28.85887989,8.647454003
10/26/2015,6.962370142,-5.374409811,8.971632179
10/25/2015,7.357808948,1.816014762,6.962370142
10/24/2015,7.22657331,18.31527666,7.357808948
10/23/2015,6.107895374,-2.436378028,7.22657331
10/22/2015,6.260422943,-22.48731586,6.107895374
10/21/2015,8.076643213,3.374902587,6.260422943
10/20/2015,7.812963312,0,8.076643213
10/19/2015,7.812963312,22.46669276,7.812963312
10/18/2015,6.379663838,-10.31677773,7.812963312
10/17/2015,7.113553324,6.986513221,6.379663838
10/16/2015,6.64901875,-6.992196092,7.113553324
10/15/2015,7.148882643,13.51967253,6.64901875
10/14/2015,6.297483496,-8.005363596,7.148882643
10/13/2015,6.845489849,-22.48381882,6.297483496
10/12/2015,8.831046299,23.23056407,6.845489849
10/11/2015,7.166279214,4.487396154,8.831046299
10/10/2015,6.85851067,13.73904054,7.166279214
10/9/2015,6.030040906,0.862244087,6.85851067
10/8/2015,5.978491714,-7.950595469,6.030040906
10/7/2015,6.494872775,-14.26895072,5.978491714
10/6/2015,7.57586992,-15.87813275,6.494872775
10/5/2015,9.005827103,30.84545366,7.57586992
10/4/2015,6.88279711,24.95897227,9.005827103
10/3/2015,5.508045549,-19.2601933,6.88279711
10/2/2015,6.821970195,3.84783687,5.508045549
10/1/2015,6.569198166,-11.40323972,6.821970195
9/30/2015,7.414716007,16.04528388,6.569198166
9/29/2015,6.389502235,-18.69751687,7.414716007
9/28/2015,7.858926307,6.882253816,6.389502235
9/27/2015,7.352882285,7.533718777,7.858926307
9/26/2015,6.83774575,6.255272816,7.352882285
9/25/2015,6.435206055,-4.677721164,6.83774575
9/24/2015,6.750998962,11.68994293,6.435206055
9/23/2015,6.04441079,-7.897168564,6.750998962
9/22/2015,6.562676409,1.039984329,6.04441079
9/21/2015,6.495128094,44.79119276,6.562676409
9/20/2015,4.485858546,30.29241994,6.495128094
9/19/2015,3.44291598,-31.91776609,4.485858546
9/18/2015,5.056996197,-11.07022103,3.44291598
9/17/2015,5.686504853,0.567272659,5.056996197
9/16/2015,5.654428824,-2.774612268,5.686504853
9/15/2015,5.815794574,10.49366042,5.654428824
9/14/2015,5.263464484,-16.70099758,5.815794574
9/13/2015,6.318760527,-23.88978335,5.263464484
9/12/2015,8.302118697,25.25279107,6.318760527
9/11/2015,6.628290377,-1.334901125,8.302118697
9/10/2015,6.717968616,-3.239380187,6.628290377
9/9/2015,6.942874724,-23.25319167,6.717968616
9/8/2015,9.046467046,39.1587828,6.942874724
9/7/2015,6.500823637,-29.67004591,9.046467046
9/6/2015,9.243321315,46.5860194,6.500823637
9/5/2015,6.305731851,-3.30608463,9.243321315
9/4/2015,6.521332627,5.183390841,6.305731851
9/3/2015,6.199964248,-20.81246409,6.521332627
9/2/2015,7.829469848,-11.74209165,6.199964248
9/1/2015,8.871125539,6.56896927,7.829469848
8/31/2015,8.324304532,15.38870312,8.871125539
8/30/2015,7.214141686,-1.905895337,8.324304532
8/29/2015,7.354307081,3.456664353,7.214141686
8/28/2015,7.108587086,15.22714603,7.354307081
8/27/2015,6.169194787,-14.26561513,7.108587086
8/26/2015,7.195706595,-14.33958816,6.169194787
8/25/2015,8.400270838,4.132050556,7.195706595
8/24/2015,8.066940767,3.711738441,8.400270838
8/23/2015,7.778233099,-0.091789451,8.066940767
8/22/2015,7.785379256,7.223608067,7.778233099
8/21/2015,7.260881625,-5.882197444,7.785379256
8/20/2015,7.714673981,-10.44287802,7.260881625
8/19/2015,8.614249554,-21.55881643,7.714673981
8/18/2015,10.98179446,0,8.614249554
8/17/2015,10.98179446,30.21517891,10.98179446
8/16/2015,8.43357476,1.093447992,10.98179446
8/15/2015,8.342355442,-1.021320838,8.43357476
8/14/2015,8.428436824,17.480246,8.342355442
8/13/2015,7.174343867,-25.77428856,8.428436824
8/12/2015,9.665577773,-7.944428451,7.174343867
8/11/2015,10.49972056,3.094454483,9.665577773
8/10/2015,10.18456387,-0.192727486,10.49972056
8/9/2015,10.20423022,27.21193165,10.18456387
8/8/2015,8.021441143,8.49823391,10.20423022
8/7/2015,7.393153652,6.981977634,8.021441143
8/6/2015,6.910653379,-11.44309535,7.393153652
8/5/2015,7.803630226,-12.04992375,6.910653379
8/4/2015,8.872795294,-20.75237132,7.803630226
8/3/2015,11.19629122,57.39065345,8.872795294
8/2/2015,7.113695113,-4.919512554,11.19629122
8/1/2015,7.481761299,0.564910992,7.113695113
7/31/2015,7.439733427,-7.348017672,7.481761299
7/30/2015,8.029761739,-10.72681938,7.439733427
7/29/2015,8.994595782,-11.83706199,8.029761739
7/28/2015,10.20224142,-9.80796129,8.994595782
7/27/2015,11.31168734,8.621599863,10.20224142
7/26/2015,10.41384711,-5.710689874,11.31168734
7/25/2015,11.04456815,18.76291278,10.41384711
7/24/2015,9.299677726,33.45112534,11.04456815
7/23/2015,6.968601952,-12.65087011,9.299677726
7/22/2015,7.977872202,-11.29007578,6.968601952
7/21/2015,8.993212736,22.06488675,7.977872202
7/20/2015,7.367567345,-20.97732352,8.993212736
7/19/2015,9.323358399,9.248039029,7.367567345
7/18/2015,8.53411968,2.77829512,9.323358399
7/17/2015,8.303426001,-9.967433697,8.53411968
7/16/2015,9.222691679,7.612374064,8.303426001
7/15/2015,8.570289206,42.63722957,9.222691679
7/14/2015,6.008451813,13.7928167,8.570289206
7/13/2015,5.280167929,-15.64928496,6.008451813
7/12/2015,6.259778505,18.80441996,5.280167929
7/11/2015,5.268977794,4.353362998,6.259778505
7/10/2015,5.049169133,-3.783926477,5.268977794
7/9/2015,5.247739747,5.897077056,5.049169133
7/8/2015,4.955509531,-35.71670666,5.247739747
7/7/2015,7.70886069,-20.55424567,4.955509531
7/6/2015,9.703301021,10.43907537,7.70886069
7/5/2015,8.786112151,17.32283635,9.703301021
7/4/2015,7.488833738,13.0471958,8.786112151
7/3/2015,6.624519684,6.284661322,7.488833738
7/2/2015,6.232808762,-1.78989681,6.624519684
7/1/2015,6.346402824,-14.91509734,6.232808762
6/30/2015,7.458905899,-20.6186787,6.346402824
6/29/2015,9.396298495,27.9709835,7.458905899
6/28/2015,7.342522686,-5.314233965,9.396298495
6/27/2015,7.754621411,-9.54425005,7.342522686
6/26/2015,8.572834138,7.571765079,7.754621411
6/25/2015,7.969409195,16.98691292,8.572834138
6/24/2015,6.812222835,-16.96935165,7.969409195
6/23/2015,8.204467832,0.752198454,6.812222835
6/22/2015,8.143214697,13.5634457,8.204467832
6/21/2015,7.170630168,-9.978513649,8.143214697
6/20/2015,7.9654652,1.178106641,7.170630168
6/19/2015,7.872716207,17.86465292,7.9654652
6/18/2015,6.679454792,9.190643829,7.872716207
6/17/2015,6.117240963,-16.04648443,6.679454792
6/16/2015,7.286461944,-13.29349931,6.117240963
6/15/2015,8.403593601,3.805159493,7.286461944
6/14/2015,8.095545194,28.75687148,8.403593601
6/13/2015,6.287466526,-11.73749622,8.095545194
6/12/2015,7.123598648,4.716620045,6.287466526
6/11/2015,6.802739283,-15.92214429,7.123598648
6/10/2015,8.090999974,-5.732311854,6.802739283
6/9/2015,8.583004562,-18.57528554,8.090999974
6/8/2015,10.54103121,18.55672509,8.583004562
6/7/2015,8.891128866,22.02349233,10.54103121
6/6/2015,7.286407475,12.21051053,8.891128866
6/5/2015,6.493516018,0.880103142,7.286407475
6/4/2015,6.436864967,4.164061668,6.493516018
6/3/2015,6.179544906,-6.34609698,6.436864967
6/2/2015,6.598278029,-25.92291107,6.179544906
6/1/2015,8.907312807,64.27857219,6.598278029
5/31/2015,5.422078295,-28.18687586,8.907312807
5/30/2015,7.550260987,5.706084787,5.422078295
5/29/2015,7.142692875,-9.377660667,7.550260987
5/28/2015,7.881823541,5.35019522,7.142692875
5/27/2015,7.481546213,-7.328480519,7.881823541
5/26/2015,8.073188241,-16.47237992,7.481546213
5/25/2015,9.665291831,24.50706307,8.073188241
5/24/2015,7.762846214,-8.923676017,9.665291831
5/23/2015,8.523451402,-5.958334724,7.762846214
5/22/2015,9.063484124,16.69568098,8.523451402
5/21/2015,7.766769128,4.387542163,9.063484124
5/20/2015,7.440321869,-10.40795338,7.766769128
5/19/2015,8.304667824,-30.49948656,7.440321869
5/18/2015,11.94907406,46.20202985,8.304667824
5/17/2015,8.172987799,-10.36387733,11.94907406
5/16/2015,9.117962218,10.21385606,8.172987799
5/15/2015,8.272972695,-8.927914012,9.117962218
5/14/2015,9.083982875,8.518955418,8.272972695
5/13/2015,8.37087202,-5.648467016,9.083982875
5/12/2015,8.872004254,3.025873969,8.37087202
5/11/2015,8.61143314,11.44734458,8.872004254
5/10/2015,7.726907422,-7.898551149,8.61143314
5/9/2015,8.389561205,0.633538062,7.726907422
5/8/2015,8.336744754,11.74710301,8.389561205
5/7/2015,7.460367678,-6.110911942,8.336744754
5/6/2015,7.945936884,-4.41695449,7.460367678
5/5/2015,8.313123778,-14.10076348,7.945936884
5/4/2015,9.677762126,8.033471765,8.313123778
5/3/2015,8.958114525,9.445499188,9.677762126
5/2/2015,8.18500038,18.85176237,8.958114525
5/1/2015,6.886730341,10.11152554,8.18500038
4/30/2015,6.254322885,-19.84335462,6.886730341
4/29/2015,7.80262554,10.6567056,6.254322885
4/28/2015,7.051199923,-19.02451474,7.80262554
4/27/2015,8.707820522,-2.778223038,7.051199923
4/26/2015,8.956656414,42.18823909,8.707820522
4/25/2015,6.299154186,-17.18458484,8.956656414
4/24/2015,7.606258054,1.433380798,6.299154186
4/23/2015,7.498772095,-4.699590005,7.606258054
4/22/2015,7.868562261,-3.173645088,7.498772095
4/21/2015,8.126467497,-8.925048147,7.868562261
4/20/2015,8.922834799,20.8189066,8.126467497
4/19/2015,7.385296764,0.653575016,8.922834799
4/18/2015,7.337341731,-4.032951791,7.385296764
4/17/2015,7.645688669,19.1750193,7.337341731
4/16/2015,6.415512844,-15.09549666,7.645688669
4/15/2015,7.556151431,-0.559729916,6.415512844
4/14/2015,7.598683536,-16.4416029,7.556151431
4/13/2015,9.093859862,15.47458778,7.598683536
4/12/2015,7.875204439,6.505863372,9.093859862
4/11/2015,7.394151072,-0.969567762,7.875204439
4/10/2015,7.466544279,9.728717327,7.394151072
4/9/2015,6.804548946,-25.39840321,7.466544279
4/8/2015,9.121184048,11.57818306,6.804548946
4/7/2015,8.174702077,-21.0570999,9.121184048
4/6/2015,10.35520872,-0.59719745,8.174702077
4/5/2015,10.4174213,12.14129076,10.35520872
4/4/2015,9.289550019,15.33822561,10.4174213
4/3/2015,8.054181491,17.74058506,9.289550019
4/2/2015,6.840616162,-20.69873614,8.054181491
4/1/2015,8.626112409,0.795092289,6.840616162
3/31/2015,8.558067871,-19.01749261,8.626112409
3/30/2015,10.56779809,0.575309313,8.558067871
3/29/2015,10.50734834,4.111867277,10.56779809
3/28/2015,10.09236374,5.396631821,10.50734834
3/27/2015,9.575603663,-12.10064761,10.09236374
3/26/2015,10.89382732,1.153232978,9.575603663
3/25/2015,10.76962841,12.75568904,10.89382732
3/24/2015,9.551294931,-7.341434654,10.76962841
3/23/2015,10.30805398,11.90624022,9.551294931
3/22/2015,9.211330805,3.241398948,10.30805398
3/21/2015,8.922129009,-2.365190817,9.211330805
3/20/2015,9.138266448,-0.000491958,8.922129009
3/19/2015,9.138311405,-7.528818858,9.138266448
3/18/2015,9.882334465,1.016896914,9.138311405
3/17/2015,9.782852936,-20.93425029,9.882334465
3/16/2015,12.37306036,15.02439343,9.782852936
3/15/2015,10.7569012,3.056565088,12.37306036
3/14/2015,10.43786118,2.649957477,10.7569012
3/13/2015,10.16840283,-14.38100762,10.43786118
3/12/2015,11.87634022,19.68903708,10.16840283
3/11/2015,9.922663356,0.453678851,11.87634022
3/10/2015,9.877849641,-20.24558595,9.922663356
3/9/2015,12.38533285,19.64150336,9.877849641
3/8/2015,10.35203713,-7.587334424,12.38533285
3/7/2015,11.20196789,42.25605641,10.35203713
3/6/2015,7.874510356,-25.60059757,11.20196789
3/5/2015,10.58410431,8.368299591,7.874510356
3/4/2015,9.766790053,1.191341052,10.58410431
3/3/2015,9.651804148,-10.58936699,9.766790053
3/2/2015,10.79491759,13.67900372,9.651804148
3/1/2015,9.495964281,-2.485039888,10.79491759
2/28/2015,9.737956381,14.9823672,9.495964281
2/27/2015,8.469086711,-4.993855608,9.737956381
2/26/2015,8.914251563,11.96372434,8.469086711
2/25/2015,7.961731905,-5.31666743,8.914251563
2/24/2015,8.408799827,-19.05937893,7.961731905
2/23/2015,10.38885014,12.97681809,8.408799827
2/22/2015,9.195559158,-12.29332258,10.38885014
2/21/2015,10.48444592,1.298186942,9.195559158
2/20/2015,10.3500825,14.04590736,10.48444592
2/19/2015,9.075365119,-5.438015204,10.3500825
2/18/2015,9.597265898,6.050884759,9.075365119
2/17/2015,9.049680179,-5.862360627,9.597265898
2/16/2015,9.613243161,3.76857132,9.049680179
2/15/2015,9.264118257,17.96140828,9.613243161
2/14/2015,7.853516156,-2.630007025,9.264118257
2/13/2015,8.065643137,-4.725313224,7.853516156
2/12/2015,8.465672688,5.785888755,8.065643137
2/11/2015,8.002648357,-10.47320908,8.465672688
2/10/2015,8.938830795,3.027321216,8.002648357
2/9/2015,8.676175105,-22.96273636,8.938830795
2/8/2015,11.26230956,-2.818493715,8.676175105
2/7/2015,11.58894319,30.18132673,11.26230956
2/6/2015,8.902154774,-11.46837882,11.58894319
2/5/2015,10.05533916,17.33046177,8.902154774
2/4/2015,8.570101071,-13.24633367,10.05533916
2/3/2015,9.87866154,-16.81755536,8.570101071
2/2/2015,11.87589711,11.4135286,9.87866154
2/1/2015,10.65929538,14.75675412,11.87589711
1/31/2015,9.288599583,-17.25051798,10.65929538
1/30/2015,11.22496402,1.49006964,9.288599583
1/29/2015,11.06015993,13.17664193,11.22496402
1/28/2015,9.772475791,18.92997479,11.06015993
1/27/2015,8.216999801,-13.39023071,9.772475791
1/26/2015,9.487382161,14.45309235,8.216999801
1/25/2015,8.289319201,-0.338125383,9.487382161
1/24/2015,8.317442586,-10.24617531,8.289319201
1/23/2015,9.266950589,25.56755023,8.317442586
1/22/2015,7.380052069,13.68661649,9.266950589
1/21/2015,6.491575083,-26.06712744,7.380052069
1/20/2015,8.780363671,-3.152050766,6.491575083
1/19/2015,9.066132779,20.22001056,8.780363671
1/18/2015,7.541284297,10.49619497,9.066132779
1/17/2015,6.824926686,3.784468513,7.541284297
1/16/2015,6.576057848,2.711489154,6.824926686
1/15/2015,6.402455949,4.119461551,6.576057848
1/14/2015,6.149144313,-45.88274583,6.402455949
1/13/2015,11.36263177,6.299575552,6.149144313
1/12/2015,10.68925413,15.02038021,11.36263177
1/11/2015,9.293356627,-7.432336914,10.68925413
1/10/2015,10.03952819,6.087259421,9.293356627
1/9/2015,9.463462664,-14.44786605,10.03952819
1/8/2015,11.06163251,-11.52818288,9.463462664
1/7/2015,12.50300138,0.446027252,11.06163251
1/6/2015,12.44748221,-5.722101266,12.50300138
1/5/2015,13.2029695,-12.00843404,12.44748221
1/4/2015,15.00481251,-14.50618851,13.2029695
1/3/2015,17.55075865,-21.16548519,15.00481251
1/2/2015,22.26278514,51.15975467,17.55075865
1/1/2015,14.72798443,9.475340716,22.26278514
12/31/2014,13.45324375,-19.4575293,14.72798443
12/30/2014,16.70329161,-6.049265832,13.45324375
12/29/2014,17.7787771,10.82205641,16.70329161
12/28/2014,16.04263418,-3.044283379,17.7787771
12/27/2014,16.54635202,-13.49125644,16.04263418
12/26/2014,19.1267973,38.01050026,16.54635202
12/25/2014,13.85894353,0.97132343,19.1267973
12/24/2014,13.72562333,14.00965277,13.85894353
12/23/2014,12.03900108,-18.13862965,13.72562333
12/22/2014,14.70657165,16.80098167,12.03900108
12/21/2014,12.59113703,17.18123107,14.70657165
12/20/2014,10.74501173,-0.027674255,12.59113703
12/19/2014,10.74798616,-0.718863349,10.74501173
12/18/2014,10.82580893,-4.879283318,10.74798616
12/17/2014,11.38112633,-19.41134867,10.82580893
12/16/2014,14.12249261,-10.71849168,11.38112633
12/15/2014,15.81793686,0.147663218,14.12249261
12/14/2014,15.79461402,0.059796191,15.81793686
12/13/2014,15.78517509,4.608790612,15.79461402
12/12/2014,15.08972142,-5.170935628,15.78517509
12/11/2014,15.91254909,16.64229106,15.08972142
12/10/2014,13.64217811,-16.51019323,15.91254909
12/9/2014,16.33993254,9.939201728,13.64217811
12/8/2014,14.86269892,-8.605129446,16.33993254
12/7/2014,16.26207119,7.351712398,14.86269892
12/6/2014,15.14840409,10.65038631,16.26207119
12/5/2014,13.69033096,15.91569059,15.14840409
12/4/2014,11.81059345,-12.55188324,13.69033096
12/3/2014,13.50582938,-6.129082516,11.81059345
12/2/2014,14.387661,-20.80609751,13.50582938
12/1/2014,18.16763733,3.615537461,14.387661
11/30/2014,17.53369985,3.151878468,18.16763733
11/29/2014,16.99794527,15.19427684,17.53369985
11/28/2014,14.7558939,-0.331343768,16.99794527
11/27/2014,14.80494918,0.177625005,14.7558939
11/26/2014,14.77869851,-17.03041928,14.80494918
11/25/2014,17.81218898,4.137941773,14.77869851
11/24/2014,17.10441812,-6.588468322,17.81218898
11/23/2014,18.31082074,42.68708815,17.10441812
11/22/2014,12.83285053,-11.74364828,18.31082074
11/21/2014,14.54042715,-1.457137331,12.83285053
11/20/2014,14.75543409,-9.663303607,14.54042715
11/19/2014,16.33382078,-3.592936568,14.75543409
11/18/2014,16.94255607,-10.92641813,16.33382078
11/17/2014,19.02085413,1.422993185,16.94255607
11/16/2014,18.75398618,14.42829225,19.02085413
11/15/2014,16.38929133,10.12080463,18.75398618
11/14/2014,14.88301088,-10.35018477,16.38929133
11/13/2014,16.60127334,12.26551128,14.88301088
11/12/2014,14.78750968,-15.77596291,16.60127334
11/11/2014,17.55735083,1.954976264,14.78750968
11/10/2014,17.22069042,-3.302488188,17.55735083
11/9/2014,17.80882475,28.91924592,17.22069042
11/8/2014,13.81393804,-1.415104514,17.80882475
11/7/2014,14.01222568,-8.877019773,13.81393804
11/6/2014,15.37726888,2.725646025,14.01222568
11/5/2014,14.96925984,-0.094098833,15.37726888
11/4/2014,14.98335901,-15.35203963,14.96925984
11/3/2014,17.70079154,0.437088399,14.98335901
11/2/2014,17.62376013,-3.417379812,17.70079154
11/1/2014,18.24734108,16.47655838,17.62376013
10/31/2014,15.66610598,13.93633608,18.24734108
10/30/2014,13.74987692,-8.789808127,15.66610598
10/29/2014,15.07493476,-9.32343693,13.74987692
10/28/2014,16.62495164,1.205867991,15.07493476
10/27/2014,16.42686533,-9.268123178,16.62495164
10/26/2014,18.10484464,0.870034501,16.42686533
10/25/2014,17.94868488,8.840093292,18.10484464
10/24/2014,16.49087606,-20.54246803,17.94868488
10/23/2014,20.75432706,24.33105419,16.49087606
10/22/2014,16.69279424,-1.74563633,20.75432706
10/21/2014,16.9893668,-18.54502922,16.69279424
10/20/2014,20.85737265,-12.21550058,16.9893668
10/19/2014,23.75974436,32.63219865,20.85737265
10/18/2014,17.91400927,-6.771299673,23.75974436
10/17/2014,19.21512282,2.024098825,17.91400927
10/16/2014,18.83390595,6.069530539,19.21512282
10/15/2014,17.75618866,-8.646120996,18.83390595
10/14/2014,19.43671013,-8.197471353,17.75618866
10/13/2014,21.17230366,7.82327139,19.43671013
10/12/2014,19.63611694,16.33073959,21.17230366
10/11/2014,16.87955996,-1.305267248,19.63611694
10/10/2014,17.10279717,20.66417259,16.87955996
10/9/2014,14.17388178,-10.90206714,17.10279717
10/8/2014,15.90820497,-10.05848651,14.17388178
10/7/2014,17.68727737,-9.984110571,15.90820497
10/6/2014,19.64906139,14.79098596,17.68727737
10/5/2014,17.11725117,-3.252171039,19.64906139
10/4/2014,17.69264629,-5.332539327,17.11725117
10/3/2014,18.68925834,4.29744395,17.69264629
10/2/2014,17.91919115,-3.459758126,18.68925834
10/1/2014,18.56136964,2.90027048,17.91919115
9/30/2014,18.03821268,-15.30204813,18.56136964
9/29/2014,21.29710611,10.79400937,18.03821268
9/28/2014,19.22225419,-9.033367683,21.29710611
9/27/2014,21.13110456,-1.751438809,19.22225419
9/26/2014,21.50780053,-1.205190682,21.13110456
9/25/2014,21.77017262,-3.29370244,21.50780053
9/24/2014,22.51163902,-2.232378475,21.77017262
9/23/2014,23.02565887,-18.36527567,22.51163902
9/22/2014,28.20571646,-2.40960169,23.02565887
9/21/2014,28.90214298,27.79700282,28.20571646
9/20/2014,22.61566574,-9.157676402,28.90214298
9/19/2014,24.89551659,-6.404374779,22.61566574
9/18/2014,26.59901735,19.76618334,24.89551659
9/17/2014,22.20912164,-6.645144458,26.59901735
9/16/2014,23.79000162,-22.44594448,22.20912164
9/15/2014,30.67538049,-9.735602613,23.79000162
9/14/2014,33.98391988,18.70475115,30.67538049
9/13/2014,28.62894665,1.747072532,33.98391988
9/12/2014,28.13736645,13.26194312,28.62894665
9/11/2014,24.84273683,28.38603412,28.13736645
9/10/2014,19.35003055,-24.05730193,24.84273683
9/9/2014,25.47977757,-23.39490997,19.35003055
9/8/2014,33.26120701,10.89702566,25.47977757
9/7/2014,29.99287565,10.80452379,33.26120701
9/6/2014,27.0682772,-5.612103795,29.99287565
9/5/2014,28.67769946,9.626583654,27.0682772
9/4/2014,26.15943917,7.902080044,28.67769946
9/3/2014,24.24368386,-11.54482648,26.15943917
9/2/2014,27.40787554,-29.84878919,24.24368386
9/1/2014,39.0697113,14.86524589,27.40787554
8/31/2014,34.01351819,8.057375231,39.0697113
8/30/2014,31.47727595,-5.696951101,34.01351819
8/29/2014,33.37885288,19.3828608,31.47727595
8/28/2014,27.9595016,-3.185690959,33.37885288
8/27/2014,28.87951366,13.16818878,27.9595016
8/26/2014,25.51910918,-33.07768352,28.87951366
8/25/2014,38.13243553,15.78443913,25.51910918
8/24/2014,32.93398993,7.463833712,38.13243553
8/23/2014,30.64658015,4.46409956,32.93398993
8/22/2014,29.33694952,6.694274483,30.64658015
8/21/2014,27.4962735,-17.55078809,29.33694952
8/20/2014,33.34934666,10.42737772,27.4962735
8/19/2014,30.20025228,-12.49292816,33.34934666
8/18/2014,34.51178476,19.10046085,30.20025228
8/17/2014,28.97703713,-0.753915974,34.51178476
8/16/2014,29.19715917,6.624793607,28.97703713
8/15/2014,27.38308623,-5.164986292,29.19715917
8/14/2014,28.87444748,-11.89727896,27.38308623
8/13/2014,32.773616,-12.89434633,28.87444748
8/12/2014,37.62513066,-16.67862822,32.773616
8/11/2014,45.15663851,11.44735905,37.62513066
8/10/2014,40.51835673,17.76042637,45.15663851
8/9/2014,34.40744738,5.292557077,40.51835673
8/8/2014,32.67794831,15.41839081,34.40744738
8/7/2014,28.31260086,7.44804853,32.67794831
8/6/2014,26.3500373,-17.3621797,28.31260086
8/5/2014,31.88617173,-25.39279735,26.3500373
8/4/2014,42.73873111,2.18561332,31.88617173
8/3/2014,41.82460693,25.52781825,42.73873111
8/2/2014,33.31899456,-0.271834009,41.82460693
8/1/2014,33.40981379,-14.38394917,33.31899456
7/31/2014,39.02283914,16.24189502,33.40981379
7/30/2014,33.57037421,-0.073044523,39.02283914
7/29/2014,33.59491345,-25.41080176,33.57037421
7/28/2014,45.03991763,23.91808293,33.59491345
7/27/2014,36.34652552,-3.224275921,45.03991763
7/26/2014,37.55748238,8.411877898,36.34652552
7/25/2014,34.64332793,4.820936199,37.55748238
7/24/2014,33.05000813,-0.685850604,34.64332793
7/23/2014,33.27824719,-11.38226229,33.05000813
7/22/2014,37.55258038,-22.62007205,33.27824719
7/21/2014,48.53013098,4.385823086,37.55258038
7/20/2014,46.49111301,15.60086537,48.53013098
7/19/2014,40.21692473,2.859796781,46.49111301
7/18/2014,39.0987791,3.387645707,40.21692473
7/17/2014,37.81765107,21.81196911,39.0987791
7/16/2014,31.04592377,-17.9096436,37.81765107
7/15/2014,37.81920938,-17.4799025,31.04592377
7/14/2014,45.83030138,-4.955733656,37.81920938
7/13/2014,48.21995386,21.94140729,45.83030138
7/12/2014,39.54354385,6.000474252,48.21995386
7/11/2014,37.30506314,5.963772652,39.54354385
7/10/2014,35.20548788,-2.66853896,37.30506314
7/9/2014,36.17071757,0.098558951,35.20548788
7/8/2014,36.13510319,-18.60553821,36.17071757
7/7/2014,44.39503916,-10.61579222,36.13510319
7/6/2014,49.66765413,20.64747014,44.39503916
7/5/2014,41.16758857,21.23502539,49.66765413
7/4/2014,33.9568441,0.812804668,41.16758857
7/3/2014,33.68306656,5.632271676,33.9568441
7/2/2014,31.88709854,1.727997822,33.68306656
7/1/2014,31.34544985,-36.94266271,31.88709854
6/30/2014,49.70944097,1.104843549,31.34544985
6/29/2014,49.16623104,11.75761432,49.70944097
6/28/2014,43.99362973,12.48372262,49.16623104
6/27/2014,39.11110755,-5.640363101,43.99362973
6/26/2014,41.44898055,-7.586560683,39.11110755
6/25/2014,44.85168051,8.498329245,41.44898055
6/24/2014,41.33859095,-27.65228333,44.85168051
6/23/2014,57.13876381,5.85516227,41.33859095
6/22/2014,53.9782497,17.51406911,57.13876381
6/21/2014,45.93343598,25.08179511,53.9782497
6/20/2014,36.72271887,-4.527964219,45.93343598
6/19/2014,38.46437187,-2.948796506,36.72271887
6/18/2014,39.63307046,-14.41649823,38.46437187
6/17/2014,46.30924143,-4.622916864,39.63307046
6/16/2014,48.55384534,16.37948806,46.30924143
6/15/2014,41.72027747,10.77883273,48.55384534
6/14/2014,37.66087478,-3.294418569,41.72027747
6/13/2014,38.94384814,2.433696998,37.66087478
6/12/2014,38.01859084,-13.69365332,38.94384814
6/11/2014,44.05074748,11.16919526,38.01859084
6/10/2014,39.62495849,-22.81091671,44.05074748
6/9/2014,51.33492562,8.899562709,39.62495849
6/8/2014,47.13969859,25.63996192,51.33492562
6/7/2014,37.51966959,4.449924738,47.13969859
6/6/2014,35.92120309,-19.29724715,37.51966959
6/5/2014,44.51050531,-2.025029183,35.92120309
6/4/2014,45.4304859,-1.865699589,44.51050531
6/3/2014,46.29419654,-18.98743882,45.4304859
6/2/2014,57.14446731,33.3914281,46.29419654
6/1/2014,42.83968477,15.20098981,57.14446731
5/31/2014,37.18690685,31.31825162,42.83968477
5/30/2014,28.31815562,-19.58876324,37.18690685
5/29/2014,35.21666469,25.34688969,28.31815562
5/28/2014,28.09536381,-25.2762338,35.21666469
5/27/2014,37.59896649,-6.809584305,28.09536381
5/26/2014,40.34638778,6.798504596,37.59896649
5/25/2014,37.77804561,34.84204346,40.34638778
5/24/2014,28.01651817,-9.274389437,37.77804561
5/23/2014,30.88049559,-0.560714319,28.01651817
5/22/2014,31.05462331,-0.750317535,30.88049559
5/21/2014,31.28939312,-4.595983185,31.05462331
5/20/2014,32.79672509,-3.683988091,31.28939312
5/19/2014,34.05116599,-8.069681456,32.79672509
5/18/2014,37.04019145,24.43818869,34.05116599
5/17/2014,29.76593587,15.89893806,37.04019145
5/16/2014,25.68266489,6.838624264,29.76593587
5/15/2014,24.03874541,-9.211927895,25.68266489
5/14/2014,26.47786747,6.728844912,24.03874541
5/13/2014,24.80853934,-29.15195721,26.47786747
5/12/2014,35.0165486,4.352483257,24.80853934
5/11/2014,33.5560281,20.65398045,35.0165486
5/10/2014,27.81178704,10.10321323,33.5560281
5/9/2014,25.25974149,-2.574786743,27.81178704
5/8/2014,25.92731455,-0.893207212,25.25974149
5/7/2014,26.16098637,23.64700823,25.92731455
5/6/2014,21.15779973,-34.73711692,26.16098637
5/5/2014,32.41934577,15.9425174,21.15779973
5/4/2014,27.96156794,-11.42903613,32.41934577
5/3/2014,31.56967782,-0.756261894,27.96156794
5/2/2014,31.81024659,23.71504848,31.56967782
5/1/2014,25.71251192,-6.926655748,31.81024659
4/30/2014,27.62607504,-6.617916503,25.71251192
4/29/2014,29.58391375,-19.0779958,27.62607504
4/28/2014,36.55855294,3.261018025,29.58391375
4/27/2014,35.40402142,46.26480935,36.55855294
4/26/2014,24.20542684,-9.693753691,35.40402142
4/25/2014,26.80371274,-9.582761319,24.20542684
4/24/2014,29.6444717,13.94972032,26.80371274
4/23/2014,26.01539663,-31.53706222,29.6444717
4/22/2014,37.99924087,-11.91448172,26.01539663
4/21/2014,43.13903308,19.65876983,37.99924087
4/20/2014,36.05171033,8.672664777,43.13903308
4/19/2014,33.1745894,3.196015259,36.05171033
4/18/2014,32.14716122,14.94608611,33.1745894
4/17/2014,27.9671647,-12.59990429,32.14716122
4/16/2014,31.99900924,-0.464317622,27.9671647
4/15/2014,32.14827937,-21.2904521,31.99900924
4/14/2014,40.84419263,24.43762013,32.14827937
4/13/2014,32.82302618,37.16611339,40.84419263
4/12/2014,23.92939872,-6.234227489,32.82302618
4/11/2014,25.52039841,1.761935979,23.92939872
4/10/2014,25.07853076,-1.105593843,25.52039841
4/9/2014,25.35889716,-3.791927132,25.07853076
4/8/2014,26.35838803,-23.53972994,25.35889716
4/7/2014,34.47331275,1.358785172,26.35838803
4/6/2014,34.01117396,-0.739369193,34.47331275
4/5/2014,34.26451523,-0.897711035,34.01117396
4/4/2014,34.57489791,11.83054904,34.26451523
4/3/2014,30.91722092,-7.039748719,34.57489791
4/2/2014,33.25853846,9.044445054,30.91722092
4/1/2014,30.49998415,0.630015379,33.25853846
3/31/2014,30.30903258,-22.23851963,30.49998415
3/30/2014,38.97692333,16.82463028,30.30903258
3/29/2014,33.36361796,8.639386092,38.97692333
3/28/2014,30.71042571,-7.56723232,33.36361796
3/27/2014,33.22460907,9.580797559,30.71042571
3/26/2014,30.31973649,-28.38006494,33.22460907
3/25/2014,42.33421389,-17.46336162,30.31973649
3/24/2014,51.29142005,44.23819961,42.33421389
3/23/2014,35.56021927,-0.090158713,51.29142005
3/22/2014,35.59230884,3.880762482,35.56021927
3/21/2014,34.26265652,-2.322968002,35.59230884
3/20/2014,35.07749551,-10.91744853,34.26265652
3/19/2014,39.37639294,-8.307785995,35.07749551
3/18/2014,42.94409659,0.308006216,39.37639294
3/17/2014,42.81223225,1.091905218,42.94409659
3/16/2014,42.34981244,31.08425217,42.81223225
3/15/2014,32.30732276,-10.62667577,42.34981244
3/14/2014,36.14873122,1.486655393,32.30732276
3/13/2014,35.61919652,3.222164501,36.14873122
3/12/2014,34.50731409,-10.48047663,35.61919652
3/11/2014,38.54724957,-9.944767139,34.50731409
3/10/2014,42.80400855,13.78213221,38.54724957
3/9/2014,37.6192709,0.567042257,42.80400855
3/8/2014,37.40715651,0.334585388,37.6192709
3/7/2014,37.282415,2.986815601,37.40715651
3/6/2014,36.20115331,31.40686784,37.282415
3/5/2014,27.54890509,-15.81913676,36.20115331
3/4/2014,32.72585245,-7.586789084,27.54890509
3/3/2014,35.41252611,5.682787089,32.72585245
3/2/2014,33.50831965,-11.88895769,35.41252611
3/1/2014,38.02964847,1.759224146,33.50831965
2/28/2014,37.37218792,0.605209787,38.02964847
2/27/2014,37.14736841,38.4744618,37.37218792
2/26/2014,26.82615114,-26.11154145,37.14736841
2/25/2014,36.30628066,-25.53568548,26.82615114
2/24/2014,48.75661704,17.18357832,36.30628066
2/23/2014,41.60703892,28.20272061,48.75661704
2/22/2014,32.45409982,-6.936009985,41.60703892
2/21/2014,34.87288672,-22.54573055,32.45409982
2/20/2014,45.02384048,16.90119462,34.87288672
2/19/2014,38.51444002,-17.66830066,45.02384048
2/18/2014,46.77960048,-11.9017283,38.51444002
2/17/2014,53.09933961,15.78922628,46.77960048
2/16/2014,45.85861856,9.153854934,53.09933961
2/15/2014,42.01282546,-1.805731818,45.85861856
2/14/2014,42.78541532,-3.851258515,42.01282546
2/13/2014,44.49919433,-0.244833667,42.78541532
2/12/2014,44.60841074,18.18929623,44.49919433
2/11/2014,37.74319009,-16.75902766,44.60841074
2/10/2014,45.34208218,-6.338230794,37.74319009
2/9/2014,48.41044811,13.14261314,45.34208218
2/8/2014,42.78710449,-8.465134465,48.41044811
2/7/2014,46.74405129,-7.405790192,42.78710449
2/6/2014,50.48269367,-3.10278508,46.74405129
2/5/2014,52.09922051,-22.442955,50.48269367
2/4/2014,67.17535526,-7.35606715,52.09922051
2/3/2014,72.50917917,2.305526399,67.17535526
2/2/2014,70.87513424,18.67410029,72.50917917
2/1/2014,59.72249552,13.4158383,70.87513424
1/31/2014,52.65798536,2.162219398,59.72249552
1/30/2014,51.54350176,1.636193173,52.65798536
1/29/2014,50.71372722,-1.788250389,51.54350176
1/28/2014,51.63712837,-19.60540792,50.71372722
1/27/2014,64.2296043,13.51886257,51.63712837
1/26/2014,56.58055661,-0.974214224,64.2296043
1/25/2014,57.13719529,-0.03284858,56.58055661
1/24/2014,57.15597022,-2.060686911,57.13719529
1/23/2014,58.35855737,17.56799264,57.15597022
1/22/2014,49.6381337,-23.48747631,58.35855737
1/21/2014,64.87582856,-16.87617497,49.6381337
1/20/2014,78.04721274,26.96344517,64.87582856
1/19/2014,61.47219197,17.91741145,78.04721274
1/18/2014,52.13156498,-27.91972091,61.47219197
1/17/2014,72.32431067,19.99398932,52.13156498
1/16/2014,60.27327792,5.684763178,72.32431067
1/15/2014,57.03118984,-24.00895231,60.27327792
1/14/2014,75.04987965,-8.664492576,57.03118984
1/13/2014,82.16944512,0.293764009,75.04987965
1/12/2014,81.92876789,10.99477309,82.16944512
1/11/2014,73.81317661,17.34857863,81.92876789
1/10/2014,62.90078455,-2.960039211,73.81317661
1/9/2014,64.81946616,-1.008798483,62.90078455
1/8/2014,65.48002769,6.375484708,64.81946616
1/7/2014,61.55556223,-15.11625875,65.48002769
1/6/2014,72.51749431,28.22687878,61.55556223
1/5/2014,56.55405091,9.486867882,72.51749431
1/4/2014,51.65372981,-9.890812791,56.55405091
1/3/2014,57.32348877,-36.4499365,51.65372981
1/2/2014,90.20209519,52.5897541,57.32348877
1/1/2014,59.11412317,-7.092533378,90.20209519
