Date,Value,Hratevar
5/12/2019,43311667.37,-16.66666666
5/11/2019,41645834.01,-1.315789466
5/10/2019,49975000.81,19.68503937
5/9/2019,50641334.15,-15.89403974
5/8/2019,42312167.35,17.05426355
5/7/2019,50308167.48,-2.272727259
5/6/2019,42978500.7,-8.385370285
5/5/2019,43978000.71,-17.39130435
5/4/2019,48003251.06,7.602339183
5/3/2019,58109198.65,22.14285712
5/2/2019,54003657.44,-14.11042944
5/1/2019,44213520.72,0
4/30/2019,51477170.55,18.97810219
4/29/2019,51477170.55,-9.271523176
4/28/2019,43266088.13,5.594405599
4/27/2019,47687440.2,-12.26993866
4/26/2019,45160953.3,40.51724139
4/25/2019,51477170.55,-13.43283582
4/24/2019,36634060.02,-17.28395061
4/23/2019,42318655.54,22.89051036
4/22/2019,51161359.68,-13.81578948
4/21/2019,41631660.19,2.013422822
4/20/2019,48305437.78,7.971014492
4/19/2019,47352040.98,-4.827586208
4/18/2019,43856252.72,0
4/17/2019,46080845.25,18.85245904
4/16/2019,46080845.25,-9.62962964
4/15/2019,38771469.79,-10.59602648
4/14/2019,42902855.92,-3.821656058
4/13/2019,47987638.84,6.081081093
4/12/2019,49894432.44,12.12121211
4/11/2019,47034242.04,-10.8108108
4/10/2019,41949459.12,4.964538986
4/9/2019,47034242.04,1.438848931
4/8/2019,44809649.52,-11.83558002
4/7/2019,44174051.65,12.85714285
4/6/2019,50104170.89,-1.408450701
4/5/2019,44396100.79,-9.554140119
4/4/2019,45030330.8,15.44117645
4/3/2019,49787055.88,-2.158273366
4/2/2019,43127640.77,0
4/1/2019,44078985.78,-5.442176881
3/31/2019,44078985.78,0.684931516
3/30/2019,46615905.83,-2.013422825
3/29/2019,46298790.82,11.19402986
3/28/2019,47250135.84,-9.459459463
3/27/2019,42493410.75,-1.333333331
3/26/2019,46933020.83,8.738804707
3/25/2019,47567250.84,-9.937888202
3/24/2019,43744504.06,12.58741259
3/23/2019,48571483.82,-11.18012423
3/22/2019,43141131.59,-7.471264361
3/21/2019,48571483.82,8.074534154
3/20/2019,52493404.87,10.27397262
3/19/2019,48571483.82,-10.42944787
3/18/2019,44046190.29,6.535947715
3/17/2019,49174856.29,-1.290322581
3/16/2019,46157993.94,14.81481482
3/15/2019,46761366.41,-5.594405596
3/14/2019,40727641.71,0.704225364
3/13/2019,43141131.59,4.411764683
3/12/2019,42839445.35,-1.497229283
3/11/2019,41029327.95,-5.479452067
3/10/2019,41652968.39,2.816901415
3/9/2019,44067633.23,10.9375
3/8/2019,42860300.81,-14.09395973
3/7/2019,38634637.35,8.759124084
3/6/2019,44973132.54,-6.164383564
3/5/2019,41351135.29,10.6060606
3/4/2019,44067633.23,-18.51851852
3/3/2019,39841969.77,8.000000019
3/2/2019,48896962.9,6.382978702
3/1/2019,45274965.64,-12.42236024
2/28/2019,42558467.71,12.58741259
2/27/2019,48595129.79,4.37956203
2/26/2019,43162133.91,-4.032579275
2/25/2019,41351135.29,-11.72839506
2/24/2019,43088722.17,36.13445377
2/23/2019,48813797.14,-8.461538461
2/22/2019,35857048.52,-16.66666666
2/21/2019,39171565.61,0.645161279
2/20/2019,47005878.73,-2.515723267
2/19/2019,46704559,6.000000002
2/18/2019,47909837.94,18.11023623
2/17/2019,45197960.32,-9.929078023
2/16/2019,38267606.4,-7.843137244
2/15/2019,42486082.7,19.53124998
2/14/2019,46101919.52,-11.72413793
2/13/2019,38568926.14,3.571428578
2/12/2019,43691361.64,-2.704273491
2/11/2019,42184762.96,-7.975460114
2/10/2019,43357261.9,-6.321839082
2/9/2019,47114891.26,6.097560984
2/8/2019,50294423.8,11.56462584
2/7/2019,47403939.67,0
2/6/2019,42490116.66,6.521739147
2/5/2019,42490116.66,-4.166666677
2/4/2019,39888680.94,-8.8607595
2/3/2019,41622971.42,1.935483876
2/2/2019,45669649.2,13.97058823
2/1/2019,44802503.96,-6.849315076
1/31/2019,39310584.12,0.68965519
1/30/2019,42201068.25,4.592391893
1/29/2019,41912019.83,-8.666666671
1/28/2019,40071767.24,8.695652183
1/27/2019,43874197.71,-14.81481483
1/26/2019,40364261.89,10.95890413
1/25/2019,47384133.53,12.3076923
1/24/2019,42704219.1,-13.33333334
1/23/2019,38024304.68,-4.458598727
1/22/2019,43874197.71,18.04511277
1/21/2019,45921660.27,-3.623188389
1/20/2019,38901788.64,8.661417308
1/19/2019,40364261.89,-4.511278199
1/18/2019,37146820.73,0.75757578
1/17/2019,38901788.64,-11.40939599
1/16/2019,38609293.98,13.89632661
1/15/2019,43581703.06,-0.724637669
1/14/2019,38264362.3,-6.756756767
1/13/2019,38543664.21,-5.128205135
1/12/2019,41336683.36,-4.878048766
1/11/2019,43571098.68,-2.958579896
1/10/2019,45805513.99,19.85815603
1/9/2019,47202023.57,0
1/8/2019,39381569.96,-13.49693251
1/7/2019,39381569.96,9.395973169
1/6/2019,45526212.08,-3.870967748
1/5/2019,41615985.27,2.649006627
1/4/2019,43291796.76,1.342281881
1/3/2019,42174589.1,-3.870967748
1/2/2019,41615985.27,-3.098601895
1/1/2019,43291796.76,27.53623189
12/31/2018,44676132.24,-17.36526946
12/30/2018,35030149.14,-4.022988499
12/29/2018,42391557.29,10.82802546
12/28/2018,44168448.91,-1.257861633
12/27/2018,39853140.69,4.60526315
12/26/2018,40360824.01,-13.63636363
12/25/2018,38583932.39,0.571428593
12/24/2018,44676132.24,24.99999999
12/23/2018,44422290.57,3.703703697
12/22/2018,35537832.46,-9.395973139
12/21/2018,34268624.16,16.40625001
12/20/2018,37822407.4,-27.65061716
12/19/2018,32491732.53,39.13043476
12/18/2018,44909481.26,-22.81879195
12/17/2018,32278689.66,2.054794536
12/16/2018,41821954.43,11.45038168
12/15/2018,40979901.65,9.166666646
12/14/2018,36769637.78,-4.000000001
12/13/2018,33682110.95,0.806451619
12/12/2018,35085532.24,-3.124999996
12/11/2018,34804847.98,0.787401581
12/10/2018,35927585.01,11.40350876
12/9/2018,35646900.75,-15.55555556
12/8/2018,31998005.4,3.846153847
12/7/2018,37892374.82,-5.797101441
12/6/2018,36488953.53,21.05263158
12/5/2018,38734427.59,-15.13382553
12/4/2018,31998005.4,-8.064516127
12/3/2018,37704074.21,22.77227723
12/2/2018,41011449.14,-3.809523803
12/1/2018,33404486.8,-11.01694915
11/30/2018,34727436.77,-9.923664123
11/29/2018,39027024.18,18.01801801
11/28/2018,43326611.59,-12.5984252
11/27/2018,36711861.73,-11.18881119
11/26/2018,42003661.62,14.39999999
11/25/2018,47295461.51,2.459016395
11/24/2018,41342186.64,16.19047621
11/23/2018,40349974.16,-20.45454547
11/22/2018,34727436.77,4.761904765
11/21/2018,43657349.09,2.439024392
11/20/2018,41672924.13,-15.1724138
11/19/2018,40680711.65,15.07936508
11/18/2018,47956936.5,-8.121619255
11/17/2018,41672924.13,-5.925925917
11/16/2018,45356615.77,12.49999999
11/15/2018,48213725.42,-14.28571429
11/14/2018,42856644.82,-4.109589039
11/13/2018,49999418.96,11.4503817
11/12/2018,52142251.2,3.149606283
11/11/2018,46785170.59,4.958677683
11/10/2018,45356615.77,-6.92307692
11/9/2018,43213783.53,1.562500014
11/8/2018,46428031.89,-11.11111111
11/7/2018,45713754.47,17.07317072
11/6/2018,51427973.78,-23.60248447
11/5/2018,43928060.94,12.58741258
11/4/2018,57499331.8,-7.142857134
11/3/2018,51070835.08,-5.50105013
11/2/2018,54999360.85,5.844155831
11/1/2018,58201028.61,5.479452071
10/31/2018,54987474.89,4.285714283
10/30/2018,52130982.68,2.941176469
10/29/2018,49988613.53,-4.895104902
10/28/2018,48560367.43,4.379562041
10/27/2018,51059798.11,21.23893806
10/26/2018,48917428.96,-26.62337663
10/25/2018,40347952.35,-0.645161281
10/24/2018,54987474.89,12.31884058
10/23/2018,55344536.41,-3.496503504
10/22/2018,49274490.48,0.704225362
10/21/2018,51059798.11,2.898550723
10/20/2018,50702736.58,-3.65013386
10/19/2018,49274490.48,2.222222233
10/18/2018,51141213.22,-16.66666668
10/17/2018,50029447.71,42.10526317
10/16/2018,60035337.26,-19.14893617
10/15/2018,42247089.18,6.818181809
10/14/2018,52252978.72,-16.98113207
10/13/2018,48917682.21,10.41666666
10/12/2018,58923571.75,10.76923076
10/11/2018,53364744.23,-3.703703688
10/10/2018,48176505.21,-4.929577481
10/9/2018,50029447.71,13.60000001
10/8/2018,52623567.23,-3.84615385
10/7/2018,46323562.7,-13.33333333
10/6/2018,48176505.21,7.820940255
10/5/2018,55588275.24,5.839416059
10/4/2018,51556103.21,-13.29113924
10/3/2018,48711628.55,-3.067484675
10/2/2018,56178374.53,7.23684211
10/1/2018,57956171.2,-1.29870129
9/30/2018,54045018.54,7.692307677
9/29/2018,54756137.2,2.877697842
9/28/2018,50844984.55,-17.75147928
9/27/2018,49422747.22,14.18918918
9/26/2018,60089527.19,-1.333333324
9/25/2018,52622781.21,-3.225806465
9/24/2018,53333899.87,7.638888894
9/23/2018,55111696.54,-6.493506485
9/22/2018,51200543.88,0.594564876
9/21/2018,54756137.2,9.859154932
9/20/2018,54432500.67,5.185185175
9/19/2018,49547532.66,-2.877697831
9/18/2018,47105048.66,-0.714285722
9/17/2018,48500753.8,6.060606059
9/16/2018,48849680.09,-10.81081081
9/15/2018,46058269.8,-11.90476191
9/14/2018,51641090.38,19.14893617
9/13/2018,58619616.11,4.444444448
9/12/2018,49198606.38,-17.17791411
9/11/2018,47105048.66,8.666666681
9/10/2018,56874984.68,-1.315789487
9/9/2018,52338942.95,5.731383423
9/8/2018,53036795.53,13.63636362
9/7/2018,50161828.79,4.761904757
9/6/2018,44142409.34,-12.49999999
9/5/2018,42135936.19,0
9/4/2018,48155355.64,-4.635761601
9/3/2018,48155355.64,-2.580645146
9/2/2018,50496240.99,0.649350646
9/1/2018,51833889.75,10.79136691
8/31/2018,51499477.56,-9.150326802
8/30/2018,46483294.68,-17.29729729
8/29/2018,51165065.37,6.936416179
8/28/2018,61866255.51,28.14814816
8/27/2018,57853309.21,-7.534246592
8/26/2018,45145645.91,3.168743978
8/25/2018,48824180.03,-6.87499999
8/24/2018,47324585.09,8.108108108
8/23/2018,50818346.4,-1.333333333
8/22/2018,47006970.42,3.448275851
8/21/2018,47642199.75,-9.37499999
8/20/2018,46054126.43,5.263157895
8/19/2018,50818346.4,-3.797468354
8/18/2018,48277429.08,-1.863354047
8/17/2018,50183117.07,18.38235295
8/16/2018,51135961.07,-9.333333333
8/15/2018,43195594.44,-3.225806461
8/14/2018,47642199.75,-8.823529403
8/13/2018,49230273.08,3.732485544
8/12/2018,53994493.05,18.12080537
8/11/2018,52051671.92,-5.095541386
8/10/2018,44066472.25,3.973509922
8/9/2018,46432457.33,15.26717558
8/8/2018,44657968.52,-18.125
8/7/2018,38743005.8,-9.090909101
8/6/2018,47319701.74,6.024096388
8/5/2018,52051671.92,8.496732034
8/4/2018,49094190.56,2.000000005
8/3/2018,45249464.79,2.040816309
8/2/2018,44362220.38,9.701492546
8/1/2018,43474975.98,-21.17647058
7/31/2018,39630250.21,34.69097269
7/30/2018,50277183.1,-13.17365269
7/29/2018,37327804.6,1.212121211
7/28/2018,42991333.57,-6.779661013
7/27/2018,42476467.3,11.32075471
7/26/2018,45565664.92,-4.216867479
7/25/2018,40931868.49,-8.791208786
7/24/2018,42733900.44,32.84671532
7/23/2018,46852830.6,-11.03896104
7/22/2018,35268339.52,-9.941520451
7/21/2018,39644702.82,-1.724137941
7/20/2018,44021066.11,9.433962271
7/19/2018,44793365.52,27.92972614
7/18/2018,40931868.49,-9.774436109
7/17/2018,31995588.3,0
7/16/2018,35461777.04,-6.993006979
7/15/2018,35461777.04,1.418439703
7/14/2018,38128076.06,4.444444458
7/13/2018,37594816.26,-9.395973165
7/12/2018,35995036.84,9.55882355
7/11/2018,39727855.48,-13.92405064
7/10/2018,36261666.74,1.282051294
7/9/2018,42127524.6,-2.5
7/8/2018,41594264.79,16.78832114
7/7/2018,42660784.4,2.238805977
7/6/2018,36528296.65,15.5172414
7/5/2018,35728406.94,-17.73049647
7/4/2018,30929068.69,1.324545321
7/3/2018,37594816.26,4.25531913
7/2/2018,37103365.37,-6.622516554
7/1/2018,35588942.3,-3.821656035
6/30/2018,38112980.76,29.75206612
6/29/2018,39627403.83,-17.12328769
6/28/2018,30540865.37,-7.00636941
6/27/2018,36850961.53,-8.187134514
6/26/2018,39627403.83,6.875000008
6/25/2018,43161057.68,5.960264888
6/24/2018,40384615.37,-11.17647058
6/23/2018,38112980.76,9.677419352
6/22/2018,42908653.83,0
6/21/2018,39122596.14,-2.871029409
6/20/2018,39122596.14,4.458598715
6/19/2018,40279018.61,-5.421686751
6/18/2018,38559792.21,8.496732036
6/17/2018,40770226.16,0
6/16/2018,37577377.12,6.993006992
6/15/2018,37577377.12,-1.379310334
6/14/2018,35121339.4,3.571428571
6/13/2018,35612546.94,10.23622045
6/12/2018,34384528.08,-11.18881118
6/11/2018,31191679.05,-1.379310334
6/10/2018,35121339.4,1.398601387
6/9/2018,35612546.94,-2.72108844
6/8/2018,35121339.4,-15.99999999
6/7/2018,36103754.49,9.699863104
6/6/2018,42980660.1,12.26993864
6/5/2018,39180231.3,7.236842103
6/4/2018,34898238.81,-8.433734928
6/3/2018,32543142.94,-2.352941181
6/2/2018,35540537.68,-2.298850579
6/1/2018,36396936.18,25.17985611
5/31/2018,37253334.68,-10.8974359
5/30/2018,29759847.82,-4.878048789
5/29/2018,33399541.44,1.234567903
5/28/2018,35112338.44,-7.954545443
5/27/2018,34684139.19,23.07692307
5/26/2018,37681533.93,-8.254705438
5/25/2018,30616246.32,7.284768214
5/24/2018,33370917.24,-3.821656058
5/23/2018,31104990.76,9.027777771
5/22/2018,32340950.66,-6.493506484
5/21/2018,29663037.55,4.054054062
5/20/2018,31722970.71,12.12121212
5/19/2018,30487010.81,-26.25698325
5/18/2018,27191117.75,22.60273973
5/17/2018,36872803.62,10.60606061
5/16/2018,30075024.18,-10.81081081
5/15/2018,27191117.75,-10.30303031
5/14/2018,30487010.81,29.92125984
5/13/2018,33988897.19,-15.03470833
5/12/2018,26161151.17,-3.750000023
5/11/2018,30790397.65,15.10791367
5/10/2018,31990023.54,-7.333333338
5/9/2018,27791332.95,9.489051124
5/8/2018,29990647.07,-14.9068323
5/7/2018,27391457.65,16.66666665
5/6/2018,32189961.18,-8.609271516
5/5/2018,27591395.3,7.857142827
5/4/2018,30190584.71,-11.39240504
5/3/2018,27991270.6,1.935483867
5/2/2018,31590148.24,-1.898734173
5/1/2018,30990335.3,23.43749999
4/30/2018,31590148.24,-9.859154931
4/29/2018,25592018.83,5.502737744
4/28/2018,28391145.89,14.63414635
4/27/2018,26910340.43,-22.64150945
4/26/2018,23474977.82,3.921568629
4/25/2018,30345703.04,-4.375000007
4/24/2018,29200582.17,0.628930823
4/23/2018,30536556.52,16.05839416
4/22/2018,30345703.04,-23.03370787
4/21/2018,26146926.52,11.25
4/20/2018,33971919.13,-1.234567912
4/19/2018,30536556.52,14.89361705
4/18/2018,30918263.48,-13.49693251
4/17/2018,26910340.43,18.97810217
4/16/2018,31109116.95,-9.207021432
4/15/2018,26146926.52,7.142857164
4/14/2018,28798401.52,-4.347826096
4/13/2018,26878508.08,-1.829268292
4/12/2018,28100258.45,11.56462583
4/11/2018,28623865.75,-8.695652157
4/10/2018,25656757.72,-10.55555556
4/9/2018,28100258.45,30.43478264
4/8/2018,31416438.02,-11.53846157
4/7/2018,24085935.81,6.122448975
4/6/2018,27227579.62,-9.815950892
4/5/2018,25656757.72,4.487179459
4/4/2018,28449329.98,-3.703703701
4/3/2018,27227579.62,28.33593097
4/2/2018,28274794.22,-20.98765432
4/1/2018,22031861.23,6.578947374
3/31/2018,27884074.37,12.59259259
3/30/2018,26162835.21,-11.18421053
3/29/2018,23236728.64,1.333333327
3/28/2018,26162835.21,11.11111112
3/27/2018,25818587.38,-13.46153848
3/26/2018,23236728.64,17.29323311
3/25/2018,26851330.88,-6.993006998
3/24/2018,22892480.81,-5.921052621
3/23/2018,24613719.97,19.68503934
3/22/2018,26162835.21,-18.06451611
3/21/2018,21859737.32,2.649006609
3/20/2018,26679206.96,6.637485098
3/19/2018,25990711.3,-4.4871795
3/18/2018,24372959.73,8.333333326
3/17/2018,25517998.11,0
3/16/2018,23555075.18,-8.860759481
3/15/2018,23555075.18,-1.863354027
3/14/2018,25845151.93,5.228758181
3/13/2018,26335882.66,9.285714277
3/12/2018,25027267.37,-4.109589059
3/11/2018,22900767.53,-9.876543192
3/10/2018,23882229,3.184713357
3/9/2018,26499459.57,0.641025637
3/8/2018,25681575.02,4.697986591
3/7/2018,25517998.11,10.15686588
3/6/2018,24372959.73,-17.77777777
3/5/2018,22125683.71,15.38461539
3/4/2018,26909615.32,-5.45454547
3/3/2018,23321666.61,6.451612907
3/2/2018,24667147.38,-3.124999982
3/1/2018,23172168.75,13.47517728
2/28/2018,23919658.06,-17.54385963
2/27/2018,21079198.67,17.93103446
2/26/2018,25564134.55,-2.027027033
2/25/2018,21677190.12,-0.671140927
2/24/2018,22125683.71,-11.83431953
2/23/2018,22275181.57,19.85815602
2/22/2018,25265138.83,-8.944889174
2/21/2018,21079198.67,0
2/20/2018,23149934.67,8.724832231
2/19/2018,23149934.67,-5.0955414
2/18/2018,21292223.86,19.84732822
2/17/2018,22435430.51,-26.81564245
2/16/2018,18720008.9,9.146341467
2/15/2018,25579248.8,-1.204819266
2/14/2018,23435736.33,9.93377484
2/13/2018,23721537.99,5.594405594
2/12/2018,21578025.52,5.925925926
2/11/2018,20434818.87,3.053435087
2/10/2018,19291612.22,-7.092198568
2/9/2018,18720008.9,-17.05882354
2/8/2018,20149017.21,1.479604123
2/7/2018,24293141.32,3.932584308
2/6/2018,23938939.78,12.65822785
2/5/2018,23033142.05,-5.952380977
2/4/2018,20445148.56,5.000000022
2/3/2018,21739145.31,36.75213674
2/2/2018,20703947.91,-29.94011975
2/1/2018,15139761.91,12.83783781
1/31/2018,21609745.63,-6.329113903
1/30/2018,19151151.82,0.636942653
1/29/2018,20445148.56,1.290322586
1/28/2018,20315748.89,-1.898734161
1/27/2018,20056949.54,4.892877061
1/26/2018,20445148.56,-0.564971717
1/25/2018,19491455.6,5.988023907
1/24/2018,19602202.5,-10.69518714
1/23/2018,18494733.44,5.056179769
1/22/2018,20709671.57,7.878787888
1/21/2018,19712949.41,-4.624277485
1/20/2018,18273239.62,3.592814366
1/19/2018,19159214.88,5.031446573
1/18/2018,18494733.44,5.999999993
1/17/2018,17608758.18,-3.225806429
1/16/2018,16612036.02,4.026845634
1/15/2018,17165770.55,-3.430765179
1/14/2018,16501289.11,-7.772020739
1/13/2018,17087521.86,16.26506022
1/12/2018,18527481.57,1.21951221
1/11/2018,15935554.1,-1.204819291
1/10/2018,15743559.47,2.469135833
1/9/2018,15935554.1,-3.571428614
1/8/2018,15551564.84,17.48251751
1/7/2018,16127548.73,-14.8809524
1/6/2018,13727615.88,7.00636948
1/5/2018,16127548.73,-8.187134539
1/4/2018,15071578.27,9.615384631
1/3/2018,16415540.67,-1.329410514
1/2/2018,14975580.96,10.88435373
1/1/2018,15177350.25,-10.90909092
12/31/2017,13687549,10.7382551
12/30/2017,15363575.41,-4.487179505
12/29/2017,13873774.15,9.859154889
12/28/2017,14525562.2,5.185185205
12/27/2017,13221986.11,-11.18421053
12/26/2017,12570198.06,9.352518012
12/25/2017,14153111.89,-10.32258064
12/24/2017,12942648.37,17.42424244
12/23/2017,14432449.62,-2.941176526
12/22/2017,12290860.32,-2.857142835
12/21/2017,12663310.64,-23.0769231
12/20/2017,13035760.95,15.82967829
12/19/2017,16946489.24,8.187134482
12/18/2017,14630524.31,1.18343195
12/17/2017,13523349.5,-8.648648628
12/16/2017,13365181.67,-0.537634441
12/15/2017,14630524.31,19.23076927
12/14/2017,14709608.23,-8.771929839
12/13/2017,12337090.77,4.268292712
12/12/2017,13523349.5,-5.747126493
12/11/2017,12969762.09,11.53846159
12/10/2017,13760601.25,3.311258227
12/9/2017,12337090.77,-19.68085104
12/8/2017,11941671.2,24.74175013
12/7/2017,14867776.06,-1.657458539
12/6/2017,11918845.17,2.840909077
12/5/2017,12119724.58,9.316770239
12/4/2017,11784925.56,-12.02185796
12/3/2017,10780528.49,9.580838332
12/2/2017,12253644.19,-3.468208044
12/1/2017,11182287.32,10.89743587
11/30/2017,11584046.14,-8.235294117
11/29/2017,10445729.47,11.11111108
11/28/2017,11383166.73,-1.923076895
11/27/2017,10244850.06,4.697986566
11/26/2017,10445729.47,-6.307261339
11/25/2017,9977010.841,27.64227644
11/24/2017,10648648.96,-28.9017341
11/23/2017,8342572.114,-1.142857151
11/22/2017,11733861.59,9.374999968
11/21/2017,11869513.17,17.64705886
11/20/2017,10852126.33,-18.56287422
11/19/2017,9224307.378,9.868421023
11/18/2017,11326906.85,0
11/17/2017,10309520.01,18.75
11/16/2017,10309520.01,-8.571428577
11/15/2017,8681701.061,75.00000001
11/14/2017,9495610.536,0
11/13/2017,5426063.163,-33.33333334
11/12/2017,5426063.163,-26.34184572
11/11/2017,8139094.745,6.249999958
11/10/2017,11049821.74,-7.692307726
11/9/2017,10399832.23,17.29323313
11/8/2017,11266484.92,-5.673758882
11/7/2017,9605400.601,8.461538487
11/6/2017,10183169.06,9.243697471
11/5/2017,9388737.429,-20.66666665
11/4/2017,8594305.801,37.61467887
11/3/2017,10833158.57,-21.01449276
11/2/2017,7872095.229,-6.122448967
11/1/2017,9966505.887,-4.545454545
10/31/2017,10616495.4,81.17647056
10/30/2017,11122042.8,-18.26923077
10/29/2017,6138789.858,-42.22222223
10/28/2017,7510989.944,18.11350842
10/27/2017,12999790.29,10.77844311
10/26/2017,11006184.19,-2.339181334
10/25/2017,9935312.215,-6.043956018
10/24/2017,10173283.77,18.95424839
10/23/2017,10827705.53,-14.5251397
10/22/2017,9102411.79,0.561797776
10/21/2017,10649226.87,17.88079472
10/20/2017,10589733.98,-7.926829262
10/19/2017,8983426.015,-5.747126463
10/18/2017,9756833.552,-10.76923078
10/17/2017,10351762.43,47.27225766
10/16/2017,11601113.07,3.676470579
10/15/2017,7877324.117,-11.1111111
10/14/2017,7597986.383,10.07194245
10/13/2017,8547734.68,-13.125
10/12/2017,7765589.023,-0.621118013
10/11/2017,8938807.509,-11.53846152
10/10/2017,8994675.056,15.1898734
10/9/2017,10167893.54,-0.628930818
10/8/2017,8827072.415,27.20000001
10/7/2017,8882939.962,-6.716417919
10/6/2017,6983443.366,-26.77595629
10/5/2017,7486251.289,22.00000001
10/4/2017,10223761.09,17.52440028
10/3/2017,8380132.04,-5.797101448
10/2/2017,7130546.525,-18.34319527
10/1/2017,7569349.388,-4.51977401
9/30/2017,9269710.483,20.40816327
9/29/2017,9708513.346,6.521739131
9/28/2017,8063002.609,10.39999999
9/27/2017,7569349.388,-13.79310345
9/26/2017,6856294.736,-12.6506024
9/25/2017,7953301.894,19.42446043
9/24/2017,9105159.409,-21.02272727
9/23/2017,7624199.746,50.42735042
9/22/2017,9653662.988,-24.99999999
9/21/2017,6417491.873,22.83464566
9/20/2017,8556655.83,-13.71163224
9/19/2017,6965995.452,4.142011843
9/18/2017,8072925.277,-6.111111114
9/17/2017,7751843.021,3.448275866
9/16/2017,8256400.851,-8.421052633
9/15/2017,7981187.489,1.063829785
9/14/2017,8715089.787,8.045977016
9/13/2017,8623352,26.08695652
9/12/2017,7981187.489,-18.34319527
9/11/2017,6329907.319,-3.428571432
9/10/2017,7751843.021,-0.568181823
9/9/2017,8027056.383,8.641975313
9/8/2017,8072925.277,-14.56734032
9/7/2017,7430760.766,12.57142857
9/6/2017,8697798.703,13.63636363
9/5/2017,7726470.929,-6.097560969
9/4/2017,6799294.418,-5.747126443
9/3/2017,7240807.042,6.748466258
9/2/2017,7682319.667,-2.976190473
9/1/2017,7196655.78,12.75167786
8/31/2017,7417412.092,15.50387597
8/30/2017,6578538.105,-16.77419355
8/29/2017,5695512.856,47.61904763
8/28/2017,6843445.68,3.960396021
8/27/2017,4635882.557,0
8/26/2017,4459277.508,-38.89033467
8/25/2017,4459277.508,78.65168538
8/24/2017,7297172.197,-22.60869565
8/23/2017,4084580.664,-11.53846153
8/22/2017,5277828.948,-13.90728477
8/21/2017,5966241.419,1.342281871
8/20/2017,6930018.879,-16.75977654
8/19/2017,6838230.55,37.6923077
8/18/2017,8215055.493,-14.47368421
8/17/2017,5966241.419,16.92307693
8/16/2017,6975913.044,-12.16216217
8/15/2017,5966241.419,9.629629631
8/14/2017,6792336.385,-6.250000002
8/13/2017,6195712.243,7.462686573
8/12/2017,6608759.726,-2.898550724
8/11/2017,6149818.078,-9.689956278
8/10/2017,6333394.737,7.189542473
8/9/2017,7012946.153,9.285714299
8/8/2017,6542565.619,-20.9039548
8/7/2017,5986661.35,-1.117318441
8/6/2017,7568850.421,29.71014492
8/5/2017,7654374.155,-9.210526315
8/4/2017,5901137.617,2.013422829
8/3/2017,6499803.752,2.758620687
8/2/2017,6371518.151,-1.360544224
8/1/2017,6200470.684,-6.369426753
7/31/2017,6285994.418,4.666666674
7/30/2017,6713613.086,-2.597402595
7/29/2017,6414280.018,12.0145077
7/28/2017,6585327.485,-0.67567567
7/27/2017,5878995.159,-16.85393259
7/26/2017,5918988.323,3.488372107
7/25/2017,7118783.254,7.499999998
7/24/2017,6878824.267,3.896103895
7/23/2017,6398906.295,-4.938271609
7/22/2017,6158947.309,8.724832206
7/21/2017,6478892.624,-9.696969689
7/20/2017,5958981.488,11.48648649
7/19/2017,6598872.117,-9.202453985
7/18/2017,5918988.323,28.34645668
7/17/2017,6518885.788,-8.633093523
7/16/2017,5079131.872,0.511835543
7/15/2017,5559049.844,-11.29943503
7/14/2017,5530741.543,2.312138719
7/13/2017,6235294.606,-12.18274111
7/12/2017,6094383.994,42.75362318
7/11/2017,6939847.669,-16.36363635
7/10/2017,4861416.134,11.48648648
7/9/2017,5812562.768,4.225352116
7/8/2017,5213692.665,-4.697986577
7/7/2017,5002326.746,-2.614379093
7/6/2017,5248920.318,-9.999999993
7/5/2017,5389830.931,0
7/4/2017,5988701.034,-9.574468091
7/3/2017,5988701.034,21.55685778
7/2/2017,6622798.791,28.33333333
7/1/2017,5448313.581,-23.56687898
6/30/2017,4245439.154,19.84732824
6/29/2017,5554449.56,-7.746478859
6/28/2017,4634604.41,16.39344262
6/27/2017,5023769.665,-16.43835617
6/26/2017,4316196.473,-8.750000006
6/25/2017,5165284.304,15.10791367
6/24/2017,5660585.539,-0.714285702
6/23/2017,4917633.687,1.449275358
6/22/2017,4953012.346,-8.609271523
6/21/2017,4882255.027,4.137931041
6/20/2017,5342177.602,0
6/19/2017,5129905.644,2.727148101
6/18/2017,5129905.644,-3.267973848
6/17/2017,4993719.517,9.285714283
6/16/2017,5162426.257,-0.709219856
6/15/2017,4723788.732,-4.081632663
6/14/2017,4757530.08,0.684931505
6/13/2017,4959978.169,3.546099303
6/12/2017,4926236.821,-6.622516559
6/11/2017,4757530.08,-8.484848481
6/10/2017,5094943.561,0
6/9/2017,5567322.434,9.271523175
6/8/2017,5567322.434,-7.926829266
6/7/2017,5094943.561,1.863354032
6/6/2017,5533581.086,-4.489394053
6/5/2017,5432357.042,31.50684931
6/4/2017,5687700.322,-14.11764705
6/3/2017,4325022.12,3.658536584
6/2/2017,5035984.66,-8.379888274
6/1/2017,4858244.025,18.54304636
5/31/2017,5302595.613,-8.484848475
5/30/2017,4473139.316,-1.785714295
5/29/2017,4887867.464,9.803921576
5/28/2017,4976737.782,-6.13496933
5/27/2017,4532386.194,5.844155853
5/26/2017,4828620.586,-8.333333343
5/25/2017,4562009.633,22.4560739
5/24/2017,4976737.782,-0.680272107
5/23/2017,4064100.394,-10.90909092
5/22/2017,4091936.698,0.609756096
5/21/2017,4592990.172,15.49295776
5/20/2017,4565153.868,-8.387096776
5/19/2017,3952755.178,17.42424244
5/18/2017,4314627.131,-22.35294118
5/17/2017,3674392.137,3.658536576
5/16/2017,4732171.692,3.797468368
5/15/2017,4565153.868,2.597402591
5/14/2017,4398136.043,14.07407409
5/13/2017,4286790.827,-8.783783787
5/12/2017,3757901.049,2.434479976
5/11/2017,4119773.002,-13.88888888
5/10/2017,4021861.587,7.784431128
5/9/2017,4670548.939,-0.595238093
5/8/2017,4333231.516,30.23255813
5/7/2017,4359179.01,-23.21428571
5/6/2017,3347226.74,27.27272728
5/5/2017,4359179.01,-16.45569621
5/4/2017,3425069.222,5.333333337
5/3/2017,4099704.069,-0.662251653
5/2/2017,3892124.116,-12.716763
5/1/2017,3918071.61,27.20588232
4/30/2017,4488916.48,-7.482993192
4/29/2017,3528859.199,-3.706508168
4/28/2017,3814281.634,3.378378384
4/27/2017,3961100.134,19.35483869
4/26/2017,3831652.417,-18.95424836
4/25/2017,3210303.377,5.517241383
4/24/2017,3961100.134,-13.1736527
4/23/2017,3753983.787,20.14388489
4/22/2017,4323553.741,-2.797202786
4/21/2017,3598646.527,-2.054794519
4/20/2017,3702204.7,5.797101424
4/19/2017,3779873.33,-5.479452032
4/18/2017,3572756.984,-3.311258284
4/17/2017,3779873.33,8.633093516
4/16/2017,3909321.047,9.448818887
4/15/2017,3598646.527,-6.773369784
4/14/2017,3287972.007,-14.97005989
4/13/2017,3526859.224,12.83783784
4/12/2017,4147785.144,-6.918238977
4/11/2017,3675881.445,16.05839415
4/10/2017,3949088.849,-15.43209877
4/9/2017,3402674.04,10.20408164
4/8/2017,4023599.96,-9.259259263
4/7/2017,3651044.408,29.60000003
4/6/2017,4023599.96,-28.97727274
4/5/2017,3104629.598,11.39240509
4/4/2017,4371318.475,19.69696968
4/3/2017,3924251.812,-2.222222212
4/2/2017,3278488.856,-17.68292683
4/1/2017,3352999.966,24.81894861
3/31/2017,4073274.033,-10.96774193
3/30/2017,3263345.893,17.42424242
3/29/2017,3665352.271,-20.48192771
3/28/2017,3121461.289,24.81203007
3/27/2017,3925474.045,-24.43181818
3/26/2017,3145108.723,18.91891891
3/25/2017,4161948.385,-8.074534159
3/24/2017,3499820.233,13.38028169
3/23/2017,3807236.875,4.411764705
3/22/2017,3357935.629,-18.07228915
3/21/2017,3216051.025,5.732484075
3/20/2017,3925474.045,1.948051948
3/19/2017,3712647.139,3.916282845
3/18/2017,3641704.837,7.746478864
3/17/2017,3504460.261,-8.974358964
3/16/2017,3252505.602,7.586206887
3/15/2017,3573175.168,-6.451612896
3/14/2017,3321220.509,4.026845633
3/13/2017,3550270.199,-4.487179482
3/12/2017,3412840.385,5.405405399
3/11/2017,3573175.168,4.225352107
3/10/2017,3389935.416,-7.189542475
3/9/2017,3252505.602,7.746478864
3/8/2017,3504460.261,-3.40136054
3/7/2017,3252505.602,9.701492525
3/6/2017,3367030.447,-11.25827813
3/5/2017,3069265.85,0.540050877
3/4/2017,3458650.323,9.027777769
3/3/2017,3440072.183,-5.882352938
3/2/2017,3155225.442,6.249999996
3/1/2017,3352427.032,-19.1011236
2/28/2017,3155225.442,6.586826356
2/27/2017,3900209.227,0.602409644
2/26/2017,3659185.061,10.66666668
2/25/2017,3637273.773,7.913669042
2/24/2017,3286693.168,0.724637688
2/23/2017,3045669.003,-6.75675676
2/22/2017,3023757.715,10.44776119
2/21/2017,3242870.593,-11.84210526
2/20/2017,2936112.564,5.099457257
2/19/2017,3330515.744,-0.657894746
2/18/2017,3168918.119,9.352517977
2/17/2017,3189904.332,-17.75147928
2/16/2017,2917083.567,3.680981587
2/15/2017,3546669.948,15.60283689
2/14/2017,3420752.672,1.438848906
2/13/2017,2959055.992,-6.081081069
2/12/2017,2917083.567,-12.42603551
2/11/2017,3105959.481,15.75342465
2/10/2017,3546669.948,-3.311258261
2/9/2017,3063987.056,20.79999998
2/8/2017,3168918.119,-21.38364779
2/7/2017,2623276.589,9.655172416
2/6/2017,3336807.821,4.548482835
2/5/2017,3043000.843,-5.095541408
2/4/2017,2910612.149,-18.22916666
2/3/2017,3066886.627,32.4137931
2/2/2017,3750587.467,-0.684931516
2/1/2017,2832474.91,-12.57485029
1/31/2017,2852009.22,9.868421058
1/30/2017,3262229.724,-10.58823529
1/29/2017,2969215.078,8.280254763
1/28/2017,3320832.653,4.666666664
1/27/2017,3066886.627,0.671140949
1/26/2017,2930146.459,7.194244595
1/25/2017,2910612.149,-20.11494252
1/24/2017,2715269.052,12.12996837
1/23/2017,3398969.892,-4.232804233
1/22/2017,3031276.956,8.620689638
1/21/2017,3165256.048,15.23178815
1/20/2017,2914045.251,-4.430379551
1/19/2017,2528855.36,-6.508875706
1/18/2017,2646087.06,1.197604686
1/17/2017,2830308.31,-2.906976665
1/16/2017,2796813.54,13.90728452
1/15/2017,2880550.47,-12.71676292
1/14/2017,2528855.36,13.07189545
1/13/2017,2897297.86,-4.374999811
1/12/2017,2562350.13,24.7615149
1/11/2017,2679581.83,-18.56287404
1/10/2017,2147763.14,20.14388502
1/9/2017,2637326.79,-13.66459657
1/8/2017,2195140.26,15.00000018
1/7/2017,2542572.54,-9.090909315
1/6/2017,2210932.64,-6.097560961
1/5/2017,2432025.91,2.500000237
1/4/2017,2589949.67,2.564102398
1/3/2017,2526780.16,5.405405486
1/2/2017,2463610.66,-5.73248392
1/1/2017,2337271.65,4.666666582
12/31/2016,2479403.03,-8.536585578
12/30/2016,2368856.4,7.682077248
12/29/2016,2589949.67,9.859154717
12/28/2016,2405181.75,-14.97005975
12/27/2016,2189332.11,21.8978101
12/26/2016,2574777.9,-9.868421196
12/25/2016,2112242.95,-4.402515628
12/24/2016,2343510.43,0
12/23/2016,2451435.25,15.21739147
12/22/2016,2451435.25,-9.210526535
12/21/2016,2127660.78,7.801418463
12/20/2016,2343510.43,-2.758620816
12/19/2016,2173914.28,9.022556842
12/18/2016,2235585.61,4.724409429
12/17/2016,2050571.62,-1.18137651
12/16/2016,1958064.63,-21.91011244
12/15/2016,1981473.29,14.10256421
12/14/2016,2537426.23,0
12/13/2016,2223811.75,18.18181789
12/12/2016,2223811.75,-2.222222188
12/11/2016,1881686.87,-14.01273892
12/10/2016,1924452.48,-10.28571413
12/9/2016,2238066.96,16.66666674
12/8/2016,2494660.62,-1.315789607
12/7/2016,2138280.53,2.702702498
12/6/2016,2166790.94,-13.95348816
12/5/2016,2109770.13,19.44444449
12/4/2016,2451895.01,0.367831173
12/3/2016,2052749.31,2.816901508
12/2/2016,2045226.33,-5.960265098
12/1/2016,1989192.73,-7.92682951
11/30/2016,2115268.33,13.88888937
11/29/2016,2297377.53,-6.493506704
11/28/2016,2017209.53,1.315789517
11/27/2016,2157293.53,-7.317073394
11/26/2016,2129276.73,11.56462624
11/25/2016,2297377.53,9.701492315
11/24/2016,2059234.73,-4.285714417
11/23/2016,1877125.54,8.527132066
11/22/2016,1961175.94,-9.154929397
11/21/2016,1807083.54,-4.054054191
11/20/2016,1989192.73,3.018248151
11/19/2016,2073243.13,-7.558139727
11/18/2016,2012500.86,10.25641024
11/17/2016,2177044.96,-9.302325571
11/16/2016,1974529.15,20.27972054
11/15/2016,2177044.96,-14.88095267
11/14/2016,1809985.05,3.067484624
11/13/2016,2126416.01,-2.97619044
11/12/2016,2063129.82,14.28571421
11/11/2016,2126416.01,-13.01775109
11/10/2016,1860614.01,15.75342425
11/9/2016,2139073.24,-5.194804942
11/8/2016,1847956.77,3.355704666
11/7/2016,1949214.67,28.95572182
11/6/2016,1885928.48,-25.64102582
11/5/2016,1462462.04,17.29323361
11/4/2016,1966759.3,-7.638889149
11/3/2016,1676788.37,-2.040816106
11/2/2016,1815470.12,-13.01775189
11/1/2016,1853292.41,13.42281889
10/31/2016,2130655.91,-1.973683994
10/30/2016,1878507.28,-6.17283979
10/29/2016,1916329.57,16.54676308
10/28/2016,2042403.89,0
10/27/2016,1752432.96,-2.797203042
10/26/2016,1752432.96,-0.694444368
10/25/2016,1802862.69,-3.355704855
10/24/2016,1815470.12,-10.86994948
10/23/2016,1878507.28,22.38805937
10/22/2016,2107602.62,6.349206732
10/21/2016,1722065.56,-18.70967747
10/20/2016,1619255.67,23.99999965
10/19/2016,1991941.5,-3.846153409
10/18/2016,1606404.44,-8.450704449
10/17/2016,1670660.61,4.411764529
10/16/2016,1824875.44,6.25000038
10/15/2016,1747768.03,-11.72413826
10/14/2016,1644958.14,4.316547165
10/13/2016,1863429.15,11.19999955
10/12/2016,1786321.73,-21.87499988
10/11/2016,1606404.44,-5.325443809
10/10/2016,2056197.68,25.77568816
10/9/2016,2171858.8,-10.55900646
10/8/2016,1726771.55,-3.592814622
10/7/2016,1930626.53,5.696202953
10/6/2016,2002575.35,3.947368154
10/5/2016,1894652.12,7.801418402
10/4/2016,1822703.31,-10.1910825
10/3/2016,1690797.15,10.56337985
10/2/2016,1882660.65,-0.699300748
10/1/2016,1702788.62,-3.378378062
9/30/2016,1714780.09,-12.42603544
9/29/2016,1774737.43,10.45751599
9/28/2016,2026558.28,-17.74193541
9/27/2016,1834694.78,18.96948777
9/26/2016,2230413.26,22.79411757
9/25/2016,1874777.56,-3.546099004
9/24/2016,1526764.96,-15.0602413
9/23/2016,1582896.02,8.496732129
9/22/2016,1863551.35,15.03759408
9/21/2016,1717610.58,-8.27586234
9/20/2016,1493086.32,-11.04294462
9/19/2016,1627800.88,16.4285716
9/18/2016,1829872.71,-9.090909038
9/17/2016,1571669.81,-1.282051516
9/16/2016,1728836.79,-6.024096411
9/15/2016,1751289.22,1.840490861
9/14/2016,1863551.35,1.6760298
9/13/2016,1829872.71,5.806451548
9/12/2016,1799709.05,8.391608521
9/11/2016,1700944.53,-0.694444717
9/10/2016,1569258.5,-5.263158147
9/9/2016,1580232.34,11.76470651
9/8/2016,1668023.03,-2.857143322
9/7/2016,1492441.65,-21.78770938
9/6/2016,1536337,42.06349186
9/5/2016,1964316.59,-17.64705861
9/4/2016,1382703.3,8.510638422
9/3/2016,1678996.86,4.444444159
9/2/2016,1547310.83,-18.18181813
9/1/2016,1481467.82,10.73825496
8/31/2016,1810682.89,-0.449267999
8/30/2016,1635101.52,5.55555552
8/29/2016,1642480.66,9.09090941
8/28/2016,1556034.31,1.538460991
8/27/2016,1426364.78,-15.03267982
8/26/2016,1404753.2,4.081633103
8/25/2016,1653286.46,-7.547170042
8/24/2016,1588451.69,-2.453987434
8/23/2016,1718121.22,4.487179076
8/22/2016,1761344.39,1.298701439
8/21/2016,1685703.84,0
8/20/2016,1664092.25,25.20325215
8/19/2016,1664092.25,-9.558823549
8/18/2016,1329112.64,-6.849315173
8/17/2016,1469587.96,-4.148734138
8/16/2016,1577645.9,0
8/15/2016,1645931.21,10.06711419
8/14/2016,1645931.21,-0.666666937
8/13/2016,1495388.72,-1.315789353
8/12/2016,1505424.89,21.60000001
8/11/2016,1525497.22,-16.10738243
8/10/2016,1254520.74,0.675675275
8/9/2016,1495388.72,-11.37724535
8/8/2016,1485352.56,-1.183431845
8/7/2016,1676039.71,10.457516
8/6/2016,1696112.04,-8.928570931
8/5/2016,1535533.39,8.387096314
8/4/2016,1686075.87,-4.196944836
8/3/2016,1555605.72,-0.649350665
8/2/2016,1623753.77,29.41176461
8/1/2016,1634366.54,-19.0476189
7/31/2016,1262919.6,7.299269536
7/30/2016,1560077.15,7.031250155
7/29/2016,1453949.46,-0.775193815
7/28/2016,1358434.53,-2.272727321
7/27/2016,1369047.3,4.761904869
7/26/2016,1400885.61,-3.816793975
7/25/2016,1337208.99,1.550387631
7/24/2016,1390272.84,-3.007518861
7/23/2016,1369047.3,-11.33333299
7/22/2016,1411498.38,17.18749964
7/21/2016,1591915.46,-14.09395946
7/20/2016,1358434.53,0.04385017
7/19/2016,1581302.69,-5.095541719
7/18/2016,1580609.59,16.29629646
7/17/2016,1665474.54,-4.929577685
7/16/2016,1432095.94,9.230769454
7/15/2016,1506352.77,-9.090909391
7/14/2016,1379055.35,0
7/13/2016,1516960.89,-8.333333031
7/12/2016,1516960.89,4.697986806
7/11/2016,1654866.42,2.758620542
7/10/2016,1580609.59,5.072463303
7/9/2016,1538177.12,-1.428571015
7/8/2016,1463920.3,-3.44827584
7/7/2016,1485136.53,-3.973510029
7/6/2016,1538177.12,-0.10090843
7/5/2016,1601825.83,3.355705035
7/4/2016,1603443.84,-5.095541191
7/3/2016,1551383.97,4.666666633
7/2/2016,1634679.75,2.73972591
7/1/2016,1561795.94,-2.013422892
6/30/2016,1520148.05,1.360544489
6/29/2016,1551383.97,0
6/28/2016,1530560.02,-11.44578336
6/27/2016,1530560.02,27.69230804
6/26/2016,1728387.51,-7.142857192
6/25/2016,1353556.48,8.527131604
6/24/2016,1457676.21,-13.42281885
6/23/2016,1343144.51,-2.940693999
6/22/2016,1551383.97,-7.344632723
6/21/2016,1598387.66,11.32075458
6/20/2016,1725089.12,6.71140923
6/19/2016,1549656.33,0
6/18/2016,1452193.67,-3.246753169
6/17/2016,1452193.67,15.7894736
6/16/2016,1500925,-17.39130441
6/15/2016,1296253.41,10.27397262
6/14/2016,1569148.866,-6.410256443
6/13/2016,1422954.872,8.333333333
6/12/2016,1520417.535,-12.72727271
6/11/2016,1403462.34,14.58333332
6/10/2016,1608133.931,-0.245451817
6/9/2016,1403462.34,-16.47058822
6/8/2016,1406915.64,-0.584795344
6/7/2016,1684335.625,43.69747908
6/6/2016,1694243.482,-16.19718315
6/5/2016,1179034.937,2.898550764
6/4/2016,1406915.64,-4.166666687
6/3/2016,1367284.213,13.38582682
6/2/2016,1426731.353,-12.41379316
6/1/2016,1258297.79,-1.360544201
5/31/2016,1436639.21,10.52631582
5/30/2016,1456454.923,-4.316546783
5/29/2016,1317744.93,1.459853997
5/28/2016,1377192.07,-1.438848904
5/27/2016,1357376.357,-5.442176874
5/26/2016,1377192.07,-16.67015961
5/25/2016,1456454.923,-1.630434812
5/24/2016,1747819.168,30.49645388
5/23/2016,1776788.547,-5.369127453
5/22/2016,1361560.789,23.14049579
5/21/2016,1438812.464,-21.42857141
5/20/2016,1168431.599,9.219858123
5/19/2016,1487094.762,0
5/18/2016,1361560.789,1.438848921
5/17/2016,1361560.789,-3.472222189
5/16/2016,1342247.87,-5.263157898
5/15/2016,1390530.167,9.352517952
5/14/2016,1467781.843,4.511278197
5/13/2016,1342247.87,-8.474769111
5/12/2016,1284309.113,-8.670520225
5/11/2016,1403229.58,6.134969272
5/10/2016,1536447.578,8.666666715
5/9/2016,1447635.58,-7.407407441
5/8/2016,1332179.981,3.846153827
5/7/2016,1438754.38,-7.142857109
5/6/2016,1385467.181,11.25827816
5/5/2016,1492041.579,-3.821656034
5/4/2016,1341061.181,1.290322526
5/3/2016,1394348.38,6.16438357
5/2/2016,1376585.981,-7.594936675
5/1/2016,1296655.182,16.17647057
4/30/2016,1403229.58,5.415116468
4/29/2016,1207843.183,-14.56953644
4/28/2016,1145796.944,18.89763785
4/27/2016,1341204.175,-3.787878767
4/26/2016,1128032.65,-8.333333392
4/25/2016,1172443.384,0.699300711
4/24/2016,1279029.147,-5.298013257
4/23/2016,1270147,-8.484848425
4/22/2016,1341204.175,9.99999994
4/21/2016,1465554.23,11.11111113
4/20/2016,1332322.028,-11.76470586
4/19/2016,1199089.825,6.993006951
4/18/2016,1358968.468,-1.379310291
4/17/2016,1270147,-12.12121212
4/16/2016,1287911.293,12.54493955
4/15/2016,1465554.23,3.28947372
4/14/2016,1302194.693,0.662251599
4/13/2016,1260723.524,-13.21839078
4/12/2016,1252429.291,7.407407363
4/11/2016,1443196.666,14.89361702
4/10/2016,1343665.862,-3.424657488
4/9/2016,1169486.954,-5.806451656
4/8/2016,1210958.122,4.026845697
4/7/2016,1285606.226,-9.146341485
4/6/2016,1235840.823,11.56462584
4/5/2016,1360254.329,-1.999999989
4/4/2016,1219252.356,9.489051069
4/3/2016,1244135.057,10.49713336
4/2/2016,1136310.019,-21.38364779
4/1/2016,1028361.537,-6.470588218
3/31/2016,1308075.875,19.71830984
3/30/2016,1398571.69,-7.189542465
3/29/2016,1168218.706,4.081632587
3/28/2016,1258714.521,1.379310379
3/27/2016,1209353.168,-3.973509951
3/26/2016,1192899.383,0
3/25/2016,1242260.737,1.342281913
3/24/2016,1242260.737,18.25396828
3/23/2016,1225806.952,-16.55629143
3/22/2016,1036588.429,11.85185188
3/21/2016,1242260.737,-2.173913053
3/20/2016,1110630.46,6.783771081
3/19/2016,1135311.137,-20.58823532
3/18/2016,1063186.967,11.84210533
3/17/2016,1338828.033,0
3/16/2016,1197069.77,0.662251655
3/15/2016,1197069.77,15.26717554
3/14/2016,1189194.311,-19.63190187
3/13/2016,1031685.131,1.242236022
3/12/2016,1283699.82,-2.424242419
3/11/2016,1267948.902,23.13432841
3/10/2016,1299450.738,-13.54838707
3/9/2016,1055311.508,11.51079135
3/8/2016,1220696.147,-15.28665258
3/7/2016,1094688.803,4.605263097
3/6/2016,1292227.065,14.28571431
3/5/2016,1235336.566,-15.28662421
3/4/2016,1080919.495,22.65624998
3/3/2016,1275972.637,-5.18518512
3/2/2016,1040283.424,-9.395973198
3/1/2016,1097173.923,13.74045807
2/29/2016,1210954.923,-12.66666669
2/28/2016,1064665.066,3.448275842
2/27/2016,1219082.137,17.88617887
2/26/2016,1178446.066,-8.888888849
2/25/2016,999647.3525,3.846153824
2/24/2016,1097173.923,3.174603176
2/23/2016,1056537.852,-20.25316456
2/22/2016,1024028.995,13.66906478
2/21/2016,1284099.851,-12.39591951
2/20/2016,1129682.78,28.57142866
2/19/2016,1289532.147,-6.040268517
2/18/2016,1002969.447,0.675675725
2/17/2016,1067446.055,-17.77777782
2/16/2016,1060281.987,17.64705882
2/15/2016,1289532.147,-3.773584829
2/14/2016,1096102.325,-17.18750001
2/13/2016,1139086.729,13.60946745
2/12/2016,1375500.956,0
2/11/2016,1210727.404,4.968944114
2/10/2016,1210727.404,-11.53846154
2/9/2016,1153414.864,14.40623054
2/8/2016,1303860.281,6.111111111
2/7/2016,1139675.938,-2.702702735
2/6/2016,1074040.151,6.321839078
2/5/2016,1103874.6,6.097561008
2/4/2016,1038238.813,-6.818181806
2/3/2016,978569.9154,-1.675977637
2/2/2016,1050172.592,1.129943459
2/1/2016,1068073.261,4.117647048
1/31/2016,1056139.482,14.86486488
1/30/2016,1014371.254,-3.896103899
1/29/2016,883099.6798,-6.097560967
1/28/2016,918901.0182,0.383339487
1/27/2016,978569.9154,4.216867476
1/26/2016,974832.9956,-7.262569797
1/25/2016,935388.8859,8.484848443
1/24/2016,1008642.232,23.13432836
1/23/2016,929754.0131,-8.219178084
1/22/2016,755072.9561,-2.013422816
1/21/2016,822691.4298,-14.85714286
1/20/2016,839596.0482,25.89928058
1/19/2016,986102.7412,0
1/18/2016,783247.3201,13.00813008
1/17/2016,783247.3201,-6.818181823
1/16/2016,693089.3552,-13.72549019
1/15/2016,743803.2105,-5.139939832
1/14/2016,862135.5394,3.529411764
1/13/2016,908849.8762,0
1/12/2016,877866.3577,6.918238999
1/11/2016,877866.3577,-9.142857151
1/10/2016,821063.2404,21.52777778
1/9/2016,903685.9565,5.88235294
1/8/2016,743604.4442,-16.56441717
1/7/2016,702293.0862,-6.857142866
1/6/2016,841718.9194,17.44966444
1/5/2016,903685.9565,8.759124086
1/4/2016,769424.0429,1.481481481
1/3/2016,707457.0059,-6.250000005
1/2/2016,697129.1664,-7.471264659
1/1/2016,743604.4442,13.81578948
12/31/2015,803647.0416,-5.590062112
12/30/2015,706094.5105,-17.43589744
12/29/2015,747902.7381,4.838709678
12/28/2015,905844.9313,38.80597016
12/27/2015,864036.7037,-10.0671141
12/26/2015,622478.0553,-9.696969691
12/25/2015,692158.4347,17.02127659
12/24/2015,766484.1726,-8.441558443
12/23/2015,654995.5657,-8.875739641
12/22/2015,715385.2278,9.032258064
12/21/2015,785065.6071,14.44459547
12/20/2015,720030.5864,0.62893082
12/19/2015,629152.1093,-5.35714285
12/18/2015,625219.9086,-12.95336788
12/17/2015,660609.7147,9.659090908
12/16/2015,758914.7318,18.12080536
12/15/2015,692067.3202,-10.7784431
12/14/2015,585897.9018,-4.571428577
12/13/2015,656677.514,-10.71428571
12/12/2015,688135.1195,10.73446327
12/11/2015,770711.3338,11.32075472
12/10/2015,695999.5209,5.298013251
12/9/2015,625219.9086,-4.507870218
12/8/2015,593762.3031,0
12/7/2015,621791.8738,2.380952375
12/6/2015,621791.8738,16.66666666
12/5/2015,607331.5977,-2.040816326
12/4/2015,520569.9409,-23.4375
12/3/2015,531415.148,27.99999999
12/2/2015,694093.2545,-4.45859872
12/1/2015,542260.3551,7.534246561
11/30/2015,567565.8383,-2.013422818
11/29/2015,527800.079,-8.024691351
11/28/2015,538645.2861,5.1948052
11/27/2015,585641.1835,1.315789461
11/26/2015,556720.6312,4.917953303
11/25/2015,549490.4932,-8.045977016
11/24/2015,523733.5231,-2.247191015
11/23/2015,569560.2064,11.94968554
11/22/2015,582653.5445,13.57142858
11/21/2015,520460.1886,0
11/20/2015,458266.8327,-13.04347828
11/19/2015,458266.8327,-8.522727273
11/18/2015,527006.8577,21.37931037
11/17/2015,576106.8755,-4.60526317
11/16/2015,474633.5053,-8.982035929
11/15/2015,497546.847,14.38356164
11/14/2015,546646.8648,-17.51412429
11/13/2015,477906.8399,30.92252171
11/12/2015,579380.21,-2.721088433
11/11/2015,442536.7022,5.000000007
11/10/2015,454915.3512,-14.11042946
11/9/2015,433252.7154,18.97810219
11/8/2015,504429.9473,-8.053691267
11/7/2015,423968.7287,-3.870967738
11/6/2015,461104.6757,-1.898734185
11/5/2015,479672.6492,8.965517244
11/4/2015,488956.636,-8.805031438
11/3/2015,448726.0267,4.605263142
11/2/2015,492051.2982,-7.317073164
11/1/2015,470388.6625,10.8108108
10/31/2015,507524.6095,11.27254303
10/30/2015,458010.0135,-13.92405064
10/29/2015,411610.9878,3.947368424
10/28/2015,478195.1182,-1.935483862
10/27/2015,460035.8099,11.51079137
10/26/2015,469115.464,-9.740259739
10/25/2015,420690.6419,-1.910828038
10/24/2015,466088.9126,8.275862076
10/23/2015,475168.5668,14.17322836
10/22/2015,438849.9502,-23.49397591
10/21/2015,384372.0253,16.0839161
10/20/2015,502407.5292,0
10/19/2015,432796.8474,9.160305326
10/18/2015,432796.8474,-15.48387096
10/17/2015,396478.2309,-4.907975471
10/16/2015,469115.464,7.361339314
10/15/2015,493327.8751,13.43283581
10/14/2015,459502.3481,-4.285714289
10/13/2015,405087.5964,-6.666666658
10/12/2015,423225.847,0.671140948
10/11/2015,453456.2646,12.03007518
10/10/2015,450433.2228,-2.91970804
10/9/2015,402064.5546,1.481481499
10/8/2015,414156.7217,-9.395973156
10/7/2015,408110.6381,0.675675661
10/6/2015,450433.2228,-1.986754968
10/5/2015,447410.1811,-0.657894723
10/4/2015,456479.3064,21.59999999
10/3/2015,459502.3481,-18.83116884
10/2/2015,377880.2205,1.829481763
10/1/2015,465548.4317,-10.40462429
9/30/2015,457184.3278,24.46043166
9/29/2015,510276.7014,-3.472222212
9/28/2015,409991.1069,-11.11111112
9/27/2015,424738.9884,11.72413794
9/26/2015,477831.362,-3.333333346
9/25/2015,427688.5647,-6.249999983
9/24/2015,442436.4463,21.2121212
9/23/2015,471932.2093,10
9/22/2015,389344.0727,-9.090909091
9/21/2015,353949.157,-8.333333333
9/20/2015,389344.0727,6.390989011
9/19/2015,424738.9884,-5.369127517
9/18/2015,399224.5888,-8.588957041
9/17/2015,421875.6293,2.51572326
9/16/2015,461514.9501,13.57142858
9/15/2015,450189.4299,2.941176458
9/14/2015,396393.2087,-21.38728323
9/13/2015,385067.6885,2.366863916
9/12/2015,489828.7508,19.85815602
9/11/2015,478503.2305,1.43884894
9/10/2015,399224.5888,2.20588233
9/9/2015,393561.8286,-14.4654088
9/8/2015,385067.6885,5.298013245
9/7/2015,450189.4299,-0.657894746
9/6/2015,427538.3894,5.673446897
9/5/2015,430369.7695,-1.948051956
9/4/2015,407263.8701,1.315789462
9/3/2015,415355.2053,-4.40251571
9/2/2015,409960.9819,10.41666666
9/1/2015,428840.7639,-12.72727273
8/31/2015,388384.0881,10.73825504
8/30/2015,445023.4343,0
8/29/2015,401869.6467,-3.870967733
8/28/2015,401869.6467,12.31884058
8/27/2015,418052.317,-12.10191084
8/26/2015,372201.4177,14.59854016
8/25/2015,423446.5405,-10.45751635
8/24/2015,369504.306,2.285532726
8/23/2015,412658.0936,-0.645161296
8/22/2015,403437.3998,1.973684204
8/21/2015,406057.1232,4.827586199
8/20/2015,398197.9531,0.694444451
8/19/2015,379859.8895,-2.04081632
8/18/2015,377240.1661,0
8/17/2015,385099.3362,9.701492543
8/16/2015,385099.3362,0
8/15/2015,351042.9323,-10.06711411
8/14/2015,351042.9323,21.13821139
8/13/2015,390338.783,-27.21893491
8/12/2015,322225.9752,-3.428571417
8/11/2015,442733.2505,29.62962962
8/10/2015,458451.5907,-14.01273886
8/9/2015,353662.6557,11.45489003
8/8/2015,411296.57,1.428571412
8/7/2015,369025.1454,11.11111114
8/6/2015,363827.6082,-12.50000002
8/5/2015,327444.8473,-2.040816329
8/4/2015,374222.6827,-6.369426752
8/3/2015,382018.9886,-4.268292681
8/2/2015,408006.6749,17.98561153
8/1/2015,426198.0553,1.459853998
7/31/2015,361228.8395,-8.053691261
7/30/2015,356031.3023,4.929577463
7/29/2015,387216.5258,-8.387096778
7/28/2015,369025.1454,12.31884058
7/27/2015,402809.1376,-9.803921558
7/26/2015,358630.0709,-6.785461652
7/25/2015,397611.6003,12.75167783
7/24/2015,426555.35,1.360544223
7/23/2015,378313.9712,5.000000004
7/22/2015,373235.9313,-2.777777788
7/21/2015,355462.7917,0.699300716
7/20/2015,365618.8715,-10.625
7/19/2015,363079.8515,11.1111111
7/18/2015,406243.1905,5.882352963
7/17/2015,365618.8715,-11.6883117
7/16/2015,345306.7119,10.7913669
7/15/2015,391009.0709,-4.137931022
7/14/2015,352923.7718,5.072463773
7/13/2015,368157.8914,-1.601967552
7/12/2015,350384.7518,-7.051282049
7/11/2015,356089.185,13.04347826
7/10/2015,383102.8473,-10.38961038
7/9/2015,338898.6726,4.054054056
7/8/2015,378191.2723,-12.94117647
7/7/2015,363456.5474,17.24137929
7/6/2015,417483.872,-6.451612896
7/5/2015,356089.185,-4.32098766
7/4/2015,380647.0598,15.71428574
7/3/2015,397837.5722,-3.448275886
7/2/2015,343810.2475,1.398601409
7/1/2015,356089.185,4.379562045
6/30/2015,351177.61,-7.347308077
6/29/2015,336442.8851,14.84375001
6/28/2015,363122.6229,-13.51351352
6/27/2015,316188.4063,-7.500000002
6/26/2015,365592.8448,5.960264895
6/25/2015,395235.5079,5.594405596
6/24/2015,373003.5106,-3.378378372
6/23/2015,353241.7352,21.3114754
6/22/2015,365592.8448,-8.955223854
6/21/2015,301367.0748,-16.77018635
6/20/2015,331009.7378,4.545454554
6/19/2015,397705.7298,8.450704229
6/18/2015,380414.1763,15.44715445
6/17/2015,350771.5132,-17.99999999
6/16/2015,303837.2967,3.448275856
6/15/2015,370533.2886,-4.172800849
6/14/2015,358182.179,16.17647056
6/13/2015,373779.2424,-12.2580645
6/12/2015,321734.0315,-1.898734171
6/11/2015,366682.1682,-2.46913582
6/10/2015,373779.2424,14.89361703
6/9/2015,383242.0081,-15.56886227
6/8/2015,333562.4885,3.726708062
6/7/2015,395070.4651,13.38028171
6/6/2015,380876.3167,0
6/5/2015,335928.1799,0
6/4/2015,335928.1799,-2.739726019
6/3/2015,335928.1799,3.910111978
6/2/2015,345390.9455,-6.802721086
6/1/2015,332393.9691,18.54838711
5/31/2015,356656.3026,-21.01910829
5/30/2015,300852.9355,18.93939395
5/29/2015,380918.6361,-8.965517252
5/28/2015,320262.8023,7.407407404
5/27/2015,351803.8359,-6.249999984
5/26/2015,327541.5024,2.127659559
5/25/2015,349377.6025,17.50000001
5/24/2015,342098.9025,-15.49295774
5/23/2015,291148.0021,-7.189542494
5/22/2015,344525.1358,7.746478886
5/21/2015,371213.7027,4.411764705
5/20/2015,344525.1358,-0.729927022
5/19/2015,329967.7357,-20.80924855
5/18/2015,332393.9691,38.45857394
5/17/2015,419738.3697,-22.42424243
5/16/2015,303150.8687,17.85714288
5/15/2015,390780.4167,-13.58024692
5/14/2015,331571.2626,2.531645584
5/13/2015,383675.3182,6.040268441
5/12/2015,374201.8535,15.50387599
5/11/2015,352886.5581,2.380952352
5/10/2015,305519.2348,-14.86486485
5/9/2015,298414.1364,-8.074534162
5/8/2015,350518.1919,12.58741259
5/7/2015,381306.952,-7.142857149
5/6/2015,338676.3611,16.66666668
5/5/2015,364728.3889,-4.281861829
5/4/2015,312624.3333,-6.122448981
5/3/2015,326609.2919,0
5/2/2015,347909.8979,10.52631579
5/1/2015,347909.8979,3.100775195
4/30/2015,314775.6219,-17.83439491
4/29/2015,305308.6859,13.76811595
4/28/2015,371577.2379,-7.382550338
4/27/2015,326609.2919,-3.246753248
4/26/2015,352643.3659,28.33333334
4/25/2015,364477.0359,-13.04347826
4/24/2015,284008.0799,-3.496503498
4/23/2015,326609.2919,-10.06289308
4/22/2015,338442.9619,-7.773065988
4/21/2015,376310.7059,22.05882353
4/20/2015,408026.9066,2.255639085
4/19/2015,334287.1042,-0.746268653
4/18/2015,326913.124,-2.898550709
4/17/2015,329371.1174,12.19512195
4/16/2015,339203.091,-22.15189874
4/15/2015,302333.1898,12.05673758
4/14/2015,388362.9593,3.676470598
4/13/2015,346577.0713,-0.729927003
4/12/2015,334287.1042,-3.52112677
4/11/2015,336745.0976,-0.699300696
4/10/2015,349035.0647,20.16806722
4/9/2015,351493.0581,-25.1572327
4/8/2015,292501.2162,23.25581395
4/7/2015,390820.9527,-14.56953643
4/6/2015,317081.1503,3.779307102
4/5/2015,371157.0054,1.986754947
4/4/2015,357640.6663,2.721088448
4/3/2015,350673.6404,3.521126746
4/2/2015,341384.2724,-4.69798657
4/1/2015,329772.5625,4.929577457
3/31/2015,346028.9564,-5.960264899
3/30/2015,329772.5625,0.66666667
3/29/2015,350673.6404,-12.79069768
3/28/2015,348351.2984,15.43624162
3/27/2015,399442.8222,-10.24096385
3/26/2015,346028.9564,-0.598802398
3/25/2015,385508.7702,8.223656471
3/24/2015,387831.1122,14.2857143
3/23/2015,358360.7548,-6.993007009
3/22/2015,313565.6604,1.41843972
3/21/2015,337142.0259,-1.398601402
3/20/2015,332426.7528,1.41843972
3/19/2015,337142.0259,-1.398601402
3/18/2015,332426.7528,9.160305366
3/17/2015,337142.0259,-10.88435374
3/16/2015,308850.3873,9.701492511
3/15/2015,346572.572,-3.597122295
3/14/2015,315923.297,4.511278206
3/13/2015,327711.4797,-19.87951808
3/12/2015,313565.6604,9.933774844
3/11/2015,391367.6664,14.39393938
3/10/2015,356003.1182,-14.03760485
3/9/2015,311208.0239,10.63829787
3/8/2015,362028.0977,-10.75949368
3/7/2015,327217.7037,38.59649123
3/6/2015,366669.4836,-27.38853504
3/5/2015,264558.9945,1.948051947
3/4/2015,364348.7907,2.666666685
3/3/2015,357386.7119,0
3/2/2015,348103.9401,11.11111111
3/1/2015,348103.9401,-14.55696203
2/28/2015,313293.5461,9.722222229
2/27/2015,366669.4836,-7.69230769
2/26/2015,334179.7825,13.04347826
2/25/2015,362028.0977,0.729926997
2/24/2015,320255.6249,-4.722467145
2/23/2015,317934.932,9.420289862
2/22/2015,333693.4978,-16.86746988
2/21/2015,304964.9185,1.219512187
2/20/2015,366841.8585,1.863354025
2/19/2015,362422.0771,3.870967746
2/18/2015,355792.405,-1.898734165
2/17/2015,342533.0607,17.91044775
2/16/2015,349162.7328,-16.77018634
2/15/2015,296125.3557,15
2/14/2015,355792.405,2.941176485
2/13/2015,309384.7,-9.333333335
2/12/2015,300545.1371,0
2/11/2015,331483.6071,-3.22580646
2/10/2015,331483.6071,30.43126196
2/9/2015,342533.0607,-25.58139534
2/8/2015,262615.7683,-1.714285723
2/7/2015,352889.9386,19.04761904
2/6/2015,359044.9957,-8.695652158
2/5/2015,301597.7964,19.25925925
2/4/2015,330321.396,-8.163265314
2/3/2015,276977.5681,-13.52941175
2/2/2015,301597.7964,9.677419341
2/1/2015,348786.5672,11.51079135
1/31/2015,318011.2819,-18.2352941
1/30/2015,285184.3109,7.594936685
1/29/2015,348786.5672,2.277690738
1/28/2015,324166.339,14.17322831
1/27/2015,316947.2606,0.793650802
1/26/2015,277602.0835,4.132231411
1/25/2015,275416.2403,-2.419354828
1/24/2015,264487.0244,-17.33333334
1/23/2015,271044.5539,9.489051096
1/22/2015,327876.4765,14.16666667
1/21/2015,299460.5152,-22.58064517
1/20/2015,262301.1812,4.026845618
1/19/2015,338805.6924,8.759124114
1/18/2015,325690.6334,-8.053691298
1/17/2015,299460.5152,7.194244614
1/16/2015,325690.6334,-7.947019861
1/15/2015,303832.2016,43.80952379
1/14/2015,330062.3197,-35.97560975
1/13/2015,229513.5336,20.70784318
1/12/2015,358478.281,4.255319152
1/11/2015,296980.1063,-7.23684209
1/10/2015,284858.4693,12.59259258
1/9/2015,307081.4704,-8.783783779
1/8/2015,272736.8323,-5.732484081
1/7/2015,299000.3791,-6.547619061
1/6/2015,317182.8346,1.204819288
1/5/2015,339405.8358,1.219512206
1/4/2015,335365.2901,2.499999991
1/3/2015,331324.7444,-3.614457834
1/2/2015,323243.6531,7.09677421
1/1/2015,335365.2901,9.348113905
12/31/2014,313142.2889,-13.60946747
12/30/2014,286371.916,1.197604803
12/29/2014,331485.3001,4.375000014
12/28/2014,327562.3971,11.11111108
12/27/2014,313832.2367,-14.79289941
12/26/2014,282449.0131,11.92052982
12/25/2014,331485.3001,-6.790123464
12/24/2014,296179.1734,25.58139534
12/23/2014,317755.1397,-11.03448273
12/22/2014,253027.2409,2.836879426
12/21/2014,284410.4645,13.7096774
12/20/2014,276564.6586,-10.79136691
12/19/2014,243219.9835,7.944728613
12/18/2014,272641.7557,-4.511278193
12/17/2014,252575.3311,-13.07189543
12/16/2014,264508.0239,15.90909094
12/15/2014,304283.6666,-7.6923077
12/14/2014,262519.2417,0.70422534
12/13/2014,284395.8452,-2.068965516
12/12/2014,282407.0631,-11.58536584
12/11/2014,288373.4095,17.98561149
12/10/2014,326160.27,-7.33333334
12/9/2014,276440.7167,22.95081969
12/8/2014,298317.3202,-15.86206897
12/7/2014,242631.4204,-3.333333342
12/6/2014,288373.4095,1.351351362
12/5/2014,298317.3202,21.42610473
12/4/2014,294339.7559,-14.78873241
12/3/2014,242402.3702,-0.699300674
12/2/2014,284472.2031,-8.333333347
12/1/2014,286475.5284,3.311258289
11/30/2014,312518.7583,-2.580645163
11/29/2014,302502.1314,18.32061066
11/28/2014,310515.4329,-8.391608363
11/27/2014,262435.624,11.71875
11/26/2014,286475.5284,-17.41935484
11/25/2014,256425.6478,9.929078003
11/24/2014,310515.4329,-10.75949366
11/23/2014,282468.8777,27.41935484
11/22/2014,316525.409,-9.48905111
11/21/2014,248412.3463,0
11/20/2014,274455.5762,-7.060723131
11/19/2014,274455.5762,-1.315789455
11/18/2014,295306.3392,4.827586209
11/17/2014,299243.757,-3.333333354
11/16/2014,285462.7945,2.739726059
11/15/2014,295306.3392,0
11/14/2014,287431.5034,8.148148148
11/13/2014,287431.5034,-4.255319161
11/12/2014,265775.7052,-10.75949368
11/11/2014,277587.9588,13.66906474
11/10/2014,311056.0106,-10.89743588
11/9/2014,273650.541,8.333333322
11/8/2014,307118.5927,-0.689655163
11/7/2014,283494.0856,-9.374999996
11/6/2014,285462.7945,7.369836639
11/5/2014,314993.4284,5.806451604
11/4/2014,293372.3644,-5.48780487
11/3/2014,277272.6615,2.499999992
11/2/2014,293372.3644,-14.89361701
11/1/2014,286216.9409,8.67052023
10/31/2014,336304.9055,20.13888887
10/30/2014,309472.0673,-4.000000006
10/29/2014,257595.2468,0.671140947
10/28/2014,268328.3821,14.61538465
10/27/2014,266539.5262,-14.47368422
10/26/2014,232551.2644,-6.748466263
10/25/2014,271906.0938,13.98601398
10/24/2014,291583.5085,-14.02536911
10/23/2014,255806.3909,22.14285714
10/22/2014,297537.0621,1.449275346
10/21/2014,243597.5947,2.985074636
10/20/2014,240117.6291,-20.71005915
10/19/2014,233157.6978,26.11940295
10/18/2014,294057.0964,-10.66666666
10/17/2014,233157.6978,2.040816343
10/16/2014,260997.4229,4.999999986
10/15/2014,255777.4744,-8.496732009
10/14/2014,243597.5947,3.37837838
10/13/2014,266217.3713,3.496503499
10/12/2014,257517.4572,-10.06289311
10/11/2014,248817.5431,11.97183102
10/10/2014,276657.2683,9.463533961
10/9/2014,247077.5603,-13.24503312
10/8/2014,225716.7765,-5.624999981
10/7/2014,260177.3531,-10.11235958
10/6/2014,275684.6125,24.47552447
10/5/2014,306699.1315,1.418439734
10/4/2014,246393.1225,-4.72972973
10/3/2014,242947.0648,2.068965523
10/2/2014,255008.2666,-4.605263159
10/1/2014,249839.1801,10.14492754
9/30/2014,261900.3819,-0.71942449
9/29/2014,237777.9783,8.593750041
9/28/2014,239501.0072,-15.2317881
9/27/2014,220547.69,7.643150447
9/26/2014,260177.3531,0
9/25/2014,241703.5845,7.947019858
9/24/2014,241703.5845,-3.821656026
9/23/2014,223909.4556,-10.28571429
9/22/2014,232806.52,1.156069383
9/21/2014,259497.7134,6.790123439
9/20/2014,256532.0252,-12.43243245
9/19/2014,240220.7404,-2.116402114
9/18/2014,274326.1542,11.83431956
9/17/2014,280257.5305,14.18918919
9/16/2014,250600.6489,-12.94117648
9/15/2014,219460.9233,4.452993887
9/14/2014,252083.493,9.937888196
9/13/2014,241336.7809,-0.617283934
9/12/2014,219521.0267,3.846153833
9/11/2014,220884.5113,18.18181818
9/10/2014,212703.6035,-13.7254902
9/9/2014,179979.9722,-6.707317066
9/8/2014,208613.1496,-2.380952359
9/7/2014,223611.4806,12.75167785
9/6/2014,229065.4191,-10.77844312
9/5/2014,203159.211,5.03144654
9/4/2014,227701.9345,11.18881119
9/3/2014,216794.0574,-4.666666683
9/2/2014,194978.3032,-11.51503956
9/1/2014,204522.6957,13.37209304
8/31/2014,231138.3705,3.614457799
8/30/2014,203875.896,-8.287292793
8/29/2014,196763.9462,12.42236023
8/28/2014,214543.8208,-3.0120482
8/27/2014,190837.3213,23.88059704
8/26/2014,196763.9462,-18.29268292
8/25/2014,158833.5469,4.458598705
8/24/2014,194393.2962,-2.484472045
8/23/2014,186096.0214,-4.166666648
8/22/2014,190837.3213,6.329113942
8/21/2014,199134.5961,-7.303808347
8/20/2014,187281.3463,17.71428571
8/19/2014,202037.8,6.060606064
8/18/2014,171634.0534,-3.50877192
8/17/2014,161826.3932,4.907975424
8/16/2014,167710.9893,-4.117647037
8/15/2014,159864.8612,8.280254811
8/14/2014,166730.2233,-13.25966853
8/13/2014,153980.265,-0.549450539
8/12/2014,177518.6495,1.67597762
8/11/2014,178499.4155,3.468208082
8/10/2014,175557.1175,7.453416193
8/9/2014,169672.5214,7.983749277
8/8/2014,157903.3291,2.614379051
8/7/2014,146228.7892,15.90909091
8/6/2014,142503.215,-2.222222155
8/5/2014,122943.9502,-11.18421056
8/4/2014,125738.1308,-10.05917157
8/3/2014,141571.8214,10.45751627
8/2/2014,157405.5119,-0.649350606
8/1/2014,142503.215,-12
7/31/2014,143434.6085,17.44966443
7/30/2014,162993.8733,9.558823527
7/29/2014,138777.6407,-15.52795029
7/28/2014,126669.5244,15.00000001
7/27/2014,149954.3634,-3.626272447
7/26/2014,130395.0986,5.369127493
7/25/2014,135301.4996,2.054794542
7/24/2014,128407.1557,2.097902037
7/23/2014,125821.7767,-4.0268456
7/22/2014,123236.3978,-12.35294117
7/21/2014,128407.1557,-1.162790709
7/20/2014,146504.8085,8.176100639
7/19/2014,148228.3945,-7.017543863
7/18/2014,137025.0856,3.636363602
7/17/2014,147366.6015,19.56521742
7/16/2014,142195.8436,-4.827586253
7/15/2014,118927.4328,-5.844155826
7/14/2014,124959.9838,-3.792849085
7/13/2014,132716.1207,10.00000005
7/12/2014,137948.2912,-2.597402599
7/11/2014,125407.5374,-3.144654127
7/10/2014,128751.7384,-1.851851816
7/9/2014,132931.9897,16.54676255
7/8/2014,135440.1404,-6.711409399
7/7/2014,116210.9847,-1.973684173
7/6/2014,124571.4872,-5.000000004
7/5/2014,127079.6379,20.30075184
7/4/2014,133768.0399,-4.316546764
7/3/2014,111194.6832,0.724637725
7/2/2014,116210.9847,10.39999996
7/1/2014,115374.9344,-28.16091953
6/30/2014,104506.2812,16.24267705
6/29/2014,145472.7434,0
6/28/2014,125145.7271,9.356725151
6/27/2014,125145.7271,-8.064516198
6/26/2014,114438.0713,-6.060606024
6/25/2014,124476.4987,25.3164557
6/24/2014,132507.2405,-18.13471505
6/23/2014,105738.101,2.116402157
6/22/2014,129161.0981,2.162162122
6/21/2014,126484.1841,22.51655632
6/20/2014,123807.2702,-11.17647062
6/19/2014,101053.5016,9.364722149
6/18/2014,113768.8429,-12.3152709
6/17/2014,104027.0031,9.139784932
6/16/2014,118637.5372,5.681818124
6/15/2014,108702.374,4.761904797
6/14/2014,102858.1604,8.387096781
6/13/2014,98182.78944,6.16438356
6/12/2014,90585.31168,-17.51412427
6/11/2014,85325.51939,30.14705878
6/10/2014,103442.5817,-9.333333333
6/9/2014,79481.30574,-1.960784306
6/8/2014,87663.20486,3.37837838
6/7/2014,89416.46895,14.76771339
6/6/2014,86494.36212,-20.76502733
6/5/2014,75364.71675,-2.659574462
6/4/2014,95115.47011,5.027932955
6/3/2014,97714.25344,0
6/2/2014,93036.44344,17.7631579
6/1/2014,93036.44344,-6.748466258
5/31/2014,79003.01342,24.42748091
5/30/2014,84720.33676,-25.98870056
5/29/2014,68088.12341,37.20930231
5/28/2014,91996.9301,-23.66863905
5/27/2014,67048.61008,11.9205298
5/26/2014,87838.87677,-10.11904762
5/25/2014,78483.25676,25.57270763
5/24/2014,87319.1201,-5.389221548
5/23/2014,69536.70248,-6.17977528
5/22/2014,73497.65388,-0.558659216
5/21/2014,78338.81671,1.129943498
5/20/2014,78778.92242,14.93506493
5/19/2014,77898.711,-15.84699453
5/18/2014,67776.27963,0.549450547
5/17/2014,80539.34527,9.638554217
5/16/2014,80099.23956,10.66666667
5/15/2014,73057.54817,-11.76470589
5/14/2014,66015.85678,8.280254786
5/13/2014,74817.97102,4.656238318
5/12/2014,69096.59676,-6.214689262
5/11/2014,66022.43485,6.62650602
5/10/2014,70397.41547,6.410256408
5/9/2014,66022.43485,-4.29447853
5/8/2014,62045.17974,-12.36559139
5/7/2014,64829.25832,48.8
5/6/2014,73976.94507,-17.76315791
5/5/2014,49715.68889,5.555555557
5/4/2014,60454.2777,-15.29411765
5/3/2014,57272.47361,1.190476202
5/2/2014,67613.3369,15.06849314
5/1/2014,66817.88587,5.937493258
4/30/2014,58067.92463,-4.819277111
4/29/2014,54813.38367,-0.598802396
4/28/2014,57588.74487,-6.179775284
4/27/2014,57935.66502,8.53658537
4/26/2014,61751.78667,11.56462586
4/25/2014,56894.90457,-16.00000001
4/24/2014,50997.26202,13.63636364
4/23/2014,60711.02622,-12.99435029
4/22/2014,53425.70307,4.117647061
4/21/2014,61404.86652,4.29447853
4/20/2014,58976.42547,4.48717949
4/19/2014,56547.98442,-10.34482759
4/18/2014,54119.54337,33.17245387
4/17/2014,60364.10607,-23.58974359
4/16/2014,45327.77186,7.14285714
4/15/2014,59321.58062,-8.542713572
4/14/2014,55366.80858,24.37500001
4/13/2014,60538.43356,7.382550328
4/12/2014,48674.11743,-14.85714285
4/11/2014,45327.77186,20.68965518
4/10/2014,53237.31594,-7.051282065
4/9/2014,44110.91892,6.849315069
4/8/2014,47457.2645,2.816901418
4/7/2014,44415.13216,-20.67039107
4/6/2014,43198.27922,8.848753147
4/5/2014,54454.16888,-3.365384617
4/4/2014,50027.37037,12.43243244
4/3/2014,51769.6171,3.351955309
4/2/2014,46045.09213,6.547619051
4/1/2014,44551.73779,12.75167786
3/31/2014,41813.9215,-12.86549708
3/30/2014,37084.96609,-6.557377052
3/29/2014,42560.59867,9.580838328
3/28/2014,45547.30735,5.696202535
3/27/2014,41565.02911,4.635761592
3/26/2014,39324.9976,-10.6122158
3/25/2014,37582.75087,-2.926829262
3/24/2014,42044.61628,16.47727271
3/23/2014,43312.29315,-2.762430929
3/22/2014,37185.18827,8.383233524
3/21/2014,38241.58566,7.741935498
3/20/2014,35283.67296,6.896551732
3/19/2014,32748.31921,-18.53932584
3/18/2014,30635.52442,12.65822783
3/17/2014,37607.74722,-9.714285715
3/16/2014,33382.15765,25.89928059
3/15/2014,36973.90879,-17.75147928
3/14/2014,29367.84755,12.04995595
3/13/2014,35706.23191,0
3/12/2014,31866.35069,1.818181829
3/11/2014,31866.35069,0.609756101
3/10/2014,31297.30871,-6.285714293
3/9/2014,31107.62805,4.790419159
3/8/2014,33194.1153,3.086419739
3/7/2014,31676.67003,0.621118016
3/6/2014,30728.26674,15.82733815
3/5/2014,30538.58608,-2.112676069
3/4/2014,26365.61158,-4.69798657
3/3/2014,26934.65356,0.67567568
3/2/2014,28262.41817,-21.27659576
3/1/2014,28072.73751,25.94423175
2/28/2014,35659.96387,0.552486165
2/27/2014,28314.09059,6.470588236
2/26/2014,28158.51867,-6.593406573
2/25/2014,26447.22748,0
2/24/2014,28314.09059,10.97560974
2/23/2014,28314.09059,-2.380952361
2/22/2014,25513.79592,-1.754385969
2/21/2014,26136.08362,-10.4712042
2/20/2014,26602.7994,14.37125748
2/19/2014,29714.23793,0.602409653
2/18/2014,25980.5117,2.683782154
2/17/2014,25824.93977,7.22222223
2/16/2014,25149.96938,-5.759162289
2/15/2014,23455.92999,6.111111095
2/14/2014,24889.34793,7.784431147
2/13/2014,23455.92999,0
2/12/2014,21761.8906,9.150326796
2/11/2014,21761.8906,1.324503289
2/10/2014,19937.54049,-13.71428571
2/9/2014,19676.91905,6.060606052
2/8/2014,22804.37638,-1.197604771
2/7/2014,21501.26916,-2.339181293
2/6/2014,21761.8906,20.90295897
2/5/2014,22283.13349,-12.88659794
2/4/2014,18430.59399,8.988764063
2/3/2014,21157.01322,-9.644670034
2/2/2014,19412.10491,7.065217398
2/1/2014,21484.18352,15.00000001
1/31/2014,20066.44552,1.265822736
1/30/2014,17449.08306,-4.81927709
1/29/2014,17230.96953,3.105590087
1/28/2014,18103.42368,0.625000005
1/27/2014,17558.13983,3.225806417
1/26/2014,17449.08306,-20.91836733
1/25/2014,16903.79922,34.98934201
1/24/2014,21375.12675,-6.315789487
1/23/2014,15834.67734,10.4651163
1/22/2014,16902.18368,-6.010928985
1/21/2014,15300.92417,-0.543478252
1/20/2014,16279.47165,12.88343558
1/19/2014,16368.43051,6.535947754
1/18/2014,14500.29442,-23.50000001
1/17/2014,13610.7058,16.95906431
1/16/2014,17791.77229,11.03896108
1/15/2014,15211.96531,-24.13793103
1/14/2014,13699.66466,34.79130871
1/13/2014,18058.64887,-8.212560357
1/12/2014,13397.4876,2.475247503
1/11/2014,14596.21017,11.60220999
1/10/2014,14243.64471,-8.121827467
1/9/2014,12762.86976,5.347593612
1/8/2014,13891.07925,5.649717546
1/7/2014,13185.94832,-1.666666684
1/6/2014,12480.81739,21.62162158
1/5/2014,12692.35667,-9.202453991
1/4/2014,10435.93771,11.64383567
1/3/2014,11493.6341,-12.31509192
1/2/2014,10294.91152,
1/1/2014,11740.80209,
