Date,Value,% variation
5/12/2019,125.1233821,1.115019708
5/11/2019,123.7436164,15.69522258
5/10/2019,106.9565481,-4.764683435
5/9/2019,112.3076522,21.65128726
5/8/2019,92.31932906,20.97665834
5/7/2019,76.31168717,21.37568111
5/6/2019,62.87230397,3.699786978
5/5/2019,60.62915441,-25.39993199
5/4/2019,81.27225085,25.59299522
5/3/2019,64.71081505,-1.393372693
5/2/2019,65.62521893,-23.23156179
5/1/2019,85.48463465,20.47776289
4/30/2019,70.95469952,47.96430437
4/29/2019,47.95393039,-11.88329047
4/28/2019,54.42092725,-40.48939817
4/27/2019,91.44744899,-3.025875278
4/26/2019,94.30087588,-27.83552402
4/25/2019,130.6749264,35.44080338
4/24/2019,96.48121035,37.58082097
4/23/2019,70.12693315,39.38189683
4/22/2019,50.31279868,-13.38974084
4/21/2019,58.09103814,-25.9354795
4/20/2019,78.43301725,8.303597041
4/19/2019,72.4195866,-6.131217314
4/18/2019,77.14980905,0.758946434
4/17/2019,76.56869368,-3.040442229
4/16/2019,78.96972247,37.52103951
4/15/2019,57.42373876,-13.28495371
4/14/2019,66.22119369,-34.15132203
4/13/2019,100.5657148,-12.76781077
4/12/2019,115.285098,3.130733976
4/11/2019,111.7853946,-2.732348208
4/10/2019,114.9255611,-11.96441552
4/9/2019,130.5444404,52.65419501
4/8/2019,85.51644481,5.77487502
4/7/2019,80.84759712,-29.58941514
4/6/2019,114.8230728,-25.66331186
4/5/2019,154.4635303,8.698298476
4/4/2019,142.1029882,24.11848232
4/3/2019,114.4897888,85.11855884
4/2/2019,61.8467373,38.65580098
4/1/2019,44.60450761,-18.4169282
3/31/2019,54.67372903,-13.87534202
3/30/2019,63.48208552,32.76074443
3/29/2019,47.81690988,-0.424000868
3/28/2019,48.02051729,31.87031424
3/27/2019,36.41495629,24.70464519
3/26/2019,29.20096219,86.27455137
3/25/2019,15.67630252,-12.661305
3/24/2019,17.94886278,-33.88275096
3/23/2019,27.14701994,-23.59496602
3/22/2019,35.53040752,30.62749571
3/21/2019,27.1997923,21.92449386
3/20/2019,22.30871865,-0.295362702
3/19/2019,22.37480548,33.33644929
3/18/2019,16.78071195,-24.96220677
3/17/2019,22.36301366,-28.14978271
3/16/2019,31.12448995,-17.14360058
3/15/2019,37.56437664,4.220569721
3/14/2019,36.04315035,14.40716735
3/13/2019,31.50427651,2.214286875
3/12/2019,30.82179358,61.48323922
3/11/2019,19.08668276,-22.2354854
3/10/2019,24.54420613,-28.92784269
3/9/2019,34.53420729,-9.49883022
3/8/2019,38.15885184,-0.723242559
3/7/2019,38.43684345,32.43292939
3/6/2019,29.02363002,1.98073085
3/5/2019,28.45991569,33.08790067
3/4/2019,21.38429981,-15.54896621
3/3/2019,25.32153705,-16.94076756
3/2/2019,30.48611973,0.627734075
3/1/2019,30.29594178,-7.247432948
2/28/2019,32.66318415,-8.877031812
2/27/2019,35.84517142,-7.742649707
2/26/2019,38.85345862,31.45966696
2/25/2019,29.55542146,16.17967164
2/24/2019,25.43940867,-34.79215793
2/23/2019,39.01280561,12.37828517
2/22/2019,34.71560858,-8.06696975
2/21/2019,37.76184521,3.194317636
2/20/2019,36.59295015,24.44845844
2/19/2019,29.40410079,53.36714818
2/18/2019,19.17235936,-14.27793116
2/17/2019,22.36572171,-15.49094528
2/16/2019,26.46547377,1.088890131
2/15/2019,26.180398,-26.53705583
2/14/2019,35.63755618,3.851071198
2/13/2019,34.31602175,48.31035079
2/12/2019,23.13798165,69.87297749
2/11/2019,13.62075475,-23.27476842
2/10/2019,17.75264078,-15.10193336
2/9/2019,20.91053599,24.90306651
2/8/2019,16.74141122,-23.17111741
2/7/2019,21.79051765,26.60946211
2/6/2019,17.21081291,0.718045543
2/5/2019,17.08811248,15.90486467
2/4/2019,14.74322284,-22.1014529
2/3/2019,18.92618462,-42.83978799
2/2/2019,33.11076701,14.03242261
2/1/2019,29.03627429,36.81215022
1/31/2019,21.22346169,-8.3211936
1/30/2019,23.14980149,-4.194029955
1/29/2019,24.16321392,51.89492458
1/28/2019,15.90784813,-19.9814446
1/27/2019,19.8801991,-19.91344727
1/26/2019,24.82339222,7.979462969
1/25/2019,22.98899396,1.39468114
1/24/2019,22.67278096,8.480308961
1/23/2019,20.9003654,4.926384544
1/22/2019,19.91907516,38.10953142
1/21/2019,14.42266508,-17.94730612
1/20/2019,17.57732062,-15.97026707
1/19/2019,20.91797749,-10.94032106
1/18/2019,23.48759589,-6.346608688
1/17/2019,25.07927963,18.27846244
1/16/2019,21.20358949,6.048418183
1/15/2019,19.99425343,41.03209652
1/14/2019,14.17709438,-17.20312026
1/13/2019,17.12273992,-29.41749894
1/12/2019,24.25918558,-6.13641194
1/11/2019,25.84515048,6.931643587
1/10/2019,24.16978699,15.38634396
1/9/2019,20.94683492,-12.26769206
1/8/2019,23.87585077,43.8730306
1/7/2019,16.59508434,35.23740267
1/6/2019,12.27107591,-37.32611922
1/5/2019,19.57925017,2.146366041
1/4/2019,19.1678382,6.249474097
1/3/2019,18.0404076,60.66330373
1/2/2019,11.22870449,-29.41663444
1/1/2019,15.90842885,14.35797063
12/31/2018,13.91108006,-9.152195898
12/30/2018,15.31251107,-14.79174225
12/29/2018,17.97068908,6.231102743
12/28/2018,16.91659845,4.252207309
12/27/2018,16.22660938,-11.26570133
12/26/2018,18.28673875,-20.55168438
12/25/2018,23.01715097,48.98290931
12/24/2018,15.44952443,-17.71866413
12/23/2018,18.77646281,-39.35055361
12/22/2018,30.95900116,12.05634619
12/21/2018,27.62806589,-16.09956156
12/20/2018,32.92958464,23.89627817
12/19/2018,26.57834854,26.71132575
12/18/2018,20.97551137,41.26110065
12/17/2018,14.84875261,-19.18246318
12/16/2018,18.37318136,-26.78660507
12/15/2018,25.09538231,13.6140989
12/14/2018,22.08826418,-1.205518488
12/13/2018,22.35779149,-4.122042313
12/12/2018,23.31901099,1.506897985
12/11/2018,22.97283382,36.4702125
12/10/2018,16.83358837,-14.77683946
12/9/2018,19.7523634,-36.68171739
12/8/2018,31.19535557,9.550786083
12/7/2018,28.47570217,8.226946926
12/6/2018,26.31110179,-16.47293676
12/5/2018,31.50009203,1.199756067
12/4/2018,31.12664818,33.90481991
12/3/2018,23.24535308,-25.2976838
12/2/2018,31.11731237,-23.69115824
12/1/2018,40.77812171,-9.527472694
11/30/2018,45.07238045,16.3535833
11/29/2018,38.73742361,3.622749746
11/28/2018,37.38312649,-2.340407928
11/27/2018,38.27901151,19.58032945
11/26/2018,32.01112732,2.665656092
11/25/2018,31.17997638,-15.6941051
11/24/2018,36.98433712,-5.493608023
11/23/2018,39.13421764,-21.65346904
11/22/2018,49.95016009,-27.99214041
11/21/2018,69.36765011,73.55151862
11/20/2018,39.9694861,121.5914578
11/19/2018,18.03746701,-16.30331815
11/18/2018,21.55099415,-41.63938944
11/17/2018,36.92729384,-4.460113963
11/16/2018,38.65118054,49.67519262
11/15/2018,25.82337117,42.88755549
11/14/2018,18.07251239,-5.73484936
11/13/2018,19.17199757,35.5890138
11/12/2018,14.13978687,-15.07228743
11/11/2018,16.64920253,-25.76919211
11/10/2018,22.42896582,6.810173668
11/9/2018,20.99890399,3.247516019
11/8/2018,20.33841084,6.017968171
11/7/2018,19.18392815,2.649716901
11/6/2018,18.68872972,45.5986737
11/5/2018,12.83578294,-5.562660957
11/4/2018,13.59185156,-25.82777416
11/3/2018,18.32471846,4.956242148
11/2/2018,17.45938887,4.84675667
11/1/2018,16.65229276,-11.28906526
10/31/2018,18.77140942,-4.24790353
10/30/2018,19.6041759,18.71292234
10/29/2018,16.5139359,26.09408008
10/28/2018,13.09651959,-26.89675056
10/27/2018,17.91509911,2.138885262
10/26/2018,17.53993992,3.531232226
10/25/2018,16.94168952,2.161024461
10/24/2018,16.58331992,-0.695780101
10/23/2018,16.6995118,33.98152936
10/22/2018,12.46404029,-12.99158871
10/21/2018,14.32509812,-18.87824351
10/20/2018,17.65876226,-2.21769537
10/19/2018,18.05926167,-4.195306425
10/18/2018,18.8500803,-2.429401535
10/17/2018,19.31942675,-16.35170696
10/16/2018,23.09602031,85.99049244
10/15/2018,12.41784997,-6.525632878
10/14/2018,13.28476496,-27.97968202
10/13/2018,18.44585713,0.155569366
10/12/2018,18.4172056,17.80273418
10/11/2018,15.6339373,-6.194421329
10/10/2018,16.66631934,-0.772083601
10/9/2018,16.79599849,28.540305
10/8/2018,13.06671747,-25.66759796
10/7/2018,17.57876392,-17.61263474
10/6/2018,21.33672301,14.04423655
10/5/2018,18.70916379,-12.42866944
10/4/2018,21.36448501,-16.94304087
10/3/2018,25.72269107,17.86776417
10/2/2018,21.82334691,41.45334324
10/1/2018,15.42794706,-19.25440288
9/30/2018,19.10685859,-33.92803723
9/29/2018,28.91825487,22.25779301
9/28/2018,23.65350638,17.48119268
9/27/2018,20.1338664,-0.903191991
9/26/2018,20.31737127,31.00845358
9/25/2018,15.50844294,7.121901474
9/24/2018,14.47737832,-22.39815354
9/23/2018,18.65597145,-27.16094669
9/22/2018,25.61259462,40.25130352
9/21/2018,18.26192982,6.836426176
9/20/2018,17.09335521,-10.09972311
9/19/2018,19.01368472,8.913030272
9/18/2018,17.45767671,33.56903987
9/17/2018,13.07015213,-16.75039394
9/16/2018,15.69995673,-26.00967181
9/15/2018,21.21893106,4.536858894
9/14/2018,20.29803773,-15.12215808
9/13/2018,23.91441308,2.748517207
9/12/2018,23.27470384,16.51833372
9/11/2018,19.97514305,8.736139549
9/10/2018,18.37028897,-2.386300917
9/9/2018,18.81937591,-32.60006543
9/8/2018,27.92194982,-10.76415448
9/7/2018,31.29006024,-1.688068942
9/6/2018,31.82732747,32.02778268
9/5/2018,24.1065379,21.04116728
9/4/2018,19.91598267,22.15908301
9/3/2018,16.3033171,-15.13870058
9/2/2018,19.2117222,-23.93289385
9/1/2018,25.25628116,4.793429159
8/31/2018,24.10101603,1.917719339
8/30/2018,23.64752291,-47.69805062
8/29/2018,45.21346372,38.45460467
8/28/2018,32.65580356,17.45421893
8/27/2018,27.80300602,31.99848259
8/26/2018,21.06312548,9.969749028
8/25/2018,19.15356329,-0.801761449
8/24/2018,19.30837036,-20.45716882
8/23/2018,24.27418043,-1.931521017
8/22/2018,24.75227584,-14.85970255
8/21/2018,29.07233893,70.55365631
8/20/2018,17.04586085,3.60136749
8/19/2018,16.45331646,-33.88059855
8/18/2018,24.88424895,3.47873019
8/17/2018,24.04769454,8.502343661
8/16/2018,22.16329503,-16.2252747
8/15/2018,26.45582537,32.80500365
8/14/2018,19.92080467,55.93271258
8/13/2018,12.77525693,-16.99261605
8/12/2018,15.39050663,-24.60999116
8/11/2018,20.41451761,-1.617766425
8/10/2018,20.7502075,-0.003144978
8/9/2018,20.75086011,11.47183417
8/8/2018,18.61533926,4.872278146
8/7/2018,17.7504862,30.23164868
8/6/2018,13.6299328,-20.73100084
8/5/2018,17.19453121,-25.93314462
8/4/2018,23.21487948,-7.910489553
8/3/2018,25.20903778,18.44516329
8/2/2018,21.2832986,-16.80677087
8/1/2018,25.5829697,4.089345205
7/31/2018,24.57789474,56.83902904
7/30/2018,15.67077716,-6.436474121
7/29/2018,16.74880998,-19.18175531
7/28/2018,20.72404572,-13.21671397
7/27/2018,23.88022702,-10.97497511
7/26/2018,26.82417337,-9.509097078
7/25/2018,29.64295029,13.48442316
7/24/2018,26.12072165,76.82208168
7/23/2018,14.77231882,-14.99507153
7/22/2018,17.37819099,-24.72997636
7/21/2018,23.08779797,-19.9102843
7/20/2018,28.82741906,-9.423745243
7/19/2018,31.82668475,27.60228293
7/18/2018,24.94209666,5.628997387
7/17/2018,23.61292569,54.55289299
7/16/2018,15.27821656,1.769011097
7/15/2018,15.01264127,-23.15058866
7/14/2018,19.53514153,4.840438364
7/13/2018,18.63321237,-8.850620763
7/12/2018,20.44250057,-10.57803111
7/11/2018,22.86071401,14.72768808
7/10/2018,19.92606527,27.36542702
7/9/2018,15.64479917,-5.581844347
7/8/2018,16.56969368,-23.65188543
7/7/2018,21.70281974,9.798715175
7/6/2018,19.76600519,-8.255107163
7/5/2018,21.54452916,-22.78665458
7/4/2018,27.90259772,18.83236791
7/3/2018,23.48063765,39.82487951
7/2/2018,16.7928896,-28.85604063
7/1/2018,23.60409759,-13.88708618
6/30/2018,27.41063627,0.925576922
6/29/2018,27.15925646,-15.54658329
6/28/2018,32.15886049,-0.571936146
6/27/2018,32.34384664,-6.736680197
6/26/2018,34.68013653,28.29831858
6/25/2018,27.03085817,-15.36454667
6/24/2018,31.93798474,-53.67064415
6/23/2018,68.9368202,-6.234078143
6/22/2018,73.52012206,-63.83402305
6/21/2018,203.2853202,142.5588657
6/20/2018,83.80865389,378.2804041
6/19/2018,17.52291191,-25.39956246
6/18/2018,23.48902029,42.85772205
6/17/2018,16.44224754,-29.11153859
6/16/2018,23.19453295,-17.21332906
6/15/2018,28.01723114,-25.11611281
6/14/2018,37.41423181,70.79028917
6/13/2018,21.90653344,-11.20539664
6/12/2018,24.67101897,47.72222173
6/11/2018,16.7009531,-10.72526128
6/10/2018,18.7073671,4.566393083
6/9/2018,17.89042019,-13.44714489
6/8/2018,20.6699365,6.228629196
6/7/2018,19.4579716,5.017691813
6/6/2018,18.52827963,-10.53787431
6/5/2018,20.71075272,35.29892456
6/4/2018,15.3074038,-5.965052815
6/3/2018,16.27842016,-20.10499717
6/2/2018,20.37476636,-5.908229006
6/1/2018,21.6541427,-4.447926421
5/31/2018,22.66213792,-20.86369822
5/30/2018,28.63684227,-1.672735456
5/29/2018,29.12400991,49.57717189
5/28/2018,19.47089221,-13.51682492
5/27/2018,22.51408114,-25.88435888
5/26/2018,30.37696335,2.094990043
5/25/2018,29.75362781,-3.460788028
5/24/2018,30.82025138,16.19701626
5/23/2018,26.52413321,-15.22898757
5/22/2018,31.28915469,25.21092209
5/21/2018,24.98915763,-20.47723737
5/20/2018,31.42390531,-55.1982795
5/19/2018,70.13995212,29.75118465
5/18/2018,54.05727301,67.05530692
5/17/2018,32.35890796,-14.47304097
5/16/2018,37.83474629,7.309048978
5/15/2018,35.25774075,51.07059364
5/14/2018,23.33858622,-17.78813805
5/13/2018,28.38834405,-26.47812138
5/12/2018,38.61210375,44.55085107
5/11/2018,26.71177891,-12.50522372
5/10/2018,30.52956993,-10.97728741
5/9/2018,34.29413578,-4.473538885
5/8/2018,35.90014262,14.76309186
5/7/2018,31.28195837,-2.785592101
5/6/2018,32.17831497,-18.28463463
5/5/2018,39.37853649,-0.056128945
5/4/2018,39.40065166,1.321299206
5/3/2018,38.88684015,22.44776251
5/2/2018,31.75790178,-13.51124704
5/1/2018,36.71911167,5.253852119
4/30/2018,34.8862402,-16.83271711
4/29/2018,41.9470722,-24.59699678
4/28/2018,55.63050596,-17.69212476
4/27/2018,67.58831497,-26.32014105
4/26/2018,91.73241634,40.24033693
4/25/2018,65.4108642,124.5190623
4/24/2018,29.13376866,34.01307709
4/23/2018,21.73949684,-23.46837935
4/22/2018,28.40590158,-2.126117384
4/21/2018,29.02296386,4.88098476
4/20/2018,27.6722839,9.298955971
4/19/2018,25.31797642,-3.133871107
4/18/2018,26.13707878,1.579626995
4/17/2018,25.73063079,5.865534457
4/16/2018,24.30501194,2.296423139
4/15/2018,23.75939568,-34.66116845
4/14/2018,36.36336175,1.83188847
4/13/2018,35.70920887,56.93919423
4/12/2018,22.75353142,-1.021957847
4/11/2018,22.98846383,2.516882275
4/10/2018,22.42407623,6.693202901
4/9/2018,21.01734283,-22.63249568
4/8/2018,27.16559493,-21.33070871
4/7/2018,34.53138383,41.15797236
4/6/2018,24.46293557,-1.434619487
4/5/2018,24.81899369,-1.234832798
4/4/2018,25.12929851,17.46788871
4/3/2018,21.39248333,17.01515696
4/2/2018,18.28180544,-8.930099669
4/1/2018,20.07447617,-22.08525584
3/31/2018,25.7646693,-5.281229884
3/30/2018,27.20122872,12.90221038
3/29/2018,24.09273355,-12.42280172
3/28/2018,27.51028124,1.946311964
3/27/2018,26.98506764,33.3816123
3/26/2018,20.23147507,-7.045783076
3/25/2018,21.76498898,-17.10998655
3/24/2018,26.25767336,-5.291709042
3/23/2018,27.7247885,-10.63805547
3/22/2018,31.0252744,-1.127519053
3/21/2018,31.3790795,1.944178218
3/20/2018,30.78064883,21.50445618
3/19/2018,25.33293823,17.74318833
3/18/2018,21.51541723,-27.4396884
3/17/2018,29.65177072,-19.08647651
3/16/2018,36.64624829,-1.064023703
3/15/2018,37.04036657,-38.95413294
3/14/2018,60.67628875,81.29732395
3/13/2018,33.46783473,-15.50742117
3/12/2018,39.61038377,-1.645857593
3/11/2018,40.27322368,15.57507722
3/10/2018,34.8459414,-2.202755102
3/9/2018,35.63080068,2.276539882
3/8/2018,34.8377064,-6.450922617
3/7/2018,37.24003205,-16.37350647
3/6/2018,44.53138052,33.0650935
3/5/2018,33.46586197,-11.84796354
3/4/2018,37.96379904,-9.639627192
3/3/2018,42.01376982,-19.29081219
3/2/2018,52.05574602,1.474992391
3/1/2018,51.29908837,1.490335137
2/28/2018,50.54578675,9.429318524
2/27/2018,46.19035139,11.46158119
2/26/2018,41.44060303,-56.88106533
2/25/2018,96.10766905,29.9663701
2/24/2018,73.94810594,96.65883804
2/23/2018,37.60222865,-7.571643436
2/22/2018,40.68256761,-22.10989408
2/21/2018,52.23072575,2.598041453
2/20/2018,50.9081119,14.18655374
2/19/2018,44.58328081,-8.337946075
2/18/2018,48.63875388,-16.51021915
2/17/2018,58.25713445,-9.086946853
2/16/2018,64.08005499,0.504381196
2/15/2018,63.75846926,-7.0213727
2/14/2018,68.57325292,-1.995803615
2/13/2018,69.96971094,12.91887561
2/12/2018,61.96458348,-30.21665006
2/11/2018,88.79565618,0.488212081
2/10/2018,88.36425123,0.431035655
2/9/2018,87.98500449,-28.76924597
2/8/2018,123.521091,-24.80604996
2/7/2018,164.2699857,-5.465645812
2/6/2018,173.7675019,56.10191897
2/5/2018,111.3166981,-24.23712781
2/4/2018,146.9277694,-46.44759206
2/3/2018,274.3625824,28.19031426
2/2/2018,214.0275449,31.94779058
2/1/2018,162.2062363,1.188597415
1/31/2018,160.3009039,9.982615379
1/30/2018,145.7511292,-6.175760668
1/29/2018,155.3448557,-7.672795107
1/28/2018,168.2546936,-19.54625793
1/27/2018,209.132216,-5.307680967
1/26/2018,220.8544664,-22.09666758
1/25/2018,283.498099,-0.860233379
1/24/2018,285.9580052,-9.10788055
1/23/2018,314.6125395,-8.373115988
1/22/2018,343.3626963,-20.03722881
1/21/2018,429.4031975,-12.63236231
1/20/2018,491.4899943,-25.1801129
1/19/2018,656.8975354,-2.695784401
1/18/2018,675.0966865,11.33182949
1/17/2018,606.3824601,18.87110716
1/16/2018,510.1176178,3.824998408
1/15/2018,491.3244648,-7.028235237
1/14/2018,528.466321,-14.43722563
1/13/2018,617.6357942,-11.44255334
1/12/2018,697.4408335,-3.177016633
1/11/2018,720.3257009,-4.265247945
1/10/2018,752.4182028,8.33543503
1/9/2018,694.5264055,1.226094057
1/8/2018,686.1140025,-1.204344023
1/7/2018,694.4779056,-0.980688125
1/6/2018,701.3560209,-9.881654683
1/5/2018,778.2610948,3.811681462
1/4/2018,749.6854726,15.48458404
1/3/2018,649.1649763,38.29291601
1/2/2018,469.4130365,-13.89200223
1/1/2018,545.1445262,-29.98140832
12/31/2017,778.5711097,-0.91931604
12/30/2017,785.7950496,-0.004942781
12/29/2017,785.8338917,0.129554788
12/28/2017,784.8171235,8.157574749
12/27/2017,725.6238182,5.255250911
12/26/2017,689.394412,-21.75942599
12/25/2017,881.1213628,-17.31339452
12/24/2017,1065.615595,-28.76646251
12/23/2017,1495.946477,32.52987912
12/22/2017,1128.76167,23.82315651
12/21/2017,911.5917428,37.57892038
12/20/2017,662.5955054,12.85415534
12/19/2017,587.1254837,9.653170517
12/18/2017,535.4386753,0.267277439
12/17/2017,534.0113834,-9.902507394
12/16/2017,592.7039343,-8.052027667
12/15/2017,644.6079443,6.670550418
12/14/2017,604.2979452,12.33471445
12/13/2017,537.9440791,11.22851293
12/12/2017,483.6386507,5.574838947
12/11/2017,458.1002969,-19.21889477
12/10/2017,567.0884245,-11.58992863
12/9/2017,641.4296648,77.39777239
12/8/2017,361.5770684,40.59848842
12/7/2017,257.1699543,17.06584225
12/6/2017,219.679754,-2.84811525
12/5/2017,226.1199096,20.62871761
12/4/2017,187.4511427,-1.494888422
12/3/2017,190.2958534,-22.97333107
12/2/2017,247.0519056,-8.712684769
12/1/2017,270.6311441,-6.968317689
11/30/2017,290.9021286,18.62375929
11/29/2017,245.2309135,3.690366441
11/28/2017,236.5030831,23.67980021
11/27/2017,191.2220773,-2.258072644
11/26/2017,195.6397653,-16.22732378
11/25/2017,233.5364872,-12.17777318
11/24/2017,265.9195691,29.32871933
11/23/2017,205.6152497,-33.7358896
11/22/2017,310.2965518,-5.690148422
11/21/2017,329.0181743,32.96696643
11/20/2017,247.4435441,-14.67122455
11/19/2017,289.9883924,-27.71369468
11/18/2017,401.1664327,-20.18816135
11/17/2017,502.6402592,-16.71384222
11/16/2017,603.509962,-1.882159679
11/15/2017,615.0868792,-21.48357622
11/14/2017,783.3862644,34.23101685
11/13/2017,583.6104671,84.07061225
11/12/2017,317.0579268,-0.911023977
11/11/2017,319.9729572,-11.44576694
11/10/2017,361.32994,17.98462188
11/9/2017,306.2517252,4.12216434
11/8/2017,294.127314,22.38074695
11/7/2017,240.3378973,21.59378506
11/6/2017,197.6563993,-27.66455798
11/5/2017,273.249729,0.543053107
11/4/2017,271.7738527,-2.095509729
11/3/2017,277.5907948,26.66548925
11/2/2017,219.1526646,-5.494872576
11/1/2017,231.8949993,-12.02468144
10/31/2017,263.5909742,-5.474542122
10/30/2017,278.857125,59.31207943
10/29/2017,175.0382808,5.022468616
10/28/2017,166.66746,47.95090475
10/27/2017,112.6505176,-20.65489016
10/26/2017,141.9753754,-28.93789929
10/25/2017,199.7905691,7.620070544
10/24/2017,185.6443395,19.51460283
10/23/2017,155.3319302,-7.412273341
10/22/2017,167.7673012,3.577679889
10/21/2017,161.9724456,-15.424563
10/20/2017,191.5123957,-0.359139607
10/19/2017,192.2026716,-8.097356573
10/18/2017,209.1372614,8.126276652
10/17/2017,193.4194609,18.87569111
10/16/2017,162.7073282,-28.51034889
10/15/2017,227.5956389,-19.15890504
10/14/2017,281.5345822,61.41694551
10/13/2017,174.4145147,17.71013749
10/12/2017,148.1728918,-11.41069134
10/11/2017,167.2582099,11.99752576
10/10/2017,149.3409866,33.58291171
10/9/2017,111.7964751,3.309053326
10/8/2017,108.2155643,-27.3824377
10/7/2017,149.0212022,-7.061705564
10/6/2017,160.3442403,17.26827835
10/5/2017,136.732834,-10.35935693
10/4/2017,152.5344188,-15.48086637
10/3/2017,180.47324,51.59003563
10/2/2017,119.0534979,17.36177729
10/1/2017,101.4414579,-12.04408573
9/30/2017,115.3321625,-14.22031383
9/29/2017,134.4516022,-6.304623895
9/28/2017,143.4986526,-4.388800959
9/27/2017,150.0856113,1.842373229
9/26/2017,147.3704968,76.12208461
9/25/2017,83.67519444,-16.06953782
9/24/2017,99.69585805,-14.90925966
9/23/2017,117.1641681,-14.07028873
9/22/2017,136.3488442,-6.870002606
9/21/2017,146.4070095,-15.71437482
9/20/2017,173.7034153,3.205618101
9/19/2017,168.3081004,69.30588766
9/18/2017,99.41066001,-17.10100128
9/17/2017,119.9178055,835.4333714
9/16/2017,12.81949192,-91.66130749
9/15/2017,153.7350359,14.95799505
9/14/2017,133.7314867,-10.19184593
9/13/2017,148.9079562,-6.777446069
9/12/2017,159.7338304,11.51605168
9/11/2017,143.23842,-1.11286965
9/10/2017,144.8504163,-33.48337231
9/9/2017,217.7657246,-15.37682318
9/8/2017,257.3357948,-5.599446094
9/7/2017,272.599878,-3.300733101
9/6/2017,281.9048031,-13.36713352
9/5/2017,325.4016802,36.07431491
9/4/2017,239.1352699,-17.68128086
9/3/2017,290.4992599,-24.10050241
9/2/2017,382.7420064,-7.37458662
9/1/2017,413.2148969,6.362296885
8/31/2017,388.4975306,-15.8659452
8/30/2017,461.7601417,22.10111948
8/29/2017,378.1784668,5.388360317
8/28/2017,358.8427277,-15.62857831
8/27/2017,425.3131221,-0.11806915
8/26/2017,425.8158792,10.31521347
8/25/2017,385.9992342,-28.77857652
8/24/2017,541.9706815,62.17696632
8/23/2017,334.1847451,12.15571783
8/22/2017,297.9649648,42.57925087
8/21/2017,208.9819963,-21.40928034
8/20/2017,265.9117987,-21.31900651
8/19/2017,337.9619231,-7.487873458
8/18/2017,365.3163491,5.119441763
8/17/2017,347.5250086,-0.834746981
8/16/2017,350.4503826,40.6367873
8/15/2017,249.1882738,31.35148347
8/14/2017,189.7110465,-9.983922122
8/13/2017,210.7524022,-10.29701878
8/12/2017,234.9447023,21.61579969
8/11/2017,193.1860029,22.30684585
8/10/2017,157.9519131,-0.698588992
8/9/2017,159.0631105,30.56528844
8/8/2017,121.8264918,38.58660199
8/7/2017,87.90639938,-22.5949754
8/6/2017,113.566787,0.084207014
8/5/2017,113.4712362,-8.569063481
8/4/2017,124.1059542,-4.91047744
8/3/2017,130.5148568,71.85077625
8/2/2017,75.94662047,-61.02680642
8/1/2017,194.8688662,41.08988558
7/31/2017,138.1168221,-11.72763064
7/30/2017,156.4666532,-16.96356502
7/29/2017,188.4313233,13.32812761
7/28/2017,166.2705696,-0.754619476
7/27/2017,167.53482,-0.568636882
7/26/2017,168.4929329,0.91601027
7/25/2017,166.9635298,33.16925123
7/24/2017,125.3769382,-26.69597986
7/23/2017,171.0369199,-31.51392366
7/22/2017,249.7396976,8.927162828
7/21/2017,229.2721954,13.72502458
7/20/2017,201.6022386,-10.2068356
7/19/2017,224.5184697,13.3722239
7/18/2017,198.0365754,18.63555238
7/17/2017,166.9285231,-55.88074959
7/16/2017,378.3575685,75.67169977
7/15/2017,215.3776442,2.17631719
7/14/2017,210.7901812,-5.199780516
7/13/2017,222.3519971,7.118265834
7/12/2017,207.5761732,0.974676559
7/11/2017,205.5725062,30.74800024
7/10/2017,157.2280309,-18.2856739
7/9/2017,192.4118308,-20.04684665
7/8/2017,240.6557125,-0.358103053
7/7/2017,241.5206051,6.952325819
7/6/2017,225.8208069,-23.17302249
7/5/2017,293.9342587,3.786636401
7/4/2017,283.2101212,0
7/3/2017,283.2101212,43.13692416
7/2/2017,197.8595829,-44.60382246
7/1/2017,357.1719056,4.619608429
6/30/2017,341.4005376,-11.52218
6/29/2017,385.8600241,4.883541434
6/28/2017,367.893779,-1.909791061
6/27/2017,375.0565759,44.9839252
6/26/2017,258.6883859,-15.79396508
6/25/2017,307.2088434,-9.367155703
6/24/2017,338.9597289,-24.18790759
6/23/2017,447.1050965,-3.37118774
6/22/2017,462.7037072,19.22729815
6/21/2017,388.0853751,0.238279217
6/20/2017,387.1628465,39.26941792
6/19/2017,277.9955946,-10.7266875
6/18/2017,311.3983192,-17.03818803
6/17/2017,375.3513958,-13.79227954
6/16/2017,435.4034578,-4.252639609
6/15/2017,454.741996,-5.151383265
6/14/2017,479.4397764,16.97522644
6/13/2017,409.8643713,15.09156572
6/12/2017,356.1202498,-8.89829226
6/11/2017,390.9040331,-14.192663
6/10/2017,455.5601499,-7.216085792
6/9/2017,490.9904414,-26.51296352
6/8/2017,668.1320474,30.66344964
6/7/2017,511.3381356,7.550951052
6/6/2017,475.4380418,7.566736175
6/5/2017,441.9935556,-18.9964666
6/4/2017,545.6472539,16.05764414
6/3/2017,470.15193,-17.38241468
6/2/2017,569.0700451,-0.236634353
6/1/2017,570.4198544,-3.053775668
5/31/2017,588.387901,18.8892001
5/30/2017,494.9044156,17.41921548
5/29/2017,421.48503,-20.29824977
5/28/2017,528.8278222,12.56535628
5/27/2017,469.7962497,-5.829701347
5/26/2017,498.8794305,5.484715332
5/25/2017,472.9400169,0.972802779
5/24/2017,468.3835685,15.1843949
5/23/2017,406.6380424,15.26398754
5/22/2017,352.7884564,-9.017421115
5/21/2017,387.7538543,-12.4337389
5/20/2017,442.811934,12.95605779
5/19/2017,392.0214132,-19.32655275
5/18/2017,485.9361122,41.50360191
5/17/2017,343.4090056,4.920577372
5/16/2017,327.3037703,10.02686718
5/15/2017,297.4762244,-1.234477153
5/14/2017,301.1944005,-6.47605578
5/13/2017,322.0505754,15.1907545
5/12/2017,279.5802291,-7.809913118
5/11/2017,303.264959,0.100153084
5/10/2017,302.9615336,-4.262296802
5/9/2017,316.4495528,14.22697339
5/8/2017,277.0357503,-6.587887879
5/7/2017,296.5736927,13.49423321
5/6/2017,261.3116845,-14.9087073
5/5/2017,307.0956807,24.15748174
5/4/2017,247.3436771,-9.29148312
5/3/2017,272.6796618,19.72821955
5/2/2017,227.7488656,14.2700131
5/1/2017,199.3076394,-22.25978046
4/30/2017,256.3764812,2.680300149
4/29/2017,249.6841954,-2.637235773
4/28/2017,256.4473157,1.025685605
4/27/2017,253.8436777,-6.547096385
4/26/2017,271.6273843,44.5123379
4/25/2017,187.9613798,10.77854129
4/24/2017,169.6730952,-5.91515578
4/23/2017,180.3405178,-26.20761748
4/22/2017,244.3890705,6.294072874
4/21/2017,229.9178721,9.730623306
4/20/2017,209.5293594,-4.848855838
4/19/2017,220.2068733,21.84412635
4/18/2017,180.7283452,13.76846337
4/17/2017,158.8562769,-21.58049145
4/16/2017,202.5723953,-13.97632321
4/15/2017,235.4844653,8.684642111
4/14/2017,216.6676549,2.126953793
4/13/2017,212.1552116,-6.269791546
4/12/2017,226.3466764,13.95106978
4/11/2017,198.6349727,18.19303854
4/10/2017,168.0597903,-2.07049001
4/9/2017,171.6130208,-23.77727499
4/8/2017,225.1467928,1.545655448
4/7/2017,221.7197691,-6.169670243
4/6/2017,236.2986144,17.970673
4/5/2017,200.3028451,-9.381297883
4/4/2017,221.03919,22.29920644
4/3/2017,180.7364057,-5.196228438
4/2/2017,190.6426324,-12.25825728
4/1/2017,217.2770069,6.820164248
3/31/2017,203.4044868,-4.476142811
3/30/2017,212.9357972,-8.698144669
3/29/2017,233.2217636,19.69679239
3/28/2017,194.8437873,25.98871772
3/27/2017,154.6517743,-15.03006991
3/26/2017,182.0076516,-21.39613167
3/25/2017,231.5505018,-1.884580836
3/24/2017,235.9980763,-12.37007567
3/23/2017,269.3121992,8.31558369
3/22/2017,248.6366135,3.101178555
3/21/2017,241.1578771,13.08861833
3/20/2017,213.2468154,-1.755703606
3/19/2017,217.0577053,-11.25615226
3/18/2017,244.5890175,-7.54581154
3/17/2017,264.5515813,11.97712612
3/16/2017,236.2550196,-7.904166396
3/15/2017,256.5317131,16.20866946
3/14/2017,220.7509253,15.80145594
3/13/2017,190.6287995,-12.42210746
3/12/2017,217.6677173,-15.60583704
3/11/2017,257.9179764,8.977069571
3/10/2017,236.6717855,1.25829531
3/9/2017,233.7307623,-13.35986028
3/8/2017,269.771913,12.88428162
3/7/2017,238.9809361,10.28386831
3/6/2017,216.6961857,-2.770918075
3/5/2017,222.8717802,-14.17645654
3/4/2017,259.6860619,2.957428354
3/3/2017,252.2266397,9.859417493
3/2/2017,229.5903669,0.975889635
3/1/2017,227.3714723,16.36953089
2/28/2017,195.3874614,21.22870759
2/27/2017,161.1726012,-15.75061181
2/26/2017,191.30418,-17.04604605
2/25/2017,230.6149024,8.958069926
2/24/2017,211.6547242,15.49687385
2/23/2017,183.2558036,10.51684924
2/22/2017,165.8170721,3.691394849
2/21/2017,159.9140144,23.53935844
2/20/2017,129.4437792,-15.5987285
2/19/2017,153.3670961,-7.523513573
2/18/2017,165.8444239,-2.974349058
2/17/2017,170.9284321,27.51200866
2/16/2017,134.0488899,-4.92400963
2/15/2017,140.9913159,3.084608464
2/14/2017,136.7724222,33.1214085
2/13/2017,102.7426195,-12.24580552
2/12/2017,117.0800098,-17.03055616
2/11/2017,141.1122027,-18.98748687
2/10/2017,174.1856872,10.84397161
2/9/2017,157.144935,-7.971444425
2/8/2017,170.7567114,10.21525142
2/7/2017,154.9302018,13.76977947
2/6/2017,136.1786957,-2.277910807
2/5/2017,139.3530335,-14.20268571
2/4/2017,162.421207,14.13954684
2/3/2017,142.3005536,-8.143750274
2/2/2017,154.9165724,6.353757046
2/1/2017,145.6615889,6.008253266
1/31/2017,137.4058948,14.65989589
1/30/2017,119.8377983,-2.201223711
1/29/2017,122.5350693,7.445698063
1/28/2017,114.0437184,-8.902710935
1/27/2017,125.1889266,-7.682422701
1/26/2017,135.6068154,-5.279491487
1/25/2017,143.1652105,29.95806397
1/24/2017,110.1626218,26.45674324
1/23/2017,87.1148655,-7.902311196
1/22/2017,94.58963263,-9.785444007
1/21/2017,104.849635,-6.713865407
1/20/2017,112.3957332,3.476093905
1/19/2017,108.62,-0.703903465
1/18/2017,109.39,5.548050946
1/17/2017,103.64,26.05205546
1/16/2017,82.22,-5.331030512
1/15/2017,86.85,-11.28702758
1/14/2017,97.9,-7.945463094
1/13/2017,106.35,-4.891790377
1/12/2017,111.82,-6.770051693
1/11/2017,119.94,17.54214034
1/10/2017,102.04,11.83691363
1/9/2017,91.24,-14.83244656
1/8/2017,107.13,-16.15402677
1/7/2017,127.77,11.11400991
1/6/2017,114.99,-41.2507025
1/5/2017,195.73,66.5787234
1/4/2017,117.5,3.160667252
1/3/2017,113.9,75.04226218
1/2/2017,65.07,-20.9548105
1/1/2017,82.32,-17.93440335
12/31/2016,100.31,-6.453417887
12/30/2016,107.23,2.759942501
12/29/2016,104.35,4.842760977
12/28/2016,99.53,13.14084347
12/27/2016,87.97,40.48227403
12/26/2016,62.62,-25.0777698
12/25/2016,83.58,-16.81926752
12/24/2016,100.48,-5.359329377
12/23/2016,106.17,-7.613992342
12/22/2016,114.92,12.75510204
12/21/2016,101.92,-2.655205349
12/20/2016,104.7,29.56317287
12/19/2016,80.81,-1.040901298
12/18/2016,81.66,-16.30624167
12/17/2016,97.57,-2.847754655
12/16/2016,100.43,5.916473318
12/15/2016,94.82,-2.898105479
12/14/2016,97.65,4.864690722
12/13/2016,93.12,0
12/12/2016,93.12,7.231690465
12/11/2016,86.84,-9.823468328
12/10/2016,96.3,0.072742388
12/9/2016,96.23,-10.69141531
12/8/2016,107.75,-9.809994141
12/7/2016,119.47,12.580098
12/6/2016,106.12,14.56331642
12/5/2016,92.63,-8.405023237
12/4/2016,101.13,-16.65567826
12/3/2016,121.34,18.14995131
12/2/2016,102.7,3.153877059
12/1/2016,99.56,-2.896713157
11/30/2016,102.53,-6.425116364
11/29/2016,109.57,35.021565
11/28/2016,81.15,-20.92955276
11/27/2016,102.63,-25.66813935
11/26/2016,138.07,0.648782621
11/25/2016,137.18,25.91096833
11/24/2016,108.95,7.318754925
11/23/2016,101.52,6.314797361
11/22/2016,95.49,29.56580733
11/21/2016,73.7,2.16246188
11/20/2016,72.14,-13.64615753
11/19/2016,83.54,-6.166460744
11/18/2016,89.03,11.65036368
11/17/2016,79.74,-2.099447514
11/16/2016,81.45,2.556031226
11/15/2016,79.42,25.76405384
11/14/2016,63.15,-4.158445895
11/13/2016,65.89,-9.417102007
11/12/2016,72.74,-11.60529834
11/11/2016,82.29,-1.719813687
11/10/2016,83.73,-6.18487395
11/9/2016,89.25,-2.213213542
11/8/2016,91.27,27.17012679
11/7/2016,71.77,-3.74195279
11/6/2016,74.56,-11.58543816
11/5/2016,84.33,6.450391315
11/4/2016,79.22,-0.377263581
11/3/2016,79.52,0.811359026
11/2/2016,78.88,3.381389253
11/1/2016,76.3,21.18805591
10/31/2016,62.96,-13.94204483
10/30/2016,73.16,-10.97590655
10/29/2016,82.18,-25.99063401
10/28/2016,111.04,-11.2106189
10/27/2016,125.06,26.20849733
10/26/2016,99.09,22.12225783
10/25/2016,81.14,20.22521855
10/24/2016,67.49,1.30591414
10/23/2016,66.62,-12.43427971
10/22/2016,76.08,-14.81357071
10/21/2016,89.31,41.64948454
10/20/2016,63.05,-18.3713102
10/19/2016,77.24,6.626173385
10/18/2016,72.44,25.89502954
10/17/2016,57.54,-8.083067093
10/16/2016,62.6,-7.954712542
10/15/2016,68.01,1.325983313
10/14/2016,67.12,-2.766912936
10/13/2016,69.03,-14.51393189
10/12/2016,80.75,18.15920398
10/11/2016,68.34,17.28162004
10/10/2016,58.27,-13.68686121
10/9/2016,67.51,-7.177230854
10/8/2016,72.73,-6.420483788
10/7/2016,77.72,6.802253676
10/6/2016,72.77,2.449669154
10/5/2016,71.03,-6.119481893
10/4/2016,75.66,41.63234744
10/3/2016,53.42,-9.041375788
10/2/2016,58.73,-14.20014609
10/1/2016,68.45,-0.116737195
9/30/2016,68.53,5.854185975
9/29/2016,64.74,1.74446016
9/28/2016,63.63,5.138797092
9/27/2016,60.52,21.04
9/26/2016,50,-15.92399529
9/25/2016,59.47,-0.965861782
9/24/2016,60.05,-4.257015306
9/23/2016,62.72,-3.448275862
9/22/2016,64.96,-6.316700317
9/21/2016,69.34,4.869933454
9/20/2016,66.12,24.70765749
9/19/2016,53.02,-7.999305917
9/18/2016,57.63,-10.7203718
9/17/2016,64.55,8.142067348
9/16/2016,59.69,-4.281590763
9/15/2016,62.36,-8.803743785
9/14/2016,68.38,22.28183119
9/13/2016,55.92,17.90006325
9/12/2016,47.43,-7.272727273
9/11/2016,51.15,-20.20280811
9/10/2016,64.1,7.55033557
9/9/2016,59.6,-6.52446675
9/8/2016,63.76,5.127782358
9/7/2016,60.65,-3.791243655
9/6/2016,63.04,35.19193652
9/5/2016,46.63,-9.526581296
9/4/2016,51.54,-10.09942439
9/3/2016,57.33,-10.01412651
9/2/2016,63.71,1.594642003
9/1/2016,62.71,-8.184480234
8/31/2016,68.3,6.105328569
8/30/2016,64.37,31.6090779
8/29/2016,48.91,-11.82621237
8/28/2016,55.47,-11.16271621
8/27/2016,62.44,-3.358613218
8/26/2016,64.61,-1.688983567
8/25/2016,65.72,-2.852919438
8/24/2016,67.65,2.37590799
8/23/2016,66.08,30.43821555
8/22/2016,50.66,-18.06566392
8/21/2016,61.83,-23.46825102
8/20/2016,80.79,5.649274225
8/19/2016,76.47,3.716262037
8/18/2016,73.73,-12.52817653
8/17/2016,84.29,23.33918642
8/16/2016,68.34,10.76175041
8/15/2016,61.7,-3.20050204
8/14/2016,63.74,-9.920859243
8/13/2016,70.76,-11.46146146
8/12/2016,79.92,5.532813944
8/11/2016,75.73,0.597768332
8/10/2016,75.28,-13.1518228
8/9/2016,86.68,29.41176471
8/8/2016,66.98,11.76372435
8/7/2016,59.93,-19.61099933
8/6/2016,74.55,7.219905077
8/5/2016,69.53,-9.32446531
8/4/2016,76.68,-6.201834862
8/3/2016,81.75,11.72611726
8/2/2016,73.17,0.854583046
8/1/2016,72.55,10.39257456
7/31/2016,65.72,-9.050650429
7/30/2016,72.26,-0.138197899
7/29/2016,72.36,-3.404084902
7/28/2016,74.91,5.820031078
7/27/2016,70.79,1.331233896
7/26/2016,69.86,35.72955119
7/25/2016,51.47,-14.2595369
7/24/2016,60.03,-7.915324436
7/23/2016,65.19,7.912597252
7/22/2016,60.41,-5.888767721
7/21/2016,64.19,3.766569673
7/20/2016,61.86,3.635449824
7/19/2016,59.69,24.69187382
7/18/2016,47.87,-5.52595224
7/17/2016,50.67,-8.2397682
7/16/2016,55.22,-5.412812607
7/15/2016,58.38,9.019607843
7/14/2016,53.55,4.651162791
7/13/2016,51.17,-10.74481074
7/12/2016,57.33,48.67738589
7/11/2016,38.56,-18.64978903
7/10/2016,47.4,-17.20524017
7/9/2016,57.25,0.810001761
7/8/2016,56.79,2.011855578
7/7/2016,55.67,-0.357973868
7/6/2016,55.87,1.323902793
7/5/2016,55.14,21.2667693
7/4/2016,45.47,-14.07785336
7/3/2016,52.92,-10.07646559
7/2/2016,58.85,-5.84
7/1/2016,62.5,1.329442283
6/30/2016,61.68,5.435897436
6/29/2016,58.5,-5.309161541
6/28/2016,61.78,12.26603671
6/27/2016,55.03,-11.82502804
6/26/2016,62.41,-16.12686467
6/25/2016,74.41,-1.181938911
6/24/2016,75.3,-4.502219404
6/23/2016,78.85,3.36916623
6/22/2016,76.28,-0.638270158
6/21/2016,76.77,21.58694964
6/20/2016,63.14,-10.84439424
6/19/2016,70.82,-10.24081115
6/18/2016,78.9,-4.119577105
6/17/2016,82.29,-2.68448439
6/16/2016,84.56,21.04208417
6/15/2016,69.86,79.76313904
6/14/2016,38.86224972,-25.87051518
6/13/2016,52.42482099,13.36250208
6/12/2016,46.24529278,-12.43450111
6/11/2016,52.81223012,-0.757822999
6/10/2016,53.21550949,5.565760394
6/9/2016,50.40981971,-10.79562386
6/8/2016,56.5104784,8.383103219
6/7/2016,52.13956486,17.52643598
6/6/2016,44.3641164,-4.477670483
6/5/2016,46.44371282,-15.08843608
6/4/2016,54.69656979,-6.55781069
6/3/2016,58.53519721,4.183003128
6/2/2016,56.18497783,7.34770525
6/1/2016,52.33924442,-9.529005951
5/31/2016,57.85196125,20.56142241
5/30/2016,47.98546674,-8.3228734
5/29/2016,52.34180926,-26.16692942
5/28/2016,70.89209327,27.374292
5/27/2016,55.65651605,-7.047402954
5/26/2016,59.87623565,0.579340821
5/25/2016,59.53134626,8.759967731
5/24/2016,54.73645083,26.68216148
5/23/2016,43.20770201,-23.9657654
5/22/2016,56.82664163,10.15855127
5/21/2016,51.58622819,-6.189271856
5/20/2016,54.98968957,-5.626450937
5/19/2016,58.26811656,-0.295608249
5/18/2016,58.4408726,-3.428552583
5/17/2016,60.51568467,32.67027878
5/16/2016,45.61359577,-4.977976152
5/15/2016,48.00318276,0.884814078
5/14/2016,47.58216903,1.774837802
5/13/2016,46.75238994,1.888874904
5/12/2016,45.88566709,-4.607286191
5/11/2016,48.10185732,18.87143331
5/10/2016,40.4654474,18.38531779
5/9/2016,34.18113678,-9.133406219
5/8/2016,37.61683514,-15.50491088
5/7/2016,44.519552,0.594682294
5/6/2016,44.25636722,-6.180563311
5/5/2016,47.17185349,5.134073287
5/4/2016,44.86828296,-0.583441476
5/3/2016,45.13159943,30.80557223
5/2/2016,34.50281105,-15.59819014
5/1/2016,40.87923127,-18.10983744
4/30/2016,49.9195874,0.603063864
4/29/2016,49.62034503,7.609479939
4/28/2016,46.11149971,-86.34770504
4/27/2016,337.7563982,680.0654299
4/26/2016,43.29847026,30.14794506
4/25/2016,33.26865456,0.354995191
4/24/2016,33.15097021,-22.34259568
4/23/2016,42.68874359,-0.309330569
4/22/2016,42.82120266,-0.911415935
4/21/2016,43.21507171,-0.009456454
4/20/2016,43.21915871,-2.571178128
4/19/2016,44.35972629,32.18861166
4/18/2016,33.55790316,-8.639027529
4/17/2016,36.73111423,-19.69750562
4/16/2016,45.74093808,-1.083080235
4/15/2016,46.24177359,1.836475381
4/14/2016,45.40786925,-9.409860227
4/13/2016,50.12451616,6.755534905
4/12/2016,46.95261581,41.41312524
4/11/2016,33.20244548,-12.99894746
4/10/2016,38.16326873,-12.48664274
4/9/2016,43.60850723,-26.07163055
4/8/2016,58.98751393,31.14278771
4/7/2016,44.9796096,-8.679736747
4/6/2016,49.25479625,12.67092652
4/5/2016,43.71562192,-2.318602057
4/4/2016,44.75327221,-20.33841475
4/3/2016,56.1792388,21.99433005
4/2/2016,46.0506966,3.459368193
4/1/2016,44.51090066,-16.40436355
3/31/2016,53.24548332,2.942003237
3/30/2016,51.72376838,21.63158093
3/29/2016,42.52494951,27.41485274
3/28/2016,33.37519025,-3.806325042
3/27/2016,34.69582617,2.885756505
3/26/2016,33.72267197,-13.39263685
3/25/2016,38.93741911,0.59859748
3/24/2016,38.7057276,-11.52076267
3/23/2016,43.74554841,13.17279694
3/22/2016,38.65376627,17.65554048
3/21/2016,32.8533328,-13.691639
3/20/2016,38.06506394,-10.61589499
3/19/2016,42.58594292,-7.951099133
3/18/2016,46.26447738,-3.842985504
3/17/2016,48.1134711,12.6610972
3/16/2016,42.7063754,0
3/15/2016,42.7063754,-2.585099324
3/14/2016,43.83967453,49.57225515
3/13/2016,29.31003112,-28.89874216
3/12/2016,41.22294318,-5.093869661
3/11/2016,43.43549045,-17.43132137
3/10/2016,52.6052871,19.71947581
3/9/2016,43.94045893,-0.43820716
3/8/2016,44.13385665,7.275160745
3/7/2016,41.1407975,-34.7314872
3/6/2016,63.03314682,19.82056285
3/5/2016,52.60628503,-27.66355758
3/4/2016,72.72445709,-5.975158141
3/3/2016,77.34600309,38.121372
3/2/2016,55.99857717,4.76321186
3/1/2016,53.45252038,25.41719483
2/29/2016,42.61977032,11.54227483
2/28/2016,38.20952225,-11.44668659
2/27/2016,43.1486082,-9.508960996
2/26/2016,47.68274149,6.160381523
2/25/2016,44.91575935,-6.847286613
2/24/2016,48.21733873,10.76178062
2/23/2016,43.53246983,7.073476962
2/22/2016,40.65663231,-5.651775995
2/21/2016,43.09210135,-6.965065434
2/20/2016,46.31819386,8.52102091
2/19/2016,42.68131047,-4.635424065
2/18/2016,44.75593799,7.065827983
2/17/2016,41.80226206,4.019723165
2/16/2016,40.18686148,16.04259477
2/15/2016,34.63112968,-5.894007286
2/14/2016,36.80013215,-7.726783328
2/13/2016,39.88170509,-10.06434038
2/12/2016,44.34470738,-0.31759227
2/11/2016,44.48599145,4.75604313
2/10/2016,42.466277,3.821899112
2/9/2016,40.9030054,5.84838873
2/8/2016,38.64301185,-8.489030276
2/7/2016,42.22773725,2.873795758
2/6/2016,41.04809873,-0.508102623
2/5/2016,41.25773034,-15.47960302
2/4/2016,48.81393346,-15.42023942
2/3/2016,57.71349212,13.10083595
2/2/2016,51.0283515,61.90896293
2/1/2016,31.51669344,-28.1329831
1/31/2016,43.85418346,-3.360204222
1/30/2016,45.3790109,-9.394202065
1/29/2016,50.08400338,5.130359784
1/28/2016,47.63990486,0.415503701
1/27/2016,47.44277836,6.433956658
1/26/2016,44.57485172,20.12365575
1/25/2016,37.10747183,-11.57566329
1/24/2016,41.96522497,-16.80070505
1/23/2016,50.43939975,12.15834484
1/22/2016,44.97159781,-2.999718013
1/21/2016,46.36233719,15.54884816
1/20/2016,40.1235823,3.945027254
1/19/2016,38.60077135,13.11044099
1/18/2016,34.12662086,-2.684150126
1/17/2016,35.06789583,-1.396669156
1/16/2016,35.56461585,9.638873334
1/15/2016,32.4379618,-5.007665195
1/14/2016,34.14797822,-1.54879664
1/13/2016,34.68518114,2.199733875
1/12/2016,33.93862178,17.6773418
1/11/2016,28.84040484,-2.76267809
1/10/2016,29.65980991,-17.14047058
1/9/2016,35.79529128,4.976665118
1/8/2016,34.09833151,12.94644809
1/7/2016,30.18982189,-9.221173337
1/6/2016,33.25645748,14.50728937
1/5/2016,29.04309207,21.77845622
1/4/2016,23.84912157,-20.06579983
1/3/2016,29.83594196,51.17761496
1/2/2016,19.7356877,-27.2913795
1/1/2016,27.14353204,-14.35782242
12/31/2015,31.69411709,-1.18470117
12/30/2015,32.07409932,6.415241798
12/29/2015,30.14051256,11.67073717
12/28/2015,26.99051992,-6.400391051
12/27/2015,28.83614603,-5.338199142
12/26/2015,30.46228338,-24.3624603
12/25/2015,40.27402729,0.837168237
12/24/2015,39.9396651,4.368986565
12/23/2015,38.26775215,-5.615885372
12/22/2015,40.54469579,24.45202339
12/21/2015,32.57857501,-9.345073485
12/20/2015,35.93690521,-5.24199692
12/19/2015,37.92492881,1.8714282
12/18/2015,37.22822923,-4.895942399
12/17/2015,39.1447328,-0.645162282
12/16/2015,39.39891977,-0.222165643
12/15/2015,39.48664553,19.62712731
12/14/2015,33.00810311,-21.36875733
12/13/2015,41.97835617,5.925565019
12/12/2015,39.63005169,12.25319011
12/11/2015,35.30416521,-5.446997783
12/10/2015,37.33796324,16.2679798
12/9/2015,32.11371119,-0.375867512
12/8/2015,32.2348716,7.17346625
12/7/2015,30.07728753,0
12/6/2015,30.07728753,-8.057901866
12/5/2015,32.71329254,4.912879119
12/4/2015,31.18138861,-0.773085645
12/3/2015,31.42432556,-3.799305403
12/2/2015,32.66538323,1.317829439
12/1/2015,32.24050832,49.05009057
11/30/2015,21.63065329,-22.7613764
11/29/2015,28.0049699,10.17446988
11/28/2015,25.41874713,-12.90609634
11/27/2015,29.18544934,14.0932354
11/26/2015,25.58035035,2.546736491
11/25/2015,24.94506527,-2.220381643
11/24/2015,25.51151834,14.46738518
11/23/2015,22.28715044,-11.58729404
11/22/2015,25.20808542,-1.868174292
11/21/2015,25.68798169,0.688585811
11/20/2015,25.51230756,-10.97068781
11/19/2015,28.65607622,7.691994291
11/18/2015,26.60929107,2.860442945
11/17/2015,25.8693141,14.51691149
11/16/2015,22.58995092,-9.760163505
11/15/2015,25.03323565,-4.590872235
11/14/2015,26.23777854,2.703850308
11/13/2015,25.54702522,-15.64289473
11/12/2015,30.2843787,10.65655014
11/11/2015,27.36790426,-3.040174039
11/10/2015,28.22602453,16.72732024
11/9/2015,24.18116382,-11.24964261
11/8/2015,27.24627205,-16.21234562
11/7/2015,32.5182418,-8.785504909
11/6/2015,35.65030072,-23.36384728
11/5/2015,46.51890714,41.35813854
11/4/2015,32.90854536,6.419499688
11/3/2015,30.92341672,11.96531804
11/2/2015,27.61874593,-2.618252718
11/1/2015,28.36131688,-14.60551126
10/31/2015,33.21211626,-0.827069514
10/30/2015,33.48909435,15.60141832
10/29/2015,28.96944937,-3.561745037
10/28/2015,30.03937533,18.793528
10/27/2015,25.28704706,4.505554026
10/26/2015,24.19684513,-15.45035194
10/25/2015,28.61850485,1.632553923
10/24/2015,28.1587973,-3.793150197
10/23/2015,29.269015,-5.369338309
10/22/2015,30.92973723,3.632913922
10/21/2015,29.84547675,10.94871604
10/20/2015,26.90024528,16.39137737
10/19/2015,23.11188843,0
10/18/2015,23.11188843,-18.61418289
10/17/2015,28.3979313,4.18365999
10/16/2015,27.25756736,-7.062162355
10/15/2015,29.32881596,12.74352135
10/14/2015,26.01374838,2.733861214
10/13/2015,25.32149388,6.617933513
10/12/2015,23.74975114,19.94111037
10/11/2015,19.80117665,-22.33414706
10/10/2015,25.49534435,8.396225254
10/9/2015,23.5205094,-10.93458858
10/8/2015,26.40812974,-1.657195108
10/7/2015,26.85313864,12.86010132
10/6/2015,23.79329659,6.47933613
10/5/2015,22.34545918,18.76376615
10/4/2015,18.81504764,-24.32665593
10/3/2015,24.86350758,0.937354076
10/2/2015,24.63261278,-16.61696185
10/1/2015,29.54151507,4.92640976
9/30/2015,28.15450861,8.521295083
9/29/2015,25.94376393,-0.192236104
9/28/2015,25.99373327,23.85672649
9/27/2015,20.98693709,-22.6303352
9/26/2015,27.12553705,11.78657878
9/25/2015,24.26546849,-13.02930895
9/24/2015,27.90074242,4.390601985
9/23/2015,26.72725503,-0.24431348
9/22/2015,26.79271324,30.67893471
9/21/2015,20.50270252,-9.789830941
9/20/2015,22.72770657,-14.47509548
9/19/2015,26.57437234,1.326898593
9/18/2015,26.22637494,-3.362956412
9/17/2015,27.13904934,-8.75106872
9/16/2015,29.74177227,-1.556654388
9/15/2015,30.21206978,18.86690181
9/14/2015,25.41672183,-32.75090082
9/13/2015,37.79488817,30.3508933
9/12/2015,28.99472893,0.967973076
9/11/2015,28.71675844,8.747964781
9/10/2015,26.40670885,-6.925894983
9/9/2015,28.37170322,9.17277004
9/8/2015,25.98789351,18.5291147
9/7/2015,21.92532491,-31.62970629
9/6/2015,32.06849601,46.1529177
9/5/2015,21.94174192,-39.79652941
9/4/2015,36.44597513,-17.4180752
9/3/2015,44.13311414,53.02098049
9/2/2015,28.84121772,15.17131167
9/1/2015,25.0420155,42.16760921
8/31/2015,17.61443105,-23.42239045
8/30/2015,23.00206438,-4.505308412
8/29/2015,24.08727019,2.170275702
8/28/2015,23.57561436,-8.193168711
8/27/2015,25.67958618,0.044639173
8/26/2015,25.66812814,3.494860783
8/25/2015,24.8013553,21.34885197
8/24/2015,20.4380634,-11.01946933
8/23/2015,22.96914083,-2.827964639
8/22/2015,23.63760391,-5.956738229
8/21/2015,25.1348193,1.447961729
8/20/2015,24.77607127,-3.894485151
8/19/2015,25.78007236,14.4123593
8/18/2015,22.53259396,23.16054379
8/17/2015,18.29530243,0
8/16/2015,18.29530243,-19.03803755
8/15/2015,22.59740485,-4.334369738
8/14/2015,23.62123658,-6.605658224
8/13/2015,25.29193539,0.391552028
8/12/2015,25.19329055,-5.501457061
8/11/2015,26.65997778,-0.052714851
8/10/2015,26.67403896,44.56200386
8/9/2015,18.45162508,-19.92229079
8/8/2015,23.04214901,-22.2761842
8/7/2015,29.64618859,-17.41552816
8/6/2015,35.89801803,4.231828461
8/5/2015,34.44055291,1.08880769
8/4/2015,34.06960048,39.38948022
8/3/2015,24.44201702,5.301869981
8/2/2015,23.21137984,-34.67696947
8/1/2015,35.53322565,-1.962448872
7/31/2015,36.24450554,5.912456884
7/30/2015,34.2211923,-9.219937763
7/29/2015,37.6968152,39.20560971
7/28/2015,27.07995409,-12.77543207
7/27/2015,31.04624618,60.72955337
7/26/2015,19.31582931,-9.280284856
7/25/2015,21.29176583,-10.6114945
7/24/2015,23.81935542,-9.407216459
7/23/2015,26.29277354,-11.28062864
7/22/2015,29.63588801,5.541592963
7/21/2015,28.07981875,-18.20670492
7/20/2015,34.33022074,81.04729042
7/19/2015,18.96201852,-57.66747038
7/18/2015,44.79302014,80.24957844
7/17/2015,24.85055473,-8.604132248
7/16/2015,27.19002001,-2.956901118
7/15/2015,28.01849933,0.010808671
7/14/2015,28.01547123,-17.73825857
7/13/2015,34.05650153,-25.26727691
7/12/2015,45.57106997,23.36881982
7/11/2015,36.93888783,-5.267361187
7/10/2015,38.9927783,-8.145990299
7/9/2015,42.4508178,-15.18613164
7/8/2015,50.05174109,12.12462733
7/7/2015,44.63938234,52.32395119
7/6/2015,29.305557,61.56943051
7/5/2015,18.13805799,-8.127377941
7/4/2015,19.74261492,-21.58958878
7/3/2015,25.17856317,14.71789018
7/2/2015,21.94824463,-6.406129346
7/1/2015,23.45051495,-14.50470655
6/30/2015,27.42901276,55.53956159
6/29/2015,17.63474995,14.91461669
6/28/2015,15.34595899,-9.820782918
6/27/2015,17.01717922,-5.840866419
6/26/2015,18.07278654,8.506490606
6/25/2015,16.65594974,-0.535100024
6/24/2015,16.74555521,-26.96705015
6/23/2015,22.92876742,-1.293363521
6/22/2015,23.22920549,76.43759864
6/21/2015,13.16567765,-41.62369547
6/20/2015,22.55311938,-22.29450933
6/19/2015,29.0238427,46.99958776
6/18/2015,19.74416605,-20.83735907
6/17/2015,24.94126752,26.2723225
6/16/2015,19.75196704,6.659218739
6/15/2015,18.51876216,15.77624209
6/14/2015,15.99530424,-8.79549056
6/13/2015,17.53784362,-3.272203941
6/12/2015,18.13113121,-0.583040634
6/11/2015,18.23746303,-9.787866868
6/10/2015,20.21619753,21.16417125
6/9/2015,16.68496332,9.160905453
6/8/2015,15.28474251,12.01671881
6/7/2015,13.64505466,-10.55658503
6/6/2015,15.2555162,-5.66858305
6/5/2015,16.17225384,-7.448940649
6/4/2015,17.47387221,-2.173073996
6/3/2015,17.86202728,-6.474953593
6/2/2015,19.09865642,-57.79049063
6/1/2015,45.24728362,231.7537263
5/31/2015,13.638817,-24.78929093
5/30/2015,18.13414229,3.467974872
5/29/2015,17.52633345,8.673544684
5/28/2015,16.12750693,0.17921683
5/27/2015,16.09865543,-9.281512549
5/26/2015,17.74572734,14.56779258
5/25/2015,15.48928101,21.51158607
5/24/2015,12.74716388,-5.381853303
5/23/2015,13.47221894,-12.06791903
5/22/2015,15.32116469,5.932890684
5/21/2015,14.46308563,-7.756483909
5/20/2015,15.67924364,1.403745175
5/19/2015,15.46219384,4.109921823
5/18/2015,14.85179661,20.41551935
5/17/2015,12.33378944,-10.599973
5/16/2015,13.79618089,-8.522788789
5/15/2015,15.0815495,6.219391428
5/14/2015,14.19848984,-7.845314222
5/13/2015,15.40723591,-8.030773732
5/12/2015,16.75259925,3.536704877
5/11/2015,16.18034809,6.326335327
5/10/2015,15.2176298,2.91977694
5/9/2015,14.78591409,-6.830385182
5/8/2015,15.86988861,-2.985323032
5/7/2015,16.35823476,2.131072602
5/6/2015,16.01690293,-0.127465052
5/5/2015,16.03734494,15.01055641
5/4/2015,13.94423733,12.65125688
5/3/2015,12.37823502,-12.05364167
5/2/2015,14.07475563,-8.018840526
5/1/2015,15.30178105,-4.894804071
4/30/2015,16.08932183,-6.904629555
4/29/2015,17.28262292,9.381719042
4/28/2015,15.80028461,3.975196348
4/27/2015,15.1962056,14.2809157
4/26/2015,13.29723822,-86.69796906
4/25/2015,99.96396999,515.9477476
4/24/2015,16.22929386,9.844250563
4/23/2015,14.77482324,-8.369531662
4/22/2015,16.12435635,-4.080300639
4/21/2015,16.81026573,5.289559371
4/20/2015,15.96574801,32.33247609
4/19/2015,12.06487514,-13.2859015
4/18/2015,13.91339511,-2.540363503
4/17/2015,14.2760589,-4.954062439
4/16/2015,15.02016737,-0.395955881
4/15/2015,15.07987703,-11.01674729
4/14/2015,16.94687098,6.494533115
4/13/2015,15.91337178,10.8353876
4/12/2015,14.35766331,-16.06280639
4/11/2015,17.10524583,-42.61379148
4/10/2015,29.80724162,75.50935447
4/9/2015,16.98327802,9.728579331
4/8/2015,15.47753386,-4.371346796
4/7/2015,16.185038,5.697407118
4/6/2015,15.31261593,7.026027303
4/5/2015,14.3073758,-5.000799026
4/4/2015,15.06052225,3.009621661
4/3/2015,14.6205005,-8.707791537
4/2/2015,16.0150584,-11.59539677
4/1/2015,18.11563857,22.93318802
3/31/2015,14.73616593,-0.478126575
3/30/2015,14.80696195,21.43033179
3/29/2015,12.19379189,-5.449389866
3/28/2015,12.89657663,-16.13451016
3/27/2015,15.37769189,9.262033426
3/26/2015,14.07414031,-8.118807102
3/25/2015,15.31775967,6.900914075
3/24/2015,14.32893236,-17.53580016
3/23/2015,17.375943,44.32261597
3/22/2015,12.03965358,-17.94299438
3/21/2015,14.67230432,-8.89587668
3/20/2015,16.10498382,0.441725002
3/19/2015,16.03415694,5.473808146
3/18/2015,15.20202714,3.035132791
3/17/2015,14.75421706,5.057873836
3/16/2015,14.04389459,18.46648001
3/15/2015,11.85474118,-4.257605177
3/14/2015,12.3819142,-10.78456421
3/13/2015,13.87866807,-3.339898117
3/12/2015,14.35821792,-7.161542449
3/11/2015,15.46580835,-8.012071504
3/10/2015,16.8128673,19.97632675
3/9/2015,14.01348729,6.626927658
3/8/2015,13.14254063,-3.17472001
3/7/2015,13.57345998,-21.13903009
3/6/2015,17.21188567,21.16421494
3/5/2015,14.20542004,-5.88546664
3/4/2015,15.09375814,-1.531807914
3/3/2015,15.32856227,-4.698316068
3/2/2015,16.08425123,26.95226033
3/1/2015,12.66952726,-7.65301382
2/28/2015,13.71948104,-3.2185616
2/27/2015,14.17573583,-1.736446258
2/26/2015,14.42623973,-4.708402202
2/25/2015,15.13904695,3.973690069
2/24/2015,14.56045942,5.224479526
2/23/2015,13.83752097,11.17371746
2/22/2015,12.44675566,-13.61660597
2/21/2015,14.40873654,3.476984176
2/20/2015,13.92458106,1.522520687
2/19/2015,13.71575584,-10.37900241
2/18/2015,15.30417671,1.110604983
2/17/2015,15.13607471,-2.626282295
2/16/2015,15.54431223,15.70038695
2/15/2015,13.43496996,-19.44593607
2/14/2015,16.67820257,4.632803259
2/13/2015,15.93974552,18.15808077
2/12/2015,13.49018655,-7.996434365
2/11/2015,14.66267797,3.370319653
2/10/2015,14.18461123,2.906199624
2/9/2015,13.78402009,20.3517199
2/8/2015,11.45311434,-5.356927386
2/7/2015,12.10137628,5.68679927
2/6/2015,11.45022497,-8.540988098
2/5/2015,12.51951528,1.403546485
2/4/2015,12.3462302,-8.178998303
2/3/2015,13.44597638,10.90049092
2/2/2015,12.12436146,10.16669464
2/1/2015,11.00546903,-9.463360801
1/31/2015,12.15581794,1.553135699
1/30/2015,11.96990901,1.432550512
1/29/2015,11.80085579,-3.964581988
1/28/2015,12.2880246,-11.22511658
1/27/2015,13.84178061,-15.24366891
1/26/2015,16.3312645,32.91364278
1/25/2015,12.2871243,0.874831596
1/24/2015,12.18056487,-7.503555194
1/23/2015,13.16868437,-2.106293603
1/22/2015,13.45202348,-3.69509547
1/21/2015,13.96816034,-3.102241849
1/20/2015,14.41535966,-8.78969922
1/19/2015,15.80453034,23.95460956
1/18/2015,12.75025624,0.824647514
1/17/2015,12.64597155,-20.3936133
1/16/2015,15.88562435,-4.008590488
1/15/2015,16.54900624,4.242323267
1/14/2015,15.87551555,9.872030814
1/13/2015,14.44909631,-55.73185889
1/12/2015,32.63994364,128.2773192
1/11/2015,14.29837347,-7.397667539
1/10/2015,15.44061914,-4.36170364
1/9/2015,16.14480781,11.69872766
1/8/2015,14.45388694,7.822870813
1/7/2015,13.40521434,4.266632601
1/6/2015,12.85666757,-24.22582516
1/5/2015,16.96708357,-16.36931161
1/4/2015,20.28810703,70.40111945
1/3/2015,11.90608788,10.98458763
1/2/2015,10.72769484,34.04464751
1/1/2015,8.00307587,-35.71293493
12/31/2014,12.44896755,-10.76553575
12/30/2014,13.95085145,-0.816045933
12/29/2014,14.06563348,16.79833701
12/28/2014,12.04266588,-37.98294988
12/27/2014,19.41831457,18.18988156
12/26/2014,16.42976058,70.29047924
12/25/2014,9.64807936,-22.1758735
12/24/2014,12.39728577,-12.14615886
12/23/2014,14.11126208,7.500837971
12/22/2014,13.1266531,15.77421506
12/21/2014,11.33814908,-12.10304517
12/20/2014,12.89936506,-9.818330627
12/19/2014,14.30375502,-8.915582524
12/18/2014,15.70384421,13.46041746
12/17/2014,13.840813,-5.106537937
12/16/2014,14.58563393,-1.443900062
12/15/2014,14.79932134,38.26276425
12/14/2014,10.70376498,-2.323502414
12/13/2014,10.95838328,-4.603323904
12/12/2014,11.48717516,-5.786096041
12/11/2014,12.19265382,-3.711526465
12/10/2014,12.66263071,-15.23969561
12/9/2014,14.93934077,18.35758786
12/8/2014,12.62220787,15.84272613
12/7/2014,10.89598656,-6.675883554
12/6/2014,11.67542429,-14.88344109
12/5/2014,13.71698344,-2.378781039
12/4/2014,14.05123147,3.431750881
12/3/2014,13.58502718,-4.42458569
12/2/2014,14.21393491,1.513153975
12/1/2014,14.00206215,19.7118733
11/30/2014,11.696469,1.329550053
11/29/2014,11.54299905,-0.976142065
11/28/2014,11.65678584,-1.097949507
11/27/2014,11.78619228,-9.538065355
11/26/2014,13.02889699,6.709286622
11/25/2014,12.20971239,-2.316879467
11/24/2014,12.49930625,9.024444347
11/23/2014,11.46468237,-1.017560589
11/22/2014,11.58254175,-11.58169179
11/21/2014,13.09970976,1.532195546
11/20/2014,12.9020255,-3.873366179
11/19/2014,13.42190503,2.248806082
11/18/2014,13.12671076,-10.03381917
11/17/2014,14.59071691,29.71680825
11/16/2014,11.2481313,-2.114691674
11/15/2014,11.49113334,-15.91668264
11/14/2014,13.66636534,-13.38450412
11/13/2014,15.77819904,16.18736243
11/12/2014,13.57996146,1.528783187
11/11/2014,13.37547938,3.92785682
11/10/2014,12.86996556,-14.68364945
11/9/2014,15.08499306,32.05922736
11/8/2014,11.42289968,-19.50278695
11/7/2014,14.19042877,4.221318006
11/6/2014,13.61566812,1.270632451
11/5/2014,13.4448337,-20.6574953
11/4/2014,16.9453104,32.03655588
11/3/2014,12.83380219,3.447100586
11/2/2014,12.40614973,-5.799149982
11/1/2014,13.16989149,-0.315385569
10/31/2014,13.21155884,-8.06259894
10/30/2014,14.37016784,5.993179736
10/29/2014,13.55763444,-1.191194064
10/28/2014,13.72107912,7.137902226
10/27/2014,12.80693278,19.01646423
10/26/2014,10.7606396,-6.944673903
10/25/2014,11.56370092,-11.3075543
10/24/2014,13.03797728,3.597502321
10/23/2014,12.58522357,0.713853434
10/22/2014,12.4960203,-3.818767864
10/21/2014,12.99216076,6.109718564
10/20/2014,12.24408182,18.77016335
10/19/2014,10.3090553,-7.60742317
10/18/2014,11.15788265,-4.109003606
10/17/2014,11.63600658,-4.543023495
10/16/2014,12.18979168,-3.573561671
10/15/2014,12.64154509,-3.429421789
10/14/2014,13.09047261,1.950852829
10/13/2014,12.83998343,15.99172737
10/12/2014,11.06974068,5.298190787
10/11/2014,10.51275487,-21.60674179
10/10/2014,13.41027929,0.436565741
10/9/2014,13.35198908,2.100633316
10/8/2014,13.07728331,-1.444295512
10/7/2014,13.26892581,7.909419609
10/6/2014,12.29635546,7.558470034
10/5/2014,11.43225211,-12.73088187
10/4/2014,13.09999729,12.01319786
10/3/2014,11.69504803,-0.942832581
10/2/2014,11.80636226,-6.553632652
10/1/2014,12.63437263,2.444178049
9/30/2014,12.33293377,7.648849247
9/29/2014,11.45663317,3.39219789
9/28/2014,11.08075213,-2.356647406
9/27/2014,11.34818893,-76.07851018
9/26/2014,47.43930673,262.7400562
9/25/2014,13.07804471,-2.554646027
9/24/2014,13.42090123,15.61896985
9/23/2014,11.60787131,6.625722162
9/22/2014,10.88655821,10.97481256
9/21/2014,9.80993611,-1.598464217
9/20/2014,9.96929167,-10.57259964
9/19/2014,11.14791622,-10.52616337
9/18/2014,12.45941455,1.496615846
9/17/2014,12.27569456,-16.68310302
9/16/2014,14.7337395,23.32878134
9/15/2014,11.9467162,14.69435286
9/14/2014,10.41613288,5.452624768
9/13/2014,9.87754729,-5.441195437
9/12/2014,10.4459308,1.671618921
9/11/2014,10.27418557,-29.93923644
9/10/2014,14.66467827,12.75250419
9/9/2014,13.00607767,14.85747214
9/8/2014,11.323667,-41.8274282
9/7/2014,19.46564618,85.56481925
9/6/2014,10.4899443,-2.091292561
9/5/2014,10.7140055,-3.963688584
9/4/2014,11.15620263,-1.130998472
9/3/2014,11.28382249,-1.126426234
9/2/2014,11.41237447,10.7420451
9/1/2014,10.30536727,14.21526514
8/31/2014,9.02275826,-7.426575344
8/30/2014,9.7465966,-4.632807276
8/29/2014,10.22007288,-4.143279376
8/28/2014,10.66182195,-8.183903658
8/27/2014,11.61214904,-11.35618371
8/26/2014,13.09978465,-8.589249716
8/25/2014,14.33068278,65.54216865
8/24/2014,8.65681711,-6.067023047
8/23/2014,9.21595098,-15.060412
8/22/2014,10.85000669,-9.159745038
8/21/2014,11.94405134,-0.636718403
8/20/2014,12.02058864,-6.653721575
8/19/2014,12.87741605,20.56486147
8/18/2014,10.68090312,-71.3634359
8/17/2014,37.29813075,153.7463948
8/16/2014,14.69897958,33.94723596
8/15/2014,10.97370877,-13.11087239
8/14/2014,12.6295534,0.236881699
8/13/2014,12.599707,1.366547691
8/12/2014,12.42984721,6.374620084
8/11/2014,11.68497448,21.38994355
8/10/2014,9.6259823,-2.736351467
8/9/2014,9.89679335,-10.72615222
8/8/2014,11.08588192,-1.171022725
8/7/2014,11.21723833,-13.2577217
8/6/2014,12.93168516,6.424262199
8/5/2014,12.15106865,20.22409845
8/4/2014,10.10701582,20.79580934
8/3/2014,8.36702521,-10.62342389
8/2/2014,9.36154144,-13.95386103
8/1/2014,10.87967636,-1.316880416
7/31/2014,11.02486059,1.518585119
7/30/2014,10.85994311,1.940109834
7/29/2014,10.6532582,9.780716422
7/28/2014,9.70412523,10.57973644
7/27/2014,8.77568128,-7.70482553
7/26/2014,9.50827747,-6.766929972
7/25/2014,10.19839577,-4.087540752
7/24/2014,10.633025,-5.358967634
7/23/2014,11.23511096,-5.248054265
7/22/2014,11.8573934,18.33295202
7/21/2014,10.02036474,5.410967871
7/20/2014,9.50599823,-9.09232746
7/19/2014,10.4567612,-9.899634017
7/18/2014,11.60568116,-8.915625208
7/17/2014,12.74168175,3.322410301
7/16/2014,12.33196333,3.823119864
7/15/2014,11.87785856,4.649003556
7/14/2014,11.35018792,21.73620119
7/13/2014,9.32359299,3.420941957
7/12/2014,9.01518862,-18.95310958
7/11/2014,11.12342321,-0.914930951
7/10/2014,11.22613459,-5.948648276
7/9/2014,11.9361757,-2.297534846
7/8/2014,12.21686237,16.95212156
7/7/2014,10.44603741,12.93933011
7/6/2014,9.24924683,11.96595094
7/5/2014,8.26076745,-21.98174034
7/4/2014,10.58824881,-4.454530309
7/3/2014,11.08189519,-19.30720723
7/2/2014,13.73343865,11.08239622
7/1/2014,12.36328988,13.32650388
6/30/2014,10.90944259,23.35186662
6/29/2014,8.84416498,-10.46921836
6/28/2014,9.87835113,-4.050636583
6/27/2014,10.29537954,-9.511144364
6/26/2014,11.37751104,-1.541739849
6/25/2014,11.5556694,-0.745006227
6/24/2014,11.64240605,17.35701485
6/23/2014,9.92050289,5.254937565
6/22/2014,9.42521379,3.349306172
6/21/2014,9.11976494,-18.95788381
6/20/2014,11.25311797,-10.95045903
6/19/2014,12.63691856,3.305615597
6/18/2014,12.23255724,2.036393823
6/17/2014,11.98842568,7.725988861
6/16/2014,11.12862904,19.16869593
6/15/2014,9.33855066,-6.163576448
6/14/2014,9.95194649,-18.58874871
6/13/2014,12.22428882,0.584145326
6/12/2014,12.15329591,10.92783398
6/11/2014,10.95603824,-10.14661289
6/10/2014,12.193239,18.6551354
6/9/2014,10.27619998,17.98814368
6/8/2014,8.70951916,-4.509333453
6/7/2014,9.12080675,-19.41450687
6/6/2014,11.31817452,-7.574068875
6/5/2014,12.24567,-0.166838296
6/4/2014,12.26613461,-10.59218726
6/3/2014,13.71930957,25.69021896
6/2/2014,10.91517676,2.166280191
6/1/2014,10.68373708,7.49557448
5/31/2014,9.93876923,-17.62467
5/30/2014,12.06522539,-2.637429255
5/29/2014,12.39205713,-6.452276025
5/28/2014,13.24677566,7.410729001
5/27/2014,12.33282353,3.498953148
5/26/2014,11.91589205,24.48560566
5/25/2014,9.57210433,-20.92280199
5/24/2014,12.10475911,-6.830610541
5/23/2014,12.99220611,2.167306784
5/22/2014,12.71659841,-4.21187127
5/21/2014,13.27575617,4.543742137
5/20/2014,12.69875738,18.43135158
5/19/2014,10.7224626,20.13022738
5/18/2014,8.92569908,-8.844382628
5/17/2014,9.7917159,-18.54930889
5/16/2014,12.02164864,-5.75221531
5/15/2014,12.75536468,5.907155377
5/14/2014,12.04391208,-7.71165005
5/13/2014,13.05030601,2.416333595
5/12/2014,12.74240695,36.6515714
5/11/2014,9.32474235,-14.20264089
5/10/2014,10.8683326,-31.49987791
5/9/2014,15.8661507,16.82312277
5/8/2014,13.58134445,1.502131566
5/7/2014,13.38035393,-12.0359095
5/6/2014,15.21115475,22.97538432
5/5/2014,12.36926791,23.71489223
5/4/2014,9.99820449,-9.174059159
5/3/2014,11.0080935,-4.356360981
5/2/2014,11.50948836,-4.224929034
5/1/2014,12.01720682,-4.128515437
4/30/2014,12.53470401,2.991615978
4/29/2014,12.17060621,-1.375275643
4/28/2014,12.34031962,9.447634976
4/27/2014,11.27509025,7.12724879
4/26/2014,10.52495082,-26.92886713
4/25/2014,14.40370555,1.539642374
4/24/2014,14.18530262,-0.670755553
4/23/2014,14.28109385,-7.342941011
4/22/2014,15.41285036,32.75648854
4/21/2014,11.60986595,7.632970533
4/20/2014,10.78653306,-18.93801254
4/19/2014,13.3065243,9.820024172
4/18/2014,12.11666488,-20.68803805
4/17/2014,15.27722248,1.749219101
4/16/2014,15.0145845,-8.464999417
4/15/2014,16.40310745,13.95642584
4/14/2014,14.39419263,54.67977942
4/13/2014,9.30580111,-6.168602087
4/12/2014,9.91757697,-31.93175061
4/11/2014,14.57004853,-31.60564503
4/10/2014,21.30299867,60.44227354
4/9/2014,13.2776719,-12.05076308
4/8/2014,15.09697226,8.562830656
4/7/2014,13.90620728,51.67683181
4/6/2014,9.16831339,-24.58654082
4/5/2014,12.15739669,-10.64777907
4/4/2014,13.60614942,1.37558837
4/3/2014,13.42152449,2.528197426
4/2/2014,13.09056906,4.318553932
4/1/2014,12.54864889,5.007649489
3/31/2014,11.95022358,11.1600321
3/30/2014,10.75046791,8.468234096
3/29/2014,9.91116708,-22.37251462
3/28/2014,12.76760033,-7.133511194
3/27/2014,13.74833968,-11.76571104
3/26/2014,15.58162914,8.106764177
3/25/2014,14.41318613,16.52106984
3/24/2014,12.36959646,-14.0404318
3/23/2014,14.39001698,-1.468435941
3/22/2014,14.60447433,-2.989827035
3/21/2014,15.05458024,10.04427794
3/20/2014,13.68047528,10.22016842
3/19/2014,12.4119528,17.02574495
3/18/2014,10.60617286,-26.92846255
3/17/2014,14.51477994,39.75306258
3/16/2014,10.38601922,-11.84346385
3/15/2014,11.78133769,-15.89529422
3/14/2014,14.00794115,-5.732609562
3/13/2014,14.85979519,-14.00141516
3/12/2014,17.27911595,11.8216887
3/11/2014,15.4523833,7.050228021
3/10/2014,14.43470377,19.68391464
3/9/2014,12.0606882,-7.103399032
3/8/2014,12.98291657,-1.622168199
3/7/2014,13.19699401,-11.29781015
3/6/2014,14.8778672,1.18732277
3/5/2014,14.70329167,-19.3395489
3/4/2014,18.22862564,23.5101208
3/3/2014,14.75881128,32.95947247
3/2/2014,11.10023303,-25.48983426
3/1/2014,14.89760883,-2.542519111
2/28/2014,15.28626504,9.80373848
2/27/2014,13.92144316,-6.203352434
2/26/2014,14.8421543,-19.59969164
2/25/2014,18.46032012,32.04675529
2/24/2014,13.98013914,18.6613054
2/23/2014,11.78154841,-6.26338338
2/22/2014,12.56877924,-14.4862859
2/21/2014,14.69796906,-1.51061729
2/20/2014,14.92340459,9.423681038
2/19/2014,13.63818549,-43.94621282
2/18/2014,24.33053354,96.48620197
2/17/2014,12.38282042,11.29071638
2/16/2014,11.12655289,-19.0615072
2/15/2014,13.74692375,-19.90151853
2/14/2014,17.1625273,22.58713939
2/13/2014,14.00026739,-12.20770724
2/12/2014,15.9470347,33.20028441
2/11/2014,11.97222271,-10.03155968
2/10/2014,13.307136,20.31723487
2/9/2014,11.06004141,-10.39972412
2/8/2014,12.34375821,-20.902989
2/7/2014,15.60584661,4.2572781
2/6/2014,14.96859202,7.824276086
2/5/2014,13.8823951,1.914148791
2/4/2014,13.62165633,9.767529007
2/3/2014,12.40954994,24.41161176
2/2/2014,9.97459141,-22.54588299
2/1/2014,12.87806484,-8.32503857
1/31/2014,14.04752687,5.006748914
1/30/2014,13.37773716,-2.639916601
1/29/2014,13.74047422,-0.626374317
1/28/2014,13.82708352,7.06164421
1/27/2014,12.91506741,14.05890355
1/26/2014,11.32315585,-8.608602182
1/25/2014,12.38973921,-27.08833421
1/24/2014,16.99280777,5.961410498
1/23/2014,16.03678895,15.08829095
1/22/2014,13.93433582,-15.59922442
1/21/2014,16.50972485,22.16859101
1/20/2014,13.5138866,11.97204542
1/19/2014,12.06898253,-6.219811578
1/18/2014,12.86943728,-13.84961025
1/17/2014,14.93833901,12.08006009
1/16/2014,13.32827534,-31.59857414
1/15/2014,19.48537647,54.20184172
1/14/2014,12.63627999,2.907029693
1/13/2014,12.27931661,6.205781745
1/12/2014,11.56181557,-7.299065091
1/11/2014,12.47216717,-2.851990082
1/10/2014,12.83831463,-0.865951984
1/9/2014,12.95045939,-9.365522839
1/8/2014,14.28866784,-7.05852193
1/7/2014,15.37383323,-48.25449398
1/6/2014,29.71047036,124.3617539
1/5/2014,13.24221702,4.431949096
1/4/2014,12.68023544,-12.93767026
1/3/2014,14.56454873,20.11343237
1/2/2014,12.12566192,32.03418454
1/1/2014,9.18372917,
