Date,ntrbl,ntrblvar,Value
5/27/2019,2417.128571,-1.086259454,2267.10303
5/26/2019,2443.673203,-0.83284764,2417.128571
5/25/2019,2464.196203,4.212284989,2443.673203
5/24/2019,2364.592814,-5.01623817,2464.196203
5/23/2019,2364.592814,-5.01623817,2364.592814
5/22/2019,2364.592814,-5.01623817,2489.470588
5/21/2019,2364.592814,-5.01623817,2370.074534
5/20/2019,2364.592814,-5.01623817,2127.969325
5/19/2019,2364.592814,-5.01623817,2351.006536
5/18/2019,2364.592814,-5.01623817,2395.059603
5/17/2019,2364.592814,-5.01623817,2568.917808
5/16/2019,2364.592814,-5.01623817,2475.845638
5/15/2019,2364.592814,-5.01623817,2416.907895
5/14/2019,2364.592814,-5.01623817,2337.892216
5/13/2019,2364.592814,-5.01623817,2142.85443
5/12/2019,2364.592814,-5.01623817,2653.515385
5/11/2019,2364.592814,-5.01623817,2583.704
5/10/2019,2364.592814,-5.01623817,2410.46
5/9/2019,2364.592814,-5.01623817,2586.059211
5/8/2019,2364.592814,-5.01623817,2597.976378
5/7/2019,2364.592814,-5.01623817,2506.463576
5/6/2019,2364.592814,-5.01623817,2563.813953
5/5/2019,2364.592814,-5.01623817,2696.287879
5/4/2019,2364.592814,-5.01623817,2519.947368
5/3/2019,2364.592814,-5.01623817,2460.032609
5/2/2019,2364.592814,-5.01623817,2570.461988
5/1/2019,2364.592814,-5.01623817,2474.9
4/30/2019,2364.592814,-5.01623817,2228.263804
4/29/2019,2364.592814,-5.01623817,2351.478528
4/28/2019,2364.592814,-5.01623817,2620.49635
4/27/2019,2364.592814,-5.01623817,2524.562914
4/26/2019,2364.592814,-5.01623817,2685.937063
4/25/2019,2364.592814,-5.01623817,2480.239264
4/24/2019,2364.592814,-5.01623817,2687.525862
4/23/2019,2364.592814,-5.01623817,2552.343284
4/22/2019,2364.592814,-5.01623817,2411.944444
4/21/2019,2364.592814,-5.01623817,2441.526718
4/20/2019,2364.592814,-5.01623817,2382.421053
4/19/2019,2364.592814,-5.01623817,2570.342282
4/18/2019,2364.592814,-5.01623817,2541.572464
4/17/2019,2364.592814,-5.01623817,2472.531034
4/16/2019,2364.592814,-5.01623817,2630.848276
4/15/2019,2364.592814,-5.01623817,2762.540984
4/14/2019,2364.592814,-5.01623817,2719.081481
4/13/2019,2364.592814,-5.01623817,2495.145695
4/12/2019,2364.592814,-5.01623817,2565.617834
4/11/2019,2364.592814,-5.01623817,2679.060811
4/10/2019,2364.592814,-5.01623817,2621.75
4/9/2019,2364.592814,-5.01623817,2516.331081
4/8/2019,2364.592814,-5.01623817,2486.744681
4/7/2019,2364.592814,-5.01623817,2586.827338
4/6/2019,2364.592814,-5.01623817,2449.936709
4/5/2019,2364.592814,-5.01623817,2533.285714
4/4/2019,2364.592814,-5.01623817,2536.971831
4/3/2019,2364.592814,-5.01623817,2557.369427
4/2/2019,2364.592814,-5.01623817,2712.529412
4/1/2019,2364.592814,-5.01623817,2745.697842
3/31/2019,2364.592814,-5.01623817,2717.863309
3/30/2019,2364.592814,-5.01623817,2515.761905
3/29/2019,2364.592814,-5.01623817,2696.561644
3/28/2019,2364.592814,-5.01623817,2571.718121
3/27/2019,2364.592814,-5.01623817,2734.440299
3/26/2019,2364.592814,-5.01623817,2176.966216
3/25/2019,2364.592814,-5.01623817,1507.773333
3/24/2019,2364.592814,-5.01623817,1734.986207
3/23/2019,2364.592814,-5.01623817,1854.186335
3/22/2019,2364.592814,-5.01623817,2102.881119
3/21/2019,2364.592814,-5.01623817,1894.161491
3/20/2019,2364.592814,-5.01623817,1751.402299
3/19/2019,2364.592814,-5.01623817,1810.590062
3/18/2019,2364.592814,-5.01623817,1556.780822
3/17/2019,2364.592814,-5.01623817,1609
3/16/2019,2364.592814,-5.01623817,1940.980392
3/15/2019,2364.592814,-5.01623817,1935.025806
3/14/2019,2364.592814,-5.01623817,2118.2
3/13/2019,2364.592814,-5.01623817,1997.573427
3/12/2019,2364.592814,-5.01623817,2075.640845
3/11/2019,2364.592814,-5.01623817,1565.272059
3/10/2019,2364.592814,-5.01623817,1735.449275
3/9/2019,2364.592814,-5.01623817,1953.863014
3/8/2019,2364.592814,-5.01623817,1989.598592
3/7/2019,2364.592814,-5.01623817,2170.804688
3/6/2019,2364.592814,-5.01623817,1917.557047
3/5/2019,2364.592814,-5.01623817,2220.350365
3/4/2019,2364.592814,-5.01623817,2422.486301
3/3/2019,2364.592814,-5.01623817,2544.424242
3/2/2019,2364.592814,-5.01623817,2187.790123
3/1/2019,2364.592814,-5.01623817,2452.18
2/28/2019,2364.592814,-5.01623817,2443.687943
2/27/2019,2364.592814,-5.01623817,2276.819876
2/26/2019,2364.592814,-5.01623817,2354.083916
2/25/2019,2364.592814,-5.01623817,2339.021898
2/24/2019,2364.592814,-5.01623817,2295.377622
2/23/2019,2364.592814,-5.01623817,2162.382716
2/22/2019,2364.592814,-5.01623817,2500.798319
2/21/2019,2364.592814,-5.01623817,2417.846154
2/20/2019,2364.592814,-5.01623817,2232.320513
2/19/2019,2364.592814,-5.01623817,2221.122581
2/18/2019,2364.592814,-5.01623817,2059.515723
2/17/2019,2364.592814,-5.01623817,2214.246667
2/16/2019,2364.592814,-5.01623817,2336.448819
2/15/2019,2364.592814,-5.01623817,2514.06383
2/14/2019,2364.592814,-5.01623817,2304.908497
2/13/2019,2364.592814,-5.01623817,2121.664063
2/12/2019,2364.592814,-5.01623817,2177.413793
2/11/2019,2364.592814,-5.01623817,2140.064286
2/10/2019,2364.592814,-5.01623817,2072.613333
2/9/2019,2364.592814,-5.01623817,2056.932515
2/8/2019,2364.592814,-5.01623817,2029
2/7/2019,2364.592814,-5.01623817,2131.682927
2/6/2019,2364.592814,-5.01623817,2408.632653
2/5/2019,2364.592814,-5.01623817,2280.870748
2/4/2019,2364.592814,-5.01623817,2175.152174
2/3/2019,2364.592814,-5.01623817,2236.333333
2/2/2019,2364.592814,-5.01623817,2147.727848
2/1/2019,2364.592814,-5.01623817,2283.516129
1/31/2019,2364.592814,-5.01623817,2367.5
1/30/2019,2364.592814,-5.01623817,2233.986301
1/29/2019,2364.592814,-5.01623817,2124.565517
1/28/2019,2364.592814,-5.01623817,2019.350365
1/27/2019,2364.592814,-5.01623817,1921.9
1/26/2019,2364.592814,-5.01623817,2181.775362
1/25/2019,2364.592814,-5.01623817,1902.135802
1/24/2019,2364.592814,-5.01623817,2010.232877
1/23/2019,2364.592814,-5.01623817,2277.230769
1/22/2019,2364.592814,-5.01623817,2101.346667
1/21/2019,2364.592814,-5.01623817,1873.363057
1/20/2019,2364.592814,-5.01623817,2121.714286
1/19/2019,2364.592814,-5.01623817,2217.137681
1/18/2019,2364.592814,-5.01623817,2336.181102
1/17/2019,2364.592814,-5.01623817,2298.511278
1/16/2019,2364.592814,-5.01623817,2289.992424
1/15/2019,2364.592814,-5.01623817,2192.516779
1/14/2019,2364.592814,-5.01623817,2021.875912
1/13/2019,2364.592814,-5.01623817,2039.869565
1/12/2019,2364.592814,-5.01623817,2083.594595
1/11/2019,2364.592814,-5.01623817,2098.320513
1/10/2019,2364.592814,-5.01623817,1945.463415
1/9/2019,2364.592814,-5.01623817,1884.757396
1/8/2019,2364.592814,-5.01623817,2019.730496
1/7/2019,2364.592814,-5.01623817,1833.489362
1/6/2019,2364.592814,-5.01623817,1626.944785
1/5/2019,2364.592814,-5.01623817,1891.087248
1/4/2019,2364.592814,-5.01623817,1877.522581
1/3/2019,2364.592814,-5.01623817,1799.311258
1/2/2019,2364.592814,-5.01623817,1575.33557
1/1/2019,2364.592814,-5.01623817,1675.380645
12/31/2018,2364.592814,-5.01623817,1520.676136
12/30/2018,2364.592814,-5.01623817,1920.144928
12/29/2018,2364.592814,-5.01623817,1845.91018
12/28/2018,2364.592814,-5.01623817,1724.252874
12/27/2018,2364.592814,-5.01623817,1791.751592
12/26/2018,2364.592814,-5.01623817,1666.993711
12/25/2018,2364.592814,-5.01623817,1791.427632
12/24/2018,2364.592814,-5.01623817,1424.653409
12/23/2018,2364.592814,-5.01623817,1435.52
12/22/2018,2364.592814,-5.01623817,2004.2
12/21/2018,2364.592814,-5.01623817,2127.948148
12/20/2018,2364.592814,-5.01623817,2029.47651
12/19/2018,2364.592814,-5.01623817,2080.039063
12/18/2018,2364.592814,-5.01623817,1867.64375
12/17/2018,2364.592814,-5.01623817,1969.156522
12/16/2018,2364.592814,-5.01623817,1764.288591
12/15/2018,2364.592814,-5.01623817,1889.047945
12/14/2018,2364.592814,-5.01623817,2049.022901
12/13/2018,2364.592814,-5.01623817,2178.525
12/12/2018,2364.592814,-5.01623817,2011.896
12/11/2018,2364.592814,-5.01623817,2083.491935
12/10/2018,2364.592814,-5.01623817,1863.820313
12/9/2018,2364.592814,-5.01623817,1819.716535
12/8/2018,2364.592814,-5.01623817,2227.105263
12/7/2018,2364.592814,-5.01623817,2071.511111
12/6/2018,2364.592814,-5.01623817,1973.084615
12/5/2018,2364.592814,-5.01623817,1957.891304
12/4/2018,2364.592814,-5.01623817,2110.982456
12/3/2018,2364.592814,-5.01623817,1953.27193
12/2/2018,2364.592814,-5.01623817,1950.379032
12/1/2018,2364.592814,-5.01623817,2476.80198
11/30/2018,2364.592814,-5.01623817,2345.009524
11/29/2018,2364.592814,-5.01623817,2156.40678
11/28/2018,2364.592814,-5.01623817,2049.870229
11/27/2018,2364.592814,-5.01623817,2315.873874
11/26/2018,2364.592814,-5.01623817,1883.905512
11/25/2018,2364.592814,-5.01623817,1748.370629
11/24/2018,2364.592814,-5.01623817,2202.088
11/23/2018,2364.592814,-5.01623817,2181.278689
11/22/2018,2364.592814,-5.01623817,2428.019048
11/21/2018,2364.592814,-5.01623817,2185.227273
11/20/2018,2364.592814,-5.01623817,2126.753968
11/19/2018,2364.592814,-5.01623817,1949.617886
11/18/2018,2364.592814,-5.01623817,1811.372414
11/17/2018,2364.592814,-5.01623817,2247.015873
11/16/2018,2364.592814,-5.01623817,2295.472441
11/15/2018,2364.592814,-5.01623817,2168.555556
11/14/2018,2364.592814,-5.01623817,2326.333333
11/13/2018,2364.592814,-5.01623817,2142.9
11/12/2018,2364.592814,-5.01623817,1691.719178
11/11/2018,2364.592814,-5.01623817,1927.473282
11/10/2018,2364.592814,-5.01623817,2235.401575
11/9/2018,2364.592814,-5.01623817,2294.190083
11/8/2018,2364.592814,-5.01623817,2259.492308
11/7/2018,2364.592814,-5.01623817,2230.085938
11/6/2018,2364.592814,-5.01623817,2057.520833
11/5/2018,2364.592814,-5.01623817,1839.406504
11/4/2018,2364.592814,-5.01623817,1550.086957
11/3/2018,2364.592814,-5.01623817,2046.881119
11/2/2018,2364.592814,-5.01623817,1830.785714
11/1/2018,2364.592814,-5.01623817,1768.607362
10/31/2018,2364.592814,-5.01623817,1839.785714
10/30/2018,2364.592814,-5.01623817,1847.630137
10/29/2018,2364.592814,-5.01623817,1570.428571
10/28/2018,2364.592814,-5.01623817,1718.742647
10/27/2018,2364.592814,-5.01623817,1769.244755
10/26/2018,2364.592814,-5.01623817,1858.386861
10/25/2018,2364.592814,-5.01623817,2248.59292
10/24/2018,2364.592814,-5.01623817,1645.863636
10/23/2018,2364.592814,-5.01623817,1647.251613
10/22/2018,2364.592814,-5.01623817,1532.644928
10/21/2018,2364.592814,-5.01623817,1593.153846
10/20/2018,2364.592814,-5.01623817,1787.507042
10/19/2018,2364.592814,-5.01623817,1836.594203
10/18/2018,2364.592814,-5.01623817,1886.681159
10/17/2018,2364.592814,-5.01623817,1910.866667
10/16/2018,2364.592814,-5.01623817,1647.808642
10/15/2018,2364.592814,-5.01623817,1677.710526
10/14/2018,2364.592814,-5.01623817,1454.588652
10/13/2018,2364.592814,-5.01623817,1842.227273
10/12/2018,2364.592814,-5.01623817,1650.735849
10/11/2018,2364.592814,-5.01623817,1701.006944
10/10/2018,2364.592814,-5.01623817,1814.323077
10/9/2018,2364.592814,-5.01623817,1837.340741
10/8/2018,2364.592814,-5.01623817,1547.401408
10/7/2018,2364.592814,-5.01623817,1718.744
10/6/2018,2364.592814,-5.01623817,1882.453846
10/5/2018,2364.592814,-5.01623817,1621.046667
10/4/2018,2364.592814,-5.01623817,1671.055172
10/3/2018,2364.592814,-5.01623817,1786.656934
10/2/2018,2364.592814,-5.01623817,1536.835443
10/1/2018,2364.592814,-5.01623817,1277.361963
9/30/2018,2364.592814,-5.01623817,1436.440789
9/29/2018,2364.592814,-5.01623817,1650.902597
9/28/2018,2364.592814,-5.01623817,1739.062937
9/27/2018,2364.592814,-5.01623817,1754.870504
9/26/2018,2364.592814,-5.01623817,1491.792899
9/25/2018,2364.592814,-5.01623817,1605.878378
9/24/2018,2364.592814,-5.01623817,1335.46
9/23/2018,2364.592814,-5.01623817,1455.077419
9/22/2018,2364.592814,-5.01623817,1896.1875
9/21/2018,2364.592814,-5.01623817,1647.233766
9/20/2018,2364.592814,-5.01623817,1609.211538
9/19/2018,2364.592814,-5.01623817,1720.133803
9/18/2018,2364.592814,-5.01623817,1778.903704
9/17/2018,2364.592814,-5.01623817,1291.244604
9/16/2018,2364.592814,-5.01623817,1507.65
9/15/2018,2364.592814,-5.01623817,1691.287879
9/14/2018,2364.592814,-5.01623817,1582.493243
9/13/2018,2364.592814,-5.01623817,1388.541667
9/12/2018,2364.592814,-5.01623817,1684.900709
9/11/2018,2364.592814,-5.01623817,1650.859259
9/10/2018,2364.592814,-5.01623817,1158.969325
9/9/2018,2364.592814,-5.01623817,1362.853333
9/8/2018,2364.592814,-5.01623817,1518.355263
9/7/2018,2364.592814,-5.01623817,1681.74
9/6/2018,2364.592814,-5.01623817,1867.25
9/5/2018,2364.592814,-5.01623817,1843.373016
9/4/2018,2364.592814,-5.01623817,1547.895833
9/3/2018,2364.592814,-5.01623817,1299.618056
9/2/2018,2364.592814,-5.01623817,1412.788079
9/1/2018,2364.592814,-5.01623817,1529.522581
8/31/2018,2364.592814,-5.01623817,1502.538961
8/30/2018,2364.592814,-5.01623817,1708.690647
8/29/2018,2364.592814,-5.01623817,1555.810458
8/28/2018,2364.592814,-5.01623817,1208.951351
8/27/2018,2364.592814,-5.01623817,998.5375723
8/26/2018,2364.592814,-5.01623817,1454.962963
8/25/2018,2364.592814,-5.01623817,1505.808219
8/24/2018,2364.592814,-5.01623817,1458.738255
8/23/2018,2364.592814,-5.01623817,1439.58125
8/22/2018,2364.592814,-5.01623817,1471.466216
8/21/2018,2364.592814,-5.01623817,1433.22
8/20/2018,2364.592814,-5.01623817,1154.482759
8/19/2018,2364.592814,-5.01623817,1193.34375
8/18/2018,2364.592814,-5.01623817,1538.118421
8/17/2018,2364.592814,-5.01623817,1470.474684
8/16/2018,2364.592814,-5.01623817,1528.360248
8/15/2018,2364.592814,-5.01623817,1820.75
8/14/2018,2364.592814,-5.01623817,1481.526667
8/13/2018,2364.592814,-5.01623817,1064.8
8/12/2018,2364.592814,-5.01623817,1131.988235
8/11/2018,2364.592814,-5.01623817,1284.931818
8/10/2018,2364.592814,-5.01623817,1492.120805
8/9/2018,2364.592814,-5.01623817,1498.796178
8/8/2018,2364.592814,-5.01623817,1543.344371
8/7/2018,2364.592814,-5.01623817,1668.755725
8/6/2018,2364.592814,-5.01623817,1076.13125
8/5/2018,2364.592814,-5.01623817,1088.960227
8/4/2018,2364.592814,-5.01623817,1384.692771
8/3/2018,2364.592814,-5.01623817,1469.75817
8/2/2018,2364.592814,-5.01623817,1606.96
8/1/2018,2364.592814,-5.01623817,1652.904762
7/31/2018,2364.592814,-5.01623817,1723.313433
7/30/2018,2364.592814,-5.01623817,990.6294118
7/29/2018,2364.592814,-5.01623817,1298.193103
7/28/2018,2364.592814,-5.01623817,1373.634731
7/27/2018,2364.592814,-5.01623817,1404.115152
7/26/2018,2364.592814,-5.01623817,1413.60452
7/25/2018,2364.592814,-5.01623817,1631.18239
7/24/2018,2364.592814,-5.01623817,1382.409639
7/23/2018,2364.592814,-5.01623817,918.2912088
7/22/2018,2364.592814,-5.01623817,1348.927007
7/21/2018,2364.592814,-5.01623817,1464.474026
7/20/2018,2364.592814,-5.01623817,1316.017544
7/19/2018,2364.592814,-5.01623817,1372.235632
7/18/2018,2364.592814,-5.01623817,1471.484277
7/17/2018,2364.592814,-5.01623817,1732.016667
7/16/2018,2364.592814,-5.01623817,1211.661654
7/15/2018,2364.592814,-5.01623817,1326.879699
7/14/2018,2364.592814,-5.01623817,1453.874126
7/13/2018,2364.592814,-5.01623817,1443.510638
7/12/2018,2364.592814,-5.01623817,1500.762963
7/11/2018,2364.592814,-5.01623817,1450.087248
7/10/2018,2364.592814,-5.01623817,1518.720588
7/9/2018,2364.592814,-5.01623817,985.3481013
7/8/2018,2364.592814,-5.01623817,1090.769231
7/7/2018,2364.592814,-5.01623817,1256.20625
7/6/2018,2364.592814,-5.01623817,1456.934307
7/5/2018,2364.592814,-5.01623817,1543.19403
7/4/2018,2364.592814,-5.01623817,1868.508621
7/3/2018,2364.592814,-5.01623817,1413.432624
7/2/2018,2364.592814,-5.01623817,1062.904762
7/1/2018,2364.592814,-5.01623817,1284.148936
6/30/2018,2364.592814,-5.01623817,1310.470199
6/29/2018,2364.592814,-5.01623817,1195.057325
6/28/2018,2364.592814,-5.01623817,1557.933884
6/27/2018,2364.592814,-5.01623817,1338.383562
6/26/2018,2364.592814,-5.01623817,1274.987261
6/25/2018,2364.592814,-5.01623817,924.1052632
6/24/2018,2364.592814,-5.01623817,1020.59375
6/23/2018,2364.592814,-5.01623817,1351.94702
6/22/2018,2364.592814,-5.01623817,1165.370588
6/21/2018,2364.592814,-5.01623817,1283.154839
6/20/2018,2364.592814,-5.01623817,1237.451613
6/19/2018,2364.592814,-5.01623817,1196.981707
6/18/2018,2364.592814,-5.01623817,922.9808917
6/17/2018,2364.592814,-5.01623817,958.373494
6/16/2018,2364.592814,-5.01623817,1345.496732
6/15/2018,2364.592814,-5.01623817,1372.738562
6/14/2018,2364.592814,-5.01623817,1481.321678
6/13/2018,2364.592814,-5.01623817,1479.965517
6/12/2018,2364.592814,-5.01623817,1522.828571
6/11/2018,2364.592814,-5.01623817,1415.818898
6/10/2018,2364.592814,-5.01623817,1197.944056
6/9/2018,2364.592814,-5.01623817,1381.924138
6/8/2018,2364.592814,-5.01623817,1451.937063
6/7/2018,2364.592814,-5.01623817,1404.197279
6/6/2018,2364.592814,-5.01623817,1216.577143
6/5/2018,2364.592814,-5.01623817,1147.081967
6/4/2018,2364.592814,-5.01623817,1002.717791
6/3/2018,2364.592814,-5.01623817,1148.006579
6/2/2018,2364.592814,-5.01623817,1237.837349
6/1/2018,2364.592814,-5.01623817,1232.505882
5/31/2018,2364.592814,-5.01623817,1172.856322
5/30/2018,2364.592814,-5.01623817,1473.158273
5/29/2018,2364.592814,-5.01623817,1211.942308
5/28/2018,2364.592814,-5.01623817,879.902439
5/27/2018,2364.592814,-5.01623817,980.1419753
5/26/2018,2364.592814,-5.01623817,1114.664773
5/25/2018,2364.592814,-5.01623817,1446.328671
5/24/2018,2364.592814,-5.01623817,1377.753086
5/23/2018,2364.592814,-5.01623817,1346.602649
5/22/2018,2364.592814,-5.01623817,1290.745223
5/21/2018,2364.592814,-5.01623817,1101.826389
5/20/2018,2364.592814,-5.01623817,1125.155844
5/19/2018,2364.592814,-5.01623817,1429.027027
5/18/2018,2364.592814,-5.01623817,1459.719697
5/17/2018,2364.592814,-5.01623817,1164.597765
5/16/2018,2364.592814,-5.01623817,1471.089041
5/15/2018,2364.592814,-5.01623817,1588.613636
5/14/2018,2364.592814,-5.01623817,1072.932432
5/13/2018,2364.592814,-5.01623817,1103.357576
5/12/2018,2364.592814,-5.01623817,1682.07874
5/11/2018,2364.592814,-5.01623817,1356.88961
5/10/2018,2364.592814,-5.01623817,1291.11875
5/9/2018,2364.592814,-5.01623817,1566.978417
5/8/2018,2364.592814,-5.01623817,1367.086667
5/7/2018,2364.592814,-5.01623817,1253.729927
5/6/2018,2364.592814,-5.01623817,1259.024845
5/5/2018,2364.592814,-5.01623817,1587.456522
5/4/2018,2364.592814,-5.01623817,1513.384106
5/3/2018,2364.592814,-5.01623817,1516.4
5/2/2018,2364.592814,-5.01623817,1265.563291
5/1/2018,2364.592814,-5.01623817,1387.787097
4/30/2018,2364.592814,-5.01623817,1144.291139
4/29/2018,2364.592814,-5.01623817,1591.257813
4/28/2018,2364.592814,-5.01623817,1486.753521
4/27/2018,2364.592814,-5.01623817,1537.106383
4/26/2018,2364.592814,-5.01623817,1732.96748
4/25/2018,2364.592814,-5.01623817,1600.584906
4/24/2018,2364.592814,-5.01623817,1479.431373
4/23/2018,2364.592814,-5.01623817,1074.1875
4/22/2018,2364.592814,-5.01623817,1219.968553
4/21/2018,2364.592814,-5.01623817,1516.620438
4/20/2018,2364.592814,-5.01623817,1199.567416
4/19/2018,2364.592814,-5.01623817,1254.625
4/18/2018,2364.592814,-5.01623817,1245.802469
4/17/2018,2364.592814,-5.01623817,1390.822695
4/16/2018,2364.592814,-5.01623817,1067.674847
4/15/2018,2364.592814,-5.01623817,1181.335766
4/14/2018,2364.592814,-5.01623817,1316.860606
4/13/2018,2364.592814,-5.01623817,1369.344156
4/12/2018,2364.592814,-5.01623817,1138.186335
4/11/2018,2364.592814,-5.01623817,1136.676829
4/10/2018,2364.592814,-5.01623817,1201.108844
4/9/2018,2364.592814,-5.01623817,860.4658385
4/8/2018,2364.592814,-5.01623817,859.1055556
4/7/2018,2364.592814,-5.01623817,1252.818841
4/6/2018,2364.592814,-5.01623817,1165.589744
4/5/2018,2364.592814,-5.01623817,1263.333333
4/4/2018,2364.592814,-5.01623817,1220.361963
4/3/2018,2364.592814,-5.01623817,1078.064103
4/2/2018,2364.592814,-5.01623817,834.1296296
4/1/2018,2364.592814,-5.01623817,1161.070313
3/31/2018,2364.592814,-5.01623817,1147.777778
3/30/2018,2364.592814,-5.01623817,1265.861842
3/29/2018,2364.592814,-5.01623817,1314.97037
3/28/2018,2364.592814,-5.01623817,1230.690789
3/27/2018,2364.592814,-5.01623817,1252.333333
3/26/2018,2364.592814,-5.01623817,1002.02963
3/25/2018,2364.592814,-5.01623817,1006.967949
3/24/2018,2364.592814,-5.01623817,1352.015038
3/23/2018,2364.592814,-5.01623817,1295.013986
3/22/2018,2364.592814,-5.01623817,1281.881579
3/21/2018,2364.592814,-5.01623817,1536.755906
3/20/2018,2364.592814,-5.01623817,1235.664516
3/19/2018,2364.592814,-5.01623817,1088.748344
3/18/2018,2364.592814,-5.01623817,1036.885906
3/17/2018,2364.592814,-5.01623817,1198.583333
3/16/2018,2364.592814,-5.01623817,1431.847222
3/15/2018,2364.592814,-5.01623817,1326.680556
3/14/2018,2364.592814,-5.01623817,1241.392405
3/13/2018,2364.592814,-5.01623817,1170.149068
3/12/2018,2364.592814,-5.01623817,986.1699346
3/11/2018,2364.592814,-5.01623817,1115.914286
3/10/2018,2364.592814,-5.01623817,1357.39726
3/9/2018,2364.592814,-5.01623817,1212.481481
3/8/2018,2364.592814,-5.01623817,1362.917197
3/7/2018,2364.592814,-5.01623817,1320.615385
3/6/2018,2364.592814,-5.01623817,1351.932886
3/5/2018,2364.592814,-5.01623817,1082.641892
3/4/2018,2364.592814,-5.01623817,983.4666667
3/3/2018,2364.592814,-5.01623817,1250.467949
3/2/2018,2364.592814,-5.01623817,1416.630303
3/1/2018,2364.592814,-5.01623817,1220.793548
2/28/2018,2364.592814,-5.01623817,1372.65
2/27/2018,2364.592814,-5.01623817,1322.510638
2/26/2018,2364.592814,-5.01623817,847.1871345
2/25/2018,2364.592814,-5.01623817,1065.751724
2/24/2018,2364.592814,-5.01623817,1251.304054
2/23/2018,2364.592814,-5.01623817,1229.765101
2/22/2018,2364.592814,-5.01623817,1214.207101
2/21/2018,2364.592814,-5.01623817,1407.48227
2/20/2018,2364.592814,-5.01623817,1156.58642
2/19/2018,2364.592814,-5.01623817,984.537037
2/18/2018,2364.592814,-5.01623817,1166.369128
2/17/2018,2364.592814,-5.01623817,1195.783439
2/16/2018,2364.592814,-5.01623817,1512.847328
2/15/2018,2364.592814,-5.01623817,1097.301676
2/14/2018,2364.592814,-5.01623817,1115.756098
2/13/2018,2364.592814,-5.01623817,1126.012048
2/12/2018,2364.592814,-5.01623817,974.8874172
2/11/2018,2364.592814,-5.01623817,1271.20979
2/10/2018,2364.592814,-5.01623817,1317.481481
2/9/2018,2364.592814,-5.01623817,1322.816794
2/8/2018,2364.592814,-5.01623817,1515.737589
2/7/2018,2364.592814,-5.01623817,1436
2/6/2018,2364.592814,-5.01623817,1169.52973
2/5/2018,2364.592814,-5.01623817,975.7696629
2/4/2018,2364.592814,-5.01623817,1233.487342
2/3/2018,2364.592814,-5.01623817,1404.27381
2/2/2018,2364.592814,-5.01623817,1610.4
2/1/2018,2364.592814,-5.01623817,1745.948718
1/31/2018,2364.592814,-5.01623817,1416.820359
1/30/2018,2364.592814,-5.01623817,1568.756757
1/29/2018,2364.592814,-5.01623817,1350.924051
1/28/2018,2364.592814,-5.01623817,1232.980892
1/27/2018,2364.592814,-5.01623817,1422.316129
1/26/2018,2364.592814,-5.01623817,1497.341772
1/25/2018,2364.592814,-5.01623817,1422.857955
1/24/2018,2364.592814,-5.01623817,1536.361582
1/23/2018,2364.592814,-5.01623817,1470.431138
1/22/2018,2364.592814,-5.01623817,1153.058824
1/21/2018,2364.592814,-5.01623817,1351.747191
1/20/2018,2364.592814,-5.01623817,1476.478788
1/19/2018,2364.592814,-5.01623817,1788.988439
1/18/2018,2364.592814,-5.01623817,1890.844311
1/17/2018,2364.592814,-5.01623817,1910.220126
1/16/2018,2364.592814,-5.01623817,1824.153333
1/15/2018,2364.592814,-5.01623817,1516.419355
1/14/2018,2364.592814,-5.01623817,1783.456376
1/13/2018,2364.592814,-5.01623817,1685.904494
1/12/2018,2364.592814,-5.01623817,1751.082902
1/11/2018,2364.592814,-5.01623817,2092.728916
1/10/2018,2364.592814,-5.01623817,2196.737805
1/9/2018,2364.592814,-5.01623817,2082.361446
1/8/2018,2364.592814,-5.01623817,2272.759259
1/7/2018,2364.592814,-5.01623817,2135.994048
1/6/2018,2364.592814,-5.01623817,2396.552448
1/5/2018,2364.592814,-5.01623817,2529.809524
1/4/2018,2364.592814,-5.01623817,2522.057325
1/3/2018,2364.592814,-5.01623817,1994.035088
1/2/2018,2364.592814,-5.01623817,1549.724359
1/1/2018,2364.592814,-5.01623817,1781.730061
12/31/2017,2364.592814,-5.01623817,2342.904762
12/30/2017,2364.592814,-5.01623817,2144.387879
12/29/2017,2364.592814,-5.01623817,2047.33557
12/28/2017,2364.592814,-5.01623817,1972.064103
12/27/2017,2364.592814,-5.01623817,1742.535211
12/26/2017,2364.592814,-5.01623817,1695.748148
12/25/2017,2364.592814,-5.01623817,1838.967105
12/24/2017,2364.592814,-5.01623817,2217.345324
12/23/2017,2364.592814,-5.01623817,2455.793548
12/22/2017,2364.592814,-5.01623817,2541.530303
12/21/2017,2364.592814,-5.01623817,2722.625
12/20/2017,2364.592814,-5.01623817,2704.442857
12/19/2017,2364.592814,-5.01623817,2166.148352
12/18/2017,2364.592814,-5.01623817,2118.432432
12/17/2017,2364.592814,-5.01623817,2129.953216
12/16/2017,2364.592814,-5.01623817,2400.449704
12/15/2017,2364.592814,-5.01623817,2652.12973
12/14/2017,2364.592814,-5.01623817,2282.682796
12/13/2017,2364.592814,-5.01623817,2390.878205
12/12/2017,2364.592814,-5.01623817,2155.54386
12/11/2017,2364.592814,-5.01623817,2081.829268
12/10/2017,2364.592814,-5.01623817,2318.385057
12/9/2017,2364.592814,-5.01623817,2468.538462
12/8/2017,2364.592814,-5.01623817,2465.860927
12/7/2017,2364.592814,-5.01623817,2359.505319
12/6/2017,2364.592814,-5.01623817,2279.264045
12/5/2017,2364.592814,-5.01623817,2213.734807
12/4/2017,2364.592814,-5.01623817,2005.931818
12/3/2017,2364.592814,-5.01623817,2027.043478
12/2/2017,2364.592814,-5.01623817,2256.327869
12/1/2017,2364.592814,-5.01623817,2301.712575
11/30/2017,2364.592814,-5.01623817,2301.098266
11/29/2017,2364.592814,-5.01623817,2346.00641
11/28/2017,2364.592814,-5.01623817,2230.917647
11/27/2017,2364.592814,-5.01623817,2154.751634
11/26/2017,2364.592814,-5.01623817,2158.262821
11/25/2017,2364.592814,-5.01623817,2051.912752
11/24/2017,2364.592814,-5.01623817,2243.356688
11/23/2017,2364.592814,-5.01623817,2087.065041
11/22/2017,2364.592814,-5.01623817,2145.034682
11/21/2017,2364.592814,-5.01623817,1921.165714
11/20/2017,2364.592814,-5.01623817,1655.34375
11/19/2017,2364.592814,-5.01623817,1991.720588
11/18/2017,2364.592814,-5.01623817,1836.02994
11/17/2017,2364.592814,-5.01623817,2042.078947
11/16/2017,2364.592814,-5.01623817,2117.026316
11/15/2017,2364.592814,-5.01623817,2124.960938
11/14/2017,2364.592814,-5.01623817,2209.278571
11/13/2017,2364.592814,-5.01623817,2324.575
11/12/2017,2364.592814,-5.01623817,2432.925
11/11/2017,2364.592814,-5.01623817,2264.541667
11/10/2017,2364.592814,-5.01623817,2230.594771
11/9/2017,2364.592814,-5.01623817,2092.680556
11/8/2017,2364.592814,-5.01623817,2151.512821
11/7/2017,2364.592814,-5.01623817,2037.81203
11/6/2017,2364.592814,-5.01623817,1785.304965
11/5/2017,2364.592814,-5.01623817,2262.469231
11/4/2017,2364.592814,-5.01623817,2332.756303
11/3/2017,2364.592814,-5.01623817,2276.493333
11/2/2017,2364.592814,-5.01623817,2218.238532
11/1/2017,2364.592814,-5.01623817,2011.123188
10/31/2017,2364.592814,-5.01623817,2150.183673
10/30/2017,2364.592814,-5.01623817,2168.993506
10/29/2017,2364.592814,-5.01623817,2436.070588
10/28/2017,2364.592814,-5.01623817,2372.038462
10/27/2017,2364.592814,-5.01623817,1476.816667
10/26/2017,2364.592814,-5.01623817,1704.945946
10/25/2017,2364.592814,-5.01623817,2079.161677
10/24/2017,2364.592814,-5.01623817,1848.51462
10/23/2017,2364.592814,-5.01623817,1588.631868
10/22/2017,2364.592814,-5.01623817,2040.895425
10/21/2017,2364.592814,-5.01623817,1745.301676
10/20/2017,2364.592814,-5.01623817,2005.533708
10/19/2017,2364.592814,-5.01623817,2182.642384
10/18/2017,2364.592814,-5.01623817,2039.256098
10/17/2017,2364.592814,-5.01623817,1808.764368
10/16/2017,2364.592814,-5.01623817,1453.707692
10/15/2017,2364.592814,-5.01623817,2079.007092
10/14/2017,2364.592814,-5.01623817,2278.080882
10/13/2017,2364.592814,-5.01623817,1916.104575
10/12/2017,2364.592814,-5.01623817,2104.021583
10/11/2017,2364.592814,-5.01623817,1894.38125
10/10/2017,2364.592814,-5.01623817,1844.385093
10/9/2017,2364.592814,-5.01623817,1309.807692
10/8/2017,2364.592814,-5.01623817,1463.455696
10/7/2017,2364.592814,-5.01623817,1784.27044
10/6/2017,2364.592814,-5.01623817,2185.944
10/5/2017,2364.592814,-5.01623817,1737.507463
10/4/2017,2364.592814,-5.01623817,1541.704918
10/3/2017,2364.592814,-5.01623817,1966.68
10/2/2017,2364.592814,-5.01623817,1566.561538
10/1/2017,2364.592814,-5.01623817,1541.144928
9/30/2017,2364.592814,-5.01623817,1505.550296
9/29/2017,2364.592814,-5.01623817,1559.186441
9/28/2017,2364.592814,-5.01623817,1754.836735
9/27/2017,2364.592814,-5.01623817,1910.492754
9/26/2017,2364.592814,-5.01623817,1812.824
9/25/2017,2364.592814,-5.01623817,1277.772414
9/24/2017,2364.592814,-5.01623817,1228.078313
9/23/2017,2364.592814,-5.01623817,1637.517986
9/22/2017,2364.592814,-5.01623817,1450.323864
9/21/2017,2364.592814,-5.01623817,2014.726496
9/20/2017,2364.592814,-5.01623817,1813.570513
9/19/2017,2364.592814,-5.01623817,1718.141732
9/18/2017,2364.592814,-5.01623817,1123.198864
9/17/2017,2364.592814,-5.01623817,1350.633136
9/16/2017,2364.592814,-5.01623817,1622.661111
9/15/2017,2364.592814,-5.01623817,1540.62069
9/14/2017,2364.592814,-5.01623817,1385.894737
9/13/2017,2364.592814,-5.01623817,1362.925532
9/12/2017,2364.592814,-5.01623817,1456.850575
9/11/2017,2364.592814,-5.01623817,1400.289855
9/10/2017,2364.592814,-5.01623817,1289.289941
9/9/2017,2364.592814,-5.01623817,1597.074286
9/8/2017,2364.592814,-5.01623817,1456.670455
9/7/2017,2364.592814,-5.01623817,1705.092593
9/6/2017,2364.592814,-5.01623817,1410.903553
9/5/2017,2364.592814,-5.01623817,1538.742857
9/4/2017,2364.592814,-5.01623817,1268.11039
9/3/2017,2364.592814,-5.01623817,1443.969512
9/2/2017,2364.592814,-5.01623817,1630.287356
9/1/2017,2364.592814,-5.01623817,1722.233129
8/31/2017,2364.592814,-5.01623817,1615.869048
8/30/2017,2364.592814,-5.01623817,1886.684564
8/29/2017,2364.592814,-5.01623817,1734.658915
8/28/2017,2364.592814,-5.01623817,1689.619355
8/27/2017,2364.592814,-5.01623817,2157
8/26/2017,2364.592814,-5.01623817,2061.079208
8/25/2017,2364.592814,-5.01623817,2017.871287
8/24/2017,2364.592814,-5.01623817,1985.748428
8/23/2017,2364.592814,-5.01623817,2205.426966
8/22/2017,2364.592814,-5.01623817,2058.886957
8/21/2017,2364.592814,-5.01623817,1621.938462
8/20/2017,2364.592814,-5.01623817,1767.099338
8/19/2017,2364.592814,-5.01623817,2095.637584
8/18/2017,2364.592814,-5.01623817,1940.329609
8/17/2017,2364.592814,-5.01623817,2114.353846
8/16/2017,2364.592814,-5.01623817,2046.065789
8/15/2017,2364.592814,-5.01623817,1964.323077
8/14/2017,2364.592814,-5.01623817,1779.121622
8/13/2017,2364.592814,-5.01623817,1929.785185
8/12/2017,2364.592814,-5.01623817,1972.229167
8/11/2017,2364.592814,-5.01623817,1925.11194
8/10/2017,2364.592814,-5.01623817,1890.978261
8/9/2017,2364.592814,-5.01623817,1680.329268
8/8/2017,2364.592814,-5.01623817,1627.464052
8/7/2017,2364.592814,-5.01623817,1425.907143
8/6/2017,2364.592814,-5.01623817,1354.638418
8/5/2017,2364.592814,-5.01623817,1317.273743
8/4/2017,2364.592814,-5.01623817,1543.601449
8/3/2017,2364.592814,-5.01623817,1377.111842
8/2/2017,2364.592814,-5.01623817,885.0671141
8/1/2017,2364.592814,-5.01623817,1593.186207
7/31/2017,2364.592814,-5.01623817,1252.687075
7/30/2017,2364.592814,-5.01623817,1344.802548
7/29/2017,2364.592814,-5.01623817,1648.046667
7/28/2017,2364.592814,-5.01623817,1463.435065
7/27/2017,2364.592814,-5.01623817,1618.047619
7/26/2017,2364.592814,-5.01623817,1648.891892
7/25/2017,2364.592814,-5.01623817,1348.719101
7/24/2017,2364.592814,-5.01623817,1052.505814
7/23/2017,2364.592814,-5.01623817,1395.9875
7/22/2017,2364.592814,-5.01623817,1743.136364
7/21/2017,2364.592814,-5.01623817,1420.981481
7/20/2017,2364.592814,-5.01623817,1703.14094
7/19/2017,2364.592814,-5.01623817,1579.242424
7/18/2017,2364.592814,-5.01623817,1556.182432
7/17/2017,2364.592814,-5.01623817,1246.411043
7/16/2017,2364.592814,-5.01623817,1746.858268
7/15/2017,2364.592814,-5.01623817,1639.589928
7/14/2017,2364.592814,-5.01623817,1566.210191
7/13/2017,2364.592814,-5.01623817,1452.757062
7/12/2017,2364.592814,-5.01623817,1536.179191
7/11/2017,2364.592814,-5.01623817,1277.77665
7/10/2017,2364.592814,-5.01623817,1363.217391
7/9/2017,2364.592814,-5.01623817,1338.393939
7/8/2017,2364.592814,-5.01623817,1646.040541
7/7/2017,2364.592814,-5.01623817,1585.253521
7/6/2017,2364.592814,-5.01623817,1590.657718
7/5/2017,2364.592814,-5.01623817,1669.823529
7/4/2017,2364.592814,-5.01623817,1489.670588
7/3/2017,2364.592814,-5.01623817,1489.670588
7/2/2017,2364.592814,-5.01623817,1045.420213
7/1/2017,2364.592814,-5.01623817,1736.103896
6/30/2017,2364.592814,-5.01623817,1925.45
6/29/2017,2364.592814,-5.01623817,1782.235669
6/28/2017,2364.592814,-5.01623817,1982.725191
6/27/2017,2364.592814,-5.01623817,1844.408451
6/26/2017,2364.592814,-5.01623817,1481.303279
6/25/2017,2364.592814,-5.01623817,1555.664384
6/24/2017,2364.592814,-5.01623817,1624.6125
6/23/2017,2364.592814,-5.01623817,1940.179856
6/22/2017,2364.592814,-5.01623817,2001.45
6/21/2017,2364.592814,-5.01623817,1952.449275
6/20/2017,2364.592814,-5.01623817,1786.582781
6/19/2017,2364.592814,-5.01623817,1443.855172
6/18/2017,2364.592814,-5.01623817,1631.406897
6/17/2017,2364.592814,-5.01623817,1823.898649
6/16/2017,2364.592814,-5.01623817,1915.954248
6/15/2017,2364.592814,-5.01623817,2054.6
6/14/2017,2364.592814,-5.01623817,2069.333333
6/13/2017,2364.592814,-5.01623817,1830.598639
6/12/2017,2364.592814,-5.01623817,1526.657534
6/11/2017,2364.592814,-5.01623817,1808.460993
6/10/2017,2364.592814,-5.01623817,1868.768212
6/9/2017,2364.592814,-5.01623817,1862.890909
6/8/2017,2364.592814,-5.01623817,2058.909091
6/7/2017,2364.592814,-5.01623817,1969.642384
6/6/2017,2364.592814,-5.01623817,1767.865854
6/5/2017,2364.592814,-5.01623817,1652.447205
6/4/2017,2364.592814,-5.01623817,1590.208333
6/3/2017,2364.592814,-5.01623817,1859.856164
6/2/2017,2364.592814,-5.01623817,1880.641176
6/1/2017,2364.592814,-5.01623817,1961.182927
5/31/2017,2364.592814,-5.01623817,1943.916201
5/30/2017,2364.592814,-5.01623817,2130.05298
5/29/2017,2364.592814,-5.01623817,1867.533333
5/28/2017,2364.592814,-5.01623817,1975.678571
5/27/2017,2364.592814,-5.01623817,2178.69281
5/26/2017,2364.592814,-5.01623817,2147.93865
5/25/2017,2364.592814,-5.01623817,2198.974026
5/24/2017,2364.592814,-5.01623817,2188.75
5/23/2017,2364.592814,-5.01623817,2245.671233
5/22/2017,2364.592814,-5.01623817,2218.07483
5/21/2017,2364.592814,-5.01623817,2138.212121
5/20/2017,2364.592814,-5.01623817,1948.182927
5/19/2017,2364.592814,-5.01623817,2034.535211
5/18/2017,2364.592814,-5.01623817,2048.56129
5/17/2017,2364.592814,-5.01623817,1772.55303
5/16/2017,2364.592814,-5.01623817,1936.641176
5/15/2017,2364.592814,-5.01623817,2250.597561
5/14/2017,2364.592814,-5.01623817,2083.962025
5/13/2017,2364.592814,-5.01623817,2062.974026
5/12/2017,2364.592814,-5.01623817,2183.281481
5/11/2017,2364.592814,-5.01623817,2103.993243
5/10/2017,2364.592814,-5.01623817,2147.606452
5/9/2017,2364.592814,-5.01623817,2028.311111
5/8/2017,2364.592814,-5.01623817,1892.281437
5/7/2017,2364.592814,-5.01623817,2160.845238
5/6/2017,2364.592814,-5.01623817,2071.263566
5/5/2017,2364.592814,-5.01623817,2111.529762
5/4/2017,2364.592814,-5.01623817,2235.977273
5/3/2017,2364.592814,-5.01623817,2108.613924
5/2/2017,2364.592814,-5.01623817,1965.24
5/1/2017,2364.592814,-5.01623817,1864.165563
4/30/2017,2364.592814,-5.01623817,1972.942197
4/29/2017,2364.592814,-5.01623817,2244.639706
4/28/2017,2364.592814,-5.01623817,2026.421769
4/27/2017,2364.592814,-5.01623817,2186.084967
4/26/2017,2364.592814,-5.01623817,2198.560811
4/25/2017,2364.592814,-5.01623817,1795.733871
4/24/2017,2364.592814,-5.01623817,1601.562092
4/23/2017,2364.592814,-5.01623817,1853.186207
4/22/2017,2364.592814,-5.01623817,1978.167665
4/21/2017,2364.592814,-5.01623817,1939.748201
4/20/2017,2364.592814,-5.01623817,2168.559441
4/19/2017,2364.592814,-5.01623817,2075.965753
4/18/2017,2364.592814,-5.01623817,1776.695652
4/17/2017,2364.592814,-5.01623817,1450.883562
4/16/2017,2364.592814,-5.01623817,1801.165563
4/15/2017,2364.592814,-5.01623817,2087.827338
4/14/2017,2364.592814,-5.01623817,1800.622047
4/13/2017,2364.592814,-5.01623817,1958.401408
4/12/2017,2364.592814,-5.01623817,1843.670659
4/11/2017,2364.592814,-5.01623817,1861.459459
4/10/2017,2364.592814,-5.01623817,1498.654088
4/9/2017,2364.592814,-5.01623817,1656.635037
4/8/2017,2364.592814,-5.01623817,1823.845679
4/7/2017,2364.592814,-5.01623817,1975.952381
4/6/2017,2364.592814,-5.01623817,1954.04321
4/5/2017,2364.592814,-5.01623817,2048.12
4/4/2017,2364.592814,-5.01623817,1637.164773
4/3/2017,2364.592814,-5.01623817,1545.588608
4/2/2017,2364.592814,-5.01623817,1938.416667
4/1/2017,2364.592814,-5.01623817,1921.503704
3/31/2017,2364.592814,-5.01623817,1760.902439
3/30/2017,2364.592814,-5.01623817,2057.471014
3/29/2017,2364.592814,-5.01623817,1896.780645
3/28/2017,2364.592814,-5.01623817,1759.780303
3/27/2017,2364.592814,-5.01623817,1336.837349
3/26/2017,2364.592814,-5.01623817,1826.879699
3/25/2017,2364.592814,-5.01623817,1645.005682
3/24/2017,2364.592814,-5.01623817,1945.074324
3/23/2017,2364.592814,-5.01623817,1992.006211
3/22/2017,2364.592814,-5.01623817,2028.556338
3/21/2017,2364.592814,-5.01623817,2037.007353
3/20/2017,2364.592814,-5.01623817,1633.96988
3/19/2017,2364.592814,-5.01623817,1678.535032
3/18/2017,2364.592814,-5.01623817,1897.376623
3/17/2017,2364.592814,-5.01623817,2137.477124
3/16/2017,2364.592814,-5.01623817,2059.394366
3/15/2017,2364.592814,-5.01623817,1989.711538
3/14/2017,2364.592814,-5.01623817,1883.303448
3/13/2017,2364.592814,-5.01623817,1426.516129
3/12/2017,2364.592814,-5.01623817,1883.765101
3/11/2017,2364.592814,-5.01623817,1977.448718
3/10/2017,2364.592814,-5.01623817,2051.567568
3/9/2017,2364.592814,-5.01623817,2092.309859
3/8/2017,2364.592814,-5.01623817,2143.150327
3/7/2017,2364.592814,-5.01623817,2026.274648
3/6/2017,2364.592814,-5.01623817,1909.789116
3/5/2017,2364.592814,-5.01623817,2006.529851
3/4/2017,2364.592814,-5.01623817,2233.84106
3/3/2017,2364.592814,-5.01623817,2098.267516
3/2/2017,2364.592814,-5.01623817,2193.631944
3/1/2017,2364.592814,-5.01623817,2126.888889
2/28/2017,2364.592814,-5.01623817,1976.076389
2/27/2017,2364.592814,-5.01623817,1489.904494
2/26/2017,2364.592814,-5.01623817,1955.215569
2/25/2017,2364.592814,-5.01623817,2112.957831
2/24/2017,2364.592814,-5.01623817,2172.753333
2/23/2017,2364.592814,-5.01623817,2043.33813
2/22/2017,2364.592814,-5.01623817,2022.391304
2/21/2017,2364.592814,-5.01623817,1910.324324
2/20/2017,2364.592814,-5.01623817,1878.514925
2/19/2017,2364.592814,-5.01623817,1895.717105
2/18/2017,2364.592814,-5.01623817,2117.662252
2/17/2017,2364.592814,-5.01623817,1877.164474
2/16/2017,2364.592814,-5.01623817,2120.76259
2/15/2017,2364.592814,-5.01623817,1864.402367
2/14/2017,2364.592814,-5.01623817,1768.650307
2/13/2017,2364.592814,-5.01623817,1689.234043
2/12/2017,2364.592814,-5.01623817,1889.827338
2/11/2017,2364.592814,-5.01623817,2057.135135
2/10/2017,2364.592814,-5.01623817,2050.556213
2/9/2017,2364.592814,-5.01623817,2111.753425
2/8/2017,2364.592814,-5.01623817,2154.092715
2/7/2017,2364.592814,-5.01623817,1840.216
2/6/2017,2364.592814,-5.01623817,1837.113208
2/5/2017,2364.592814,-5.01623817,1974.662069
2/4/2017,2364.592814,-5.01623817,2171.563758
2/3/2017,2364.592814,-5.01623817,1653.242038
2/2/2017,2364.592814,-5.01623817,1825.833333
2/1/2017,2364.592814,-5.01623817,2121.951724
1/31/2017,2364.592814,-5.01623817,1718.006849
1/30/2017,2364.592814,-5.01623817,1446.868263
1/29/2017,2364.592814,-5.01623817,1621.019737
1/28/2017,2364.592814,-5.01623817,1549.011765
1/27/2017,2364.592814,-5.01623817,2024.866242
1/26/2017,2364.592814,-5.01623817,2039.74
1/25/2017,2364.592814,-5.01623817,1866.959732
1/24/2017,2364.592814,-5.01623817,1702.820144
1/23/2017,2364.592814,-5.01623817,1361.413793
1/22/2017,2364.592814,-5.01623817,1456.143646
1/21/2017,2364.592814,-5.01623817,1578.714286
1/20/2017,2364.592814,-5.01623817,1727.614943
1/19/2017,2364.592814,-5.01623817,1978.48
1/18/2017,2364.592814,-5.01623817,1852.51
1/17/2017,2364.592814,-5.01623817,1583.66
1/16/2017,2364.592814,-5.01623817,1413.16
1/15/2017,2364.592814,-5.01623817,1408.54
1/14/2017,2364.592814,-5.01623817,1822.17
1/13/2017,2364.592814,-5.01623817,1721.13
1/12/2017,2364.592814,-5.01623817,1980.77
1/11/2017,2364.592814,-5.01623817,2024.29
1/10/2017,2364.592814,-5.01623817,1984.9
1/9/2017,2364.592814,-5.01623817,1557.49
1/8/2017,2364.592814,-5.01623817,2048.33
1/7/2017,2364.592814,-5.01623817,2151.58
1/6/2017,2364.592814,-5.01623817,2060.72
1/5/2017,2364.592814,-5.01623817,2143.92
1/4/2017,2364.592814,-5.01623817,1839.41
1/3/2017,2364.592814,-5.01623817,1835.51
1/2/2017,2364.592814,-5.01623817,1157.06
1/1/2017,2364.592814,-5.01623817,1691.03
12/31/2016,2364.592814,-5.01623817,1826.86
12/30/2016,2364.592814,-5.01623817,2030.7
12/29/2016,2364.592814,-5.01623817,1862.15
12/28/2016,2364.592814,-5.01623817,1900.93
12/27/2016,2364.592814,-5.01623817,1724.74
12/26/2016,2364.592814,-5.01623817,1195.29
12/25/2016,2364.592814,-5.01623817,1757.81
12/24/2016,2364.592814,-5.01623817,2006.55
12/23/2016,2364.592814,-5.01623817,1978.89
12/22/2016,2364.592814,-5.01623817,2048.28
12/21/2016,2364.592814,-5.01623817,2148.35
12/20/2016,2364.592814,-5.01623817,1874.02
12/19/2016,2364.592814,-5.01623817,1672.26
12/18/2016,2364.592814,-5.01623817,1648.51
12/17/2016,2364.592814,-5.01623817,2100.45
12/16/2016,2364.592814,-5.01623817,2225.86
12/15/2016,2364.592814,-5.01623817,2059.91
12/14/2016,2364.592814,-5.01623817,1639.08
12/13/2016,2364.592814,-5.01623817,1722.19
12/12/2016,2364.592814,-5.01623817,1722.19
12/11/2016,2364.592814,-5.01623817,1895.76
12/10/2016,2364.592814,-5.01623817,1991.22
12/9/2016,2364.592814,-5.01623817,1800.7
12/8/2016,2364.592814,-5.01623817,1779.2
12/7/2016,2364.592814,-5.01623817,2131.74
12/6/2016,2364.592814,-5.01623817,1828.95
12/5/2016,2364.592814,-5.01623817,1659.79
12/4/2016,2364.592814,-5.01623817,1674.34
12/3/2016,2364.592814,-5.01623817,2210.15
12/2/2016,2364.592814,-5.01623817,1641.65
12/1/2016,2364.592814,-5.01623817,2060.94
11/30/2016,2364.592814,-5.01623817,1947.94
11/29/2016,2364.592814,-5.01623817,1820.3
11/28/2016,2364.592814,-5.01623817,1648.53
11/27/2016,2364.592814,-5.01623817,1814.11
11/26/2016,2364.592814,-5.01623817,2074.91
11/25/2016,2364.592814,-5.01623817,2033.32
11/24/2016,2364.592814,-5.01623817,1883.83
11/23/2016,2364.592814,-5.01623817,2131.6
11/22/2016,2364.592814,-5.01623817,2052.95
11/21/2016,2364.592814,-5.01623817,1911.13
11/20/2016,2364.592814,-5.01623817,1758.87
11/19/2016,2364.592814,-5.01623817,1864.35
11/18/2016,2364.592814,-5.01623817,1745.03
11/17/2016,2364.592814,-5.01623817,1692.94
11/16/2016,2364.592814,-5.01623817,1797.12
11/15/2016,2364.592814,-5.01623817,1572.7
11/14/2016,2364.592814,-5.01623817,1547.74
11/13/2016,2364.592814,-5.01623817,1362.41
11/12/2016,2364.592814,-5.01623817,1562.07
11/11/2016,2364.592814,-5.01623817,1615.32
11/10/2016,2364.592814,-5.01623817,1837.38
11/9/2016,2364.592814,-5.01623817,1751.83
11/8/2016,2364.592814,-5.01623817,1878.63
11/7/2016,2364.592814,-5.01623817,1483.24
11/6/2016,2364.592814,-5.01623817,1624.37
11/5/2016,2364.592814,-5.01623817,2138.3
11/4/2016,2364.592814,-5.01623817,1752.16
11/3/2016,2364.592814,-5.01623817,2018.18
11/2/2016,2364.592814,-5.01623817,1712.84
11/1/2016,2364.592814,-5.01623817,1644.74
10/31/2016,2364.592814,-5.01623817,1238.68
10/30/2016,2364.592814,-5.01623817,1541.53
10/29/2016,2364.592814,-5.01623817,1650.5
10/28/2016,2364.592814,-5.01623817,2014.74
10/27/2016,2364.592814,-5.01623817,1625.35
10/26/2016,2364.592814,-5.01623817,1705.25
10/25/2016,2364.592814,-5.01623817,1587.27
10/24/2016,2364.592814,-5.01623817,1330.4
10/23/2016,2364.592814,-5.01623817,1454.41
10/22/2016,2364.592814,-5.01623817,1618.01
10/21/2016,2364.592814,-5.01623817,2017.76
10/20/2016,2364.592814,-5.01623817,1595.43
10/19/2016,2364.592814,-5.01623817,1622.71
10/18/2016,2364.592814,-5.01623817,1897.85
10/17/2016,2364.592814,-5.01623817,1522.12
10/16/2016,2364.592814,-5.01623817,1482.02
10/15/2016,2364.592814,-5.01623817,1762.67
10/14/2016,2364.592814,-5.01623817,1794.55
10/13/2016,2364.592814,-5.01623817,1625.26
10/12/2016,2364.592814,-5.01623817,1896.15
10/11/2016,2364.592814,-5.01623817,1798.19
10/10/2016,2364.592814,-5.01623817,1315.92
10/9/2016,2364.592814,-5.01623817,1483.26
10/8/2016,2364.592814,-5.01623817,1864.02
10/7/2016,2364.592814,-5.01623817,1704.88
10/6/2016,2364.592814,-5.01623817,1597.67
10/5/2016,2364.592814,-5.01623817,1675.07
10/4/2016,2364.592814,-5.01623817,1715.87
10/3/2016,2364.592814,-5.01623817,1366.54
10/2/2016,2364.592814,-5.01623817,1362.61
10/1/2016,2364.592814,-5.01623817,1767.2
9/30/2016,2364.592814,-5.01623817,1697.41
9/29/2016,2364.592814,-5.01623817,1587.8
9/28/2016,2364.592814,-5.01623817,1437.91
9/27/2016,2364.592814,-5.01623817,1508.29
9/26/2016,2364.592814,-5.01623817,1060.74
9/25/2016,2364.592814,-5.01623817,1260.53
9/24/2016,2364.592814,-5.01623817,1641.08
9/23/2016,2364.592814,-5.01623817,1639.9
9/22/2016,2364.592814,-5.01623817,1441.06
9/21/2016,2364.592814,-5.01623817,1620.83
9/20/2016,2364.592814,-5.01623817,1680.75
9/19/2016,2364.592814,-5.01623817,1321.4
9/18/2016,2364.592814,-5.01623817,1322.26
9/17/2016,2364.592814,-5.01623817,1522.44
9/16/2016,2364.592814,-5.01623817,1516.15
9/15/2016,2364.592814,-5.01623817,1485.89
9/14/2016,2364.592814,-5.01623817,1453.1
9/13/2016,2364.592814,-5.01623817,1280.05
9/12/2016,2364.592814,-5.01623817,1099.94
9/11/2016,2364.592814,-5.01623817,1247.22
9/10/2016,2364.592814,-5.01623817,1553.1
9/9/2016,2364.592814,-5.01623817,1576.43
9/8/2016,2364.592814,-5.01623817,1650.05
9/7/2016,2364.592814,-5.01623817,1706.75
9/6/2016,2364.592814,-5.01623817,1626.3
9/5/2016,2364.592814,-5.01623817,1023.7
9/4/2016,2364.592814,-5.01623817,1446.06
9/3/2016,2364.592814,-5.01623817,1476.18
9/2/2016,2364.592814,-5.01623817,1689.41
9/1/2016,2364.592814,-5.01623817,1676.86
8/31/2016,2364.592814,-5.01623817,1542.33
8/30/2016,2364.592814,-5.01623817,1511.95
8/29/2016,2364.592814,-5.01623817,1147.95
8/28/2016,2364.592814,-5.01623817,1327.06
8/27/2016,2364.592814,-5.01623817,1717.93
8/26/2016,2364.592814,-5.01623817,1800.06
8/25/2016,2364.592814,-5.01623817,1555.26
8/24/2016,2364.592814,-5.01623817,1625.99
8/23/2016,2364.592814,-5.01623817,1445.28
8/22/2016,2364.592814,-5.01623817,1134.38
8/21/2016,2364.592814,-5.01623817,1348.41
8/20/2016,2364.592814,-5.01623817,1598.01
8/19/2016,2364.592814,-5.01623817,1555.46
8/18/2016,2364.592814,-5.01623817,1934.98
8/17/2016,2364.592814,-5.01623817,1885.63
8/16/2016,2364.592814,-5.01623817,1389.69
8/15/2016,2364.592814,-5.01623817,1223.03
8/14/2016,2364.592814,-5.01623817,1324.73
8/13/2016,2364.592814,-5.01623817,1563.57
8/12/2016,2364.592814,-5.01623817,1696.76
8/11/2016,2364.592814,-5.01623817,1615.66
8/10/2016,2364.592814,-5.01623817,1869.63
8/9/2016,2364.592814,-5.01623817,1585.84
8/8/2016,2364.592814,-5.01623817,1300.09
8/7/2016,2364.592814,-5.01623817,1176.95
8/6/2016,2364.592814,-5.01623817,1350.55
8/5/2016,2364.592814,-5.01623817,1515.26
8/4/2016,2364.592814,-5.01623817,1461.6
8/3/2016,2364.592814,-5.01623817,1627.43
8/2/2016,2364.592814,-5.01623817,1470.9
8/1/2016,2364.592814,-5.01623817,1248.4
7/31/2016,2364.592814,-5.01623817,1676.33
7/30/2016,2364.592814,-5.01623817,1574.24
7/29/2016,2364.592814,-5.01623817,1729.53
7/28/2016,2364.592814,-5.01623817,1840.64
7/27/2016,2364.592814,-5.01623817,1842.42
7/26/2016,2364.592814,-5.01623817,1822.21
7/25/2016,2364.592814,-5.01623817,1480.32
7/24/2016,2364.592814,-5.01623817,1494.62
7/23/2016,2364.592814,-5.01623817,1716.31
7/22/2016,2364.592814,-5.01623817,1636.13
7/21/2016,2364.592814,-5.01623817,1516.19
7/20/2016,2364.592814,-5.01623817,1735.51
7/19/2016,2364.592814,-5.01623817,1515.61
7/18/2016,2364.592814,-5.01623817,1147.73
7/17/2016,2364.592814,-5.01623817,1160.45
7/16/2016,2364.592814,-5.01623817,1600.59
7/15/2016,2364.592814,-5.01623817,1553.9
7/14/2016,2364.592814,-5.01623817,1677.63
7/13/2016,2364.592814,-5.01623817,1531.7
7/12/2016,2364.592814,-5.01623817,1525.09
7/11/2016,2364.592814,-5.01623817,1042.35
7/10/2016,2364.592814,-5.01623817,1244.32
7/9/2016,2364.592814,-5.01623817,1453.11
7/8/2016,2364.592814,-5.01623817,1571.1
7/7/2016,2364.592814,-5.01623817,1533.5
7/6/2016,2364.592814,-5.01623817,1482.47
7/5/2016,2364.592814,-5.01623817,1416.55
7/4/2016,2364.592814,-5.01623817,1150.17
7/3/2016,2364.592814,-5.01623817,1334.73
7/2/2016,2364.592814,-5.01623817,1340.18
7/1/2016,2364.592814,-5.01623817,1546.4
6/30/2016,2364.592814,-5.01623817,1535.01
6/29/2016,2364.592814,-5.01623817,1429.91
6/28/2016,2364.592814,-5.01623817,1476.38
6/27/2016,2364.592814,-5.01623817,1250.03
6/26/2016,2364.592814,-5.01623817,1271.07
6/25/2016,2364.592814,-5.01623817,1837.59
6/24/2016,2364.592814,-5.01623817,1723.57
6/23/2016,2364.592814,-5.01623817,1826.67
6/22/2016,2364.592814,-5.01623817,1665.53
6/21/2016,2364.592814,-5.01623817,1520.32
6/20/2016,2364.592814,-5.01623817,1233.32
6/19/2016,2364.592814,-5.01623817,1486.1
6/18/2016,2364.592814,-5.01623817,1703.03
6/17/2016,2364.592814,-5.01623817,1797.78
6/16/2016,2364.592814,-5.01623817,1704.61
6/15/2016,2364.592814,-5.01623817,1861.89
6/14/2016,2364.592814,-5.01623817,1561.204969
6/13/2016,2364.592814,-5.01623817,1443.226027
6/12/2016,2364.592814,-5.01623817,1366.403846
6/11/2016,2364.592814,-5.01623817,1585.881944
6/10/2016,2364.592814,-5.01623817,1432.442424
6/9/2016,2364.592814,-5.01623817,1596.756944
6/8/2016,2364.592814,-5.01623817,1775.542857
6/7/2016,2364.592814,-5.01623817,1301.005882
6/6/2016,2364.592814,-5.01623817,1120.752941
6/5/2016,2364.592814,-5.01623817,1652.647059
6/4/2016,2364.592814,-5.01623817,1652.598592
6/3/2016,2364.592814,-5.01623817,1674.630435
6/2/2016,2364.592814,-5.01623817,1639.055944
6/1/2016,2364.592814,-5.01623817,1694.874016
5/31/2016,2364.592814,-5.01623817,1467.840278
5/30/2016,2364.592814,-5.01623817,1215.931973
5/29/2016,2364.592814,-5.01623817,1451.533835
5/28/2016,2364.592814,-5.01623817,1548.892086
5/27/2016,2364.592814,-5.01623817,1630.318519
5/26/2016,2364.592814,-5.01623817,1795.971014
5/25/2016,2364.592814,-5.01623817,1676.986395
5/24/2016,2364.592814,-5.01623817,1237.527778
5/23/2016,2364.592814,-5.01623817,1001.891304
5/22/2016,2364.592814,-5.01623817,1357.879433
5/21/2016,2364.592814,-5.01623817,1405.342282
5/20/2016,2364.592814,-5.01623817,1826.216667
5/19/2016,2364.592814,-5.01623817,1536.496732
5/18/2016,2364.592814,-5.01623817,1692.382979
5/17/2016,2364.592814,-5.01623817,1700.77305
5/16/2016,2364.592814,-5.01623817,1440.079137
5/15/2016,2364.592814,-5.01623817,1467.222222
5/14/2016,2364.592814,-5.01623817,1527.276316
5/13/2016,2364.592814,-5.01623817,1643.230216
5/12/2016,2364.592814,-5.01623817,1762.496241
5/11/2016,2364.592814,-5.01623817,1555.196203
5/10/2016,2364.592814,-5.01623817,1324.274854
5/9/2016,2364.592814,-5.01623817,1138.417178
5/8/2016,2364.592814,-5.01623817,1347.08
5/7/2016,2364.592814,-5.01623817,1439.703704
5/6/2016,2364.592814,-5.01623817,1481.16129
5/5/2016,2364.592814,-5.01623817,1399.359281
5/4/2016,2364.592814,-5.01623817,1560.324503
5/3/2016,2364.592814,-5.01623817,1425.382166
5/2/2016,2364.592814,-5.01623817,1235.032258
5/1/2016,2364.592814,-5.01623817,1477.479452
4/30/2016,2364.592814,-5.01623817,1657.493671
4/29/2016,2364.592814,-5.01623817,1836.725926
4/28/2016,2364.592814,-5.01623817,1856.085271
4/27/2016,2364.592814,-5.01623817,1660.556291
4/26/2016,2364.592814,-5.01623817,1713.102362
4/25/2016,2364.592814,-5.01623817,1387.537879
4/24/2016,2364.592814,-5.01623817,1286.222222
4/23/2016,2364.592814,-5.01623817,1475.356643
4/22/2016,2364.592814,-5.01623817,1409.238411
4/21/2016,2364.592814,-5.01623817,1313.818182
4/20/2016,2364.592814,-5.01623817,1372
4/19/2016,2364.592814,-5.01623817,1284
4/18/2016,2364.592814,-5.01623817,1514
4/17/2016,2364.592814,-5.01623817,1303
4/16/2016,2364.592814,-5.01623817,1522
4/15/2016,2364.592814,-5.01623817,1518
4/14/2016,2364.592814,-5.01623817,1504
4/13/2016,2364.592814,-5.01623817,1251
4/12/2016,2364.592814,-5.01623817,1347
4/11/2016,2364.592814,-5.01623817,1495
4/10/2016,2364.592814,-5.01623817,1395
4/9/2016,2364.592814,-5.01623817,1418
4/8/2016,2364.592814,-5.01623817,1580
4/7/2016,2364.592814,-5.01623817,1439
4/6/2016,2364.592814,-5.01623817,1044
4/5/2016,2364.592814,-5.01623817,1281
4/4/2016,2364.592814,-5.01623817,1527
4/3/2016,2364.592814,-5.01623817,1506
4/2/2016,2364.592814,-5.01623817,1410
4/1/2016,2364.592814,-5.01623817,1454
3/31/2016,2364.592814,-5.01623817,1225
3/30/2016,2364.592814,-5.01623817,1202
3/29/2016,2364.592814,-5.01623817,1311
3/28/2016,2364.592814,-5.01623817,1487
3/27/2016,2364.592814,-5.01623817,1671
3/26/2016,2364.592814,-5.01623817,1307
3/25/2016,2364.592814,-5.01623817,1128
3/24/2016,2364.592814,-5.01623817,1276
3/23/2016,2364.592814,-5.01623817,1055
3/22/2016,2364.592814,-5.01623817,1104
3/21/2016,2364.592814,-5.01623817,1197
3/20/2016,2364.592814,-5.01623817,1291
3/19/2016,2364.592814,-5.01623817,1244
3/18/2016,2364.592814,-5.01623817,1412
3/17/2016,2364.592814,-5.01623817,1501
3/16/2016,2364.592814,-5.01623817,1165
3/15/2016,2364.592814,-5.01623817,1165
3/14/2016,2364.592814,-5.01623817,1398
3/13/2016,2364.592814,-5.01623817,1475
3/12/2016,2364.592814,-5.01623817,1270
3/11/2016,2364.592814,-5.01623817,1300
3/10/2016,2364.592814,-5.01623817,1241
3/9/2016,2364.592814,-5.01623817,1077
3/8/2016,2364.592814,-5.01623817,1209
3/7/2016,2364.592814,-5.01623817,1189
3/6/2016,2364.592814,-5.01623817,1196
3/5/2016,2364.592814,-5.01623817,1137
3/4/2016,2364.592814,-5.01623817,1447
3/3/2016,2364.592814,-5.01623817,1184
3/2/2016,2364.592814,-5.01623817,1233
3/1/2016,2364.592814,-5.01623817,1497
2/29/2016,2364.592814,-5.01623817,1395
2/28/2016,2364.592814,-5.01623817,1663
2/27/2016,2364.592814,-5.01623817,1760
2/26/2016,2364.592814,-5.01623817,2036
2/25/2016,2364.592814,-5.01623817,1968
2/24/2016,2364.592814,-5.01623817,1508
2/23/2016,2364.592814,-5.01623817,1392
2/22/2016,2364.592814,-5.01623817,1399
2/21/2016,2364.592814,-5.01623817,1508
2/20/2016,2364.592814,-5.01623817,1830
2/19/2016,2364.592814,-5.01623817,1826
2/18/2016,2364.592814,-5.01623817,1730
2/17/2016,2364.592814,-5.01623817,1660
2/16/2016,2364.592814,-5.01623817,1425
2/15/2016,2364.592814,-5.01623817,1550
2/14/2016,2364.592814,-5.01623817,1182
2/13/2016,2364.592814,-5.01623817,1624
2/12/2016,2364.592814,-5.01623817,1468
2/11/2016,2364.592814,-5.01623817,1401
2/10/2016,2364.592814,-5.01623817,1049
2/9/2016,2364.592814,-5.01623817,1245
2/8/2016,2364.592814,-5.01623817,1276
2/7/2016,2364.592814,-5.01623817,1184
2/6/2016,2364.592814,-5.01623817,1384
2/5/2016,2364.592814,-5.01623817,1365
2/4/2016,2364.592814,-5.01623817,1369
2/3/2016,2364.592814,-5.01623817,1165
2/2/2016,2364.592814,-5.01623817,1218
2/1/2016,2364.592814,-5.01623817,1199
1/31/2016,2364.592814,-5.01623817,1086
1/30/2016,2364.592814,-5.01623817,1149
1/29/2016,2364.592814,-5.01623817,1414
1/28/2016,2364.592814,-5.01623817,1260
1/27/2016,2364.592814,-5.01623817,942
1/26/2016,2364.592814,-5.01623817,1186
1/25/2016,2364.592814,-5.01623817,1309
1/24/2016,2364.592814,-5.01623817,1563
1/23/2016,2364.592814,-5.01623817,1470
1/22/2016,2364.592814,-5.01623817,1440
1/21/2016,2364.592814,-5.01623817,1217
1/20/2016,2364.592814,-5.01623817,1166
1/19/2016,2364.592814,-5.01623817,1122
1/18/2016,2364.592814,-5.01623817,1370
1/17/2016,2364.592814,-5.01623817,1568
1/16/2016,2364.592814,-5.01623817,1342
1/15/2016,2364.592814,-5.01623817,1380
1/14/2016,2364.592814,-5.01623817,1222
1/13/2016,2364.592814,-5.01623817,1386
1/12/2016,2364.592814,-5.01623817,1369
1/11/2016,2364.592814,-5.01623817,1504
1/10/2016,2364.592814,-5.01623817,1389
1/9/2016,2364.592814,-5.01623817,1252
1/8/2016,2364.592814,-5.01623817,1117
1/7/2016,2364.592814,-5.01623817,1057
1/6/2016,2364.592814,-5.01623817,968
1/5/2016,2364.592814,-5.01623817,1121
1/4/2016,2364.592814,-5.01623817,1085
1/3/2016,2364.592814,-5.01623817,1235
1/2/2016,2364.592814,-5.01623817,1304
1/1/2016,2364.592814,-5.01623817,1147
12/31/2015,2364.592814,-5.01623817,972
12/30/2015,2364.592814,-5.01623817,946
12/29/2015,2364.592814,-5.01623817,1043
12/28/2015,2364.592814,-5.01623817,915
12/27/2015,2364.592814,-5.01623817,1139
12/26/2015,2364.592814,-5.01623817,1051
12/25/2015,2364.592814,-5.01623817,1230
12/24/2015,2364.592814,-5.01623817,1036
12/23/2015,2364.592814,-5.01623817,802
12/22/2015,2364.592814,-5.01623817,918
12/21/2015,2364.592814,-5.01623817,1374
12/20/2015,2364.592814,-5.01623817,1524
12/19/2015,2364.592814,-5.01623817,1341
12/18/2015,2364.592814,-5.01623817,1582
12/17/2015,2364.592814,-5.01623817,1442
12/16/2015,2364.592814,-5.01623817,1132
12/15/2015,2364.592814,-5.01623817,1399
12/14/2015,2364.592814,-5.01623817,1339
12/13/2015,2364.592814,-5.01623817,1381
12/12/2015,2364.592814,-5.01623817,1324
12/11/2015,2364.592814,-5.01623817,1179
12/10/2015,2364.592814,-5.01623817,1258
12/9/2015,2364.592814,-5.01623817,1249
12/8/2015,2364.592814,-5.01623817,1266
12/7/2015,2364.592814,-5.01623817,1206
12/6/2015,2364.592814,-5.01623817,1206
12/5/2015,2364.592814,-5.01623817,1078
12/4/2015,2364.592814,-5.01623817,1208
12/3/2015,2364.592814,-5.01623817,1230
12/2/2015,2364.592814,-5.01623817,1045
12/1/2015,2364.592814,-5.01623817,1191
11/30/2015,2364.592814,-5.01623817,1102
11/29/2015,2364.592814,-5.01623817,1182
11/28/2015,2364.592814,-5.01623817,1205
11/27/2015,2364.592814,-5.01623817,960
11/26/2015,2364.592814,-5.01623817,1147
11/25/2015,2364.592814,-5.01623817,832
11/24/2015,2364.592814,-5.01623817,1175
11/23/2015,2364.592814,-5.01623817,1051
11/22/2015,2364.592814,-5.01623817,1016
11/21/2015,2364.592814,-5.01623817,990
11/20/2015,2364.592814,-5.01623817,987
11/19/2015,2364.592814,-5.01623817,891
11/18/2015,2364.592814,-5.01623817,727
11/17/2015,2364.592814,-5.01623817,892
11/16/2015,2364.592814,-5.01623817,975
11/15/2015,2364.592814,-5.01623817,1104
11/14/2015,2364.592814,-5.01623817,1204
11/13/2015,2364.592814,-5.01623817,982
11/12/2015,2364.592814,-5.01623817,857
11/11/2015,2364.592814,-5.01623817,954
11/10/2015,2364.592814,-5.01623817,1026
11/9/2015,2364.592814,-5.01623817,940
11/8/2015,2364.592814,-5.01623817,1056
11/7/2015,2364.592814,-5.01623817,967
11/6/2015,2364.592814,-5.01623817,1077
11/5/2015,2364.592814,-5.01623817,1039
11/4/2015,2364.592814,-5.01623817,962
11/3/2015,2364.592814,-5.01623817,991
11/2/2015,2364.592814,-5.01623817,1205
11/1/2015,2364.592814,-5.01623817,1270
10/31/2015,2364.592814,-5.01623817,1362
10/30/2015,2364.592814,-5.01623817,1126
10/29/2015,2364.592814,-5.01623817,1101
10/28/2015,2364.592814,-5.01623817,985
10/27/2015,2364.592814,-5.01623817,1021
10/26/2015,2364.592814,-5.01623817,1005
10/25/2015,2364.592814,-5.01623817,1119
10/24/2015,2364.592814,-5.01623817,1138
10/23/2015,2364.592814,-5.01623817,896
10/22/2015,2364.592814,-5.01623817,829
10/21/2015,2364.592814,-5.01623817,827
10/20/2015,2364.592814,-5.01623817,1013
10/19/2015,2364.592814,-5.01623817,949
10/18/2015,2364.592814,-5.01623817,949
10/17/2015,2364.592814,-5.01623817,954
10/16/2015,2364.592814,-5.01623817,1110
10/15/2015,2364.592814,-5.01623817,1087
10/14/2015,2364.592814,-5.01623817,822
10/13/2015,2364.592814,-5.01623817,845
10/12/2015,2364.592814,-5.01623817,1063
10/11/2015,2364.592814,-5.01623817,928
10/10/2015,2364.592814,-5.01623817,964
10/9/2015,2364.592814,-5.01623817,896
10/8/2015,2364.592814,-5.01623817,998
10/7/2015,2364.592814,-5.01623817,906
10/6/2015,2364.592814,-5.01623817,705
10/5/2015,2364.592814,-5.01623817,863
10/4/2015,2364.592814,-5.01623817,898
10/3/2015,2364.592814,-5.01623817,1018
10/2/2015,2364.592814,-5.01623817,1033
10/1/2015,2364.592814,-5.01623817,955
9/30/2015,2364.592814,-5.01623817,794
9/29/2015,2364.592814,-5.01623817,667
9/28/2015,2364.592814,-5.01623817,874
9/27/2015,2364.592814,-5.01623817,1087
9/26/2015,2364.592814,-5.01623817,911
9/25/2015,2364.592814,-5.01623817,806
9/24/2015,2364.592814,-5.01623817,941
9/23/2015,2364.592814,-5.01623817,744
9/22/2015,2364.592814,-5.01623817,786
9/21/2015,2364.592814,-5.01623817,807
9/20/2015,2364.592814,-5.01623817,860
9/19/2015,2364.592814,-5.01623817,899
9/18/2015,2364.592814,-5.01623817,855
9/17/2015,2364.592814,-5.01623817,944
9/16/2015,2364.592814,-5.01623817,882
9/15/2015,2364.592814,-5.01623817,893
9/14/2015,2364.592814,-5.01623817,1307
9/13/2015,2364.592814,-5.01623817,1711
9/12/2015,2364.592814,-5.01623817,1134
9/11/2015,2364.592814,-5.01623817,1018
9/10/2015,2364.592814,-5.01623817,1028
9/9/2015,2364.592814,-5.01623817,995
9/8/2015,2364.592814,-5.01623817,1128
9/7/2015,2364.592814,-5.01623817,955
9/6/2015,2364.592814,-5.01623817,726
9/5/2015,2364.592814,-5.01623817,912
9/4/2015,2364.592814,-5.01623817,911
9/3/2015,2364.592814,-5.01623817,875
9/2/2015,2364.592814,-5.01623817,667
9/1/2015,2364.592814,-5.01623817,910
8/31/2015,2364.592814,-5.01623817,627
8/30/2015,2364.592814,-5.01623817,910
8/29/2015,2364.592814,-5.01623817,894
8/28/2015,2364.592814,-5.01623817,927
8/27/2015,2364.592814,-5.01623817,742
8/26/2015,2364.592814,-5.01623817,641
8/25/2015,2364.592814,-5.01623817,689
8/24/2015,2364.592814,-5.01623817,816
8/23/2015,2364.592814,-5.01623817,780
8/22/2015,2364.592814,-5.01623817,809
8/21/2015,2364.592814,-5.01623817,906
8/20/2015,2364.592814,-5.01623817,745
8/19/2015,2364.592814,-5.01623817,684
8/18/2015,2364.592814,-5.01623817,704
8/17/2015,2364.592814,-5.01623817,755
8/16/2015,2364.592814,-5.01623817,755
8/15/2015,2364.592814,-5.01623817,753
8/14/2015,2364.592814,-5.01623817,808
8/13/2015,2364.592814,-5.01623817,828
8/12/2015,2364.592814,-5.01623817,751
8/11/2015,2364.592814,-5.01623817,589
8/10/2015,2364.592814,-5.01623817,791
8/9/2015,2364.592814,-5.01623817,805
8/8/2015,2364.592814,-5.01623817,794
8/7/2015,2364.592814,-5.01623817,941
8/6/2015,2364.592814,-5.01623817,691
8/5/2015,2364.592814,-5.01623817,632
8/4/2015,2364.592814,-5.01623817,655
8/3/2015,2364.592814,-5.01623817,665
8/2/2015,2364.592814,-5.01623817,877
8/1/2015,2364.592814,-5.01623817,946
7/31/2015,2364.592814,-5.01623817,1033
7/30/2015,2364.592814,-5.01623817,921
7/29/2015,2364.592814,-5.01623817,806
7/28/2015,2364.592814,-5.01623817,630
7/27/2015,2364.592814,-5.01623817,994
7/26/2015,2364.592814,-5.01623817,961
7/25/2015,2364.592814,-5.01623817,975
7/24/2015,2364.592814,-5.01623817,914
7/23/2015,2364.592814,-5.01623817,826
7/22/2015,2364.592814,-5.01623817,718
7/21/2015,2364.592814,-5.01623817,649
7/20/2015,2364.592814,-5.01623817,693
7/19/2015,2364.592814,-5.01623817,653
7/18/2015,2364.592814,-5.01623817,748
7/17/2015,2364.592814,-5.01623817,1003
7/16/2015,2364.592814,-5.01623817,881
7/15/2015,2364.592814,-5.01623817,780
7/14/2015,2364.592814,-5.01623817,941
7/13/2015,2364.592814,-5.01623817,753
7/12/2015,2364.592814,-5.01623817,819
7/11/2015,2364.592814,-5.01623817,836
7/10/2015,2364.592814,-5.01623817,794
7/9/2015,2364.592814,-5.01623817,861
7/8/2015,2364.592814,-5.01623817,1217
7/7/2015,2364.592814,-5.01623817,1483
7/6/2015,2364.592814,-5.01623817,1183
7/5/2015,2364.592814,-5.01623817,1374
7/4/2015,2364.592814,-5.01623817,1356
7/3/2015,2364.592814,-5.01623817,1301
7/2/2015,2364.592814,-5.01623817,1364
7/1/2015,2364.592814,-5.01623817,892
6/30/2015,2364.592814,-5.01623817,701
6/29/2015,2364.592814,-5.01623817,737
6/28/2015,2364.592814,-5.01623817,856
6/27/2015,2364.592814,-5.01623817,968
6/26/2015,2364.592814,-5.01623817,1040
6/25/2015,2364.592814,-5.01623817,1041
6/24/2015,2364.592814,-5.01623817,854
6/23/2015,2364.592814,-5.01623817,664
6/22/2015,2364.592814,-5.01623817,850
6/21/2015,2364.592814,-5.01623817,781
6/20/2015,2364.592814,-5.01623817,708
6/19/2015,2364.592814,-5.01623817,758
6/18/2015,2364.592814,-5.01623817,900
6/17/2015,2364.592814,-5.01623817,755
6/16/2015,2364.592814,-5.01623817,747
6/15/2015,2364.592814,-5.01623817,856
6/14/2015,2364.592814,-5.01623817,779
6/13/2015,2364.592814,-5.01623817,792
6/12/2015,2364.592814,-5.01623817,941
6/11/2015,2364.592814,-5.01623817,1008
6/10/2015,2364.592814,-5.01623817,815
6/9/2015,2364.592814,-5.01623817,693
6/8/2015,2364.592814,-5.01623817,714
6/7/2015,2364.592814,-5.01623817,919
6/6/2015,2364.592814,-5.01623817,807
6/5/2015,2364.592814,-5.01623817,842
6/4/2015,2364.592814,-5.01623817,713
6/3/2015,2364.592814,-5.01623817,666
6/2/2015,2364.592814,-5.01623817,529
6/1/2015,2364.592814,-5.01623817,633
5/31/2015,2364.592814,-5.01623817,772
5/30/2015,2364.592814,-5.01623817,872
5/29/2015,2364.592814,-5.01623817,883
5/28/2015,2364.592814,-5.01623817,914
5/27/2015,2364.592814,-5.01623817,853
5/26/2015,2364.592814,-5.01623817,653
5/25/2015,2364.592814,-5.01623817,1071
5/24/2015,2364.592814,-5.01623817,784
5/23/2015,2364.592814,-5.01623817,831
5/22/2015,2364.592814,-5.01623817,748
5/21/2015,2364.592814,-5.01623817,792
5/20/2015,2364.592814,-5.01623817,732
5/19/2015,2364.592814,-5.01623817,624
5/18/2015,2364.592814,-5.01623817,772
5/17/2015,2364.592814,-5.01623817,708
5/16/2015,2364.592814,-5.01623817,653
5/15/2015,2364.592814,-5.01623817,758
5/14/2015,2364.592814,-5.01623817,783
5/13/2015,2364.592814,-5.01623817,714
5/12/2015,2364.592814,-5.01623817,494
5/11/2015,2364.592814,-5.01623817,726
5/10/2015,2364.592814,-5.01623817,653
5/9/2015,2364.592814,-5.01623817,723
5/8/2015,2364.592814,-5.01623817,670
5/7/2015,2364.592814,-5.01623817,724
5/6/2015,2364.592814,-5.01623817,691
5/5/2015,2364.592814,-5.01623817,698
5/4/2015,2364.592814,-5.01623817,783
5/3/2015,2364.592814,-5.01623817,732
5/2/2015,2364.592814,-5.01623817,704
5/1/2015,2364.592814,-5.01623817,793
4/30/2015,2364.592814,-5.01623817,741
4/29/2015,2364.592814,-5.01623817,713
4/28/2015,2364.592814,-5.01623817,623
4/27/2015,2364.592814,-5.01623817,655
4/26/2015,2364.592814,-5.01623817,715
4/25/2015,2364.592814,-5.01623817,857
4/24/2015,2364.592814,-5.01623817,906
4/23/2015,2364.592814,-5.01623817,716
4/22/2015,2364.592814,-5.01623817,792
4/21/2015,2364.592814,-5.01623817,629
4/20/2015,2364.592814,-5.01623817,654
4/19/2015,2364.592814,-5.01623817,921
4/18/2015,2364.592814,-5.01623817,777
4/17/2015,2364.592814,-5.01623817,794
4/16/2015,2364.592814,-5.01623817,717
4/15/2015,2364.592814,-5.01623817,693
4/14/2015,2364.592814,-5.01623817,634
4/13/2015,2364.592814,-5.01623817,755
4/12/2015,2364.592814,-5.01623817,761
4/11/2015,2364.592814,-5.01623817,754
4/10/2015,2364.592814,-5.01623817,857
4/9/2015,2364.592814,-5.01623817,717
4/8/2015,2364.592814,-5.01623817,746
4/7/2015,2364.592814,-5.01623817,653
4/6/2015,2364.592814,-5.01623817,755
4/5/2015,2364.592814,-5.01623817,803
4/4/2015,2364.592814,-5.01623817,823
4/3/2015,2364.592814,-5.01623817,907
4/2/2015,2364.592814,-5.01623817,703
4/1/2015,2364.592814,-5.01623817,782
3/31/2015,2364.592814,-5.01623817,622
3/30/2015,2364.592814,-5.01623817,611
3/29/2015,2364.592814,-5.01623817,687
3/28/2015,2364.592814,-5.01623817,786
3/27/2015,2364.592814,-5.01623817,891
3/26/2015,2364.592814,-5.01623817,706
3/25/2015,2364.592814,-5.01623817,719
3/24/2015,2364.592814,-5.01623817,579
3/23/2015,2364.592814,-5.01623817,600
3/22/2015,2364.592814,-5.01623817,618
3/21/2015,2364.592814,-5.01623817,660
3/20/2015,2364.592814,-5.01623817,565
3/19/2015,2364.592814,-5.01623817,577
3/18/2015,2364.592814,-5.01623817,699
3/17/2015,2364.592814,-5.01623817,634
3/16/2015,2364.592814,-5.01623817,702
3/15/2015,2364.592814,-5.01623817,731
3/14/2015,2364.592814,-5.01623817,716
3/13/2015,2364.592814,-5.01623817,730
3/12/2015,2364.592814,-5.01623817,728
3/11/2015,2364.592814,-5.01623817,746
3/10/2015,2364.592814,-5.01623817,574
3/9/2015,2364.592814,-5.01623817,662
3/8/2015,2364.592814,-5.01623817,696
3/7/2015,2364.592814,-5.01623817,734
3/6/2015,2364.592814,-5.01623817,619
3/5/2015,2364.592814,-5.01623817,744
3/4/2015,2364.592814,-5.01623817,730
3/3/2015,2364.592814,-5.01623817,554
3/2/2015,2364.592814,-5.01623817,668
3/1/2015,2364.592814,-5.01623817,609
2/28/2015,2364.592814,-5.01623817,847
2/27/2015,2364.592814,-5.01623817,667
2/26/2015,2364.592814,-5.01623817,708
2/25/2015,2364.592814,-5.01623817,686
2/24/2015,2364.592814,-5.01623817,575
2/23/2015,2364.592814,-5.01623817,668
2/22/2015,2364.592814,-5.01623817,654
2/21/2015,2364.592814,-5.01623817,703
2/20/2015,2364.592814,-5.01623817,671
2/19/2015,2364.592814,-5.01623817,756
2/18/2015,2364.592814,-5.01623817,707
2/17/2015,2364.592814,-5.01623817,569
2/16/2015,2364.592814,-5.01623817,670
2/15/2015,2364.592814,-5.01623817,582
2/14/2015,2364.592814,-5.01623817,585
2/13/2015,2364.592814,-5.01623817,649
2/12/2015,2364.592814,-5.01623817,638
2/11/2015,2364.592814,-5.01623817,654
2/10/2015,2364.592814,-5.01623817,636
2/9/2015,2364.592814,-5.01623817,664
2/8/2015,2364.592814,-5.01623817,767
2/7/2015,2364.592814,-5.01623817,690
2/6/2015,2364.592814,-5.01623817,658
2/5/2015,2364.592814,-5.01623817,690
2/4/2015,2364.592814,-5.01623817,618
2/3/2015,2364.592814,-5.01623817,646
2/2/2015,2364.592814,-5.01623817,501
2/1/2015,2364.592814,-5.01623817,476
1/31/2015,2364.592814,-5.01623817,612
1/30/2015,2364.592814,-5.01623817,554
1/29/2015,2364.592814,-5.01623817,692
1/28/2015,2364.592814,-5.01623817,566
1/27/2015,2364.592814,-5.01623817,465
1/26/2015,2364.592814,-5.01623817,540
1/25/2015,2364.592814,-5.01623817,621
1/24/2015,2364.592814,-5.01623817,520
1/23/2015,2364.592814,-5.01623817,565
1/22/2015,2364.592814,-5.01623817,683
1/21/2015,2364.592814,-5.01623817,830
1/20/2015,2364.592814,-5.01623817,653
1/19/2015,2364.592814,-5.01623817,740
1/18/2015,2364.592814,-5.01623817,703
1/17/2015,2364.592814,-5.01623817,633
1/16/2015,2364.592814,-5.01623817,731
1/15/2015,2364.592814,-5.01623817,824
1/14/2015,2364.592814,-5.01623817,607
1/13/2015,2364.592814,-5.01623817,584
1/12/2015,2364.592814,-5.01623817,655
1/11/2015,2364.592814,-5.01623817,755
1/10/2015,2364.592814,-5.01623817,833
1/9/2015,2364.592814,-5.01623817,691
1/8/2015,2364.592814,-5.01623817,943
1/7/2015,2364.592814,-5.01623817,598
1/6/2015,2364.592814,-5.01623817,639
1/5/2015,2364.592814,-5.01623817,751
1/4/2015,2364.592814,-5.01623817,692
1/3/2015,2364.592814,-5.01623817,734
1/2/2015,2364.592814,-5.01623817,627
1/1/2015,2364.592814,-5.01623817,555
12/31/2014,2364.592814,-5.01623817,558
12/30/2014,2364.592814,-5.01623817,515
12/29/2014,2364.592814,-5.01623817,505
12/28/2014,2364.592814,-5.01623817,451
12/27/2014,2364.592814,-5.01623817,355
12/26/2014,2364.592814,-5.01623817,540
12/25/2014,2364.592814,-5.01623817,583
12/24/2014,2364.592814,-5.01623817,472
12/23/2014,2364.592814,-5.01623817,447
12/22/2014,2364.592814,-5.01623817,492
12/21/2014,2364.592814,-5.01623817,497
12/20/2014,2364.592814,-5.01623817,418
12/19/2014,2364.592814,-5.01623817,592
12/18/2014,2364.592814,-5.01623817,615
12/17/2014,2364.592814,-5.01623817,693
12/16/2014,2364.592814,-5.01623817,557
12/15/2014,2364.592814,-5.01623817,648
12/14/2014,2364.592814,-5.01623817,742
12/13/2014,2364.592814,-5.01623817,742
12/12/2014,2364.592814,-5.01623817,737
12/11/2014,2364.592814,-5.01623817,742
12/10/2014,2364.592814,-5.01623817,625
12/9/2014,2364.592814,-5.01623817,560
12/8/2014,2364.592814,-5.01623817,556
12/7/2014,2364.592814,-5.01623817,564
12/6/2014,2364.592814,-5.01623817,591
12/5/2014,2364.592814,-5.01623817,553
12/4/2014,2364.592814,-5.01623817,644
12/3/2014,2364.592814,-5.01623817,563
12/2/2014,2364.592814,-5.01623817,634
12/1/2014,2364.592814,-5.01623817,576
11/30/2014,2364.592814,-5.01623817,619
11/29/2014,2364.592814,-5.01623817,681
11/28/2014,2364.592814,-5.01623817,804
11/27/2014,2364.592814,-5.01623817,709
11/26/2014,2364.592814,-5.01623817,665
11/25/2014,2364.592814,-5.01623817,518
11/24/2014,2364.592814,-5.01623817,539
11/23/2014,2364.592814,-5.01623817,554
11/22/2014,2364.592814,-5.01623817,633
11/21/2014,2364.592814,-5.01623817,629
11/20/2014,2364.592814,-5.01623817,646
11/19/2014,2364.592814,-5.01623817,540
11/18/2014,2364.592814,-5.01623817,532
11/17/2014,2364.592814,-5.01623817,492
11/16/2014,2364.592814,-5.01623817,698
11/15/2014,2364.592814,-5.01623817,624
11/14/2014,2364.592814,-5.01623817,637
11/13/2014,2364.592814,-5.01623817,583
11/12/2014,2364.592814,-5.01623817,560
11/11/2014,2364.592814,-5.01623817,505
11/10/2014,2364.592814,-5.01623817,498
11/9/2014,2364.592814,-5.01623817,607
11/8/2014,2364.592814,-5.01623817,685
11/7/2014,2364.592814,-5.01623817,650
11/6/2014,2364.592814,-5.01623817,619
11/5/2014,2364.592814,-5.01623817,536
11/4/2014,2364.592814,-5.01623817,519
11/3/2014,2364.592814,-5.01623817,486
11/2/2014,2364.592814,-5.01623817,621
11/1/2014,2364.592814,-5.01623817,623
10/31/2014,2364.592814,-5.01623817,557
10/30/2014,2364.592814,-5.01623817,551
10/29/2014,2364.592814,-5.01623817,545
10/28/2014,2364.592814,-5.01623817,462
10/27/2014,2364.592814,-5.01623817,465
10/26/2014,2364.592814,-5.01623817,468
10/25/2014,2364.592814,-5.01623817,539
10/24/2014,2364.592814,-5.01623817,626
10/23/2014,2364.592814,-5.01623817,590
10/22/2014,2364.592814,-5.01623817,537
10/21/2014,2364.592814,-5.01623817,542
10/20/2014,2364.592814,-5.01623817,483
10/19/2014,2364.592814,-5.01623817,500
10/18/2014,2364.592814,-5.01623817,553
10/17/2014,2364.592814,-5.01623817,465
10/16/2014,2364.592814,-5.01623817,581
10/15/2014,2364.592814,-5.01623817,568
10/14/2014,2364.592814,-5.01623817,467
10/13/2014,2364.592814,-5.01623817,411
10/12/2014,2364.592814,-5.01623817,536
10/11/2014,2364.592814,-5.01623817,493
10/10/2014,2364.592814,-5.01623817,524
10/9/2014,2364.592814,-5.01623817,582
10/8/2014,2364.592814,-5.01623817,492
10/7/2014,2364.592814,-5.01623817,432
10/6/2014,2364.592814,-5.01623817,459
10/5/2014,2364.592814,-5.01623817,533
10/4/2014,2364.592814,-5.01623817,555
10/3/2014,2364.592814,-5.01623817,613
10/2/2014,2364.592814,-5.01623817,521
10/1/2014,2364.592814,-5.01623817,469
9/30/2014,2364.592814,-5.01623817,374
9/29/2014,2364.592814,-5.01623817,492
9/28/2014,2364.592814,-5.01623817,515
9/27/2014,2364.592814,-5.01623817,504
9/26/2014,2364.592814,-5.01623817,539
9/25/2014,2364.592814,-5.01623817,517
9/24/2014,2364.592814,-5.01623817,531
9/23/2014,2364.592814,-5.01623817,447
9/22/2014,2364.592814,-5.01623817,522
9/21/2014,2364.592814,-5.01623817,485
9/20/2014,2364.592814,-5.01623817,475
9/19/2014,2364.592814,-5.01623817,497
9/18/2014,2364.592814,-5.01623817,471
9/17/2014,2364.592814,-5.01623817,436
9/16/2014,2364.592814,-5.01623817,360
9/15/2014,2364.592814,-5.01623817,360
9/14/2014,2364.592814,-5.01623817,442
9/13/2014,2364.592814,-5.01623817,431
9/12/2014,2364.592814,-5.01623817,422
9/11/2014,2364.592814,-5.01623817,528
9/10/2014,2364.592814,-5.01623817,500
9/9/2014,2364.592814,-5.01623817,388
9/8/2014,2364.592814,-5.01623817,353
9/7/2014,2364.592814,-5.01623817,411
9/6/2014,2364.592814,-5.01623817,417
9/5/2014,2364.592814,-5.01623817,489
9/4/2014,2364.592814,-5.01623817,605
9/3/2014,2364.592814,-5.01623817,468
9/2/2014,2364.592814,-5.01623817,362
9/1/2014,2364.592814,-5.01623817,401
8/31/2014,2364.592814,-5.01623817,449
8/30/2014,2364.592814,-5.01623817,424
8/29/2014,2364.592814,-5.01623817,453
8/28/2014,2364.592814,-5.01623817,500
8/27/2014,2364.592814,-5.01623817,441
8/26/2014,2364.592814,-5.01623817,306
8/25/2014,2364.592814,-5.01623817,371
8/24/2014,2364.592814,-5.01623817,407
8/23/2014,2364.592814,-5.01623817,382
8/22/2014,2364.592814,-5.01623817,461
8/21/2014,2364.592814,-5.01623817,445
8/20/2014,2364.592814,-5.01623817,495
8/19/2014,2364.592814,-5.01623817,335
8/18/2014,2364.592814,-5.01623817,383
8/17/2014,2364.592814,-5.01623817,423
8/16/2014,2364.592814,-5.01623817,449
8/15/2014,2364.592814,-5.01623817,462
8/14/2014,2364.592814,-5.01623817,366
8/13/2014,2364.592814,-5.01623817,388
8/12/2014,2364.592814,-5.01623817,359
8/11/2014,2364.592814,-5.01623817,440
8/10/2014,2364.592814,-5.01623817,427
8/9/2014,2364.592814,-5.01623817,477
8/8/2014,2364.592814,-5.01623817,477
8/7/2014,2364.592814,-5.01623817,435
8/6/2014,2364.592814,-5.01623817,385
8/5/2014,2364.592814,-5.01623817,326
8/4/2014,2364.592814,-5.01623817,363
8/3/2014,2364.592814,-5.01623817,429
8/2/2014,2364.592814,-5.01623817,450
8/1/2014,2364.592814,-5.01623817,515
7/31/2014,2364.592814,-5.01623817,552
7/30/2014,2364.592814,-5.01623817,467
7/29/2014,2364.592814,-5.01623817,345
7/28/2014,2364.592814,-5.01623817,354
7/27/2014,2364.592814,-5.01623817,452
7/26/2014,2364.592814,-5.01623817,439
7/25/2014,2364.592814,-5.01623817,368
7/24/2014,2364.592814,-5.01623817,434
7/23/2014,2364.592814,-5.01623817,437
7/22/2014,2364.592814,-5.01623817,329
7/21/2014,2364.592814,-5.01623817,410
7/20/2014,2364.592814,-5.01623817,402
7/19/2014,2364.592814,-5.01623817,435
7/18/2014,2364.592814,-5.01623817,471
7/17/2014,2364.592814,-5.01623817,467
7/16/2014,2364.592814,-5.01623817,413
7/15/2014,2364.592814,-5.01623817,322
7/14/2014,2364.592814,-5.01623817,340
7/13/2014,2364.592814,-5.01623817,392
7/12/2014,2364.592814,-5.01623817,401
7/11/2014,2364.592814,-5.01623817,410
7/10/2014,2364.592814,-5.01623817,503
7/9/2014,2364.592814,-5.01623817,412
7/8/2014,2364.592814,-5.01623817,344
7/7/2014,2364.592814,-5.01623817,328
7/6/2014,2364.592814,-5.01623817,399
7/5/2014,2364.592814,-5.01623817,416
7/4/2014,2364.592814,-5.01623817,444
7/3/2014,2364.592814,-5.01623817,432
7/2/2014,2364.592814,-5.01623817,431
7/1/2014,2364.592814,-5.01623817,358
6/30/2014,2364.592814,-5.01623817,319
6/29/2014,2364.592814,-5.01623817,386
6/28/2014,2364.592814,-5.01623817,475
6/27/2014,2364.592814,-5.01623817,487
6/26/2014,2364.592814,-5.01623817,514
6/25/2014,2364.592814,-5.01623817,496
6/24/2014,2364.592814,-5.01623817,300
6/23/2014,2364.592814,-5.01623817,304
6/22/2014,2364.592814,-5.01623817,335
6/21/2014,2364.592814,-5.01623817,364
6/20/2014,2364.592814,-5.01623817,342
6/19/2014,2364.592814,-5.01623817,327
6/18/2014,2364.592814,-5.01623817,358
6/17/2014,2364.592814,-5.01623817,261
6/16/2014,2364.592814,-5.01623817,274
6/15/2014,2364.592814,-5.01623817,323
6/14/2014,2364.592814,-5.01623817,412
6/13/2014,2364.592814,-5.01623817,394
6/12/2014,2364.592814,-5.01623817,377
6/11/2014,2364.592814,-5.01623817,321
6/10/2014,2364.592814,-5.01623817,289
6/9/2014,2364.592814,-5.01623817,335
6/8/2014,2364.592814,-5.01623817,387
6/7/2014,2364.592814,-5.01623817,397
6/6/2014,2364.592814,-5.01623817,421
6/5/2014,2364.592814,-5.01623817,369
6/4/2014,2364.592814,-5.01623817,411
6/3/2014,2364.592814,-5.01623817,318
6/2/2014,2364.592814,-5.01623817,347
6/1/2014,2364.592814,-5.01623817,438
5/31/2014,2364.592814,-5.01623817,459
5/30/2014,2364.592814,-5.01623817,363
5/29/2014,2364.592814,-5.01623817,371
5/28/2014,2364.592814,-5.01623817,341
5/27/2014,2364.592814,-5.01623817,295
5/26/2014,2364.592814,-5.01623817,362
5/25/2014,2364.592814,-5.01623817,410
5/24/2014,2364.592814,-5.01623817,503
5/23/2014,2364.592814,-5.01623817,408
5/22/2014,2364.592814,-5.01623817,519
5/21/2014,2364.592814,-5.01623817,389
5/20/2014,2364.592814,-5.01623817,357
5/19/2014,2364.592814,-5.01623817,346
5/18/2014,2364.592814,-5.01623817,472
5/17/2014,2364.592814,-5.01623817,425
5/16/2014,2364.592814,-5.01623817,399
5/15/2014,2364.592814,-5.01623817,388
5/14/2014,2364.592814,-5.01623817,341
5/13/2014,2364.592814,-5.01623817,328
5/12/2014,2364.592814,-5.01623817,303
5/11/2014,2364.592814,-5.01623817,378
5/10/2014,2364.592814,-5.01623817,438
5/9/2014,2364.592814,-5.01623817,466
5/8/2014,2364.592814,-5.01623817,415
5/7/2014,2364.592814,-5.01623817,446
5/6/2014,2364.592814,-5.01623817,311
5/5/2014,2364.592814,-5.01623817,337
5/4/2014,2364.592814,-5.01623817,407
5/3/2014,2364.592814,-5.01623817,438
5/2/2014,2364.592814,-5.01623817,432
5/1/2014,2364.592814,-5.01623817,412
4/30/2014,2364.592814,-5.01623817,507
4/29/2014,2364.592814,-5.01623817,337
4/28/2014,2364.592814,-5.01623817,389
4/27/2014,2364.592814,-5.01623817,355
4/26/2014,2364.592814,-5.01623817,362
4/25/2014,2364.592814,-5.01623817,437
4/24/2014,2364.592814,-5.01623817,406
4/23/2014,2364.592814,-5.01623817,378
4/22/2014,2364.592814,-5.01623817,301
4/21/2014,2364.592814,-5.01623817,328
4/20/2014,2364.592814,-5.01623817,475
4/19/2014,2364.592814,-5.01623817,460
4/18/2014,2364.592814,-5.01623817,412
4/17/2014,2364.592814,-5.01623817,475
4/16/2014,2364.592814,-5.01623817,327
4/15/2014,2364.592814,-5.01623817,290
4/14/2014,2364.592814,-5.01623817,347
4/13/2014,2364.592814,-5.01623817,362
4/12/2014,2364.592814,-5.01623817,386
4/11/2014,2364.592814,-5.01623817,459
4/10/2014,2364.592814,-5.01623817,384
4/9/2014,2364.592814,-5.01623817,353
4/8/2014,2364.592814,-5.01623817,248
4/7/2014,2364.592814,-5.01623817,324
4/6/2014,2364.592814,-5.01623817,448
4/5/2014,2364.592814,-5.01623817,394
4/4/2014,2364.592814,-5.01623817,443
4/3/2014,2364.592814,-5.01623817,449
4/2/2014,2364.592814,-5.01623817,426
4/1/2014,2364.592814,-5.01623817,334
3/31/2014,2364.592814,-5.01623817,333
3/30/2014,2364.592814,-5.01623817,326
3/29/2014,2364.592814,-5.01623817,323
3/28/2014,2364.592814,-5.01623817,360
3/27/2014,2364.592814,-5.01623817,361
3/26/2014,2364.592814,-5.01623817,375
3/25/2014,2364.592814,-5.01623817,371
3/24/2014,2364.592814,-5.01623817,321
3/23/2014,2364.592814,-5.01623817,377
3/22/2014,2364.592814,-5.01623817,424
3/21/2014,2364.592814,-5.01623817,442
3/20/2014,2364.592814,-5.01623817,480
3/19/2014,2364.592814,-5.01623817,338
3/18/2014,2364.592814,-5.01623817,277
3/17/2014,2364.592814,-5.01623817,392
3/16/2014,2364.592814,-5.01623817,408
3/15/2014,2364.592814,-5.01623817,431
3/14/2014,2364.592814,-5.01623817,434
3/13/2014,2364.592814,-5.01623817,399
3/12/2014,2364.592814,-5.01623817,364
3/11/2014,2364.592814,-5.01623817,371
3/10/2014,2364.592814,-5.01623817,376
3/9/2014,2364.592814,-5.01623817,494
3/8/2014,2364.592814,-5.01623817,445
3/7/2014,2364.592814,-5.01623817,452
3/6/2014,2364.592814,-5.01623817,452
3/5/2014,2364.592814,-5.01623817,404
3/4/2014,2364.592814,-5.01623817,373
3/3/2014,2364.592814,-5.01623817,405
3/2/2014,2364.592814,-5.01623817,416
3/1/2014,2364.592814,-5.01623817,442
2/28/2014,2364.592814,-5.01623817,460
2/27/2014,2364.592814,-5.01623817,618
2/26/2014,2364.592814,-5.01623817,511
2/25/2014,2364.592814,-5.01623817,396
2/24/2014,2364.592814,-5.01623817,428
2/23/2014,2364.592814,-5.01623817,381
2/22/2014,2364.592814,-5.01623817,392
2/21/2014,2364.592814,-5.01623817,395
2/20/2014,2364.592814,-5.01623817,494
2/19/2014,2364.592814,-5.01623817,376
2/18/2014,2364.592814,-5.01623817,322
2/17/2014,2364.592814,-5.01623817,363
2/16/2014,2364.592814,-5.01623817,437
2/15/2014,2364.592814,-5.01623817,419
2/14/2014,2364.592814,-5.01623817,347
2/13/2014,2364.592814,-5.01623817,409
2/12/2014,2364.592814,-5.01623817,344
2/11/2014,2364.592814,-5.01623817,294
2/10/2014,2364.592814,-5.01623817,356
2/9/2014,2364.592814,-5.01623817,401
2/8/2014,2364.592814,-5.01623817,371
2/7/2014,2364.592814,-5.01623817,376
2/6/2014,2364.592814,-5.01623817,376
2/5/2014,2364.592814,-5.01623817,441
2/4/2014,2364.592814,-5.01623817,392
2/3/2014,2364.592814,-5.01623817,366
2/2/2014,2364.592814,-5.01623817,435
2/1/2014,2364.592814,-5.01623817,417
1/31/2014,2364.592814,-5.01623817,397
1/30/2014,2364.592814,-5.01623817,389
1/29/2014,2364.592814,-5.01623817,303
1/28/2014,2364.592814,-5.01623817,283
1/27/2014,2364.592814,-5.01623817,288
1/26/2014,2364.592814,-5.01623817,336
1/25/2014,2364.592814,-5.01623817,380
1/24/2014,2364.592814,-5.01623817,391
1/23/2014,2364.592814,-5.01623817,395
1/22/2014,2364.592814,-5.01623817,377
1/21/2014,2364.592814,-5.01623817,322
1/20/2014,2364.592814,-5.01623817,357
1/19/2014,2364.592814,-5.01623817,346
1/18/2014,2364.592814,-5.01623817,356
1/17/2014,2364.592814,-5.01623817,349
1/16/2014,2364.592814,-5.01623817,415
1/15/2014,2364.592814,-5.01623817,321
1/14/2014,2364.592814,-5.01623817,267
1/13/2014,2364.592814,-5.01623817,326
1/12/2014,2364.592814,-5.01623817,381
1/11/2014,2364.592814,-5.01623817,287
1/10/2014,2364.592814,-5.01623817,353
1/9/2014,2364.592814,-5.01623817,360
1/8/2014,2364.592814,-5.01623817,269
1/7/2014,2364.592814,-5.01623817,259
1/6/2014,2364.592814,-5.01623817,272
1/5/2014,2364.592814,-5.01623817,280
1/4/2014,2364.592814,-5.01623817,322
1/3/2014,2364.592814,-5.01623817,319
1/2/2014,2364.592814,-5.01623817,332
1/1/2014,2364.592814,-5.01623817,381
