DateTime,Txperday,Txperdayvar
5/11/2019 0:00,342753,-10.88539639
5/10/2019 0:00,322692,-7.726708644
5/9/2019 0:00,362109,18.51231084
5/8/2019 0:00,392431,-12.75143205
5/7/2019 0:00,331131,15.07797173
5/6/2019 0:00,379526,-7.278569983
5/5/2019 0:00,329799,-6.43089016
5/4/2019 0:00,355688,-16.14925465
5/3/2019 0:00,380134,2.722213662
5/2/2019 0:00,453346,28.52208859
5/1/2019 0:00,441332,-8.565631499
4/30/2019 0:00,343390,1.346030855
4/29/2019 0:00,375559,2.67087061
4/28/2019 0:00,370571,-5.556238797
4/27/2019 0:00,360931,0.129430845
4/26/2019 0:00,382165,-6.527643421
4/25/2019 0:00,381671,32.32172659
4/24/2019 0:00,408325,-10.20212778
4/23/2019 0:00,308585,-12.22218533
4/22/2019 0:00,343644,23.55120603
4/21/2019 0:00,391493,-12.26773725
4/20/2019 0:00,316867,-5.888131495
4/19/2019 0:00,361175,9.497098315
4/18/2019 0:00,383772,-2.658190231
4/17/2019 0:00,350486,-4.84072595
4/16/2019 0:00,360057,12.06701991
4/15/2019 0:00,378373,-9.388049768
4/14/2019 0:00,337631,0.528797902
4/13/2019 0:00,372612,-7.953938726
4/12/2019 0:00,370652,1.582716753
4/11/2019 0:00,402681,14.2794955
4/10/2019 0:00,396407,-6.555336751
4/9/2019 0:00,346875,5.867942071
4/8/2019 0:00,371209,-2.209145041
4/7/2019 0:00,350634,-7.867215524
4/6/2019 0:00,358555,9.610477398
4/5/2019 0:00,389172,-1.252388382
4/4/2019 0:00,355050,-10.02875152
4/3/2019 0:00,359553,8.390969205
4/2/2019 0:00,399631,-3.19892459
4/1/2019 0:00,368694,0.034668782
3/31/2019 0:00,380878,2.333744554
3/30/2019 0:00,380746,-4.912288772
3/29/2019 0:00,372063,2.206155084
3/28/2019 0:00,391284,5.110302698
3/27/2019 0:00,382838,9.763190569
3/26/2019 0:00,364225,47.01910467
3/25/2019 0:00,331828,-7.32858967
3/24/2019 0:00,225704,-19.06198802
3/23/2019 0:00,243553,0.602788272
3/22/2019 0:00,300913,-3.45310644
3/21/2019 0:00,299110,3.270710276
3/20/2019 0:00,309808,1.450422208
3/19/2019 0:00,299996,28.90509549
3/18/2019 0:00,295707,-10.98180435
3/17/2019 0:00,229399,-13.20051197
3/16/2019 0:00,257699,0.252920062
3/15/2019 0:00,296890,2.254748611
3/14/2019 0:00,296141,2.20927401
3/13/2019 0:00,289611,-4.015514642
3/12/2019 0:00,283351,38.48012197
3/11/2019 0:00,295205,-11.91479691
3/10/2019 0:00,213175,-13.93945428
3/9/2019 0:00,242010,-1.052776028
3/8/2019 0:00,281209,2.625202668
3/7/2019 0:00,284201,-3.499620175
3/6/2019 0:00,276931,-3.995102303
3/5/2019 0:00,286974,-15.85353838
3/4/2019 0:00,298916,6.369606032
3/3/2019 0:00,355233,-6.932395489
3/2/2019 0:00,333961,-1.264335557
3/1/2019 0:00,358837,4.780438863
2/28/2019 0:00,363432,-5.329999809
2/27/2019 0:00,346851,8.793992232
2/26/2019 0:00,366379,5.476731876
2/25/2019 0:00,336764,-3.901685824
2/24/2019 0:00,319278,-4.653385219
2/23/2019 0:00,332241,18.13589547
2/22/2019 0:00,348456,-6.166752029
2/21/2019 0:00,294962,-10.35382558
2/20/2019 0:00,314347,2.958508649
2/19/2019 0:00,350653,2.21920086
2/18/2019 0:00,340577,1.506528799
2/17/2019 0:00,333183,11.694207
2/16/2019 0:00,328238,-17.27647883
2/15/2019 0:00,293872,1.034100282
2/14/2019 0:00,355246,25.44641742
2/13/2019 0:00,351610,-8.447520652
2/12/2019 0:00,280287,1.762019359
2/11/2019 0:00,306149,-3.541587847
2/10/2019 0:00,300848,-7.887726593
2/9/2019 0:00,311894,-2.889772225
2/8/2019 0:00,338602,-0.198642135
2/7/2019 0:00,348678,-1.7486431
2/6/2019 0:00,349372,6.740190193
2/5/2019 0:00,355590,12.33531723
2/4/2019 0:00,333136,-9.208778021
2/3/2019 0:00,296555,-2.874219447
2/2/2019 0:00,326634,-5.349724746
2/1/2019 0:00,336300,8.880635434
1/31/2019 0:00,355308,1.093876337
1/30/2019 0:00,326328,2.801592357
1/29/2019 0:00,322797,16.33248863
1/28/2019 0:00,314000,-7.394293713
1/27/2019 0:00,269916,-3.221436398
1/26/2019 0:00,291468,-1.23566102
1/25/2019 0:00,301170,3.481064205
1/24/2019 0:00,304938,0.321035484
1/23/2019 0:00,294680,-7.590353107
1/22/2019 0:00,293737,6.611035274
1/21/2019 0:00,317864,7.237708161
1/20/2019 0:00,298153,-7.65301208
1/19/2019 0:00,278030,-0.209808289
1/18/2019 0:00,301071,0.511043742
1/17/2019 0:00,301704,-1.126844999
1/16/2019 0:00,300170,-7.497608151
1/15/2019 0:00,303591,19.83977449
1/14/2019 0:00,328198,-5.228188198
1/13/2019 0:00,273864,-6.37186607
1/12/2019 0:00,288972,-4.258216618
1/11/2019 0:00,308638,0.519803678
1/10/2019 0:00,322365,0.954461604
1/9/2019 0:00,320698,10.20350108
1/8/2019 0:00,317666,14.62075273
1/7/2019 0:00,288254,-6.732013781
1/6/2019 0:00,251485,-4.88659212
1/5/2019 0:00,269637,-1.25086648
1/4/2019 0:00,283490,5.893700918
1/3/2019 0:00,287081,14.96524789
1/2/2019 0:00,271103,-9.995381697
1/1/2019 0:00,235813,0.840591647
12/31/2018 0:00,262001,-2.103986044
12/30/2018 0:00,259817,-15.06135146
12/29/2018 0:00,265401,3.430674814
12/28/2018 0:00,312462,7.453884514
12/27/2018 0:00,302098,8.306077872
12/26/2018 0:00,281142,-6.690319311
12/25/2018 0:00,259581,11.70974011
12/24/2018 0:00,278193,-0.877262813
12/23/2018 0:00,249032,-10.48991909
12/22/2018 0:00,251236,-0.759123984
12/21/2018 0:00,280679,-6.646686229
12/20/2018 0:00,282826,12.37124873
12/19/2018 0:00,302963,-9.006564404
12/18/2018 0:00,269609,31.45355569
12/17/2018 0:00,296295,-14.33506767
12/16/2018 0:00,225399,-5.616377424
12/15/2018 0:00,263117,4.526400252
12/14/2018 0:00,278774,3.11787131
12/13/2018 0:00,266702,1.125669087
12/12/2018 0:00,258638,0.943686653
12/11/2018 0:00,255759,6.874311915
12/10/2018 0:00,253368,2.508766847
12/9/2018 0:00,237071,-9.712039228
12/8/2018 0:00,231269,-8.686259411
12/7/2018 0:00,256146,9.260874984
12/6/2018 0:00,280512,-4.256572814
12/5/2018 0:00,256736,10.90431582
12/4/2018 0:00,268150,9.146187321
12/3/2018 0:00,241785,-8.742095615
12/2/2018 0:00,221524,-2.238787937
12/1/2018 0:00,242745,1.195332782
11/30/2018 0:00,248304,-6.442289728
11/29/2018 0:00,245371,-0.08000701
11/28/2018 0:00,262267,2.799927936
11/27/2018 0:00,262477,5.725004348
11/26/2018 0:00,255328,-4.148756722
11/25/2018 0:00,241502,-7.721635816
11/24/2018 0:00,251955,3.142967233
11/23/2018 0:00,273038,3.186600297
11/22/2018 0:00,264718,-11.24492295
11/21/2018 0:00,256543,7.235580223
11/20/2018 0:00,289046,13.23956325
11/19/2018 0:00,269543,-8.979354597
11/18/2018 0:00,238029,-7.073158598
11/17/2018 0:00,261511,-3.389749047
11/16/2018 0:00,281416,-2.360457477
11/15/2018 0:00,291290,8.959426737
11/14/2018 0:00,298332,-8.406009454
11/13/2018 0:00,273801,18.54170963
11/12/2018 0:00,298929,2.021644584
11/11/2018 0:00,252172,-12.67197094
11/10/2018 0:00,247175,2.225882064
11/9/2018 0:00,283042,-6.552297894
11/8/2018 0:00,276879,3.019735195
11/7/2018 0:00,296293,-2.827584576
11/6/2018 0:00,287608,29.99178704
11/5/2018 0:00,295977,-8.008904619
11/4/2018 0:00,227689,-14.92240268
11/3/2018 0:00,247512,1.323112501
11/2/2018 0:00,290925,1.321542376
11/1/2018 0:00,287126,-1.523123115
10/31/2018 0:00,283381,7.25816371
10/30/2018 0:00,287764,24.49582834
10/29/2018 0:00,268291,-8.015588119
10/28/2018 0:00,215502,-7.191554261
10/27/2018 0:00,234281,-2.22216197
10/26/2018 0:00,252435,3.63650231
10/25/2018 0:00,258172,-3.924207831
10/24/2018 0:00,249113,0.299015531
10/23/2018 0:00,259288,26.20645886
10/22/2018 0:00,258515,-9.324119735
10/21/2018 0:00,204835,-10.25857994
10/20/2018 0:00,225898,-3.908245183
10/19/2018 0:00,251721,2.364521625
10/18/2018 0:00,261959,0.927207689
10/17/2018 0:00,255908,-7.803153987
10/16/2018 0:00,253557,45.30559841
10/15/2018 0:00,275017,-7.006863887
10/14/2018 0:00,189268,-15.85364341
10/13/2018 0:00,203529,-8.023226631
10/12/2018 0:00,241875,5.845418211
10/11/2018 0:00,262974,9.065408253
10/10/2018 0:00,248451,-8.294552423
10/9/2018 0:00,227800,8.9916678
10/8/2018 0:00,248404,7.998824817
10/7/2018 0:00,227911,-12.54304861
10/6/2018 0:00,211031,-2.842682107
10/5/2018 0:00,241297,2.088574294
10/4/2018 0:00,248357,1.205180153
10/3/2018 0:00,243276,-2.505708619
10/2/2018 0:00,240379,21.69284227
10/1/2018 0:00,246557,-9.082913389
9/30/2018 0:00,202606,-10.49099074
9/29/2018 0:00,222847,-0.899982884
9/28/2018 0:00,248966,2.877559378
9/27/2018 0:00,251227,-3.349138375
9/26/2018 0:00,244200,8.545308479
9/25/2018 0:00,252662,12.35965361
9/24/2018 0:00,232771,-5.471851358
9/23/2018 0:00,207166,-19.35337864
9/22/2018 0:00,219158,6.052895516
9/21/2018 0:00,271751,0.55804316
9/20/2018 0:00,256241,4.499971293
9/19/2018 0:00,254819,3.984170778
9/18/2018 0:00,243846,28.0611409
9/17/2018 0:00,234503,-11.89345497
9/16/2018 0:00,183118,-6.657654461
9/15/2018 0:00,207837,-6.679044581
9/14/2018 0:00,222661,1.627075906
9/13/2018 0:00,238597,-0.281600408
9/12/2018 0:00,234777,5.657125932
9/11/2018 0:00,235440,17.57250869
9/10/2018 0:00,222834,-7.409072034
9/9/2018 0:00,189529,-11.12389553
9/8/2018 0:00,204695,-8.585569924
9/7/2018 0:00,230315,5.143977965
9/6/2018 0:00,251946,0.237185896
9/5/2018 0:00,239620,6.262779823
9/4/2018 0:00,239053,21.99452293
9/3/2018 0:00,224964,-12.73825973
9/2/2018 0:00,184405,-11.42685897
9/1/2018 0:00,211324,2.097258715
8/31/2018 0:00,238587,-0.614128355
8/30/2018 0:00,233686,-0.702301166
8/29/2018 0:00,235130,3.893032643
8/28/2018 0:00,236793,33.70408175
8/27/2018 0:00,227920,-12.22729683
8/26/2018 0:00,170466,-12.44291363
8/25/2018 0:00,194213,1.920196293
8/24/2018 0:00,221813,-3.013422699
8/23/2018 0:00,217634,2.206311033
8/22/2018 0:00,224396,-0.065545117
8/21/2018 0:00,219552,36.62006865
8/20/2018 0:00,219696,-15.30492397
8/19/2018 0:00,160808,-19.42052481
8/18/2018 0:00,189867,1.813507324
8/17/2018 0:00,235627,-6.034300749
8/16/2018 0:00,231430,-2.521154744
8/15/2018 0:00,246292,16.24767654
8/14/2018 0:00,252662,28.95470673
8/13/2018 0:00,217348,-12.31290287
8/12/2018 0:00,168546,-14.51995215
8/11/2018 0:00,192213,0.344502903
8/10/2018 0:00,224863,-2.306206704
8/9/2018 0:00,224091,-3.015479065
8/8/2018 0:00,229381,7.971659568
8/7/2018 0:00,236513,27.92569189
8/6/2018 0:00,219051,-11.07458532
8/5/2018 0:00,171233,-17.16688534
8/4/2018 0:00,192558,4.399355097
8/3/2018 0:00,232465,-6.482461445
8/2/2018 0:00,222669,-2.199147286
8/1/2018 0:00,238104,5.365705877
7/31/2018 0:00,243458,34.02474464
7/30/2018 0:00,231060,-5.115687742
7/29/2018 0:00,172401,-21.83235532
7/28/2018 0:00,181696,0.97217275
7/27/2018 0:00,232444,-7.538879249
7/26/2018 0:00,230206,-4.063624664
7/25/2018 0:00,248976,13.27842305
7/24/2018 0:00,259522,36.78079943
7/23/2018 0:00,229101,-10.41994245
7/22/2018 0:00,167495,-17.43807127
7/21/2018 0:00,186978,0.636336974
7/20/2018 0:00,226470,-3.520272327
7/19/2018 0:00,225038,0.1803899
7/18/2018 0:00,233249,8.875421442
7/17/2018 0:00,232829,35.09523358
7/16/2018 0:00,213849,-9.71287445
7/15/2018 0:00,158295,-15.03891296
7/14/2018 0:00,175324,-0.713048499
7/13/2018 0:00,206358,3.235548315
7/12/2018 0:00,207840,-6.548207563
7/11/2018 0:00,201326,4.085478097
7/10/2018 0:00,215433,31.07276297
7/9/2018 0:00,206977,-4.104015352
7/8/2018 0:00,157910,-17.86517695
7/7/2018 0:00,164668,-0.998484003
7/6/2018 0:00,200485,0.283259465
7/5/2018 0:00,202507,-7.087117761
7/4/2018 0:00,201935,5.145571886
7/3/2018 0:00,217338,34.70930574
7/2/2018 0:00,206702,-13.65490774
7/1/2018 0:00,153443,-8.693932076
6/30/2018 0:00,177709,-0.570126593
6/29/2018 0:00,194630,3.272063479
6/28/2018 0:00,195746,0.177052889
6/27/2018 0:00,189544,-6.437320437
6/26/2018 0:00,189209,25.82722533
6/25/2018 0:00,202227,0.490202208
6/24/2018 0:00,160718,-21.00230176
6/23/2018 0:00,159934,1.07235929
6/22/2018 0:00,202454,0.510818514
6/21/2018 0:00,200306,3.381231519
6/20/2018 0:00,199288,-0.836947072
6/19/2018 0:00,192770,33.56946544
6/18/2018 0:00,194397,-6.620128579
6/17/2018 0:00,145540,-22.55580069
6/16/2018 0:00,155858,-5.121278552
6/15/2018 0:00,201252,-0.283473895
6/14/2018 0:00,212115,-1.847981063
6/13/2018 0:00,212718,1.414125343
6/12/2018 0:00,216723,20.00819893
6/11/2018 0:00,213701,1.164627149
6/10/2018 0:00,178072,-10.95654109
6/9/2018 0:00,176022,-4.656232667
6/8/2018 0:00,197681,0.083992643
6/7/2018 0:00,207335,-3.305140915
6/6/2018 0:00,207161,4.241840369
6/5/2018 0:00,214242,22.922523
6/4/2018 0:00,205524,-4.900092712
6/3/2018 0:00,167198,-12.90263453
6/2/2018 0:00,175813,-2.136097429
6/1/2018 0:00,201858,0.670112401
5/31/2018 0:00,206264,-0.011712173
5/30/2018 0:00,204891,6.20053796
5/29/2018 0:00,204915,34.56940802
5/28/2018 0:00,192951,-7.989270634
5/27/2018 0:00,143384,-21.60242285
5/26/2018 0:00,155834,-2.0344797
5/25/2018 0:00,198774,-8.82693915
5/24/2018 0:00,202902,7.498200683
5/23/2018 0:00,222546,2.901806795
5/22/2018 0:00,207023,25.84838268
5/21/2018 0:00,201185,-4.560542561
5/20/2018 0:00,159863,-22.60291379
5/19/2018 0:00,167502,13.64932494
5/18/2018 0:00,216419,-11.00627167
5/17/2018 0:00,190427,2.776697071
5/16/2018 0:00,213978,-1.481583131
5/15/2018 0:00,208197,32.46912806
5/14/2018 0:00,211328,-11.99315938
5/13/2018 0:00,159530,-12.45236727
5/12/2018 0:00,181270,-3.860387153
5/11/2018 0:00,207053,5.205901031
5/10/2018 0:00,215367,-6.792394412
5/9/2018 0:00,204710,7.231856886
5/8/2018 0:00,219628,18.61632816
5/7/2018 0:00,204816,-11.88681652
5/6/2018 0:00,172671,-12.74117348
5/5/2018 0:00,195965,-1.480561868
5/4/2018 0:00,224579,8.088346863
5/3/2018 0:00,227954,6.423370188
5/2/2018 0:00,210896,-8.087085987
5/1/2018 0:00,198167,17.29538877
4/30/2018 0:00,215603,-5.722931733
4/29/2018 0:00,183812,-8.312837708
4/28/2018 0:00,194970,-2.122361432
4/27/2018 0:00,212647,-0.195696514
4/26/2018 0:00,217258,-14.28278914
4/25/2018 0:00,217684,11.6893969
4/24/2018 0:00,253956,34.55852764
4/23/2018 0:00,227377,-11.58480753
4/22/2018 0:00,168980,-9.27901115
4/21/2018 0:00,191121,-2.142770877
4/20/2018 0:00,210669,7.404173797
4/19/2018 0:00,215282,-1.789861534
4/18/2018 0:00,200441,5.039036968
4/17/2018 0:00,204094,13.84252125
4/16/2018 0:00,194303,3.413655835
4/15/2018 0:00,170677,-22.62799387
4/14/2018 0:00,165043,-1.484810138
4/13/2018 0:00,213311,20.3223028
4/12/2018 0:00,216526,-4.409421214
4/11/2018 0:00,179955,8.121643741
4/10/2018 0:00,188256,24.57251198
4/9/2018 0:00,174115,-10.32624386
4/8/2018 0:00,139770,-8.260201649
4/7/2018 0:00,155865,-6.343746382
4/6/2018 0:00,169899,-1.369572545
4/5/2018 0:00,181407,-9.663064833
4/4/2018 0:00,183926,21.81331929
4/3/2018 0:00,203600,24.8243105
4/2/2018 0:00,167141,-10.31052822
4/1/2018 0:00,133901,-18.8385785
3/31/2018 0:00,149294,-2.959020026
3/30/2018 0:00,183947,4.706824647
3/29/2018 0:00,189556,-2.369113618
3/28/2018 0:00,181035,-1.092934067
3/27/2018 0:00,185428,36.21614159
3/26/2018 0:00,187477,-13.65675247
3/25/2018 0:00,137632,-10.116104
3/24/2018 0:00,159401,-1.707118351
3/23/2018 0:00,177341,-9.455390391
3/22/2018 0:00,180421,3.12593804
3/21/2018 0:00,199262,-0.140572834
3/20/2018 0:00,193222,17.6176669
3/19/2018 0:00,193494,8.63687992
3/18/2018 0:00,164511,-19.56059833
3/17/2018 0:00,151432,-6.380820242
3/16/2018 0:00,188256,4.142131349
3/15/2018 0:00,201087,-3.068257689
3/14/2018 0:00,193089,7.542514711
3/13/2018 0:00,199201,17.80530928
3/12/2018 0:00,185230,5.169726765
3/11/2018 0:00,157234,-26.05315092
3/10/2018 0:00,149505,6.477809552
3/9/2018 0:00,202179,-10.78498165
3/8/2018 0:00,189879,1.942254452
3/7/2018 0:00,212833,1.458867895
3/6/2018 0:00,208778,32.88988485
3/5/2018 0:00,205776,-13.89352284
3/4/2018 0:00,154847,-6.76821144
3/3/2018 0:00,179832,-18.50992818
3/2/2018 0:00,192887,24.46038248
3/1/2018 0:00,236700,-11.69527648
2/28/2018 0:00,190181,12.1719384
2/27/2018 0:00,215369,33.38358401
2/26/2018 0:00,191999,-5.992646339
2/25/2018 0:00,143945,-15.27778546
2/24/2018 0:00,153121,-1.083125356
2/23/2018 0:00,180733,-12.29683675
2/22/2018 0:00,182712,7.383830314
2/21/2018 0:00,208330,1.237782637
2/20/2018 0:00,194005,19.52783409
2/19/2018 0:00,191633,-6.795918961
2/18/2018 0:00,160325,-7.105787561
2/17/2018 0:00,172015,-5.477200451
2/16/2018 0:00,185173,-0.926492528
2/15/2018 0:00,195903,5.011179029
2/14/2018 0:00,197735,1.427424872
2/13/2018 0:00,188299,25.54794382
2/12/2018 0:00,185649,-16.12773319
2/11/2018 0:00,147871,-1.420224217
2/10/2018 0:00,176305,0.77534668
2/9/2018 0:00,178845,-14.54360723
2/8/2018 0:00,177469,-15.24802579
2/7/2018 0:00,207672,10.66475176
2/6/2018 0:00,245035,28.27002508
2/5/2018 0:00,221421,-9.543422783
2/4/2018 0:00,172621,-19.73004009
2/3/2018 0:00,190833,-5.845194813
2/2/2018 0:00,237739,21.18352851
2/1/2018 0:00,252498,-13.02169866
1/31/2018 0:00,208360,4.148026416
1/30/2018 0:00,239554,7.634605846
1/29/2018 0:00,230013,11.07253307
1/28/2018 0:00,213698,-12.08858995
1/27/2018 0:00,192395,-8.22279721
1/26/2018 0:00,218851,-5.233519322
1/25/2018 0:00,238459,-5.432160011
1/24/2018 0:00,251628,6.397476038
1/23/2018 0:00,266082,14.99390735
1/22/2018 0:00,250083,-7.971630846
1/21/2018 0:00,217475,-2.615995154
1/20/2018 0:00,236313,-21.18658105
1/19/2018 0:00,242661,-2.020417385
1/18/2018 0:00,307893,2.636443806
1/17/2018 0:00,314242,12.50500663
1/16/2018 0:00,306170,15.29261742
1/15/2018 0:00,272139,-10.69298989
1/14/2018 0:00,236042,-13.26531617
1/13/2018 0:00,264304,-8.922801952
1/12/2018 0:00,304727,-3.773356994
1/11/2018 0:00,334581,-2.021280793
1/10/2018 0:00,347701,2.607740238
1/9/2018 0:00,354874,-7.16946796
1/8/2018 0:00,345855,4.515386989
1/7/2018 0:00,372566,5.016777584
1/6/2018 0:00,356470,-20.08677801
1/5/2018 0:00,339441,7.008580599
1/4/2018 0:00,424762,15.5029331
1/3/2018 0:00,396942,42.23031557
1/2/2018 0:00,343664,-17.53047064
1/1/2018 0:00,241625,-13.32899466
12/31/2017 0:00,292987,-5.253525193
12/30/2017 0:00,338045,17.73971066
12/29/2017 0:00,356789,-2.853808819
12/28/2017 0:00,303032,26.07672907
12/27/2017 0:00,311934,7.886451838
12/26/2017 0:00,247416,-16.42157667
12/25/2017 0:00,229330,-10.68182706
12/24/2017 0:00,274389,-19.15939497
12/23/2017 0:00,307204,13.62160417
12/22/2017 0:00,380012,-9.698304957
12/21/2017 0:00,334454,-2.149480859
12/20/2017 0:00,370374,-4.908453252
12/19/2017 0:00,378510,2.270490813
12/18/2017 0:00,398048,6.069962773
12/17/2017 0:00,389211,-8.466187883
12/16/2017 0:00,366938,-19.52555697
12/15/2017 0:00,400877,19.28802
12/14/2017 0:00,498142,12.07652194
12/13/2017 0:00,417596,-1.055043923
12/12/2017 0:00,372599,11.88818669
12/11/2017 0:00,376572,-16.17597613
12/10/2017 0:00,336561,4.154679852
12/9/2017 0:00,401509,2.813212605
12/8/2017 0:00,385493,-15.34261916
12/7/2017 0:00,374945,9.4102331
12/6/2017 0:00,442897,-0.609643814
12/5/2017 0:00,404804,17.3291428
12/4/2017 0:00,407287,6.712655551
12/3/2017 0:00,347132,-21.13501038
12/2/2017 0:00,325296,7.431089673
12/1/2017 0:00,412472,-3.743547445
11/30/2017 0:00,383941,9.234485271
11/29/2017 0:00,398873,-4.303991865
11/28/2017 0:00,365153,15.30205236
11/27/2017 0:00,381576,-0.474865796
11/26/2017 0:00,330936,8.207449543
11/25/2017 0:00,332515,-12.94294294
11/24/2017 0:00,307294,13.19447785
11/23/2017 0:00,352980,-16.47112711
11/22/2017 0:00,311835,12.17020561
11/21/2017 0:00,373326,24.60725732
11/20/2017 0:00,332821,-0.671620144
11/19/2017 0:00,267096,-11.95809118
11/18/2017 0:00,268902,-1.832692116
11/17/2017 0:00,305425,-2.646861878
11/16/2017 0:00,311127,17.30466413
11/15/2017 0:00,319586,-11.77971563
11/14/2017 0:00,272441,64.45087013
11/13/2017 0:00,308819,-2.303658384
11/12/2017 0:00,187788,-29.87837355
11/11/2017 0:00,192216,-19.27377674
11/10/2017 0:00,274118,11.92654805
11/9/2017 0:00,339565,-8.793501527
11/8/2017 0:00,303382,21.81154352
11/7/2017 0:00,332632,8.468254473
11/6/2017 0:00,273071,-13.43820379
11/5/2017 0:00,251752,4.653422237
11/4/2017 0:00,290835,-18.64856795
11/3/2017 0:00,277903,-2.810630265
11/2/2017 0:00,341608,25.38821842
11/1/2017 0:00,351487,-11.31446903
10/31/2017 0:00,280319,-4.27356122
10/30/2017 0:00,316082,58.27788856
10/29/2017 0:00,330193,-15.27114404
10/28/2017 0:00,208616,-9.683619757
10/27/2017 0:00,246216,-12.09427258
10/26/2017 0:00,272615,-10.3921546
10/25/2017 0:00,310122,9.409685669
10/24/2017 0:00,346088,8.759618492
10/23/2017 0:00,316323,-6.05354876
10/22/2017 0:00,290846,-1.214764801
10/21/2017 0:00,309587,-11.53834212
10/20/2017 0:00,313394,7.260913927
10/19/2017 0:00,354271,-2.021921953
10/18/2017 0:00,330289,8.013239516
10/17/2017 0:00,337105,9.405640369
10/16/2017 0:00,312096,-2.246247687
10/15/2017 0:00,285265,-5.039276812
10/14/2017 0:00,291820,4.543629869
10/13/2017 0:00,307306,-0.237908577
10/12/2017 0:00,293950,-3.224312571
10/11/2017 0:00,294651,2.818085728
10/10/2017 0:00,304468,21.81770313
10/9/2017 0:00,296123,8.701018204
10/8/2017 0:00,243087,-21.45486348
10/7/2017 0:00,223629,4.657334843
10/6/2017 0:00,284714,13.81594086
10/5/2017 0:00,272044,-15.56415148
10/4/2017 0:00,239021,-2.168954506
10/3/2017 0:00,283080,41.14513722
10/2/2017 0:00,289356,-3.260725948
10/1/2017 0:00,205006,-17.1941122
9/30/2017 0:00,211916,-5.375696042
9/29/2017 0:00,255919,1.889678348
9/28/2017 0:00,270458,2.771367952
9/27/2017 0:00,265442,14.11781859
9/26/2017 0:00,258284,18.9863103
9/25/2017 0:00,226331,-6.644286738
9/24/2017 0:00,190216,-9.090341234
9/23/2017 0:00,203754,-11.57926298
9/22/2017 0:00,224128,8.273461193
9/21/2017 0:00,253479,-17.501251
9/20/2017 0:00,234110,26.47760143
9/19/2017 0:00,283774,14.53724029
9/18/2017 0:00,224367,-12.7186045
9/17/2017 0:00,195890,-23.09629625
9/16/2017 0:00,224435,6.419311904
9/15/2017 0:00,291839,4.746608201
9/14/2017 0:00,274235,3.022504496
9/13/2017 0:00,261808,1.759886598
9/12/2017 0:00,254127,25.20028476
9/11/2017 0:00,249732,-8.844712549
9/10/2017 0:00,199466,-19.32516581
9/9/2017 0:00,218820,5.693911349
9/8/2017 0:00,271237,-7.426112239
9/7/2017 0:00,256625,-0.046152903
9/6/2017 0:00,277211,2.451773537
9/5/2017 0:00,277339,38.7340293
9/4/2017 0:00,270702,-19.04550509
9/3/2017 0:00,195123,-12.43846883
9/2/2017 0:00,241028,-2.151990075
9/1/2017 0:00,275267,2.027338239
8/31/2017 0:00,281321,-0.446262551
8/30/2017 0:00,275731,21.68864207
8/29/2017 0:00,276967,-11.50669912
8/28/2017 0:00,227603,14.48219993
8/27/2017 0:00,257198,5.542010194
8/26/2017 0:00,224662,5.686879068
8/25/2017 0:00,212865,-35.813033
8/24/2017 0:00,201411,59.73244556
8/23/2017 0:00,313788,-17.51026681
8/22/2017 0:00,196446,10.35086744
8/21/2017 0:00,238146,-18.53350648
8/20/2017 0:00,215808,-13.56705875
8/19/2017 0:00,264904,-12.0519163
8/18/2017 0:00,306485,26.02488066
8/17/2017 0:00,348484,-10.5561935
8/16/2017 0:00,276520,19.6188818
8/15/2017 0:00,309155,-2.078905193
8/14/2017 0:00,258450,0.873297357
8/13/2017 0:00,263937,-6.186313668
8/12/2017 0:00,261652,6.285130691
8/11/2017 0:00,278906,1.928148876
8/10/2017 0:00,262413,-6.550051907
8/9/2017 0:00,257449,10.06244332
8/8/2017 0:00,275494,23.25233277
8/7/2017 0:00,250307,-13.61944663
8/6/2017 0:00,203085,0.362424015
8/5/2017 0:00,235105,10.31287084
8/4/2017 0:00,234256,-1.061802595
8/3/2017 0:00,212356,63.38453809
8/2/2017 0:00,214635,-40.54885775
8/1/2017 0:00,131368,13.93861893
7/31/2017 0:00,220968,-6.670452413
7/30/2017 0:00,193936,-16.5849096
7/29/2017 0:00,207797,10.47683247
7/28/2017 0:00,249112,-4.61308076
7/27/2017 0:00,225488,-2.462039941
7/26/2017 0:00,236393,-0.654623561
7/25/2017 0:00,242360,33.22247706
7/24/2017 0:00,243957,-14.78827362
7/23/2017 0:00,183120,-20.30941751
7/22/2017 0:00,214900,16.86333991
7/21/2017 0:00,269668,-9.008998352
7/20/2017 0:00,230755,-2.51026402
7/19/2017 0:00,253602,12.057758
7/18/2017 0:00,260132,13.01403541
7/17/2017 0:00,232141,-5.024598199
7/16/2017 0:00,205409,-6.507182411
7/15/2017 0:00,216276,-5.156105861
7/14/2017 0:00,231329,-4.572521832
7/13/2017 0:00,243905,-5.004515772
7/12/2017 0:00,255592,5.787596771
7/11/2017 0:00,269057,37.02468564
7/10/2017 0:00,254337,-14.76877724
7/9/2017 0:00,185614,-10.58332273
7/8/2017 0:00,217777,6.252944769
7/7/2017 0:00,243553,-2.473684658
7/6/2017 0:00,229220,-8.455537249
7/5/2017 0:00,235034,2.466854511
7/4/2017 0:00,256743,27.30967975
7/3/2017 0:00,250562,-10.64798631
7/2/2017 0:00,196813,-17.33487955
7/1/2017 0:00,220267,14.79179052
6/30/2017 0:00,266457,-16.24921525
6/29/2017 0:00,232122,6.144849165
6/28/2017 0:00,277158,0.007277073
6/27/2017 0:00,261113,40.801579
6/26/2017 0:00,261094,-15.87967646
6/25/2017 0:00,185434,-16.30953918
6/24/2017 0:00,220439,-1.536034571
6/23/2017 0:00,263398,-4.346318055
6/22/2017 0:00,267507,2.595125244
6/21/2017 0:00,279662,1.624346179
6/20/2017 0:00,272588,28.06751176
6/19/2017 0:00,268231,-10.32305025
6/18/2017 0:00,209445,-13.82433898
6/17/2017 0:00,233555,-7.657973819
6/16/2017 0:00,271022,3.016454665
6/15/2017 0:00,293498,-2.381996601
6/14/2017 0:00,284904,8.036395134
6/13/2017 0:00,291856,20.05528447
6/12/2017 0:00,270146,-10.9622431
6/11/2017 0:00,225018,-10.06014449
6/10/2017 0:00,252722,-8.578028664
6/9/2017 0:00,280990,-9.179690386
6/8/2017 0:00,307355,12.91087801
6/7/2017 0:00,338421,3.614282899
6/6/2017 0:00,299724,6.514150631
6/5/2017 0:00,289269,-11.30959573
6/4/2017 0:00,271578,16.0625552
6/3/2017 0:00,306209,-17.38448338
6/2/2017 0:00,263831,-0.330206051
6/1/2017 0:00,319348,-7.956553089
5/31/2017 0:00,320406,6.480869704
5/30/2017 0:00,348103,7.663883812
5/29/2017 0:00,326916,-8.250491011
5/28/2017 0:00,303645,-0.643363865
5/27/2017 0:00,330950,-4.975551587
5/26/2017 0:00,333093,3.970979932
5/25/2017 0:00,350534,-8.5618974
5/24/2017 0:00,337146,11.16387185
5/23/2017 0:00,368715,3.449824561
5/22/2017 0:00,331686,-9.553926312
5/21/2017 0:00,320625,12.03561191
5/20/2017 0:00,354493,8.364755965
5/19/2017 0:00,316411,-8.776583281
5/18/2017 0:00,291987,38.53714909
5/17/2017 0:00,320079,-29.77532188
5/16/2017 0:00,231042,-10.95051724
5/15/2017 0:00,329004,11.91341645
5/14/2017 0:00,369462,4.957747554
5/13/2017 0:00,330132,6.294079679
5/12/2017 0:00,314538,-4.672424513
5/11/2017 0:00,295913,-6.957986518
5/10/2017 0:00,310417,-8.421878989
5/9/2017 0:00,333631,14.4141626
5/8/2017 0:00,364313,-11.41774561
5/7/2017 0:00,318416,34.1591586
5/6/2017 0:00,359458,-24.59127126
5/5/2017 0:00,267934,20.14885501
5/4/2017 0:00,355309,-10.84460121
5/3/2017 0:00,295724,11.09715537
5/2/2017 0:00,331695,7.753356431
5/1/2017 0:00,298563,-19.04849553
4/30/2017 0:00,277080,12.17150217
4/29/2017 0:00,342279,2.24981151
4/28/2017 0:00,305139,-10.52475354
4/27/2017 0:00,298425,3.018958839
4/26/2017 0:00,333528,41.53489694
4/25/2017 0:00,323754,-5.145674548
4/24/2017 0:00,228745,-11.62700361
4/23/2017 0:00,241154,-15.66862289
4/22/2017 0:00,272882,21.20711549
4/21/2017 0:00,323583,-13.65488735
4/20/2017 0:00,266967,1.009817214
4/19/2017 0:00,309186,22.85225781
4/18/2017 0:00,306095,17.32765116
4/17/2017 0:00,249157,-21.00172609
4/16/2017 0:00,212360,-6.240495556
4/15/2017 0:00,268816,25.34559794
4/14/2017 0:00,286708,-17.26116193
4/13/2017 0:00,228734,-10.4762244
4/12/2017 0:00,276453,12.2164645
4/11/2017 0:00,308804,16.74026938
4/10/2017 0:00,275186,3.288493559
4/9/2017 0:00,235725,-22.84390953
4/8/2017 0:00,228220,2.542502149
4/7/2017 0:00,295790,-9.371789434
4/6/2017 0:00,288456,24.72471492
4/5/2017 0:00,318285,-12.38743301
4/4/2017 0:00,255190,21.48034767
4/3/2017 0:00,291271,-6.090444074
4/2/2017 0:00,239768,-3.418143853
4/1/2017 0:00,255318,-7.593087152
3/31/2017 0:00,264354,1.651576958
3/30/2017 0:00,286076,-4.341589594
3/29/2017 0:00,281428,22.85710706
3/28/2017 0:00,294201,11.85139168
3/27/2017 0:00,239466,-12.93068389
3/26/2017 0:00,214093,-14.52933223
3/25/2017 0:00,245888,-0.265554527
3/24/2017 0:00,287687,-8.88377867
3/23/2017 0:00,288453,11.06250263
3/22/2017 0:00,316577,1.113495681
3/21/2017 0:00,285044,6.339518444
3/20/2017 0:00,281905,0.537771019
3/19/2017 0:00,265099,-10.43687672
3/18/2017 0:00,263681,-9.103034345
3/17/2017 0:00,294408,11.02952519
3/16/2017 0:00,323892,-6.908237997
3/15/2017 0:00,291717,15.64436309
3/14/2017 0:00,313365,22.20578619
3/13/2017 0:00,270973,-20.34551013
3/12/2017 0:00,221735,-9.615990285
3/11/2017 0:00,278371,1.04494065
3/10/2017 0:00,307987,2.135174078
3/9/2017 0:00,304802,-8.878283518
3/8/2017 0:00,298430,14.1063832
3/7/2017 0:00,327507,3.071470126
3/6/2017 0:00,287019,4.106055338
3/5/2017 0:00,278466,-20.19363597
3/4/2017 0:00,267483,1.303297839
3/3/2017 0:00,335165,5.458550082
3/2/2017 0:00,330853,-4.304538799
3/1/2017 0:00,313728,15.76271186
2/28/2017 0:00,327840,4.42747416
2/27/2017 0:00,283200,-15.67617822
2/26/2017 0:00,271193,-6.490255313
2/25/2017 0:00,321609,4.696775058
2/24/2017 0:00,343931,17.6364001
2/23/2017 0:00,328502,0.032239345
2/22/2017 0:00,279252,-1.145550413
2/21/2017 0:00,279162,12.22484948
2/20/2017 0:00,282397,-11.03399754
2/19/2017 0:00,251635,-11.64879926
2/18/2017 0:00,282844,9.789396792
2/17/2017 0:00,320136,1.20576016
2/16/2017 0:00,291591,-8.814788793
2/15/2017 0:00,288117,7.874225431
2/14/2017 0:00,315969,25.3841939
2/13/2017 0:00,292905,-9.85475257
2/12/2017 0:00,233606,-14.84070258
2/11/2017 0:00,259144,-11.24045479
2/10/2017 0:00,304305,11.08259865
2/9/2017 0:00,342842,-6.230118824
2/8/2017 0:00,308637,44.8246579
2/7/2017 0:00,329143,-22.6867601
2/6/2017 0:00,227270,3.081287499
2/5/2017 0:00,293960,-11.75676972
2/4/2017 0:00,285173,25.13533188
2/3/2017 0:00,323167,-25.1357392
2/2/2017 0:00,258254,11.07951893
2/1/2017 0:00,344963,22.83640535
1/31/2017 0:00,310555,4.990822335
1/30/2017 0:00,252820,-2.519178221
1/29/2017 0:00,240802,-5.457642038
1/28/2017 0:00,247025,-16.17017181
1/27/2017 0:00,261285,1.28620498
1/26/2017 0:00,311685,9.331244249
1/25/2017 0:00,307727,21.29777671
1/24/2017 0:00,281463,-2.5598495
1/23/2017 0:00,232043,-8.136372579
1/22/2017 0:00,238139,-12.94984805
1/21/2017 0:00,259231,-1.131134587
1/20/2017 0:00,297795,0.193266605
1/19/2017 0:00,301202,4.408756386
1/18/2017 0:00,300621,5.191493404
1/17/2017 0:00,287927,19.80959468
1/16/2017 0:00,273717,-6.441322091
1/15/2017 0:00,228460,-12.54790027
1/14/2017 0:00,244189,-2.709388785
1/13/2017 0:00,279226,-5.909312946
1/12/2017 0:00,287002,-5.230796954
1/11/2017 0:00,305027,17.2295107
1/10/2017 0:00,321863,6.937179402
1/9/2017 0:00,274558,-8.84182496
1/8/2017 0:00,256747,-18.20916847
1/7/2017 0:00,281650,18.40143586
1/6/2017 0:00,344354,-10.89747125
1/5/2017 0:00,290836,5.424889377
1/4/2017 0:00,326406,6.870782348
1/3/2017 0:00,309610,62.70625765
1/2/2017 0:00,289705,-27.69204529
1/1/2017 0:00,178054,-13.74749555
12/31/2016 0:00,246244,-6.616817294
12/30/2016 0:00,285492,-0.090196963
12/29/2016 0:00,305721,4.045930268
12/28/2016 0:00,305997,18.03201053
12/27/2016 0:00,294098,26.64064406
12/26/2016 0:00,249168,-17.87971117
12/25/2016 0:00,196752,-20.84928692
12/24/2016 0:00,239590,-4.359873618
12/23/2016 0:00,302701,-1.932837162
12/22/2016 0:00,316500,9.536011621
12/21/2016 0:00,322738,3.493926813
12/20/2016 0:00,294641,19.78340079
12/19/2016 0:00,284694,0.750305209
12/18/2016 0:00,237674,-15.52894669
12/17/2016 0:00,235904,-0.855574726
12/16/2016 0:00,279272,-2.069296398
12/15/2016 0:00,281682,-2.415573665
12/14/2016 0:00,287634,8.26036494
12/13/2016 0:00,294754,19.538292
12/12/2016 0:00,272264,-7.526563027
12/11/2016 0:00,227763,-7.280851673
12/10/2016 0:00,246301,-6.815821968
12/9/2016 0:00,265642,-7.509019649
12/8/2016 0:00,285072,-4.195652039
12/7/2016 0:00,308216,15.39280987
12/6/2016 0:00,321714,13.70361912
12/5/2016 0:00,278799,-14.64070126
12/4/2016 0:00,245198,-10.30628144
12/3/2016 0:00,287254,36.57069023
12/2/2016 0:00,320261,-19.70621972
12/1/2016 0:00,234502,0.931365773
11/30/2016 0:00,292055,-2.470263475
11/29/2016 0:00,289360,21.61279216
11/28/2016 0:00,296689,-10.30314172
11/27/2016 0:00,243962,-13.63636364
11/26/2016 0:00,271985,-5.925051902
11/25/2016 0:00,314930,23.64129933
11/24/2016 0:00,334765,-4.817900584
11/23/2016 0:00,270755,-0.348566324
11/22/2016 0:00,284460,16.38920488
11/21/2016 0:00,285455,-2.268561318
11/20/2016 0:00,245259,-8.730787975
11/19/2016 0:00,250952,0.236594497
11/18/2016 0:00,274958,-6.071106941
11/17/2016 0:00,274309,4.332060319
11/16/2016 0:00,292039,2.304765594
11/15/2016 0:00,279913,27.87166425
11/14/2016 0:00,273607,-7.715465002
11/13/2016 0:00,213970,-10.34934751
11/12/2016 0:00,231859,-2.738917219
11/11/2016 0:00,258625,-2.349204018
11/10/2016 0:00,265908,-7.211980782
11/9/2016 0:00,272305,5.617937091
11/8/2016 0:00,293470,23.9771196
11/7/2016 0:00,277860,-5.210981082
11/6/2016 0:00,224122,-4.194962641
11/5/2016 0:00,236443,-9.730467193
11/4/2016 0:00,246796,2.624170445
11/3/2016 0:00,273399,7.1719366
11/2/2016 0:00,266408,1.484835247
11/1/2016 0:00,248580,19.06620649
10/31/2016 0:00,244943,-11.17597278
10/30/2016 0:00,205720,-5.348764978
10/29/2016 0:00,231604,-26.42523814
10/28/2016 0:00,244692,49.96167269
10/27/2016 0:00,332576,-6.995059844
10/26/2016 0:00,221774,6.142779563
10/25/2016 0:00,238454,16.60585173
10/24/2016 0:00,224654,-11.7884876
10/23/2016 0:00,192661,-15.8162518
10/22/2016 0:00,218408,-6.590530231
10/21/2016 0:00,259442,43.33923383
10/20/2016 0:00,277747,-22.41015476
10/19/2016 0:00,193769,4.850052271
10/18/2016 0:00,249735,19.53977415
10/17/2016 0:00,238183,-5.028145987
10/16/2016 0:00,199250,-11.78726249
10/15/2016 0:00,209799,3.073576001
10/14/2016 0:00,237833,-1.273334845
10/13/2016 0:00,230741,-10.87735756
10/12/2016 0:00,233717,16.68164627
10/11/2016 0:00,262242,4.87095856
10/10/2016 0:00,224750,-12.95177053
10/9/2016 0:00,214311,-7.95889146
10/8/2016 0:00,246198,-1.499489982
10/7/2016 0:00,267487,0.805526581
10/6/2016 0:00,271559,2.899956837
10/5/2016 0:00,269389,-0.369527492
10/4/2016 0:00,261797,38.70044867
10/3/2016 0:00,262768,-12.25307427
10/2/2016 0:00,189450,-12.99100108
10/1/2016 0:00,215905,2.902439227
9/30/2016 0:00,248141,3.012516553
9/29/2016 0:00,241142,-3.948496797
9/28/2016 0:00,234090,5.192893708
9/27/2016 0:00,243713,17.84495343
9/26/2016 0:00,231682,-3.198979793
9/25/2016 0:00,196599,-11.75570927
9/24/2016 0:00,203096,0.22863165
9/23/2016 0:00,230152,-3.494143506
9/22/2016 0:00,229627,-1.404301164
9/21/2016 0:00,237941,7.18822453
9/20/2016 0:00,241330,17.76958284
9/19/2016 0:00,225146,-9.93484498
9/18/2016 0:00,191175,-1.993258842
9/17/2016 0:00,212263,-7.398935374
9/16/2016 0:00,216580,2.713586818
9/15/2016 0:00,233885,-4.373826752
9/14/2016 0:00,227706,12.10336516
9/13/2016 0:00,238121,18.30505831
9/12/2016 0:00,212412,-8.42106337
9/11/2016 0:00,179546,-9.842729697
9/10/2016 0:00,196056,-3.578237928
9/9/2016 0:00,217460,-10.94043083
9/8/2016 0:00,225530,11.39336835
9/7/2016 0:00,253235,-3.229184403
9/6/2016 0:00,227334,30.61487737
9/5/2016 0:00,234920,0.288279246
9/4/2016 0:00,179857,-21.65206071
9/3/2016 0:00,179340,-1.89732095
9/2/2016 0:00,228902,3.082822696
9/1/2016 0:00,233329,-8.956310484
8/31/2016 0:00,226351,7.841589312
8/30/2016 0:00,248618,33.42207304
8/29/2016 0:00,230540,-10.24222496
8/28/2016 0:00,172790,-14.47326332
8/27/2016 0:00,192507,-3.00152123
8/26/2016 0:00,225084,-3.190694919
8/25/2016 0:00,232049,0.305061766
8/24/2016 0:00,239697,7.025676166
8/23/2016 0:00,238968,22.60641803
8/22/2016 0:00,223281,-15.57397569
8/21/2016 0:00,182112,-12.18147842
8/20/2016 0:00,215706,3.303150484
8/19/2016 0:00,245627,1.100410315
8/18/2016 0:00,237773,-7.920803708
8/17/2016 0:00,235185,24.54821186
8/16/2016 0:00,255416,5.095551194
8/15/2016 0:00,205074,-10.33242041
8/14/2016 0:00,195131,-6.936883385
8/13/2016 0:00,217616,-6.955359168
8/12/2016 0:00,233837,0.600036827
8/11/2016 0:00,251317,8.103734027
8/10/2016 0:00,249818,-1.262150441
8/9/2016 0:00,231091,22.87503806
8/8/2016 0:00,234045,-2.409607689
8/7/2016 0:00,190474,-15.19316251
8/6/2016 0:00,195177,-0.812401951
8/5/2016 0:00,230143,-4.059211478
8/4/2016 0:00,232028,-3.431574156
8/3/2016 0:00,241845,12.27528266
8/2/2016 0:00,250439,15.81652786
8/1/2016 0:00,223058,-3.433545256
7/31/2016 0:00,192596,-13.05272795
7/30/2016 0:00,199444,-4.345596023
7/29/2016 0:00,229385,4.20956114
7/28/2016 0:00,239806,-2.916074269
7/27/2016 0:00,230119,-0.548380871
7/26/2016 0:00,237031,29.24773866
7/25/2016 0:00,238338,-6.274015492
7/24/2016 0:00,184404,-10.75569264
7/23/2016 0:00,196748,-0.780845654
7/22/2016 0:00,220460,-1.417542926
7/21/2016 0:00,222195,1.653406938
7/20/2016 0:00,225390,-0.334878118
7/19/2016 0:00,221724,30.55615871
7/18/2016 0:00,222469,-6.430144253
7/17/2016 0:00,170401,-13.76952616
7/16/2016 0:00,182111,-5.49342856
7/15/2016 0:00,211191,2.799219807
7/14/2016 0:00,223467,-0.290346994
7/13/2016 0:00,217382,-0.93874528
7/12/2016 0:00,218015,35.43112785
7/11/2016 0:00,220081,-10.91180211
7/10/2016 0:00,162504,-13.23077509
7/9/2016 0:00,182408,0.209741541
7/8/2016 0:00,210222,-4.992187677
7/7/2016 0:00,209782,2.885193348
7/6/2016 0:00,220805,0.39528835
7/5/2016 0:00,214613,18.15347881
7/4/2016 0:00,213768,-6.388439031
7/3/2016 0:00,180924,-7.896016012
7/2/2016 0:00,193271,-7.845677521
7/1/2016 0:00,209840,1.146479274
6/30/2016 0:00,227705,5.718820734
6/29/2016 0:00,225124,-2.651922084
6/28/2016 0:00,212946,22.06250802
6/27/2016 0:00,218747,-14.41786055
6/26/2016 0:00,179209,-11.85384745
6/25/2016 0:00,209400,1.430773369
6/24/2016 0:00,237560,-1.357856743
6/23/2016 0:00,234209,-5.613131229
6/22/2016 0:00,237433,0.270653794
6/21/2016 0:00,251553,17.54833147
6/20/2016 0:00,250874,-10.13545662
6/19/2016 0:00,213422,-4.978094305
6/18/2016 0:00,237493,-6.744151338
6/17/2016 0:00,249935,2.658684103
6/16/2016 0:00,268010,7.075359489
6/15/2016 0:00,261069,-3.321636036
6/14/2016 0:00,243818,17.71501386
6/13/2016 0:00,252195,0.240492589
6/12/2016 0:00,214242,-5.945722345
6/11/2016 0:00,213728,-1.443825683
6/10/2016 0:00,227239,-0.127781411
6/9/2016 0:00,230568,-2.722028628
6/8/2016 0:00,230863,6.663940026
6/7/2016 0:00,237323,17.39417187
6/6/2016 0:00,222496,-3.100315451
6/5/2016 0:00,189529,-14.63964947
6/4/2016 0:00,195593,-2.102879604
6/3/2016 0:00,229138,1.797527041
6/2/2016 0:00,234060,4.998607185
6/1/2016 0:00,229927,6.304036506
5/31/2016 0:00,218981,10.16600173
5/30/2016 0:00,205995,-0.475305915
5/29/2016 0:00,186986,-12.91859597
5/28/2016 0:00,187879,-2.702666138
5/27/2016 0:00,215751,-11.13319761
5/26/2016 0:00,221744,3.467807813
5/25/2016 0:00,249524,5.330718566
5/24/2016 0:00,241161,23.31141308
5/23/2016 0:00,228956,-0.255709136
5/22/2016 0:00,185673,-12.30142278
5/21/2016 0:00,186149,0.032517873
5/20/2016 0:00,212260,-9.643284491
5/19/2016 0:00,212191,-3.932894527
5/18/2016 0:00,234837,3.91204176
5/17/2016 0:00,244451,14.59357296
5/16/2016 0:00,235248,-1.372594237
5/15/2016 0:00,205289,-9.867754423
5/14/2016 0:00,208146,1.650196976
5/13/2016 0:00,230934,-3.911873927
5/12/2016 0:00,227185,-4.236248091
5/11/2016 0:00,236434,7.816832829
5/10/2016 0:00,246893,23.98843461
5/9/2016 0:00,228993,-5.829054512
5/8/2016 0:00,184689,-17.92348995
5/7/2016 0:00,196121,4.473650844
5/6/2016 0:00,238949,-4.353735238
5/5/2016 0:00,228717,2.990731489
5/4/2016 0:00,239128,3.319167872
5/3/2016 0:00,232184,21.5097543
5/2/2016 0:00,224725,-15.11930496
5/1/2016 0:00,184944,-15.71624193
4/30/2016 0:00,217887,5.246101861
4/29/2016 0:00,258516,0.313646054
4/28/2016 0:00,245630,-2.174547053
4/27/2016 0:00,244862,13.04176997
4/26/2016 0:00,250305,21.26607374
4/25/2016 0:00,221427,-0.763043478
4/24/2016 0:00,182596,-12.20326852
4/23/2016 0:00,184000,-2.716465438
4/22/2016 0:00,209575,1.654869762
4/21/2016 0:00,215427,-6.085892942
4/20/2016 0:00,211920,1.640001441
4/19/2016 0:00,225653,14.8827173
4/18/2016 0:00,222012,7.00735343
4/17/2016 0:00,193251,-15.28751753
4/16/2016 0:00,180596,-6.720310135
4/15/2016 0:00,213187,1.639242195
4/14/2016 0:00,228546,-3.796211917
4/13/2016 0:00,224860,-0.13672117
4/12/2016 0:00,233733,25.62354747
4/11/2016 0:00,234053,-5.680541071
4/10/2016 0:00,186313,-6.010039731
4/9/2016 0:00,197534,-4.952174208
4/8/2016 0:00,210165,0.887438974
4/7/2016 0:00,221115,0.020079771
4/6/2016 0:00,219170,4.799345739
4/5/2016 0:00,219126,21.67984776
4/4/2016 0:00,209091,-9.367236823
4/3/2016 0:00,171837,-6.861232831
4/2/2016 0:00,189597,-3.054144025
4/1/2016 0:00,203564,5.785061513
3/31/2016 0:00,209977,-1.063166972
3/30/2016 0:00,198494,0.645125689
3/29/2016 0:00,200627,25.58891164
3/28/2016 0:00,199341,-0.434081685
3/27/2016 0:00,158725,-6.578099178
3/26/2016 0:00,159417,-9.757155247
3/25/2016 0:00,170642,-0.443311887
3/24/2016 0:00,189092,-6.520722698
3/23/2016 0:00,189934,1.717120644
3/22/2016 0:00,203183,14.28432483
3/21/2016 0:00,199753,-3.239628428
3/20/2016 0:00,174786,-11.58588217
3/19/2016 0:00,180638,-1.200723432
3/18/2016 0:00,204309,-2.382008894
3/17/2016 0:00,206792,3.72622755
3/16/2016 0:00,211838,7.995431182
3/15/2016 0:00,204228,27.86120445
3/14/2016 0:00,189108,-11.15349497
3/13/2016 0:00,147901,-14.80916656
3/12/2016 0:00,166468,2.488710329
3/11/2016 0:00,195406,2.13580895
3/10/2016 0:00,190661,-5.4839118
3/9/2016 0:00,186674,5.492973545
3/8/2016 0:00,197505,16.22353138
3/7/2016 0:00,187221,-31.67592007
3/6/2016 0:00,161087,17.45578638
3/5/2016 0:00,235769,-12.0450094
3/4/2016 0:00,200730,-14.08614011
3/3/2016 0:00,228219,-3.59928145
3/2/2016 0:00,265637,4.352386939
3/1/2016 0:00,275555,10.13826615
2/29/2016 0:00,264062,35.54746465
2/28/2016 0:00,239755,-13.209945
2/27/2016 0:00,176879,-6.350920403
2/26/2016 0:00,203801,-0.985945611
2/25/2016 0:00,217622,-11.73274325
2/24/2016 0:00,219789,5.418151952
2/23/2016 0:00,249004,13.28607605
2/22/2016 0:00,236206,-3.479307472
2/21/2016 0:00,208504,-0.94142787
2/20/2016 0:00,216020,2.048236748
2/19/2016 0:00,218073,-4.642144766
2/18/2016 0:00,213696,3.630553809
2/17/2016 0:00,224099,-1.981243683
2/16/2016 0:00,216248,16.31360847
2/15/2016 0:00,220619,2.675753655
2/14/2016 0:00,189676,-8.370203563
2/13/2016 0:00,184733,-8.826229508
2/12/2016 0:00,201608,-3.534908475
2/11/2016 0:00,221125,-1.600724597
2/10/2016 0:00,229228,1.901491623
2/9/2016 0:00,232957,8.58423935
2/8/2016 0:00,228610,-7.88223249
2/7/2016 0:00,210537,2.648492062
2/6/2016 0:00,228552,10.21378966
2/5/2016 0:00,222655,7.795700359
2/4/2016 0:00,202021,-21.32001646
2/3/2016 0:00,187411,5.192637213
2/2/2016 0:00,238194,27.3443036
2/1/2016 0:00,226436,-8.86287454
1/31/2016 0:00,177814,-12.51205108
1/30/2016 0:00,195106,0.6490019
1/29/2016 0:00,223009,-3.807398596
1/28/2016 0:00,221571,0.673953995
1/27/2016 0:00,230341,2.015801817
1/26/2016 0:00,228799,9.733638641
1/25/2016 0:00,224278,8.690033663
1/24/2016 0:00,204384,-12.99300402
1/23/2016 0:00,188043,-0.529285603
1/22/2016 0:00,216124,3.6424694
1/21/2016 0:00,217274,11.50482958
1/20/2016 0:00,209638,-13.22400639
1/19/2016 0:00,188008,10.4304391
1/18/2016 0:00,216659,-0.622518032
1/17/2016 0:00,196195,10.22315521
1/16/2016 0:00,197424,-1.498044952
1/15/2016 0:00,179113,-5.527933208
1/14/2016 0:00,181837,-1.008038593
1/13/2016 0:00,192477,0.796785899
1/12/2016 0:00,194437,23.68635346
1/11/2016 0:00,192900,-15.97670434
1/10/2016 0:00,155959,3.346826055
1/9/2016 0:00,185614,-6.009827984
1/8/2016 0:00,179603,11.22124697
1/7/2016 0:00,191087,-6.452719442
1/6/2016 0:00,171808,2.846407132
1/5/2016 0:00,183659,23.13123582
1/4/2016 0:00,178576,-1.917302386
1/3/2016 0:00,145029,18.83594397
1/2/2016 0:00,147864,-18.860776
1/1/2016 0:00,124427,-13.55839529
12/31/2015 0:00,153350,-3.818983231
12/30/2015 0:00,177403,5.543634376
12/29/2015 0:00,184447,8.866476459
12/28/2015 0:00,174759,-10.43425377
12/27/2015 0:00,160526,3.082223296
12/26/2015 0:00,179227,-18.5095613
12/25/2015 0:00,173868,-2.993048199
12/24/2015 0:00,213360,0.877402192
12/23/2015 0:00,219943,-6.512361825
12/22/2015 0:00,218030,18.73615828
12/21/2015 0:00,233218,-5.587360184
12/20/2015 0:00,196417,-4.363915526
12/19/2015 0:00,208041,1.960140988
12/18/2015 0:00,217534,-4.17649146
12/17/2015 0:00,213352,-0.917173983
12/16/2015 0:00,222651,-3.048188561
12/15/2015 0:00,224712,23.24630437
12/14/2015 0:00,231777,-7.861601325
12/13/2015 0:00,188060,-3.102434949
12/12/2015 0:00,204106,-0.686010109
12/11/2015 0:00,210641,-2.562995291
12/10/2015 0:00,212096,9.552880308
12/9/2015 0:00,217675,2.514175451
12/8/2015 0:00,198694,9.591310543
12/7/2015 0:00,193821,-6.304864934
12/6/2015 0:00,176858,10.14126585
12/5/2015 0:00,188759,4.61293355
12/4/2015 0:00,171379,-10.41369316
12/3/2015 0:00,163822,3.473153508
12/2/2015 0:00,182865,-4.458464433
12/1/2015 0:00,176727,41.76208213
11/30/2015 0:00,184974,-20.37274358
11/29/2015 0:00,130482,1.251853683
11/28/2015 0:00,163866,-0.882527667
11/27/2015 0:00,161840,6.778231186
11/26/2015 0:00,163281,0.413035912
11/25/2015 0:00,152916,3.684060023
11/24/2015 0:00,152287,13.10682602
11/23/2015 0:00,146876,-12.70302248
11/22/2015 0:00,129856,-5.718903502
11/21/2015 0:00,148752,6.020186002
11/20/2015 0:00,157775,-10.61726319
11/19/2015 0:00,148816,4.991896681
11/18/2015 0:00,166493,-1.201824231
11/17/2015 0:00,158577,14.64468619
11/16/2015 0:00,160506,-6.127087789
11/15/2015 0:00,140003,-2.632953373
11/14/2015 0:00,149141,-4.215963381
11/13/2015 0:00,153174,-1.251674972
11/12/2015 0:00,159916,0.922959953
11/11/2015 0:00,161943,2.762105425
11/10/2015 0:00,160462,15.35745156
11/9/2015 0:00,156149,-10.27554801
11/8/2015 0:00,135361,-9.455761082
11/7/2015 0:00,150863,-8.315633082
11/6/2015 0:00,166618,-11.54840186
11/5/2015 0:00,181730,10.9870461
11/4/2015 0:00,205457,6.337708591
11/3/2015 0:00,185118,13.77360957
11/2/2015 0:00,174085,-1.822894945
11/1/2015 0:00,153010,-4.796491207
10/31/2015 0:00,155851,2.00834995
10/30/2015 0:00,163703,-0.338456761
10/29/2015 0:00,160480,4.875634204
10/28/2015 0:00,161025,32.57034805
10/27/2015 0:00,153539,-11.26494024
10/26/2015 0:00,115817,-9.232523853
10/25/2015 0:00,130520,3.933388265
10/24/2015 0:00,143796,-9.003972534
10/23/2015 0:00,138354,4.685380648
10/22/2015 0:00,152044,-1.565581603
10/21/2015 0:00,145239,0.596561081
10/20/2015 0:00,147549,29.44717054
10/19/2015 0:00,146674,-19.51642232
10/18/2015 0:00,113308,-2.068754435
10/17/2015 0:00,140784,-5.173448724
10/16/2015 0:00,143758,5.780193557
10/15/2015 0:00,151601,6.363224806
10/14/2015 0:00,143317,-0.317373421
10/13/2015 0:00,134743,28.94646469
10/12/2015 0:00,135172,-15.26517019
10/11/2015 0:00,104828,3.22750219
10/10/2015 0:00,123713,-10.61212921
10/9/2015 0:00,119845,-1.247725883
10/8/2015 0:00,134073,-6.151410836
10/7/2015 0:00,135767,11.75866198
10/6/2015 0:00,144666,26.84468398
10/5/2015 0:00,129445,-11.52322244
10/4/2015 0:00,102050,-18.05024654
10/3/2015 0:00,115341,3.277834443
10/2/2015 0:00,140746,-3.042915279
10/1/2015 0:00,136279,-0.469483568
9/30/2015 0:00,140556,3.787895491
9/29/2015 0:00,141219,25.01837627
9/28/2015 0:00,136065,-6.253445424
9/27/2015 0:00,108836,-8.207816441
9/26/2015 0:00,116096,0.559738577
9/25/2015 0:00,126477,-5.149997738
9/24/2015 0:00,125773,-1.931752629
9/23/2015 0:00,132602,1.653197008
9/22/2015 0:00,135214,23.456962
9/21/2015 0:00,133015,-5.753199381
9/20/2015 0:00,107742,-29.49582164
9/19/2015 0:00,114319,-36.90365009
9/18/2015 0:00,162145,51.95217569
9/17/2015 0:00,256980,4.559674547
9/16/2015 0:00,169119,-4.293491124
9/15/2015 0:00,161744,16.85070076
9/14/2015 0:00,169000,5.749235921
9/13/2015 0:00,144629,-24.87861145
9/12/2015 0:00,136766,47.73999838
9/11/2015 0:00,182060,-0.624974799
9/10/2015 0:00,123230,-2.974038778
9/9/2015 0:00,124005,2.747853491
9/8/2015 0:00,127806,17.43136588
9/7/2015 0:00,124388,-16.93668543
9/6/2015 0:00,105924,24.85754009
9/5/2015 0:00,127522,-18.47085964
9/4/2015 0:00,102134,-17.03939657
9/3/2015 0:00,125273,15.11129745
9/2/2015 0:00,151003,1.625323438
9/1/2015 0:00,131180,33.38224353
8/31/2015 0:00,129082,-11.25050438
8/30/2015 0:00,96776,-9.144385472
8/29/2015 0:00,109044,2.529515283
8/28/2015 0:00,120019,-5.429838664
8/27/2015 0:00,117058,0.662795615
8/26/2015 0:00,123779,-2.723741565
8/25/2015 0:00,122964,34.42262088
8/24/2015 0:00,126407,-9.87876755
8/23/2015 0:00,94037,-7.504587319
8/22/2015 0:00,104345,-5.555602066
8/21/2015 0:00,112811,2.581564913
8/20/2015 0:00,119447,-1.049491825
8/19/2015 0:00,116441,-2.449619086
8/18/2015 0:00,117676,36.12625117
8/17/2015 0:00,120631,-8.080326117
8/16/2015 0:00,88617,-12.76805588
8/15/2015 0:00,96407,-4.567905499
8/14/2015 0:00,110518,-0.993417115
8/13/2015 0:00,115808,0.852725878
8/12/2015 0:00,116970,0.045718032
8/11/2015 0:00,115981,31.52114721
8/10/2015 0:00,115928,-12.68548787
8/9/2015 0:00,88144,-12.50953338
8/8/2015 0:00,100950,-14.41054513
8/7/2015 0:00,115384,2.663082383
8/6/2015 0:00,134811,-1.257275202
8/5/2015 0:00,131314,11.38135799
8/4/2015 0:00,132986,14.835725
8/3/2015 0:00,119397,-29.96349037
8/2/2015 0:00,103972,2.070226824
8/1/2015 0:00,148454,16.33392523
7/31/2015 0:00,145443,-10.71005156
7/30/2015 0:00,125022,14.881851
7/29/2015 0:00,140018,6.714764777
7/28/2015 0:00,121880,22.08943098
7/27/2015 0:00,114211,-6.980421013
7/26/2015 0:00,93547,-6.990918003
7/25/2015 0:00,100567,-2.15461464
7/24/2015 0:00,108126,-14.32370408
7/23/2015 0:00,110507,-3.888226528
7/22/2015 0:00,128982,7.128602219
7/21/2015 0:00,134200,6.467788543
7/20/2015 0:00,125270,-12.2215425
7/19/2015 0:00,117660,16.70845958
7/18/2015 0:00,134042,-1.040840944
7/17/2015 0:00,114852,3.474407782
7/16/2015 0:00,116060,-10.17042815
7/15/2015 0:00,112163,-21.20282721
7/14/2015 0:00,124862,-24.04662845
7/13/2015 0:00,158460,11.59083858
7/12/2015 0:00,208628,-1.668849372
7/11/2015 0:00,186958,-2.491422593
7/10/2015 0:00,190131,-0.303197636
7/9/2015 0:00,194989,2.447226442
7/8/2015 0:00,195582,5.543945777
7/7/2015 0:00,190910,57.6643481
7/6/2015 0:00,180882,10.61339401
7/5/2015 0:00,114726,-19.81228352
7/4/2015 0:00,103718,-9.52054507
7/3/2015 0:00,129344,0.17167803
7/2/2015 0:00,142954,-8.371857102
7/1/2015 0:00,142709,24.81908013
6/30/2015 0:00,155748,23.98426089
6/29/2015 0:00,124779,-3.033076723
6/28/2015 0:00,100641,-11.83251499
6/27/2015 0:00,103789,7.807277023
6/26/2015 0:00,117718,-3.666551977
6/25/2015 0:00,109193,-10.52054059
6/24/2015 0:00,113349,6.542637745
6/23/2015 0:00,126676,22.86682719
6/22/2015 0:00,118897,-3.755532349
6/21/2015 0:00,96769,-20.21124637
6/20/2015 0:00,100545,0.146229039
6/19/2015 0:00,126014,-4.678575216
6/18/2015 0:00,125830,9.665038381
6/17/2015 0:00,132006,-6.375564872
6/16/2015 0:00,120372,22.00512431
6/15/2015 0:00,128569,0.142544902
6/14/2015 0:00,105380,-16.08586785
6/13/2015 0:00,105230,3.947281167
6/12/2015 0:00,125402,-6.925070979
6/11/2015 0:00,120640,6.999512948
6/10/2015 0:00,129616,8.477657383
6/9/2015 0:00,121137,35.35429444
6/8/2015 0:00,111670,-11.84836149
6/7/2015 0:00,82502,-14.0523266
6/6/2015 0:00,93591,-5.050355321
6/5/2015 0:00,108893,-11.37034575
6/4/2015 0:00,114685,2.928004964
6/3/2015 0:00,129398,-5.239394579
6/2/2015 0:00,125717,36.27100538
6/1/2015 0:00,132668,-20.34494608
5/31/2015 0:00,97356,-6.20313879
5/30/2015 0:00,122222,17.89533684
5/29/2015 0:00,130305,4.036220561
5/28/2015 0:00,110526,-4.254724718
5/27/2015 0:00,106238,3.220554992
5/26/2015 0:00,110959,17.96264595
5/25/2015 0:00,107497,4.508182621
5/24/2015 0:00,91128,-15.37393971
5/23/2015 0:00,87197,5.144035021
5/22/2015 0:00,103038,-6.505686155
5/21/2015 0:00,97997,-3.80587906
5/20/2015 0:00,104816,12.38164979
5/19/2015 0:00,108963,8.838848727
5/18/2015 0:00,96958,-0.241881299
5/17/2015 0:00,89084,-14.56752801
5/16/2015 0:00,89300,2.420216154
5/15/2015 0:00,104527,-7.692516416
5/14/2015 0:00,102057,0.871294717
5/13/2015 0:00,110562,-0.490253933
5/12/2015 0:00,109607,26.18368446
5/11/2015 0:00,110147,-9.087974005
5/10/2015 0:00,87291,-12.83068543
5/9/2015 0:00,96017,-0.212891244
5/8/2015 0:00,110150,-0.779311833
5/7/2015 0:00,110385,-3.918334211
5/6/2015 0:00,111252,10.79120858
5/5/2015 0:00,115789,24.63299744
5/4/2015 0:00,104511,-9.74501932
5/3/2015 0:00,83855,-8.420730986
5/2/2015 0:00,92909,-8.33672151
5/1/2015 0:00,101452,-5.848376065
4/30/2015 0:00,110679,3.533494214
4/29/2015 0:00,117554,0.156132845
4/28/2015 0:00,113542,21.21746755
4/27/2015 0:00,113365,-7.033937056
4/26/2015 0:00,93522,-4.73764453
4/25/2015 0:00,100598,-3.941455783
4/24/2015 0:00,105601,-3.001694078
4/23/2015 0:00,109934,2.792566458
4/22/2015 0:00,113336,-5.339297366
4/21/2015 0:00,110257,24.68394404
4/20/2015 0:00,116476,-4.266243083
4/19/2015 0:00,93417,-3.374658375
4/18/2015 0:00,97580,1.467943372
4/17/2015 0:00,100988,-7.825740667
4/16/2015 0:00,99527,-0.711717593
4/15/2015 0:00,107977,-6.482930605
4/14/2015 0:00,108751,34.27941295
4/13/2015 0:00,116290,-13.56640984
4/12/2015 0:00,86603,-8.611144048
4/11/2015 0:00,100196,-5.861897239
4/10/2015 0:00,109637,6.507663606
4/9/2015 0:00,116464,-3.415625138
4/8/2015 0:00,109348,7.540108476
4/7/2015 0:00,113215,9.071600999
4/6/2015 0:00,105277,10.17750128
4/5/2015 0:00,96521,-17.32101399
4/4/2015 0:00,87605,-3.460403076
4/3/2015 0:00,105958,-9.103256369
4/2/2015 0:00,109756,5.293999669
4/1/2015 0:00,120748,10.1276277
3/31/2015 0:00,114677,13.31519669
3/30/2015 0:00,104131,3.318979571
3/29/2015 0:00,91895,-9.576771754
3/28/2015 0:00,88943,-3.031408348
3/27/2015 0:00,98363,3.263702256
3/26/2015 0:00,101438,6.033980268
3/25/2015 0:00,98232,-9.469178752
3/24/2015 0:00,92642,13.69085314
3/23/2015 0:00,102332,-6.434578322
3/22/2015 0:00,90009,-7.549853443
3/21/2015 0:00,96199,-0.818765846
3/20/2015 0:00,104055,6.719697278
3/19/2015 0:00,104914,-1.396188566
3/18/2015 0:00,98308,-5.578179752
3/17/2015 0:00,99700,26.81960125
3/16/2015 0:00,105590,-8.716149545
3/15/2015 0:00,83260,-6.046559539
3/14/2015 0:00,91210,3.84998021
3/13/2015 0:00,97080,-9.509704274
3/12/2015 0:00,93481,1.29232157
3/11/2015 0:00,103305,-4.499400704
3/10/2015 0:00,101987,18.61296843
3/9/2015 0:00,106792,-1.207013848
3/8/2015 0:00,90034,-2.698027995
3/7/2015 0:00,91134,-3.961076248
3/6/2015 0:00,93661,-1.313472709
3/5/2015 0:00,97524,-10.5586127
3/4/2015 0:00,98822,3.236657198
3/3/2015 0:00,110488,21.70115988
3/2/2015 0:00,107024,-0.035238886
3/1/2015 0:00,87940,-15.07361104
2/28/2015 0:00,87971,2.334472743
2/27/2015 0:00,103585,-1.968911917
2/26/2015 0:00,101222,0.098882243
2/25/2015 0:00,103255,-1.300329149
2/24/2015 0:00,103153,23.49576972
2/23/2015 0:00,104512,-4.025947515
2/22/2015 0:00,84628,-11.13596969
2/21/2015 0:00,88178,5.882729552
2/20/2015 0:00,99228,-9.852150408
2/19/2015 0:00,93715,-0.112420009
2/18/2015 0:00,103957,0.601245022
2/17/2015 0:00,104074,26.00730816
2/16/2015 0:00,103452,-18.29138427
2/15/2015 0:00,82100,-11.69708847
2/14/2015 0:00,100479,28.92768927
2/13/2015 0:00,113789,-10.45251623
2/12/2015 0:00,88258,-3.46907994
2/11/2015 0:00,98560,-2.662662663
2/10/2015 0:00,102102,25.91378876
2/9/2015 0:00,104895,-2.869368529
2/8/2015 0:00,83307,1.25016232
2/7/2015 0:00,85768,-3.242792525
2/6/2015 0:00,84709,-1.509731128
2/5/2015 0:00,87548,-2.722756024
2/4/2015 0:00,88890,4.803303131
2/3/2015 0:00,91378,11.55750605
2/2/2015 0:00,87190,-9.781717861
2/1/2015 0:00,78157,8.647286044
1/31/2015 0:00,86631,-13.5971566
1/30/2015 0:00,79736,8.458401401
1/29/2015 0:00,92284,-14.2829799
1/28/2015 0:00,85087,-7.998517077
1/27/2015 0:00,99265,25.70925911
1/26/2015 0:00,107895,6.444011757
1/25/2015 0:00,85829,-14.29133272
1/24/2015 0:00,80633,-1.476625335
1/23/2015 0:00,94078,2.380237595
1/22/2015 0:00,95488,-6.90143938
1/21/2015 0:00,93268,1.185762767
1/20/2015 0:00,100182,18.19733779
1/19/2015 0:00,99008,-5.260360116
1/18/2015 0:00,83765,-15.5868706
1/17/2015 0:00,88416,-12.46772131
1/16/2015 0:00,104742,11.84002692
1/15/2015 0:00,119661,8.909812704
1/14/2015 0:00,106993,-2.492282955
1/13/2015 0:00,98240,12.25613085
1/12/2015 0:00,100751,-15.60154972
1/11/2015 0:00,89751,5.921491678
1/10/2015 0:00,106342,-4.936985731
1/9/2015 0:00,100397,14.08894986
1/8/2015 0:00,105611,4.188051504
1/7/2015 0:00,92569,-7.18024258
1/6/2015 0:00,88848,15.64837077
1/5/2015 0:00,95721,1.676821778
1/4/2015 0:00,82769,-1.981938591
1/3/2015 0:00,81404,38.00953853
1/2/2015 0:00,83050,-20.6411795
1/1/2015 0:00,60177,-8.659567805
12/31/2014 0:00,75829,-3.313417887
12/30/2014 0:00,83018,18.26533704
12/29/2014 0:00,85863,-6.937216397
12/28/2014 0:00,72602,0.983767831
12/27/2014 0:00,78014,14.06845229
12/26/2014 0:00,77254,-15.74796293
12/25/2014 0:00,67726,-19.68246673
12/24/2014 0:00,80385,3.690350386
12/23/2014 0:00,100084,21.33195897
12/22/2014 0:00,96522,-7.823507601
12/21/2014 0:00,79552,-8.704896703
12/20/2014 0:00,86304,-0.386722866
12/19/2014 0:00,94533,-2.43952587
12/18/2014 0:00,94900,-1.979100537
12/17/2014 0:00,97273,2.329394296
12/16/2014 0:00,99237,18.83976276
12/15/2014 0:00,96978,8.624292845
12/14/2014 0:00,81604,-5.505521874
12/13/2014 0:00,75125,-5.350254774
12/12/2014 0:00,79502,-5.865740222
12/11/2014 0:00,83996,-1.851220398
12/10/2014 0:00,89230,-0.15156341
12/9/2014 0:00,90913,22.26698358
12/8/2014 0:00,91051,-6.57860073
12/7/2014 0:00,74469,-11.53713835
12/6/2014 0:00,79713,-9.343434343
12/5/2014 0:00,90109,3.706022286
12/4/2014 0:00,99396,-3.990864287
12/3/2014 0:00,95844,-0.730885117
12/2/2014 0:00,99828,19.13776967
12/1/2014 0:00,100563,5.471698113
11/30/2014 0:00,84409,-5.64947773
11/29/2014 0:00,80030,1.144737784
11/28/2014 0:00,84822,-3.968944668
11/27/2014 0:00,83862,5.151113787
11/26/2014 0:00,87328,-3.488588295
11/25/2014 0:00,83050,10.07751938
11/24/2014 0:00,86052,3.436230599
11/23/2014 0:00,78174,-6.314536822
11/22/2014 0:00,75577,-6.396778984
11/21/2014 0:00,80671,-3.281411321
11/20/2014 0:00,86184,1.79815843
11/19/2014 0:00,89108,-0.59054671
11/18/2014 0:00,87534,16.57686045
11/17/2014 0:00,88054,3.978359925
11/16/2014 0:00,75533,-15.01555956
11/15/2014 0:00,72643,-5.556476295
11/14/2014 0:00,85478,-7.40971867
11/13/2014 0:00,90507,15.58472271
11/12/2014 0:00,97750,-5.323257767
11/11/2014 0:00,84570,22.50733741
11/10/2014 0:00,89325,-2.389590222
11/9/2014 0:00,72914,-10.96450452
11/8/2014 0:00,74699,-7.621669236
11/7/2014 0:00,83898,1.921264084
11/6/2014 0:00,90820,-1.512003183
11/5/2014 0:00,89108,0.212662266
11/4/2014 0:00,90476,17.97974518
11/3/2014 0:00,90284,10.33016148
11/2/2014 0:00,76525,-17.93464114
11/1/2014 0:00,69360,-7.746548054
10/31/2014 0:00,84518,-2.907013714
10/30/2014 0:00,91615,7.255470304
10/29/2014 0:00,94358,3.391742763
10/28/2014 0:00,87975,20.5773155
10/27/2014 0:00,85089,2.388206959
10/26/2014 0:00,70568,-15.34275853
10/25/2014 0:00,68922,1.247357294
10/24/2014 0:00,81413,1.625297002
10/23/2014 0:00,80410,-2.017262517
10/22/2014 0:00,79124,-1.821254453
10/21/2014 0:00,80753,26.03971927
10/20/2014 0:00,82251,-2.400430731
10/19/2014 0:00,65258,-1.894239516
10/18/2014 0:00,66863,-9.967106567
10/17/2014 0:00,68154,1.335992825
10/16/2014 0:00,75699,-9.935858793
10/15/2014 0:00,74701,7.041271972
10/14/2014 0:00,82942,19.21656717
10/13/2014 0:00,77486,-0.898071205
10/12/2014 0:00,64996,-17.46057715
10/11/2014 0:00,65585,-3.815472516
10/10/2014 0:00,79459,4.568238779
10/9/2014 0:00,82611,2.371326388
10/8/2014 0:00,79002,-2.248343826
10/7/2014 0:00,77172,19.40318824
10/6/2014 0:00,78947,-1.050583658
10/5/2014 0:00,66118,-9.796563036
10/4/2014 0:00,66820,1.271412361
10/3/2014 0:00,74077,-7.557470901
10/2/2014 0:00,73147,2.462932988
10/1/2014 0:00,79127,-2.44195154
9/30/2014 0:00,77225,24.81945189
9/29/2014 0:00,79158,3.9315623
9/28/2014 0:00,63418,-15.97146674
9/27/2014 0:00,61019,-7.72466199
9/26/2014 0:00,72617,4.507184404
9/25/2014 0:00,78696,-2.107302107
9/24/2014 0:00,75302,4.360390183
9/23/2014 0:00,76923,27.81611986
9/22/2014 0:00,73709,-10.12965964
9/21/2014 0:00,57668,-8.453055227
9/20/2014 0:00,64168,-8.203570072
9/19/2014 0:00,70093,-2.762142475
9/18/2014 0:00,76357,-12.30456535
9/17/2014 0:00,78526,14.92081419
9/16/2014 0:00,89544,14.23251723
9/15/2014 0:00,77918,12.79227437
9/14/2014 0:00,68210,-10.11726936
9/13/2014 0:00,60474,4.655612245
9/12/2014 0:00,67281,-14.30437622
9/11/2014 0:00,64288,-7.542612061
9/10/2014 0:00,75019,5.862014978
9/9/2014 0:00,81139,27.21116662
9/8/2014 0:00,76646,0.04317144
9/7/2014 0:00,60251,-14.58779481
9/6/2014 0:00,60225,-1.120459964
9/5/2014 0:00,70511,2.707763215
9/4/2014 0:00,71310,-5.251235023
9/3/2014 0:00,69430,5.662499459
9/2/2014 0:00,73278,18.57709537
9/1/2014 0:00,69351,-4.440886217
8/31/2014 0:00,58486,-9.695315382
8/30/2014 0:00,61204,-0.085504106
8/29/2014 0:00,67775,-10.15853675
8/28/2014 0:00,67833,4.369522546
8/27/2014 0:00,75503,4.038312193
8/26/2014 0:00,72342,21.84838608
8/25/2014 0:00,69534,-1.179282041
8/24/2014 0:00,57066,-13.50059916
8/23/2014 0:00,57747,-8.66055548
8/22/2014 0:00,66760,0.248254674
8/21/2014 0:00,73090,-2.606198237
8/20/2014 0:00,72909,3.462096607
8/19/2014 0:00,74860,20.50530453
8/18/2014 0:00,72355,-8.060391688
8/17/2014 0:00,60043,-11.18319053
8/16/2014 0:00,65307,-9.127984577
8/15/2014 0:00,73530,7.770171279
8/14/2014 0:00,80916,-4.764200005
8/13/2014 0:00,75082,7.808226671
8/12/2014 0:00,78838,24.10562759
8/11/2014 0:00,73128,-3.585044588
8/10/2014 0:00,58924,-9.855893329
8/9/2014 0:00,61115,-2.175889185
8/8/2014 0:00,67797,-10.22784679
8/7/2014 0:00,69305,3.435293487
8/6/2014 0:00,77201,10.00456897
8/5/2014 0:00,74637,24.96592625
8/4/2014 0:00,67849,-1.655557166
8/3/2014 0:00,54294,-16.41104062
8/2/2014 0:00,55208,-5.173007897
8/1/2014 0:00,66047,6.343995725
7/31/2014 0:00,69650,4.723301514
7/30/2014 0:00,65495,-3.639277075
7/29/2014 0:00,62541,26.64
7/28/2014 0:00,64903,-9.880602789
7/27/2014 0:00,51250,-8.575149109
7/26/2014 0:00,56869,-5.551253435
7/25/2014 0:00,62203,0.028857837
7/24/2014 0:00,65859,-2.117031399
7/23/2014 0:00,65840,6.149888743
7/22/2014 0:00,67264,18.35008031
7/21/2014 0:00,63367,-8.428253805
7/20/2014 0:00,53542,-8.344175693
7/19/2014 0:00,58470,-2.779767438
7/18/2014 0:00,63793,-0.479274415
7/17/2014 0:00,65617,-7.40787552
7/16/2014 0:00,65933,11.35471562
7/15/2014 0:00,71208,23.56430669
7/14/2014 0:00,63947,-3.83529062
7/13/2014 0:00,51752,-8.212379117
7/12/2014 0:00,53816,-6.672715407
7/11/2014 0:00,58631,-9.805751367
7/10/2014 0:00,62823,0.447053055
7/9/2014 0:00,69653,5.331672565
7/8/2014 0:00,69343,25.48223544
7/7/2014 0:00,65833,7.330046439
7/6/2014 0:00,52464,-18.13324848
7/5/2014 0:00,48881,-3.444483974
7/4/2014 0:00,59708,-6.092634776
7/3/2014 0:00,61838,-5.588690715
7/2/2014 0:00,65850,-0.07736168
7/1/2014 0:00,69748,39.11986288
6/30/2014 0:00,69802,-8.307748538
6/29/2014 0:00,50174,-12.76066577
6/28/2014 0:00,54720,2.693233354
6/27/2014 0:00,62724,-4.647495941
6/26/2014 0:00,61079,-0.029652751
6/25/2014 0:00,64056,6.587374199
6/24/2014 0:00,64075,18.81139198
6/23/2014 0:00,60115,-0.951392831
6/22/2014 0:00,50597,-10.59245646
6/21/2014 0:00,51083,-8.545955117
6/20/2014 0:00,57135,-0.878974424
6/19/2014 0:00,62474,-9.091171337
6/18/2014 0:00,63028,2.253587599
6/17/2014 0:00,69331,23.86598221
6/16/2014 0:00,67803,2.34266911
6/15/2014 0:00,54739,-17.65430388
6/14/2014 0:00,53486,2.402686468
6/13/2014 0:00,64953,2.013606317
6/12/2014 0:00,63429,-4.434231963
6/11/2014 0:00,62177,11.76541322
6/10/2014 0:00,65062,23.68901921
6/9/2014 0:00,58213,-11.18827015
6/8/2014 0:00,47064,-14.15496266
6/7/2014 0:00,52993,-6.216671984
6/6/2014 0:00,61731,-1.059704185
6/5/2014 0:00,65823,-2.785165269
6/4/2014 0:00,66528,5.559154712
6/3/2014 0:00,68434,16.34751709
6/2/2014 0:00,64830,8.959893623
6/1/2014 0:00,55721,-22.29532608
5/31/2014 0:00,51139,3.124510326
5/30/2014 0:00,65812,-11.57022503
5/29/2014 0:00,63818,3.166411734
5/28/2014 0:00,72168,7.137059103
5/27/2014 0:00,69953,13.30475827
5/26/2014 0:00,65293,11.79095212
5/25/2014 0:00,57626,-30.62647197
5/24/2014 0:00,51548,2.615624698
5/23/2014 0:00,74305,3.743660277
5/22/2014 0:00,72411,-2.8586539
5/21/2014 0:00,69798,16.5066805
5/20/2014 0:00,71852,20.71483098
5/19/2014 0:00,61672,-5.019613676
5/18/2014 0:00,51089,-17.89317824
5/17/2014 0:00,53789,-12.34227604
5/16/2014 0:00,65511,7.782056274
5/15/2014 0:00,74735,2.244275034
5/14/2014 0:00,69339,-8.063444723
5/13/2014 0:00,67817,36.71324783
5/12/2014 0:00,73765,-4.429920116
5/11/2014 0:00,53956,-15.03581748
5/10/2014 0:00,56457,-2.989955618
5/9/2014 0:00,66448,-2.229581204
5/8/2014 0:00,68496,-7.956486323
5/7/2014 0:00,70058,17.61597181
5/6/2014 0:00,76114,19.70330361
5/5/2014 0:00,64714,0.458979838
5/4/2014 0:00,54062,-10.89641698
5/3/2014 0:00,53815,1.357678688
5/2/2014 0:00,60396,-6.888038128
5/1/2014 0:00,59587,-0.839828316
4/30/2014 0:00,63995,-0.690918044
4/29/2014 0:00,64537,23.0259546
4/28/2014 0:00,64986,4.602071328
4/27/2014 0:00,52823,-31.2817233
4/26/2014 0:00,50499,4.773378577
4/25/2014 0:00,73487,-7.364458826
4/24/2014 0:00,70139,-0.159554829
4/23/2014 0:00,75715,24.39472476
4/22/2014 0:00,75836,26.40789583
4/21/2014 0:00,60964,-9.005490462
4/20/2014 0:00,48228,-5.346905974
4/19/2014 0:00,53001,-15.21818127
4/18/2014 0:00,55995,-3.124266604
4/17/2014 0:00,66046,-7.59054435
4/16/2014 0:00,68176,5.560165975
4/15/2014 0:00,73776,38.04614048
4/14/2014 0:00,69890,6.025004712
4/13/2014 0:00,50628,-25.53218034
4/12/2014 0:00,47751,-7.411632205
4/11/2014 0:00,64123,7.585478384
4/10/2014 0:00,69256,-3.913724905
4/9/2014 0:00,64373,0.759512709
4/8/2014 0:00,66995,30.63638328
4/7/2014 0:00,66490,-7.228915663
4/6/2014 0:00,50897,-15.53821048
4/5/2014 0:00,54863,-4.318878152
4/4/2014 0:00,64956,4.311483974
4/3/2014 0:00,67888,0.123073136
4/2/2014 0:00,65082,-1.194746762
4/1/2014 0:00,65002,19.98322117
3/31/2014 0:00,65788,0.320184426
3/30/2014 0:00,54831,-14.64934335
3/29/2014 0:00,54656,-13.08885601
3/28/2014 0:00,64037,9.770123505
3/27/2014 0:00,73681,-8.117394221
3/26/2014 0:00,67123,5.781928758
3/25/2014 0:00,73053,18.26557523
3/24/2014 0:00,69060,-13.3491616
3/23/2014 0:00,58394,-4.554853695
3/22/2014 0:00,67390,-2.856278033
3/21/2014 0:00,70606,-0.19636114
3/20/2014 0:00,72682,30.74036839
3/19/2014 0:00,72825,-13.83668229
3/18/2014 0:00,55702,8.573779853
3/17/2014 0:00,64647,-1.3453955
3/16/2014 0:00,59542,-12.95179854
3/15/2014 0:00,60354,-5.166117274
3/14/2014 0:00,69334,-3.474908572
3/13/2014 0:00,73111,-1.54552072
3/12/2014 0:00,75743,7.46343712
3/11/2014 0:00,76932,16.70660733
3/10/2014 0:00,71589,-5.329197148
3/9/2014 0:00,61341,-10.31351651
3/8/2014 0:00,64794,4.300811365
3/7/2014 0:00,72245,-4.564681244
3/6/2014 0:00,69266,-12.7310111
3/5/2014 0:00,72579,2.309017099
3/4/2014 0:00,83167,41.01830167
3/3/2014 0:00,81290,-6.949152542
3/2/2014 0:00,57645,-13.0037916
3/1/2014 0:00,61950,-1.562068012
2/28/2014 0:00,71210,0.255003049
2/27/2014 0:00,72340,-9.176044105
2/26/2014 0:00,72156,6.769342418
2/25/2014 0:00,79446,25.3922246
2/24/2014 0:00,74409,3.122827749
2/23/2014 0:00,59341,-18.46173466
2/22/2014 0:00,57544,2.870095038
2/21/2014 0:00,70573,-5.367266708
2/20/2014 0:00,68604,12.98919905
2/19/2014 0:00,72495,4.435510124
2/18/2014 0:00,64161,6.966135632
2/17/2014 0:00,61436,-6.544413167
2/16/2014 0:00,57435,-16.6085458
2/15/2014 0:00,61457,6.550906515
2/14/2014 0:00,73697,13.69815725
2/13/2014 0:00,69166,-9.50432894
2/12/2014 0:00,60833,2.075772531
2/11/2014 0:00,67222,14.40309916
2/10/2014 0:00,65855,-8.864366797
2/9/2014 0:00,57564,-12.78719761
2/8/2014 0:00,63163,3.875390838
2/7/2014 0:00,72424,3.475808845
2/6/2014 0:00,69722,-1.007845327
2/5/2014 0:00,67380,14.55644008
2/4/2014 0:00,68066,16.23271191
2/3/2014 0:00,59417,-8.249125011
2/2/2014 0:00,51119,-5.450812022
2/1/2014 0:00,55715,-3.303249097
1/31/2014 0:00,58927,2.384032526
1/30/2014 0:00,60940,-9.834426552
1/29/2014 0:00,59521,2.576334395
1/28/2014 0:00,66013,20.76374554
1/27/2014 0:00,64355,0.712490314
1/26/2014 0:00,53290,-20.51047081
1/25/2014 0:00,52913,6.242119544
1/24/2014 0:00,66566,-3.30421631
1/23/2014 0:00,62655,-11.32338853
1/22/2014 0:00,64796,15.04912457
1/21/2014 0:00,73070,33.92375169
1/20/2014 0:00,63512,-7.347855817
1/19/2014 0:00,47424,-13.45991276
1/18/2014 0:00,51185,6.373871443
1/17/2014 0:00,59146,-11.39264713
1/16/2014 0:00,55602,12.31810127
1/15/2014 0:00,62751,2.504403347
1/14/2014 0:00,55869,10.65004669
1/13/2014 0:00,54504,-11.92289812
1/12/2014 0:00,49258,2.218891651
1/11/2014 0:00,55926,-7.341609227
1/10/2014 0:00,54712,-2.986938306
1/9/2014 0:00,59047,-2.119550359
1/8/2014 0:00,60865,-9.199363346
1/7/2014 0:00,62183,19.12780281
1/6/2014 0:00,68483,10.7627984
1/5/2014 0:00,57487,-15.38110377
1/4/2014 0:00,51901,11.12218277
1/3/2014 0:00,61335,30.23146073
1/2/2014 0:00,55196,
1/1/2014 0:00,42383,
